ID,Resource,Zone,Village,technology,Total_MW,Start_MW,Change_in_MW,Electricity_GWh
1,pltd_bel1,1,1,diesel,0.05141999999998694,0.2773,-0.22588000000001304,0.030538445264120213
2,plts_bel1,1,1,solar,0.6750275813481119,0.0,0.6750275813481119,0.15180616359092627
3,batt_bel1,1,1,battery,0.3096365815649442,0.0,0.3096365815649442,0.06052973313875298
4,pltd_bel2,1,2,diesel,0.19393324982667332,0.846,-0.6520667501733266,0.1363577245065604
5,plts_bel2,1,2,solar,1.9168037485670155,0.0,1.9168037485670155,0.4135697467442626
6,batt_bel2,1,2,battery,0.7540401771931392,0.0,0.7540401771931392,0.14927210827798099
7,pltd_bel3,1,3,diesel,0.19301445176914062,0.842,-0.6489855482308593,0.13571176931395917
8,plts_bel3,1,3,solar,1.9077314191716714,0.0,1.9077314191716714,0.41161232197461006
9,batt_bel3,1,3,battery,0.7504724256887276,0.0,0.7504724256887276,0.14856582185056194
10,pltd_bel4,1,4,diesel,0.08919712526442596,0.3891,-0.29990287473557403,0.06271608196463946
11,plts_bel4,1,4,solar,0.8816210557800446,0.0,0.8816210557800446,0.190218635946352
12,batt_bel4,1,4,battery,0.34681711742494586,0.0,0.34681711742494586,0.06865698086369967
13,pltd_bel5,1,5,diesel,0.100426815720567,0.4381,-0.337673184279433,0.07061176464228892
14,plts_bel5,1,5,solar,0.9926075469818784,0.0,0.9926075469818784,0.21416502047179947
15,batt_bel5,1,5,battery,0.39047641027974017,0.0,0.39047641027974017,0.07729992725368197
16,pltd_bel6,1,6,diesel,0.07141699999998162,0.3851,-0.31368300000001836,0.042414880679312615
17,plts_bel6,1,6,solar,0.9375369379301237,0.0,0.9375369379301237,0.21084138351136397
18,batt_bel6,1,6,battery,0.43004901069008056,0.0,0.43004901069008056,0.08406875819654863
19,pltd_bel7,1,7,diesel,0.08220630063661757,0.3586,-0.27639369936338243,0.057800564596148706
20,plts_bel7,1,7,solar,0.8125118388915508,0.0,0.8125118388915508,0.17530767153400859
21,batt_bel7,1,7,battery,0.319629394712215,0.0,0.319629394712215,0.06327480382139467
22,pltd_bel8,1,8,diesel,0.15356408461189472,0.7089,-0.5553359153881052,0.09912235795307876
23,plts_bel8,1,8,solar,1.6460190549147815,0.0,1.6460190549147815,0.3640296981095649
24,batt_bel8,1,8,battery,0.7065823767310137,0.0,0.7065823767310137,0.13799011322020135
25,pltd_bel9,1,9,diesel,0.15223891624208868,0.6833,-0.5310610837579113,0.10330989177711779
26,plts_bel9,1,9,solar,1.5750022597847377,0.0,1.5750022597847377,0.34184102535719196
27,batt_bel9,1,9,battery,0.6361014854883728,0.0,0.6361014854883728,0.12587882392761027
28,pltd_bel10,1,10,diesel,0.09096407836583738,0.3968,-0.3058359216341626,0.06395822311066032
29,plts_bel10,1,10,solar,0.8990678430787832,0.0,0.8990678430787832,0.19398294527260682
30,batt_bel10,1,10,battery,0.3536784610872759,0.0,0.3536784610872759,0.07001525709113608
31,pltd_bel11,1,11,diesel,0.15134598398174312,0.6602,-0.5088540160182569,0.10641396431592079
32,plts_bel11,1,11,solar,1.4958925277904362,0.0,1.4958925277904362,0.3227539120032333
33,batt_bel11,1,11,battery,0.588461923560759,0.0,0.588461923560759,0.11649374226909595
34,pltd_bel12,1,12,diesel,0.06511521894018174,0.284,-0.21888478105981823,0.045783750314400976
35,plts_bel12,1,12,solar,0.6435870594685998,0.0,0.6435870594685998,0.13886039533507447
36,batt_bel12,1,12,battery,0.2531766780409046,0.0,0.2531766780409046,0.05011964570388749
37,pltd_bel13,1,13,diesel,0.0518375408980019,0.2672,-0.21536245910199808,0.014809921669478702
38,plts_bel13,1,13,solar,1.191905572528548,0.0,1.191905572528548,0.2648785854503542
39,batt_bel13,1,13,battery,0.5824290428635943,0.0,0.5824290428635943,0.11316776938950343
40,pltd_bel14,1,14,diesel,0.03810799999998319,0.2055,-0.1673920000000168,0.022632563665344628
41,plts_bel14,1,14,solar,0.5002700785326685,0.0,0.5002700785326685,0.11250502634479705
42,batt_bel14,1,14,battery,0.2294744082046587,0.0,0.2294744082046587,0.04485914495172537
43,pltd_bel15,1,15,diesel,0.03393747416531539,0.1749,-0.1409625258346846,0.009695957556782502
44,plts_bel15,1,15,solar,0.7803263338498546,0.0,0.7803263338498546,0.1734129121658849
45,batt_bel15,1,15,battery,0.38130922654111954,0.0,0.38130922654111954,0.07408958389887235
46,pltd_bel16,1,16,diesel,0.11250403802058419,0.4908,-0.37829596197941584,0.07910355102427433
47,plts_bel16,1,16,solar,1.1119684960871132,0.0,1.1119684960871132,0.23991839755385047
48,batt_bel16,1,16,battery,0.43743021529245707,0.0,0.43743021529245707,0.08659504391488262
49,pltd_bel17,1,17,diesel,0.04366752307101198,0.2234,-0.179732476928988,0.012743857821104173
50,plts_bel17,1,17,solar,1.0099183635716176,0.0,1.0099183635716176,0.22110226723999404
51,batt_bel17,1,17,battery,0.48515823301493727,0.0,0.48515823301493727,0.09452510372974099
52,pltd_bel18,1,18,diesel,0.028096472681390802,0.1297,-0.10160352731860921,0.018135632942648153
53,plts_bel18,1,18,solar,0.30116340306759026,0.0,0.30116340306759026,0.06660455972613956
54,batt_bel18,1,18,battery,0.1292800297715568,0.0,0.1292800297715568,0.025247393820729606
55,pltd_bel19,1,19,diesel,0.046540548677349726,0.203,-0.1564594513226503,0.032723447655782
56,plts_bel19,1,19,solar,0.4600069787135884,0.0,0.4600069787135884,0.09925119866184651
57,batt_bel19,1,19,battery,0.1809606350923069,0.0,0.1809606350923069,0.0358235125523571
58,pltd_bel20,1,20,diesel,0.011494000000065943,0.0444,-0.03290599999993406,0.0080254745448827
59,plts_bel20,1,20,solar,0.09853552505901828,0.0,0.09853552505901828,0.02067356926112941
60,batt_bel20,1,20,battery,0.03574206835513334,0.0,0.03574206835513334,0.007060942149801348
61,pltd_bel21,1,21,diesel,0.04310200000001502,0.1664,-0.12329799999998498,0.030095654341306434
62,plts_bel21,1,21,solar,0.36950615280385873,0.0,0.36950615280385873,0.0775254708799243
63,batt_bel21,1,21,battery,0.1340316514404758,0.0,0.1340316514404758,0.026478357823247197
64,pltd_bel22,1,22,diesel,0.030650000000018832,0.1183,-0.08764999999998117,0.021401164172170816
65,plts_bel22,1,22,solar,0.2627613275701839,0.0,0.2627613275701839,0.055129429832284936
66,batt_bel22,1,22,battery,0.09531212528358822,0.0,0.09531212528358822,0.018829215003726398
67,pltd_bel23,1,23,diesel,0.02119699999997557,0.1143,-0.09310300000002443,0.012588968432341328
68,plts_bel23,1,23,solar,0.27825988524163553,0.0,0.27825988524163553,0.06257751146625551
69,batt_bel23,1,23,battery,0.12763765166197505,0.0,0.12763765166197505,0.024951414076649813
70,pltd_bel24,1,24,diesel,0.01740000000004435,0.0672,-0.049799999999955644,0.01214942359471721
71,plts_bel24,1,24,solar,0.14917295399480374,0.0,0.14917295399480374,0.03129771072045823
72,batt_bel24,1,24,battery,0.05411048383799261,0.0,0.05411048383799261,0.01068969209092058
73,pltd_bel25,1,25,diesel,0.012691000000073331,0.049,-0.03630899999992667,0.008861354945126004
74,plts_bel25,1,25,solar,0.10880035033400398,0.0,0.10880035033400398,0.022827161035628124
75,batt_bel25,1,25,battery,0.03946554084845712,0.0,0.03946554084845712,0.007796545164785803
76,pltd_bel26,1,26,diesel,0.035519000000016565,0.1371,-0.10158099999998343,0.02480102840228955
77,plts_bel26,1,26,solar,0.3045008484536959,0.0,0.3045008484536959,0.0638867478820442
78,batt_bel26,1,26,battery,0.11045194587084133,0.0,0.11045194587084133,0.021820132952220826
79,pltd_bel27,1,27,diesel,0.02793510299993755,0.1254,-0.09746489700006246,0.018956783559653086
80,plts_bel27,1,27,solar,0.2890129259558958,0.0,0.2890129259558958,0.06272783016044087
81,batt_bel27,1,27,battery,0.11672557458328603,0.0,0.11672557458328603,0.023098948770124035
82,pltd_bel28,1,28,diesel,0.020728860266746207,0.093,-0.07227113973325379,0.014066750781865143
83,plts_bel28,1,28,solar,0.214449064413254,0.0,0.214449064413254,0.046544412100465296
84,batt_bel28,1,28,battery,0.08660985385799719,0.0,0.08660985385799719,0.01713931832039188
85,pltd_bel29,1,29,diesel,0.015184074874309618,0.0662,-0.05101592512569038,0.01067618119054201
86,plts_bel29,1,29,solar,0.1500772642191769,0.0,0.1500772642191769,0.03238074009010628
87,batt_bel29,1,29,battery,0.05903829486138534,0.0,0.05903829486138534,0.011687391411214563
88,pltd_bel30,1,30,diesel,0.012602992328717439,0.0508,-0.03819700767128256,0.00824026120433694
89,plts_bel30,1,30,solar,0.11559646393897909,0.0,0.11559646393897909,0.02477623642814182
90,batt_bel30,1,30,battery,0.04461667114956166,0.0,0.04461667114956166,0.00881971741233442
91,pltd_bel31,1,31,diesel,0.02566455278801445,0.1035,-0.07783544721198554,0.016780585260909895
92,plts_bel31,1,31,solar,0.23539440450217483,0.0,0.23539440450217483,0.050453043004744354
93,batt_bel31,1,31,battery,0.0908544164021799,0.0,0.0908544164021799,0.017959898620128017
94,pltd_bel32,1,32,diesel,0.03459331308585455,0.1553,-0.12070668691414543,0.023475239777950314
95,plts_bel32,1,32,solar,0.35789116875356985,0.0,0.35789116875356985,0.07767725243442332
96,batt_bel32,1,32,battery,0.14454278606466583,0.0,0.14454278606466583,0.028603747524449056
97,pltd_bel33,1,33,diesel,0.020453840328047205,0.0918,-0.0713461596719528,0.013880143384028227
98,plts_bel33,1,33,solar,0.2116107746183361,0.0,0.2116107746183361,0.0459283314235917
99,batt_bel33,1,33,battery,0.08546411021965457,0.0,0.08546411021965457,0.016912597325372515
100,pltd_bel34,1,34,diesel,0.018332439191852783,0.0739,-0.05556756080814721,0.01198663445002523
101,plts_bel34,1,34,solar,0.16813677869009308,0.0,0.16813677869009308,0.036037305408492114
102,batt_bel34,1,34,battery,0.06489346782430226,0.0,0.06489346782430226,0.012828034314146
103,pltd_bel35,1,35,diesel,0.016884420985979653,0.0758,-0.05891557901402035,0.011457959465156329
104,plts_bel35,1,35,solar,0.17468588985898906,0.0,0.17468588985898906,0.03791406233602451
105,batt_bel35,1,35,battery,0.0705511370526375,0.0,0.0705511370526375,0.013961466091983997
106,pltd_bel36,1,36,diesel,0.010169752479473411,0.0444,-0.03423024752052659,0.007150432685447232
107,plts_bel36,1,36,solar,0.1005184187236595,0.0,0.1005184187236595,0.0216878063087348
108,batt_bel36,1,36,battery,0.03954253257616253,0.0,0.03954253257616253,0.00782796563471769
109,pltd_bel37,1,37,diesel,0.01779778145295717,0.0776,-0.05980221854704283,0.012513712234305394
110,plts_bel37,1,37,solar,0.17590349427310994,0.0,0.17590349427310994,0.037952976314768565
111,batt_bel37,1,37,battery,0.06919730007941562,0.0,0.06919730007941562,0.01369847455695775
112,pltd_bel38,1,38,diesel,0.03637109622678246,0.1587,-0.12232890377321755,0.025573173121706136
113,plts_bel38,1,38,solar,0.35948855988846534,0.0,0.35948855988846534,0.07756325033161392
114,batt_bel38,1,38,battery,0.14141718243282575,0.0,0.14141718243282575,0.027995404362576474
115,pltd_bel39,1,39,diesel,0.013198000000001566,0.0712,-0.05800199999999843,0.00783840801706097
116,plts_bel39,1,39,solar,0.17325591212232153,0.0,0.17325591212232153,0.03896329292910568
117,batt_bel39,1,39,battery,0.07947224434271216,0.0,0.07947224434271216,0.015535754359612497
118,pltd_bel40,1,40,diesel,0.014618799724684928,0.0638,-0.04918120027531507,0.010278745587586319
119,plts_bel40,1,40,solar,0.1444942922849027,0.0,0.1444942922849027,0.031176119385980784
120,batt_bel40,1,40,battery,0.056842260090502174,0.0,0.056842260090502174,0.011252667437817563
121,pltd_bel41,1,41,diesel,0.015820362312772365,0.069,-0.05317963768722764,0.011123447396056509
122,plts_bel41,1,41,solar,0.1563581076625214,0.0,0.1563581076625214,0.03373587401089634
123,batt_bel41,1,41,battery,0.06150825899273865,0.0,0.06150825899273865,0.012176331378021349
124,pltd_bel42,1,42,diesel,0.014397999999998487,0.0776,-0.06320200000000152,0.00855128643596896
125,plts_bel42,1,42,solar,0.18900514454544748,0.0,0.18900514454544748,0.04250508308106865
126,batt_bel42,1,42,battery,0.08669585021360525,0.0,0.08669585021360525,0.01694786239076605
127,pltd_bel43,1,43,diesel,0.030406125789958813,0.1365,-0.1060938742100412,0.020633843430722026
128,plts_bel43,1,43,solar,0.3145756123916477,0.0,0.3145756123916477,0.06827598311065855
129,batt_bel43,1,43,battery,0.127049011238991,0.0,0.127049011238991,0.025141896191584665
130,pltd_bel44,1,44,diesel,0.02381677791436074,0.1069,-0.08308322208563926,0.016162163686334642
131,plts_bel44,1,44,solar,0.24640694203768534,0.0,0.24640694203768534,0.0534805910048243
132,batt_bel44,1,44,battery,0.09951829316304152,0.0,0.09951829316304152,0.019693786631523064
133,pltd_bel45,1,45,diesel,0.018051264815703755,0.081,-0.06294873518429625,0.012249727447335946
134,plts_bel45,1,45,solar,0.1867576606238167,0.0,0.1867576606238167,0.04053424064099393
135,batt_bel45,1,45,battery,0.07542716696732933,0.0,0.07542716696732933,0.014926363674298069
136,pltd_bel46,1,46,diesel,0.02436580021452785,0.1094,-0.08503419978547215,0.016534791909032422
137,plts_bel46,1,46,solar,0.2520880411998343,0.0,0.2520880411998343,0.054713553073574374
138,batt_bel46,1,46,battery,0.10181237141898963,0.0,0.10181237141898963,0.020147791466685397
139,pltd_bel47,1,47,diesel,0.02096799999997597,0.1131,-0.09213200000002403,0.012452890285116706
140,plts_bel47,1,47,solar,0.27526169706148057,0.0,0.27526169706148057,0.06190321200872292
141,batt_bel47,1,47,battery,0.1262629391966547,0.0,0.1262629391966547,0.024682706296268928
142,pltd_bel48,1,48,diesel,0.024434739368881096,0.1097,-0.08526526063111892,0.01658143651391107
143,plts_bel48,1,48,solar,0.2527976136486299,0.0,0.2527976136486299,0.05486763224280688
144,batt_bel48,1,48,battery,0.10209909482862999,0.0,0.10209909482862999,0.020204486899026954
145,pltd_bel49,1,49,diesel,0.04109780241165422,0.1999,-0.15880219758834577,0.02796571645755004
146,plts_bel49,1,49,solar,0.4670824809126688,0.0,0.4670824809126688,0.10263360618515241
147,batt_bel49,1,49,battery,0.19594573382436428,0.0,0.19594573382436428,0.03873646937489796
148,pltd_bel50,1,50,diesel,0.04825416088665938,0.2348,-0.18654583911334063,0.03283530840221815
149,plts_bel50,1,50,solar,0.5484057681736951,0.0,0.5484057681736951,0.12050312194657258
150,batt_bel50,1,50,battery,0.23006115491106244,0.0,0.23006115491106244,0.045480710796988726
151,pltd_bel51,1,51,diesel,0.03280855909863645,0.1473,-0.11449144090136354,0.02226411249661365
152,plts_bel51,1,51,solar,0.33942872637759297,0.0,0.33942872637759297,0.07367010789142817
153,batt_bel51,1,51,battery,0.13708641448421877,0.0,0.13708641448421877,0.02712820217995455
154,pltd_bel52,1,52,diesel,0.032928626987728325,0.1602,-0.12727137301227168,0.022406791233571418
155,plts_bel52,1,52,solar,0.37424280225393214,0.0,0.37424280225393214,0.08223372123894504
156,batt_bel52,1,52,battery,0.1569994883021966,0.0,0.1569994883021966,0.031037182020435206
157,pltd_bel53,1,53,diesel,0.030612658840920282,0.1374,-0.10678734115907972,0.020773860255111607
158,plts_bel53,1,53,solar,0.31670432973795254,0.0,0.31670432973795254,0.06873802561833856
159,batt_bel53,1,53,battery,0.12790826146784398,0.0,0.12790826146784398,0.02531190539642603
160,pltd_bel54,1,54,diesel,0.025963395572614876,0.1263,-0.10033660442738512,0.01766715171632629
161,plts_bel54,1,54,solar,0.29507509605162824,0.0,0.29507509605162824,0.06483783183097788
162,batt_bel54,1,54,battery,0.12378667296761792,0.0,0.12378667296761792,0.0244713611721296
163,pltd_bel55,1,55,diesel,0.0459877863457442,0.2064,-0.1604122136542558,0.031207389717253335
164,plts_bel55,1,55,solar,0.4757660670676107,0.0,0.4757660670676107,0.10326106509927789
165,batt_bel55,1,55,battery,0.19214900062128884,0.0,0.19214900062128884,0.038024574093187366
166,pltd_bel56,1,56,diesel,0.041346000000015155,0.1596,-0.11825399999998484,0.028869399047430626
167,plts_bel56,1,56,solar,0.3544532112375869,0.0,0.3544532112375869,0.07436714797492638
168,batt_bel56,1,56,battery,0.1285715452855737,0.0,0.1285715452855737,0.025399692664870032
169,pltd_bel57,1,57,diesel,0.03969001636623489,0.1731,-0.1334099836337651,0.027906588356901386
170,plts_bel57,1,57,solar,0.39229848960395636,0.0,0.39229848960395636,0.08464237700539726
171,batt_bel57,1,57,battery,0.15432553042387662,0.0,0.15432553042387662,0.030550738361009393
172,pltd_bel58,1,58,diesel,0.06417400000001398,0.2477,-0.18352599999998603,0.044809130489692366
173,plts_bel58,1,58,solar,0.5501535384417666,0.0,0.5501535384417666,0.11542673682213629
174,batt_bel58,1,58,battery,0.19955804610208602,0.0,0.19955804610208602,0.039423302416230016
175,pltd_bel59,1,59,diesel,0.01793905211951992,0.0783,-0.060360947880480076,0.012613198988881845
176,plts_bel59,1,59,solar,0.17729923725967714,0.0,0.17729923725967714,0.03825406474143256
177,batt_bel59,1,59,battery,0.06974584877458193,0.0,0.06974584877458193,0.013807096888998505
178,pltd_bel60,1,60,diesel,0.0968958126198392,0.4227,-0.3258041873801608,0.06812913884700143
179,plts_bel60,1,60,solar,0.9577040027916597,0.0,0.9577040027916597,0.20663429115910303
180,batt_bel60,1,60,battery,0.3767455842501292,0.0,0.3767455842501292,0.07458172077322882
181,pltd_bel61,1,61,diesel,0.012782889797137627,0.0558,-0.04301711020286238,0.008987847196901506
182,plts_bel61,1,61,solar,0.1263446487103124,0.0,0.1263446487103124,0.027260109519202994
183,batt_bel61,1,61,battery,0.0497019977393183,0.0,0.0497019977393183,0.00983916148782695
184,pltd_bel62,1,62,diesel,0.06383273724861552,0.2865,-0.22266726275138446,0.04331713274974288
185,plts_bel62,1,62,solar,0.6603950103930271,0.0,0.6603950103930271,0.14333322524281375
186,batt_bel62,1,62,battery,0.2667166873995124,0.0,0.2667166873995124,0.0527808592402429
187,pltd_bel63,1,63,diesel,0.02096799999997597,0.1131,-0.09213200000002403,0.012452890285116706
188,plts_bel63,1,63,solar,0.27526169706148057,0.0,0.27526169706148057,0.06190321200872292
189,batt_bel63,1,63,battery,0.1262629391966547,0.0,0.1262629391966547,0.02468270629626893
190,pltd_bel64,1,64,diesel,0.023542929442405543,0.1057,-0.08215707055759446,0.015976294790238935
191,plts_bel64,1,64,solar,0.24356413267545118,0.0,0.24356413267545118,0.0528635666140139
192,batt_bel64,1,64,battery,0.09836903854957435,0.0,0.09836903854957435,0.019466359133881336
193,pltd_bel65,1,65,diesel,0.011530662537188393,0.0518,-0.040269337462811604,0.00782483944536905
194,plts_bel65,1,65,solar,0.11929856291283908,0.0,0.11929856291283908,0.025892782745799998
195,batt_bel65,1,65,battery,0.04818225246175878,0.0,0.04818225246175878,0.009534845834511689
196,pltd_bel66,1,66,diesel,0.0919478508118921,0.4473,-0.35535214918810787,0.06256731452279866
197,plts_bel66,1,66,solar,1.044997754599805,0.0,1.044997754599805,0.22962092887809865
198,batt_bel66,1,66,battery,0.4383873100745681,0.0,0.4383873100745681,0.08666465052161836
199,pltd_bel67,1,67,diesel,0.08044359644170342,0.3611,-0.2806564035582966,0.05458920525741972
200,plts_bel67,1,67,solar,0.8322380909321699,0.0,0.8322380909321699,0.18063032719707287
201,batt_bel67,1,67,battery,0.3361192598738646,0.0,0.3361192598738646,0.06651499673361906
202,pltd_bel68,1,68,diesel,0.03742566175347847,0.1821,-0.14467433824652154,0.02546685692863887
203,plts_bel68,1,68,solar,0.4253380569817331,0.0,0.4253380569817331,0.09346091146947086
204,batt_bel68,1,68,battery,0.17843262279897162,0.0,0.17843262279897162,0.03527428425625668
205,pltd_bel69,1,69,diesel,0.07079718749268735,0.3444,-0.27360281250731266,0.0481749160195538
206,plts_bel69,1,69,solar,0.804620527914845,0.0,0.804620527914845,0.1768019785163116
207,batt_bel69,1,69,battery,0.3375466930682055,0.0,0.3375466930682055,0.066729501171598
208,pltd_bel70,1,70,diesel,0.014477629056934548,0.0632,-0.04872237094306546,0.0101794682116571
209,plts_bel70,1,70,solar,0.1430985493025579,0.0,0.1430985493025579,0.030874907960207757
210,batt_bel70,1,70,battery,0.05629302139878032,0.0,0.05629302139878032,0.011143942499269043
211,pltd_bel71,1,71,diesel,0.033083849485851705,0.1485,-0.11541615051414829,0.022450856463184163
212,plts_bel71,1,71,solar,0.3422670161723988,0.0,0.3422670161723988,0.07428609356827774
213,batt_bel71,1,71,battery,0.13823146812246787,0.0,0.13823146812246787,0.027354805079634077
214,pltd_bel72,1,72,diesel,0.02388199999998021,0.1288,-0.10491800000001979,0.014183735867266649
215,plts_bel72,1,72,solar,0.31351145662984187,0.0,0.31351145662984187,0.07050521460124048
216,batt_bel72,1,72,battery,0.14380775945315663,0.0,0.14380775945315663,0.028112462227509762
217,pltd_bel73,1,73,diesel,0.022598865396351683,0.0986,-0.07600113460364831,0.015889700910809886
218,plts_bel73,1,73,solar,0.22337371015781474,0.0,0.22337371015781474,0.048195139801554106
219,batt_bel73,1,73,battery,0.087872813733557,0.0,0.087872813733557,0.01739558482129032
220,pltd_bel74,1,74,diesel,0.15848453814288116,0.7113,-0.5528154618571188,0.10754825186388751
221,plts_bel74,1,74,solar,1.639623067883907,0.0,1.639623067883907,0.3558663956145575
222,batt_bel74,1,74,battery,0.6622006565071652,0.0,0.6622006565071652,0.13104363466768865
223,pltd_bel75,1,75,diesel,0.02833799999998316,0.1528,-0.12446200000001684,0.016830048251262858
224,plts_bel75,1,75,solar,0.3720158331177028,0.0,0.3720158331177028,0.08366212891297546
225,batt_bel75,1,75,battery,0.1706444491088127,0.0,0.1706444491088127,0.03335868029044519
226,pltd_bel76,1,76,diesel,0.015749634659389992,0.0687,-0.052950365340610005,0.01107380485120045
227,plts_bel76,1,76,solar,0.1556602361696,0.0,0.1556602361696,0.033585248797640535
228,batt_bel76,1,76,battery,0.06123340964544947,0.0,0.06123340964544947,0.012121955919260111
229,pltd_bel77,1,77,diesel,0.07217668658161498,0.3149,-0.24272331341838504,0.050748875191783636
230,plts_bel77,1,77,solar,0.7133941478491321,0.0,0.7133941478491321,0.15392192796048604
231,batt_bel77,1,77,battery,0.28063879010019643,0.0,0.28063879010019643,0.05555615392240998
232,pltd_bel78,1,78,diesel,0.022238452106843696,0.0998,-0.07756154789315631,0.015091076358523513
233,plts_bel78,1,78,solar,0.2300732170027629,0.0,0.2300732170027629,0.049935528968389375
234,batt_bel78,1,78,battery,0.0929209418071,0.0,0.0929209418071,0.01838821262438224
235,pltd_bel79,1,79,diesel,0.01475729429812096,0.0662,-0.05144270570187903,0.010014306425638683
236,plts_bel79,1,79,solar,0.15267106569942637,0.0,0.15267106569942637,0.03313598523883847
237,batt_bel79,1,79,battery,0.06165970747179929,0.0,0.06165970747179929,0.012201901130320809
238,pltd_bel80,1,80,diesel,0.02471745521290791,0.1078,-0.0830825447870921,0.017379457102409932
239,plts_bel80,1,80,solar,0.24431483972014928,0.0,0.24431483972014928,0.052713373524733965
240,batt_bel80,1,80,battery,0.09611063348694547,0.0,0.09611063348694547,0.01902638114335067
241,pltd_bel81,1,81,diesel,0.0383485153778773,0.1673,-0.1289514846221227,0.026963557333133298
242,plts_bel81,1,81,solar,0.37903394646027827,0.0,0.37903394646027827,0.08178037862729406
243,batt_bel81,1,81,battery,0.1491062234878131,0.0,0.1491062234878131,0.029517538531948283
244,pltd_kup82,1,82,diesel,0.12380799999997173,0.6676,-0.5437920000000283,0.07352988239927034
245,plts_kup82,1,82,solar,1.6253173880386529,0.0,1.6253173880386529,0.3655154567632112
246,batt_kup82,1,82,battery,0.7455358837258143,0.0,0.7455358837258143,0.14574216242659963
247,pltd_kup83,1,83,diesel,0.06798899999998294,0.3666,-0.29861100000001706,0.04037908814111847
248,plts_kup83,1,83,solar,0.8925346950068266,0.0,0.8925346950068266,0.20072089259171289
249,batt_kup83,1,83,battery,0.40940621127041077,0.0,0.40940621127041077,0.08003337836113045
250,pltd_kup84,1,84,diesel,0.08958499999997822,0.4831,-0.39351500000002176,0.053205031881925616
251,plts_kup84,1,84,solar,1.176047537101465,0.0,1.176047537101465,0.2644797242830119
252,batt_kup84,1,84,battery,0.5394544450104819,0.0,0.5394544450104819,0.10545606274221604
253,pltd_kup85,1,85,diesel,0.01371200000000011,0.0739,-0.06018799999999988,0.008143687056770156
254,plts_kup85,1,85,solar,0.18000684683431356,0.0,0.18000684683431356,0.04048150273198202
255,batt_kup85,1,85,battery,0.08256930161090002,0.0,0.08256930161090002,0.01614117195052654
256,pltd_kup86,1,86,diesel,0.08678599999997888,0.468,-0.38121400000002115,0.051542598778014245
257,plts_kup86,1,86,solar,1.1392952633114186,0.0,1.1392952633114186,0.25621448288939264
258,batt_kup86,1,86,battery,0.5225954308475956,0.0,0.5225954308475956,0.1021603459172813
259,pltd_kup87,1,87,diesel,0.07935799999998024,0.4279,-0.3485420000000198,0.04713079654041524
260,plts_kup87,1,87,solar,1.0417943345875278,0.0,1.0417943345875278,0.2342877448043807
261,batt_kup87,1,87,battery,0.4778734481227508,0.0,0.4778734481227508,0.09341777053539352
262,pltd_kup88,1,88,diesel,0.03667999999998246,0.1978,-0.16112000000001753,0.021784602381032345
263,plts_kup88,1,88,solar,0.4815174005825268,0.0,0.4815174005825268,0.10828777677243002
264,batt_kup88,1,88,battery,0.2208718585990505,0.0,0.2208718585990505,0.043177460251898676
265,pltd_kup89,1,89,diesel,0.17482799999997692,0.9427,-0.7678720000000231,0.10383090428441304
266,plts_kup89,1,89,solar,2.2950947732771554,0.0,2.2950947732771554,0.5161406790036434
267,batt_kup89,1,89,battery,1.0527631966971043,0.0,1.0527631966971043,0.20580097684773596
268,pltd_kup90,1,90,diesel,0.05604799999998665,0.3022,-0.24615200000001336,0.033287114637614176
269,plts_kup90,1,90,solar,0.7357802091265228,0.0,0.7357802091265228,0.1654684985072807
270,batt_kup90,1,90,battery,0.3375028652009917,0.0,0.3375028652009917,0.06597727754843856
271,pltd_kup91,1,91,diesel,0.053076999999986905,0.2862,-0.2331230000000131,0.031522639429035076
272,plts_kup91,1,91,solar,0.6967781716037639,0.0,0.6967781716037639,0.15669752217857258
273,batt_kup91,1,91,battery,0.31961290746564436,0.0,0.31961290746564436,0.062480005994012294
274,pltd_kup92,1,92,diesel,0.044734999999983614,0.2412,-0.19646500000001638,0.026568178433689735
275,plts_kup92,1,92,solar,0.5872757999830911,0.0,0.5872757999830911,0.13207162330419112
276,batt_kup92,1,92,battery,0.2693847804059122,0.0,0.2693847804059122,0.05266108893062136
277,pltd_kup93,1,93,diesel,0.19996699999997847,1.0783,-0.8783330000000216,0.11876120087564615
278,plts_kup93,1,93,solar,2.6251068157921607,0.0,2.6251068157921607,0.5903566702408114
279,batt_kup93,1,93,battery,1.2041397945511672,0.0,1.2041397945511672,0.23539303752715493
280,pltd_kup94,1,94,diesel,0.02936699999998026,0.1583,-0.12893300000001973,0.017441338399774443
281,plts_kup94,1,94,solar,0.38551310554633694,0.0,0.38551310554633694,0.08669752802169882
282,batt_kup94,1,94,battery,0.17683446162487446,0.0,0.17683446162487446,0.03456873614541693
283,pltd_kup95,1,95,diesel,0.010279999999617364,0.053,-0.04272000000038263,0.007130381327980128
284,plts_kup95,1,95,solar,0.13082059713697514,0.0,0.13082059713697514,0.027500595400943014
285,batt_kup95,1,95,battery,0.05180293782533064,0.0,0.05180293782533064,0.010371346579288659
286,pltd_kup96,1,96,diesel,0.00918980720702014,0.0542,-0.04501019279297986,0.005371021750516903
287,plts_kup96,1,96,solar,0.1391415920244098,0.0,0.1391415920244098,0.03037155995433637
288,batt_kup96,1,96,battery,0.0616040097173507,0.0,0.0616040097173507,0.012300482706964726
289,pltd_kup97,1,97,diesel,0.019602999999804752,0.101,-0.08139700000019526,0.013597084621065557
290,plts_kup97,1,97,solar,0.24947096165643592,0.0,0.24947096165643592,0.05244336256215888
291,batt_kup97,1,97,battery,0.09878932708388602,0.0,0.09878932708388602,0.01977828607217312
292,pltd_kup98,1,98,diesel,0.00887702558378922,0.0524,-0.04352297441621078,0.005188285082744265
293,plts_kup98,1,98,solar,0.1343966991987746,0.0,0.1343966991987746,0.029335808950680088
294,batt_kup98,1,98,battery,0.05950244667799033,0.0,0.05950244667799033,0.011880860777945975
295,pltd_kup99,1,99,diesel,0.009451564950480782,0.0558,-0.04634843504951922,0.005524237759651127
296,plts_kup99,1,99,solar,0.143091476295279,0.0,0.143091476295279,0.031233705542584343
297,batt_kup99,1,99,battery,0.06335149630834302,0.0,0.06335149630834302,0.012649400071706162
298,pltd_kup100,1,100,diesel,0.03966300000002051,0.2249,-0.18523699999997947,0.02444494830618717
299,plts_kup100,1,100,solar,0.5620602741633245,0.0,0.5620602741633245,0.12350584418008637
300,batt_kup100,1,100,battery,0.24920501815994622,0.0,0.24920501815994622,0.049366563710827066
301,pltd_kup101,1,101,diesel,0.01408134082636897,0.1201,-0.10601865917363103,0.005215257528026505
302,plts_kup101,1,101,solar,0.3328497172607926,0.0,0.3328497172607926,0.07509199111820031
303,batt_kup101,1,101,battery,0.1680436562995797,0.0,0.1680436562995797,0.03334505568598172
304,pltd_kup102,1,102,diesel,0.02586200000002001,0.1466,-0.12073799999998,0.0159389134621122
305,plts_kup102,1,102,solar,0.3664971043696634,0.0,0.3664971043696634,0.080533204469732
306,batt_kup102,1,102,battery,0.16249771958393058,0.0,0.16249771958393058,0.032190184134856886
307,pltd_kup103,1,103,diesel,0.03145900000001881,0.1784,-0.1469409999999812,0.01938879233388987
308,plts_kup103,1,103,solar,0.4457971944351836,0.0,0.4457971944351836,0.0979584431472642
309,batt_kup103,1,103,battery,0.1976559657355167,0.0,0.1976559657355167,0.03915489646386647
310,pltd_kup104,1,104,diesel,0.036946000000019845,0.2095,-0.17255399999998014,0.022770309118910682
311,plts_kup104,1,104,solar,0.5235648585977115,0.0,0.5235648585977115,0.11504693825937608
312,batt_kup104,1,104,battery,0.23213770993260543,0.0,0.23213770993260543,0.04598559737619139
313,pltd_kup105,1,105,diesel,0.014081340826352564,0.1201,-0.10601865917364743,0.005215257527990539
314,plts_kup105,1,105,solar,0.33284971726062346,0.0,0.33284971726062346,0.07509199111824323
315,batt_kup105,1,105,battery,0.16804365629986368,0.0,0.16804365629986368,0.03334505568602018
316,pltd_kup106,1,106,diesel,0.009207009242780248,0.0786,-0.06939299075721976,0.003409937641999659
317,plts_kup106,1,106,solar,0.2176329468294183,0.0,0.2176329468294183,0.0490986706111362
318,batt_kup106,1,106,battery,0.10987481831737274,0.0,0.10987481831737274,0.021802560061551603
319,pltd_kup107,1,107,diesel,0.013577067904370781,0.0801,-0.06652293209562922,0.007935500644416019
320,plts_kup107,1,107,solar,0.2055449330762004,0.0,0.2055449330762004,0.044865902515813204
321,batt_kup107,1,107,battery,0.09100138661397357,0.0,0.09100138661397357,0.018170258195439607
322,pltd_kup108,1,108,diesel,0.021138999999975674,0.114,-0.09286100000002433,0.012554460804454208
323,plts_kup108,1,108,solar,0.27751237255366074,0.0,0.27751237255366074,0.06240943331404814
324,batt_kup108,1,108,battery,0.12729607635616014,0.0,0.12729607635616014,0.024884651080087448
325,pltd_kup109,1,109,diesel,0.02245394217984504,0.1325,-0.11004605782015497,0.013123822037649703
326,plts_kup109,1,109,solar,0.33994163228322244,0.0,0.33994163228322244,0.07420172546824827
327,batt_kup109,1,109,battery,0.15050383329876904,0.0,0.15050383329876904,0.030051126204382595
328,pltd_kup110,1,110,diesel,0.016191000000023135,0.0918,-0.07560899999997688,0.009978798631213134
329,plts_kup110,1,110,solar,0.22944486590615928,0.0,0.22944486590615928,0.05041763519019246
330,batt_kup110,1,110,battery,0.10173077207161531,0.0,0.10173077207161531,0.02015249647421087
331,pltd_kup111,1,111,diesel,0.026997025236466958,0.1593,-0.13230297476353303,0.01577911302811814
332,plts_kup111,1,111,solar,0.4087199355942424,0.0,0.4087199355942424,0.08921454907958377
333,batt_kup111,1,111,battery,0.18095446527686274,0.0,0.18095446527686274,0.036131196530989514
334,pltd_kup112,1,112,diesel,0.03424599999983683,0.1765,-0.14225400000016317,0.02375382057938496
335,plts_kup112,1,112,solar,0.4358147190189854,0.0,0.4358147190189854,0.09161554930236415
336,batt_kup112,1,112,battery,0.17257721745047294,0.0,0.17257721745047294,0.03455124861923247
337,pltd_kup113,1,113,diesel,0.04918699999985003,0.2535,-0.20431300000014996,0.034117329394750685
338,plts_kup113,1,113,solar,0.6259581471894157,0.0,0.6259581471894157,0.13158781808062958
339,batt_kup113,1,113,battery,0.24787580431863385,0.0,0.24787580431863385,0.04962640734871829
340,pltd_kup114,1,114,diesel,0.02151393731025583,0.1269,-0.10538606268974418,0.012574332371218659
341,plts_kup114,1,114,solar,0.32571198550842967,0.0,0.32571198550842967,0.07109570855537306
342,batt_kup114,1,114,battery,0.14420409131215983,0.0,0.14420409131215983,0.02879325468924713
343,pltd_kup115,1,115,diesel,0.021669921215580423,0.1279,-0.10623007878441959,0.012665238833101427
344,plts_kup115,1,115,solar,0.3280869477707032,0.0,0.3280869477707032,0.07161413760589591
345,batt_kup115,1,115,battery,0.14525711639620706,0.0,0.14525711639620706,0.029003512971149028
346,pltd_kup116,1,116,diesel,0.025400999999830955,0.1309,-0.10549900000016904,0.017618537225544594
347,plts_kup116,1,116,solar,0.3232494709539639,0.0,0.3232494709539639,0.06795203349034068
348,batt_kup116,1,116,battery,0.12800132877200743,0.0,0.12800132877200743,0.02562689096567644
349,pltd_kup117,1,117,diesel,0.03729399999984589,0.1922,-0.15490600000015411,0.025867764136274715
350,plts_kup117,1,117,solar,0.47460616035523057,0.0,0.47460616035523057,0.09977016841871869
351,batt_kup117,1,117,battery,0.18793874604127422,0.0,0.18793874604127422,0.037626726079088235
352,pltd_kup118,1,118,diesel,0.023184606518680234,0.1368,-0.11361539348131977,0.013550798685883606
353,plts_kup118,1,118,solar,0.3510113716412476,0.0,0.3510113716412476,0.07661793511050956
354,batt_kup118,1,118,battery,0.155405218012524,0.0,0.155405218012524,0.031029816378048802
355,pltd_kup119,1,119,diesel,0.0195295573056953,0.1152,-0.09567044269430469,0.011414203373626964
356,plts_kup119,1,119,solar,0.2956727382504838,0.0,0.2956727382504838,0.06453878109432104
357,batt_kup119,1,119,battery,0.13090542870253552,0.0,0.13090542870253552,0.026137909109845883
358,pltd_kup120,1,120,diesel,0.02689499999983405,0.1386,-0.11170500000016595,0.01865499614926633
359,plts_kup120,1,120,solar,0.34226193274680317,0.0,0.34226193274680317,0.07194921022749642
360,batt_kup120,1,120,battery,0.13553136781845324,0.0,0.13553136781845324,0.027134390315718383
361,pltd_kup121,1,121,diesel,0.037114999999844106,0.1913,-0.1541850000001559,0.02574385970090979
362,plts_kup121,1,121,solar,0.47232071478733667,0.0,0.47232071478733667,0.09928995525708044
363,batt_kup121,1,121,battery,0.18703367413275845,0.0,0.18703367413275845,0.037445490695602
364,pltd_kup122,1,122,diesel,0.02779099999983112,0.1433,-0.1155090000001689,0.01927656307217852
365,plts_kup122,1,122,solar,0.35367035033508953,0.0,0.35367035033508953,0.07434787274005843
366,batt_kup122,1,122,battery,0.14005100574041462,0.0,0.14005100574041462,0.028039170069528618
367,pltd_kup123,1,123,diesel,0.025997999999831024,0.134,-0.10800200000016899,0.01803284997020951
368,plts_kup123,1,123,solar,0.33085351515849687,0.0,0.33085351515849687,0.06955121355236653
369,batt_kup123,1,123,battery,0.13101517902694917,0.0,0.13101517902694917,0.0262301648067115
370,pltd_kup124,1,124,diesel,0.027193999999834215,0.1402,-0.11300600000016578,0.018862394718337307
371,plts_kup124,1,124,solar,0.3460663061305937,0.0,0.3460663061305937,0.07274846066101882
372,batt_kup124,1,124,battery,0.13703579678980637,0.0,0.13703579678980637,0.027435683382092065
373,pltd_kup125,1,125,diesel,0.0378919999998474,0.1953,-0.1574080000001526,0.02628265021027546
374,plts_kup125,1,125,solar,0.482210204559421,0.0,0.482210204559421,0.10136863764329698
375,batt_kup125,1,125,battery,0.1909491471657907,0.0,0.1909491471657907,0.03822943505771613
376,pltd_kup126,1,126,diesel,0.029045999999828168,0.1497,-0.12065400000017183,0.02014687976946597
377,plts_kup126,1,126,solar,0.3696449564962588,0.0,0.3696449564962588,0.0777057608654057
378,batt_kup126,1,126,battery,0.14637643587860627,0.0,0.14637643587860627,0.029305606113004253
379,pltd_kup127,1,127,diesel,0.050143999999850336,0.2585,-0.20835600000014967,0.03478110264590957
380,plts_kup127,1,127,solar,0.6381283799663371,0.0,0.6381283799663371,0.13414542911458371
381,batt_kup127,1,127,battery,0.25269126592026225,0.0,0.25269126592026225,0.050590643669809865
382,pltd_kup128,1,128,diesel,0.03785774010417203,0.2234,-0.18554225989582795,0.02212664726595331
383,plts_kup128,1,128,solar,0.5731609137568467,0.0,0.5731609137568467,0.12510833459019025
384,batt_kup128,1,128,battery,0.2537596016989755,0.0,0.2537596016989755,0.05066821984271485
385,pltd_kup129,1,129,diesel,0.03294927618476672,0.1944,-0.16145072381523326,0.01925783146582905
386,plts_kup129,1,129,solar,0.4988477407669802,0.0,0.4988477407669802,0.10888741365775861
387,batt_kup129,1,129,battery,0.2208582773641372,0.0,0.2208582773641372,0.044098818285193235
388,pltd_kup130,1,130,diesel,0.030241999999835487,0.1559,-0.12565800000016453,0.020976550154677302
389,plts_kup130,1,130,solar,0.38485304490497274,0.0,0.38485304490497274,0.08090287292138185
390,batt_kup130,1,130,battery,0.1523977816058711,0.0,0.1523977816058711,0.0305111113774636
391,pltd_kup131,1,131,diesel,0.03502299999983803,0.1805,-0.14547700000016195,0.0242926526383947
392,plts_kup131,1,131,solar,0.4457042087911075,0.0,0.4457042087911075,0.09369417768858386
393,batt_kup131,1,131,battery,0.17649269048351035,0.0,0.17649269048351035,0.03533520152054862
394,pltd_kup132,1,132,diesel,0.02856799999982775,0.1473,-0.11873200000017224,0.019815330969148354
395,plts_kup132,1,132,solar,0.36355984010749764,0.0,0.36355984010749764,0.07642646732289356
396,batt_kup132,1,132,battery,0.14396620703432764,0.0,0.14396620703432764,0.02882308458845311
397,pltd_kup133,1,133,diesel,0.0122290073074638,0.1226,-0.1103709926925362,0.003996700473261519
398,plts_kup133,1,133,solar,0.34756075399200276,0.0,0.34756075399200276,0.07817477574596735
399,batt_kup133,1,133,battery,0.17452155947390768,0.0,0.17452155947390768,0.0352240282705492
400,pltd_kup134,1,134,diesel,0.03247944041662869,0.1916,-0.1591205595833713,0.018983052950217873
401,plts_kup134,1,134,solar,0.49173291737963354,0.0,0.49173291737963354,0.10733439770133174
402,batt_kup134,1,134,battery,0.21770840637087407,0.0,0.21770840637087407,0.04346986774656692
403,pltd_kup135,1,135,diesel,0.04819701580380483,0.2844,-0.23620298419619515,0.02816958889463063
404,plts_kup135,1,135,solar,0.7296920599781438,0.0,0.7296920599781438,0.15927574172914075
405,batt_kup135,1,135,battery,0.323062170680156,0.0,0.323062170680156,0.06450585015599745
406,pltd_kup136,1,136,diesel,0.023497626595410968,0.1386,-0.11510237340458904,0.01373353998471885
407,plts_kup136,1,136,solar,0.35575626446606046,0.0,0.35575626446606046,0.07765374911398498
408,batt_kup136,1,136,battery,0.15750724105118138,0.0,0.15750724105118138,0.03144950239807321
409,pltd_kup137,1,137,diesel,0.011370000000000498,0.0613,-0.0499299999999995,0.006752779259209818
410,plts_kup137,1,137,solar,0.14925433429910834,0.0,0.14925433429910834,0.033565600400102286
411,batt_kup137,1,137,battery,0.06846227280940094,0.0,0.06846227280940094,0.013383433622674403
412,pltd_kup138,1,138,diesel,0.009855983566194361,0.0591,-0.04924401643380564,0.006576157122640439
413,plts_kup138,1,138,solar,0.14668178144359556,0.0,0.14668178144359556,0.03233592041045657
414,batt_kup138,1,138,battery,0.06564870983761989,0.0,0.06564870983761989,0.012978444854534537
415,pltd_kup139,1,139,diesel,0.034342116049703754,0.2061,-0.17175788395029626,0.02291438287898259
416,plts_kup139,1,139,solar,0.5110906428537102,0.0,0.5110906428537102,0.11266973173201231
417,batt_kup139,1,139,battery,0.22874211090625426,0.0,0.22874211090625426,0.045221237741851286
418,pltd_kup140,1,140,diesel,0.006622239734377215,0.0397,-0.033077760265622785,0.00441877141062038
419,plts_kup140,1,140,solar,0.09854990297287111,0.0,0.09854990297287111,0.021725258409430206
420,batt_kup140,1,140,battery,0.044105912653373325,0.0,0.044105912653373325,0.008719539071133127
421,pltd_kup141,1,141,diesel,0.0147839304894064,0.0887,-0.0739160695105936,0.009864181137459141
422,plts_kup141,1,141,solar,0.22002267245149,0.0,0.22002267245149,0.048503941679179506
423,batt_kup141,1,141,battery,0.09847364000409935,0.0,0.09847364000409935,0.019467761052191987
424,pltd_kup142,1,142,diesel,0.01976499615059292,0.1217,-0.10193500384940708,0.011778547420716809
425,plts_kup142,1,142,solar,0.30278629296517734,0.0,0.30278629296517734,0.06856411748944058
426,batt_kup142,1,142,battery,0.14405744762216863,0.0,0.14405744762216863,0.02829402737994004
427,pltd_kup143,1,143,diesel,0.014147541687620469,0.1577,-0.14355245831237953,0.0055590351949755925
428,plts_kup143,1,143,solar,0.4399102277941977,0.0,0.4399102277941977,0.10019738676284805
429,batt_kup143,1,143,battery,0.22928793645459686,0.0,0.22928793645459686,0.04557992920511788
430,pltd_kup144,1,144,diesel,0.010610612907449708,0.1183,-0.1076893870925503,0.004169300586894201
431,plts_kup144,1,144,solar,0.32993213622418543,0.0,0.32993213622418543,0.07514796131833137
432,batt_kup144,1,144,battery,0.17196581036551273,0.0,0.17196581036551273,0.034184916248644504
433,pltd_kup145,1,145,diesel,0.010804140023469636,0.1205,-0.10969585997653036,0.004245253353064204
434,plts_kup145,1,145,solar,0.3359471663532077,0.0,0.3359471663532077,0.07651790400338457
435,batt_kup145,1,145,battery,0.17510061018259704,0.0,0.17510061018259704,0.03480808073505427
436,pltd_kup146,1,146,diesel,0.009505366928925573,0.106,-0.09649463307107442,0.0037349144053885446
437,plts_kup146,1,146,solar,0.2955650658030863,0.0,0.2955650658030863,0.06732015984086735
438,batt_kup146,1,146,battery,0.15405311512108363,0.0,0.15405311512108363,0.030624075857029354
439,pltd_kup147,1,147,diesel,0.008150000000012042,0.0462,-0.038049999999987955,0.005048375498351595
440,plts_kup147,1,147,solar,0.11305020308930758,0.0,0.11305020308930758,0.025360856376318033
441,batt_kup147,1,147,battery,0.05200524087682301,0.0,0.05200524087682301,0.010190038142720468
442,pltd_kup148,1,148,diesel,0.007340510517397048,0.0441,-0.03675948948260295,0.00489770569204896
443,plts_kup148,1,148,solar,0.10924850010750155,0.0,0.10924850010750155,0.02408373970451133
444,batt_kup148,1,148,battery,0.04889534282795977,0.0,0.04889534282795977,0.00966639163336226
445,pltd_kup149,1,149,diesel,0.015376000000015719,0.0872,-0.07182399999998428,0.00952436175674232
446,plts_kup149,1,149,solar,0.2132896751235694,0.0,0.2132896751235694,0.04784775177620635
447,batt_kup149,1,149,battery,0.09811759171556951,0.0,0.09811759171556951,0.01922544442636005
448,pltd_kup150,1,150,diesel,0.029557000000016986,0.1676,-0.138042999999983,0.0183087233004526
449,plts_kup150,1,150,solar,0.4099962209327268,0.0,0.4099962209327268,0.09197547229341071
450,batt_kup150,1,150,battery,0.18860575980571695,0.0,0.18860575980571695,0.03695594327244154
451,pltd_kup151,1,151,diesel,0.016683317696357666,0.1001,-0.08341668230364233,0.011131766095596778
452,plts_kup151,1,151,solar,0.24828775206200215,0.0,0.24828775206200215,0.0547348790284012
453,batt_kup151,1,151,battery,0.11112254638385971,0.0,0.11112254638385971,0.021968422891679815
454,pltd_kup152,1,152,diesel,0.027766999999984582,0.1497,-0.12193300000001542,0.016490881920245445
455,plts_kup152,1,152,solar,0.36451479324504144,0.0,0.36451479324504144,0.0819752081702337
456,batt_kup152,1,152,battery,0.16720327320298461,0.0,0.16720327320298461,0.032685968217334806
457,pltd_kup153,1,153,diesel,0.011598000000001432,0.0625,-0.050901999999998566,0.00688805837942961
458,plts_kup153,1,153,solar,0.15225653152457053,0.0,0.15225653152457053,0.03424077627637553
459,batt_kup153,1,153,battery,0.06984056265168793,0.0,0.06984056265168793,0.013652876447099593
460,pltd_kup154,1,154,diesel,0.017984000000017566,0.102,-0.08401599999998242,0.011139834764548176
461,plts_kup154,1,154,solar,0.2494650721477351,0.0,0.2494650721477351,0.055963208207190876
462,batt_kup154,1,154,battery,0.1147592903942762,0.0,0.1147592903942762,0.022486235906777667
463,pltd_kup155,1,155,diesel,0.02026576161637304,0.1248,-0.10453423838362695,0.012077047357483573
464,plts_kup155,1,155,solar,0.3104499671506005,0.0,0.3104499671506005,0.07029952421291834
465,batt_kup155,1,155,battery,0.14770293241403518,0.0,0.14770293241403518,0.029010021497328474
466,pltd_kup156,1,156,diesel,0.012959232545106088,0.0798,-0.06684076745489391,0.00772256486839411
467,plts_kup156,1,156,solar,0.1985384278319265,0.0,0.1985384278319265,0.0449578860738969
468,batt_kup156,1,156,battery,0.09446057541093364,0.0,0.09446057541093364,0.0185527901195183
469,pltd_kup157,1,157,diesel,0.02809000000001753,0.1593,-0.13120999999998245,0.017400062950624746
470,plts_kup157,1,157,solar,0.3896466074744558,0.0,0.3896466074744558,0.0874103953629676
471,batt_kup157,1,157,battery,0.1792444603882539,0.0,0.1792444603882539,0.03512166729053169
472,pltd_kup158,1,158,diesel,0.01351011016775032,0.0832,-0.06968988983224968,0.00805091055865028
473,plts_kup158,1,158,solar,0.20696846943766567,0.0,0.20696846943766567,0.04686689497013527
474,batt_kup158,1,158,battery,0.09847097668362602,0.0,0.09847097668362602,0.01934045230967911
475,pltd_kup159,1,159,diesel,0.01476875871207067,0.0721,-0.057331241287929324,0.009347907127046742
476,plts_kup159,1,159,solar,0.17133594769061286,0.0,0.17133594769061286,0.03785158913360733
477,batt_kup159,1,159,battery,0.0745959728606939,0.0,0.0745959728606939,0.014580106571759071
478,pltd_kup160,1,160,diesel,0.01596819477850519,0.1756,-0.1596318052214948,0.005478583612808113
479,plts_kup160,1,160,solar,0.4896098035888343,0.0,0.4896098035888343,0.11234936986838322
480,batt_kup160,1,160,battery,0.257854811300556,0.0,0.257854811300556,0.051246155786988525
481,pltd_kup161,1,161,diesel,0.02682004087291483,0.1651,-0.13827995912708516,0.015982646542569527
482,plts_kup161,1,161,solar,0.41087146923364376,0.0,0.41087146923364376,0.09303936625837009
483,batt_kup161,1,161,battery,0.1954822874802084,0.0,0.1954822874802084,0.038394256840602346
484,pltd_kup162,1,162,diesel,0.01891480216202366,0.1165,-0.09758519783797634,0.011272004743408743
485,plts_kup162,1,162,solar,0.2897525727987527,0.0,0.2897525727987527,0.06561273506585377
486,batt_kup162,1,162,battery,0.13785554221706742,0.0,0.13785554221706742,0.02707592166771727
487,pltd_kup163,1,163,diesel,0.008870104404380833,0.0989,-0.09002989559561916,0.003485321359563872
488,plts_kup163,1,163,solar,0.275802771844748,0.0,0.275802771844748,0.06281904792591966
489,batt_kup163,1,163,battery,0.14375247237256397,0.0,0.14375247237256397,0.028576388708594077
490,pltd_kup164,1,164,diesel,0.01431108463012511,0.0881,-0.07378891536987489,0.008528623407905736
491,plts_kup164,1,164,solar,0.2192303481353028,0.0,0.2192303481353028,0.049643375727924315
492,batt_kup164,1,164,battery,0.10430320035150697,0.0,0.10430320035150697,0.020485983113079392
493,pltd_kup165,1,165,diesel,0.008952733276805886,0.0998,-0.09084726672319411,0.0035178853405915147
494,plts_kup165,1,165,solar,0.2783799319154737,0.0,0.2783799319154737,0.06340608453675949
495,batt_kup165,1,165,battery,0.1450960012983397,0.0,0.1450960012983397,0.028843481865910958
496,pltd_kup166,1,166,diesel,0.0157623607717056,0.097,-0.08123763922829441,0.009393269553939607
497,plts_kup166,1,166,solar,0.2414604773270028,0.0,0.2414604773270028,0.05467730322032497
498,batt_kup166,1,166,battery,0.11487996350938565,0.0,0.11487996350938565,0.02256330350611658
499,pltd_kup167,1,167,diesel,0.009457429300595843,0.0582,-0.04874257069940416,0.005635958492310755
500,plts_kup167,1,167,solar,0.14487628637032976,0.0,0.14487628637032976,0.03280638152615155
501,batt_kup167,1,167,battery,0.06892788608158601,0.0,0.06892788608158601,0.013537969726755823
502,pltd_kup168,1,168,diesel,0.0095882812685732,0.1069,-0.0973117187314268,0.003767571761336381
503,plts_kup168,1,168,solar,0.298141961156038,0.0,0.298141961156038,0.06790720642274209
504,batt_kup168,1,168,battery,0.1553964029218037,0.0,0.1553964029218037,0.03089108275398597
505,pltd_kup169,1,169,diesel,0.06112400000002058,0.3466,-0.2854759999999794,0.03767142924162151
506,plts_kup169,1,169,solar,0.8661914727980579,0.0,0.8661914727980579,0.19033493627590917
507,batt_kup169,1,169,battery,0.38405131916649016,0.0,0.38405131916649016,0.07607909666431735
508,pltd_kup170,1,170,diesel,0.045096000000020064,0.2557,-0.21060399999997992,0.027793187576154715
509,plts_kup170,1,170,solar,0.6390569837844331,0.0,0.6390569837844331,0.14042490177473707
510,batt_kup170,1,170,battery,0.28334444544556775,0.0,0.28334444544556775,0.05612944223565039
511,pltd_kup171,1,171,diesel,0.03977200000002054,0.2255,-0.18572799999997947,0.024512145825358884
512,plts_kup171,1,171,solar,0.56359942009467,0.0,0.56359942009467,0.12384398456353891
513,batt_kup171,1,171,battery,0.24988682256831657,0.0,0.24988682256831657,0.049501623486746166
514,pltd_kup172,1,172,diesel,0.01695200000002279,0.0961,-0.07914799999997721,0.01044779319577761
515,plts_kup172,1,172,solar,0.24022217781231273,0.0,0.24022217781231273,0.05278590547143425
516,batt_kup172,1,172,battery,0.10650921445131056,0.0,0.10650921445131056,0.021099058468289102
517,pltd_kup173,1,173,diesel,0.03221900000001879,0.1827,-0.1504809999999812,0.01985703576060172
518,plts_kup173,1,173,solar,0.4565791286632362,0.0,0.4565791286632362,0.10032766493473297
519,batt_kup173,1,173,battery,0.20243768177658333,0.0,0.20243768177658333,0.04010213826909099
520,pltd_kup174,1,174,diesel,0.03359399999997876,0.1811,-0.14750600000002126,0.01995135202885316
521,plts_kup174,1,174,solar,0.4410207221607196,0.0,0.4410207221607196,0.09918053016290503
522,batt_kup174,1,174,battery,0.2022979433309637,0.0,0.2022979433309637,0.03954650916084114
523,pltd_kup175,1,175,diesel,0.026569000000019792,0.1506,-0.12403099999998021,0.016374927443196085
524,plts_kup175,1,175,solar,0.3765024819860745,0.0,0.3765024819860745,0.08273180377463993
525,batt_kup175,1,175,battery,0.1669325449136659,0.0,0.1669325449136659,0.03306869490870754
526,pltd_kup176,1,176,diesel,0.01711500000002271,0.097,-0.0798849999999773,0.010548162839387224
527,plts_kup176,1,176,solar,0.2425320899121391,0.0,0.2425320899121391,0.05329351094679094
528,batt_kup176,1,176,battery,0.10753363424052993,0.0,0.10753363424052993,0.02130197470717637
529,pltd_kup177,1,177,diesel,0.05623400000002124,0.3189,-0.26266599999997875,0.03465778474935708
530,plts_kup177,1,177,solar,0.7968963334399437,0.0,0.7968963334399437,0.17510812202067258
531,batt_kup177,1,177,battery,0.3533268422682967,0.0,0.3533268422682967,0.06999272161819155
532,pltd_kup178,1,178,diesel,0.02140700000002181,0.1214,-0.09999299999997818,0.013193395115828779
533,plts_kup178,1,178,solar,0.30335977930080965,0.0,0.30335977930080965,0.06665956936464691
534,batt_kup178,1,178,battery,0.13450335553315393,0.0,0.13450335553315393,0.02664460301221159
535,pltd_kup179,1,179,diesel,0.020641042836304226,0.1041,-0.08345895716369578,0.013612985222973108
536,plts_kup179,1,179,solar,0.25391082210751603,0.0,0.25391082210751603,0.054538420646001624
537,batt_kup179,1,179,battery,0.10685782218424755,0.0,0.10685782218424755,0.020918984673837786
538,pltd_kup180,1,180,diesel,0.022176037025742487,0.1331,-0.11092396297425751,0.01479675251772915
539,plts_kup180,1,180,solar,0.33003164704072924,0.0,0.33003164704072924,0.07275530967348086
540,batt_kup180,1,180,battery,0.1477077273642012,0.0,0.1477077273642012,0.029201142699514043
541,pltd_kup181,1,181,diesel,0.02089306515070477,0.1254,-0.10450693484929524,0.013940863928840284
542,plts_kup181,1,181,solar,0.31093004578948213,0.0,0.31093004578948213,0.06854439796968742
543,batt_kup181,1,181,battery,0.13915781624956047,0.0,0.13915781624956047,0.02751085383671742
544,pltd_kup182,1,182,diesel,0.04384615075515345,0.2212,-0.17735384924484657,0.02891679636254502
545,plts_kup182,1,182,solar,0.539377612633494,0.0,0.539377612633494,0.11585473639783436
546,batt_kup182,1,182,battery,0.22699685410570195,0.0,0.22699685410570195,0.04443798794001454
547,pltd_kup183,1,183,diesel,0.026539203453650115,0.1593,-0.13276079654634987,0.017707883424166664
548,plts_kup183,1,183,solar,0.39496953378243393,0.0,0.39496953378243393,0.08707086650028668
549,batt_kup183,1,183,battery,0.17677171646110834,0.0,0.17677171646110834,0.0349469408545625
550,pltd_kup184,1,184,diesel,0.015865000000023426,0.09,-0.07413499999997657,0.009777892741745195
551,plts_kup184,1,184,solar,0.22482531812616255,0.0,0.22482531812616255,0.04940252602760829
552,batt_kup184,1,184,battery,0.09968239952424733,0.0,0.09968239952424733,0.019746731145715443
553,pltd_kup185,1,185,diesel,0.0343380000000192,0.1947,-0.1603619999999808,0.021162832305255324
554,plts_kup185,1,185,solar,0.48660793579790423,0.0,0.48660793579790423,0.10692607708287033
555,batt_kup185,1,185,battery,0.21575187602130685,0.0,0.21575187602130685,0.042739625878324604
556,pltd_kup186,1,186,diesel,0.022106387404342336,0.1115,-0.08939361259565767,0.014579336858591703
557,plts_kup186,1,186,solar,0.27194147700784366,0.0,0.27194147700784366,0.058411312967637984
558,batt_kup186,1,186,battery,0.11444643502694186,0.0,0.11444643502694186,0.02240456521954447
559,pltd_kup187,1,187,diesel,0.01361750651559958,0.0687,-0.05508249348440042,0.008980875014507297
560,plts_kup187,1,187,solar,0.16752438457470978,0.0,0.16752438457470978,0.03598306504568541
561,batt_kup187,1,187,battery,0.07050294498432524,0.0,0.07050294498432524,0.013802007081699272
562,pltd_kup188,1,188,diesel,0.1988239999999782,1.0721,-0.8732760000000218,0.1180823423089152
563,plts_kup188,1,188,solar,2.6101071964492415,0.0,2.6101071964492415,0.58698339064982
564,batt_kup188,1,188,battery,1.1972596382215306,0.0,1.1972596382215306,0.23404808171012292
565,pltd_kup189,1,189,diesel,0.1832839999999771,0.9883,-0.8050160000000228,0.10885303377130595
566,plts_kup189,1,189,solar,2.406097619359788,0.0,2.406097619359788,0.541104011544098
567,batt_kup189,1,189,battery,1.1036800267317752,0.0,1.1036800267317752,0.2157545032380164
568,pltd_kup190,1,190,diesel,0.5839039999999847,3.1485,-2.564596000000015,0.3467827612745672
569,plts_kup190,1,190,solar,7.665310881091912,0.0,7.665310881091912,1.723841268962341
570,batt_kup190,1,190,battery,3.5160873534054513,0.0,3.5160873534054513,0.6873474999513057
571,pltd_kup191,1,191,diesel,0.10918199999997345,0.5887,-0.47951800000002653,0.06484357974110398
572,plts_kup191,1,191,solar,1.433308797966255,0.0,1.433308797966255,0.32233478826174394
573,batt_kup191,1,191,battery,0.6574603997774374,0.0,0.6574603997774374,0.12852462772403528
574,pltd_kup192,1,192,diesel,0.0336519999999788,0.1815,-0.14784800000002118,0.019986383742537563
575,plts_kup192,1,192,solar,0.44176534203464196,0.0,0.44176534203464196,0.09934792654733525
576,batt_kup192,1,192,battery,0.20263693730242932,0.0,0.20263693730242932,0.03961278899316035
577,pltd_kup193,1,193,diesel,0.02599599999998573,0.1402,-0.11420400000001427,0.015439311612890883
578,plts_kup193,1,193,solar,0.34126180814030377,0.0,0.34126180814030377,0.07674592825062004
579,batt_kup193,1,193,battery,0.15653653071522122,0.0,0.15653653071522122,0.030600781216645268
580,pltd_kup194,1,194,diesel,0.019424999999977825,0.1047,-0.08527500000002218,0.011536390253148803
581,plts_kup194,1,194,solar,0.2550123374888592,0.0,0.2550123374888592,0.05734935225238093
582,batt_kup194,1,194,battery,0.11697530106691079,0.0,0.11697530106691079,0.022867080275269586
583,pltd_kup195,1,195,diesel,0.05833299999998643,0.3145,-0.2561670000000136,0.03464405702722641
584,plts_kup195,1,195,solar,0.7657823044256709,0.0,0.7657823044256709,0.17221575126326144
585,batt_kup195,1,195,battery,0.3512659568917369,0.0,0.3512659568917369,0.06866774479863315
586,pltd_kup196,1,196,diesel,0.011427000000000765,0.0616,-0.05017299999999924,0.00678670400491812
587,plts_kup196,1,196,solar,0.15000443945977618,0.0,0.15000443945977618,0.03373432033996755
588,batt_kup196,1,196,battery,0.06880662144704118,0.0,0.06880662144704118,0.01345075265047047
589,pltd_kup197,1,197,diesel,0.01642665013305231,0.0829,-0.0664733498669477,0.010833456444157499
590,plts_kup197,1,197,solar,0.20208081746139156,0.0,0.20208081746139156,0.04340557312001826
591,batt_kup197,1,197,battery,0.08504603567358354,0.0,0.08504603567358354,0.016649027244270018
592,pltd_kup198,1,198,diesel,0.03782199999998312,0.2039,-0.16607800000001688,0.022462538702285293
593,plts_kup198,1,198,solar,0.4965215210512352,0.0,0.4965215210512352,0.11166208116106066
594,batt_kup198,1,198,battery,0.22775580140205848,0.0,0.22775580140205848,0.044523174038653066
595,pltd_kup199,1,199,diesel,0.06404699999998485,0.3453,-0.28125300000001513,0.03803791574168146
596,plts_kup199,1,199,solar,0.8407816494418473,0.0,0.8407816494418473,0.1890822427623558
597,batt_kup199,1,199,battery,0.38566670243237794,0.0,0.38566670243237794,0.07539261439204639
598,pltd_kup200,1,200,diesel,0.07804399999998039,0.4208,-0.3427560000000196,0.04635042041279003
599,plts_kup200,1,200,solar,1.0245438235465965,0.0,1.0245438235465965,0.23040821597141992
600,batt_kup200,1,200,battery,0.46996019170743664,0.0,0.46996019170743664,0.09187085352341441
601,pltd_kup201,1,201,diesel,0.035822999999981626,0.1932,-0.1573770000000184,0.021275554108395232
602,plts_kup201,1,201,solar,0.47026735908274464,0.0,0.47026735908274464,0.10575783831675117
603,batt_kup201,1,201,battery,0.21571144956769991,0.0,0.21571144956769991,0.04216866425940746
604,pltd_kup202,1,202,diesel,0.013084000000001993,0.0705,-0.057415999999997996,0.0077708747260612655
605,plts_kup202,1,202,solar,0.17175476557480643,0.0,0.17175476557480643,0.03862566214127341
606,batt_kup202,1,202,battery,0.07878294164809536,0.0,0.07878294164809536,0.01540099668563219
607,pltd_kup203,1,203,diesel,0.08232899999997964,0.4439,-0.3615710000000204,0.048895395465112165
608,plts_kup203,1,203,solar,1.0807954358841123,0.0,1.0807954358841123,0.24305852622498822
609,batt_kup203,1,203,battery,0.4957625704387671,0.0,0.4957625704387671,0.09691488122983181
610,pltd_kup204,1,204,diesel,0.06593199999998393,0.3555,-0.28956800000001603,0.03915716836033702
611,plts_kup204,1,204,solar,0.8655355531542304,0.0,0.8655355531542304,0.19464911787724207
612,batt_kup204,1,204,battery,0.3970223142179949,0.0,0.3970223142179949,0.07761248978833425
613,pltd_kup205,1,205,diesel,0.07832999999998035,0.4224,-0.34407000000001964,0.04652049604111221
614,plts_kup205,1,205,solar,1.0282914448018547,0.0,1.0282914448018547,0.23125106724705563
615,batt_kup205,1,205,battery,0.4716784230907048,0.0,0.4716784230907048,0.09220674044209931
616,pltd_kup206,1,206,diesel,0.05570499999998666,0.3004,-0.24469500000001335,0.033083413248213275
617,plts_kup206,1,206,solar,0.7312797699016297,0.0,0.7312797699016297,0.16445652826686666
618,batt_kup206,1,206,battery,0.3354390144690243,0.0,0.3354390144690243,0.06557379034872904
619,pltd_kup207,1,207,diesel,0.06815999999998286,0.3675,-0.29934000000001715,0.04048046745960398
620,plts_kup207,1,207,solar,0.8947873632876275,0.0,0.8947873632876275,0.20122742395049392
621,batt_kup207,1,207,battery,0.4104402066478119,0.0,0.4104402066478119,0.08023551519731809
622,pltd_kup208,1,208,diesel,0.09472699999997736,0.5108,-0.4160730000000227,0.056258686246802185
623,plts_kup208,1,208,solar,1.243551459602034,0.0,1.243551459602034,0.2796606044879703
624,batt_kup208,1,208,battery,0.5704190271612963,0.0,0.5704190271612963,0.11150921450724366
625,pltd_kup209,1,209,diesel,0.02696699999998579,0.1454,-0.11843300000001421,0.016015874867973224
626,plts_kup209,1,209,solar,0.35401362033838624,0.0,0.35401362033838624,0.0796136547661987
627,batt_kup209,1,209,battery,0.16238633938741193,0.0,0.16238633938741193,0.031744329171641814
628,pltd_kup210,1,210,diesel,0.05833299999998643,0.3145,-0.2561670000000136,0.034644057027226415
629,plts_kup210,1,210,solar,0.7657823044256709,0.0,0.7657823044256709,0.17221575126326147
630,batt_kup210,1,210,battery,0.3512659568917369,0.0,0.3512659568917369,0.06866774479863316
631,pltd_kup211,1,211,diesel,0.0156379475172405,0.1097,-0.0940620524827595,0.00882206960443375
632,plts_kup211,1,211,solar,0.28934957561920693,0.0,0.28934957561920693,0.06383030666829481
633,batt_kup211,1,211,battery,0.1343328475156042,0.0,0.1343328475156042,0.02683521269035476
634,pltd_kup212,1,212,diesel,0.0316272810271756,0.2218,-0.1901727189728244,0.017842200948673118
635,plts_kup212,1,212,solar,0.5852018675810121,0.0,0.5852018675810121,0.12909496178439597
636,batt_kup212,1,212,battery,0.2716844640708144,0.0,0.2716844640708144,0.05427349192493971
637,pltd_kup213,1,213,diesel,0.024563999999828803,0.1266,-0.10203600000017118,0.017038205706869453
638,plts_kup213,1,213,solar,0.3125981659919305,0.0,0.3125981659919305,0.06571357353162167
639,batt_kup213,1,213,battery,0.12378549597238973,0.0,0.12378549597238973,0.02478274209545347
640,pltd_kup214,1,214,diesel,0.013749064765512454,0.0964,-0.08265093523448755,0.007756455221167004
641,plts_kup214,1,214,solar,0.2543996034271863,0.0,0.2543996034271863,0.056120373189323246
642,batt_kup214,1,214,battery,0.1181071767867652,0.0,0.1181071767867652,0.023593865136979062
643,pltd_kup215,1,215,diesel,0.01686782115166369,0.1183,-0.10143217884833632,0.009515796769435035
644,plts_kup215,1,215,solar,0.31210763973361155,0.0,0.31210763973361155,0.06885072359180856
645,batt_kup215,1,215,battery,0.144898761065795,0.0,0.144898761065795,0.028945934198942924
646,pltd_kup216,1,216,diesel,0.015110817165246017,0.106,-0.09088918283475397,0.008524667645023513
647,plts_kup216,1,216,solar,0.279595983166439,0.0,0.279595983166439,0.061678673761492414
648,batt_kup216,1,216,battery,0.12980485081456794,0.0,0.12980485081456794,0.025930673021328943
649,pltd_kup217,1,217,diesel,0.028966999999981376,0.1562,-0.12723300000001864,0.017203785000709362
650,plts_kup217,1,217,solar,0.3802637135927765,0.0,0.3802637135927765,0.08551696768616292
651,batt_kup217,1,217,battery,0.17442660060076517,0.0,0.17442660060076517,0.034098043326626186
652,pltd_kup218,1,218,diesel,0.009180724794248404,0.0644,-0.055219275205751595,0.005179208265135971
653,plts_kup218,1,218,solar,0.16987112187648765,0.0,0.16987112187648765,0.0374733913120932
654,batt_kup218,1,218,battery,0.07886383113316121,0.0,0.07886383113316121,0.015754356066196698
655,pltd_kup219,1,219,diesel,0.011948102704449556,0.0838,-0.07185189729555044,0.0067403151697755775
656,plts_kup219,1,219,solar,0.22107669351440365,0.0,0.22107669351440365,0.048769315135068485
657,batt_kup219,1,219,battery,0.10263661834327913,0.0,0.10263661834327913,0.020503363898574538
658,pltd_kup220,1,220,diesel,0.022578309722156506,0.1583,-0.13572169027784348,0.012737292280302405
659,plts_kup220,1,220,solar,0.41776927042910383,0.0,0.41776927042910383,0.09215951204584914
660,batt_kup220,1,220,battery,0.19395279121976505,0.0,0.19395279121976505,0.0387452898076546
661,pltd_kup221,1,221,diesel,0.016626945835053857,0.1045,-0.08787305416494615,0.0043135313103220396
662,plts_kup221,1,221,solar,0.47480823418589135,0.0,0.47480823418589135,0.10517978357242992
663,batt_kup221,1,221,battery,0.2265925358202857,0.0,0.2265925358202857,0.04509456027058788
664,pltd_kup222,1,222,diesel,0.015408192256331835,0.0968,-0.08139180774366817,0.003997337028008767
665,plts_kup222,1,222,solar,0.4400068979570744,0.0,0.4400068979570744,0.09747061425519689
666,batt_kup222,1,222,battery,0.2099845890586721,0.0,0.2099845890586721,0.04178938149808788
667,pltd_kup223,1,223,diesel,0.07841299999986104,0.4042,-0.32578700000013894,0.05438902357977196
668,plts_kup223,1,223,solar,0.997883846696462,0.0,0.997883846696462,0.2097726342007341
669,batt_kup223,1,223,battery,0.3951527722430943,0.0,0.3951527722430943,0.07911238411342143
670,pltd_kup224,1,224,diesel,0.13913499999987675,0.7172,-0.5780650000001232,0.09650730022820803
671,plts_kup224,1,224,solar,1.7706371972726072,0.0,1.7706371972726072,0.3722186485981989
672,batt_kup224,1,224,battery,0.7011553975629577,0.0,0.7011553975629577,0.14037632622052157
673,pltd_kup225,1,225,diesel,0.07340271365271231,0.3703,-0.29689728634728774,0.04840973881407136
674,plts_kup225,1,225,solar,0.9029679516954255,0.0,0.9029679516954255,0.19395160337287945
675,batt_kup225,1,225,battery,0.3800134093009041,0.0,0.3800134093009041,0.07439322694685102
676,pltd_kup226,1,226,diesel,0.03956499999984953,0.2039,-0.16433500000015047,0.027443116189028657
677,plts_kup226,1,226,solar,0.5035081119192265,0.0,0.5035081119192265,0.10584579113183677
678,batt_kup226,1,226,battery,0.19938344290340745,0.0,0.19938344290340745,0.039918049716028275
679,pltd_kup227,1,227,diesel,0.02450399999982886,0.1263,-0.10179600000017114,0.016996402213744505
680,plts_kup227,1,227,solar,0.3118410533654552,0.0,0.3118410533654552,0.06555420242200548
681,batt_kup227,1,227,battery,0.12348568345877142,0.0,0.12348568345877142,0.024722752378265427
682,pltd_kup228,1,228,diesel,0.07231699999985897,0.3728,-0.30048300000014105,0.050160728640409755
683,plts_kup228,1,228,solar,0.9203056665882162,0.0,0.9203056665882162,0.19346403064454948
684,batt_kup228,1,228,battery,0.3644313492708816,0.0,0.3644313492708816,0.07296179205983515
685,pltd_kup229,1,229,diesel,0.07059373788923824,0.3561,-0.2855062621107618,0.046557154820629804
686,plts_kup229,1,229,solar,0.8684115188110697,0.0,0.8684115188110697,0.18652906129902735
687,batt_kup229,1,229,battery,0.36547008861348496,0.0,0.36547008861348496,0.07154615959686819
688,pltd_kup230,1,230,diesel,0.08707899999986511,0.4489,-0.3618210000001349,0.06039998251614508
689,plts_kup230,1,230,solar,1.1081683517517862,0.0,1.1081683517517862,0.232956408920537
690,batt_kup230,1,230,battery,0.4388246797444808,0.0,0.4388246797444808,0.08785579340630814
691,pltd_kup231,1,231,diesel,0.06149475718293945,0.3102,-0.24870524281706052,0.04055634686385316
692,plts_kup231,1,231,solar,0.7564793311658938,0.0,0.7564793311658938,0.16248673770134353
693,batt_kup231,1,231,battery,0.318363462628789,0.0,0.318363462628789,0.06232434199989359
694,pltd_kup232,1,232,diesel,0.056397000000021145,0.3198,-0.26340299999997885,0.03475811736999742
695,plts_kup232,1,232,solar,0.799206948868428,0.0,0.799206948868428,0.17561586316677083
696,batt_kup232,1,232,battery,0.3543518651649309,0.0,0.3543518651649309,0.07019575714532429
697,pltd_kup233,1,233,diesel,0.04335760700215633,0.2187,-0.17534239299784368,0.028594700722614625
698,plts_kup233,1,233,solar,0.5333673943334445,0.0,0.5333673943334445,0.1145637482906348
699,batt_kup233,1,233,battery,0.224467163158186,0.0,0.224467163158186,0.0439427681876003
700,pltd_kup234,1,234,diesel,0.13330946630920845,0.6725,-0.5391905336907915,0.08791866185762959
701,plts_kup234,1,234,solar,1.6399163957269691,0.0,1.6399163957269691,0.35224329426836515
702,batt_kup234,1,234,battery,0.6901580086111446,0.0,0.6901580086111446,0.13510860097554167
703,pltd_kup235,1,235,diesel,0.04775475514660546,0.2409,-0.19314524485339454,0.03149465825750998
704,plts_kup235,1,235,solar,0.5874547143520628,0.0,0.5874547143520628,0.12618128217034544
705,batt_kup235,1,235,battery,0.24722911716425267,0.0,0.24722911716425267,0.04839876339933543
706,pltd_kup236,1,236,diesel,0.03926599999984928,0.2024,-0.16313400000015071,0.02723581101919253
707,plts_kup236,1,236,solar,0.4997037385356834,0.0,0.4997037385356834,0.1050465368949247
708,batt_kup236,1,236,battery,0.19787874219291474,0.0,0.19787874219291474,0.03961671033925947
709,pltd_kup237,1,237,diesel,0.019418957159124672,0.098,-0.07858104284087533,0.012806944373419256
710,plts_kup237,1,237,solar,0.2388899210389626,0.0,0.2388899210389626,0.051311966463036825
711,batt_kup237,1,237,battery,0.10053724933683818,0.0,0.10053724933683818,0.019681653494646782
712,pltd_kup238,1,238,diesel,0.08014599999986216,0.4131,-0.33295400000013786,0.055591141733432214
713,plts_kup238,1,238,solar,1.0199435692452812,0.0,1.0199435692452812,0.2144095152617284
714,batt_kup238,1,238,battery,0.4038869677473364,0.0,0.4038869677473364,0.08086111602542431
715,pltd_kup239,1,239,diesel,0.0175399999999699,0.0946,-0.0770600000000301,0.010416998414846614
716,plts_kup239,1,239,solar,0.2302597182788311,0.0,0.2302597182788311,0.05178276987541818
717,batt_kup239,1,239,battery,0.10562037547665339,0.0,0.10562037547665339,0.020647356516153372
718,pltd_kup240,1,240,diesel,0.03957166256905745,0.1996,-0.16002833743094255,0.026097907090685525
719,plts_kup240,1,240,solar,0.48679052484896507,0.0,0.48679052484896507,0.1045593950023788
720,batt_kup240,1,240,battery,0.20486515057571766,0.0,0.20486515057571766,0.040105375075330484
721,pltd_kup241,1,241,diesel,0.02014099999980943,0.1038,-0.08365900000019058,0.013970238900225444
722,plts_kup241,1,241,solar,0.2563178932356327,0.0,0.2563178932356327,0.05388227007038985
723,batt_kup241,1,241,battery,0.10149891221645002,0.0,0.10149891221645002,0.020320851546439485
724,pltd_kup242,1,242,diesel,0.04427373993089431,0.2234,-0.17912626006910567,0.029198867730084947
725,plts_kup242,1,242,solar,0.5446353924755817,0.0,0.5446353924755817,0.11698408672036283
726,batt_kup242,1,242,battery,0.22920936255438498,0.0,0.22920936255438498,0.04487111049257888
727,pltd_kup243,1,243,diesel,0.032691999999836255,0.1685,-0.13580800000016374,0.02267579311231093
728,plts_kup243,1,243,solar,0.4160404420375807,0.0,0.4160404420375807,0.08745869559958257
729,batt_kup243,1,243,battery,0.1647473621156459,0.0,0.1647473621156459,0.03298363883950774
730,pltd_kup244,1,244,diesel,0.1278079999999736,0.6892,-0.5613920000000264,0.07590581325682344
731,plts_kup244,1,244,solar,1.6778163859146291,0.0,1.6778163859146291,0.37732171356460353
732,batt_kup244,1,244,battery,0.7696151155040911,0.0,0.7696151155040911,0.1504493623493301
733,pltd_kup245,1,245,diesel,0.08604299999997891,0.464,-0.3779570000000211,0.0511012329158988
734,plts_kup245,1,245,solar,1.1295461042185344,0.0,1.1295461042185344,0.2540221344352058
735,batt_kup245,1,245,battery,0.518124318811215,0.0,0.518124318811215,0.10128628739307403
736,pltd_kup246,1,246,diesel,0.1347209999999751,0.7264,-0.5916790000000249,0.08001139547353023
737,plts_kup246,1,246,solar,1.768570580710953,0.0,1.768570580710953,0.3977313436642587
738,batt_kup246,1,246,battery,0.8112447094315931,0.0,0.8112447094315931,0.1585873678426161
739,pltd_kup247,1,247,diesel,0.16374399999997682,0.8829,-0.7191560000000232,0.097248030055829
740,plts_kup247,1,247,solar,2.1495893564697384,0.0,2.1495893564697384,0.48341819427301413
741,batt_kup247,1,247,battery,0.9860203119368405,0.0,0.9860203119368405,0.1927536384162381
742,pltd_kup248,1,248,diesel,0.08278599999997953,0.4464,-0.3636140000000205,0.04916673245845405
743,plts_kup248,1,248,solar,1.0867958212897324,0.0,1.0867958212897324,0.2444081065587946
744,batt_kup248,1,248,battery,0.49851557274637637,0.0,0.49851557274637637,0.09745303583463846
745,pltd_kup249,1,249,diesel,0.11723799999997123,0.6322,-0.5149620000000288,0.06962814004273829
746,plts_kup249,1,249,solar,1.539061543809035,0.0,1.539061543809035,0.3461174371511239
747,batt_kup249,1,249,battery,0.70596896676544,0.0,0.70596896676544,0.13800738909951965
748,pltd_kup250,1,250,diesel,0.12535099999997254,0.6759,-0.5505490000000274,0.07444650253332412
749,plts_kup250,1,250,solar,1.6455658593198665,0.0,1.6455658593198665,0.37006906146114427
750,batt_kup250,1,250,battery,0.7548227292096826,0.0,0.7548227292096826,0.1475576233757767
751,pltd_kup251,1,251,diesel,0.12009399999997189,0.6476,-0.527506000000028,0.07132417896117144
752,plts_kup251,1,251,solar,1.5765662755585368,0.0,1.5765662755585368,0.35455184102379156
753,batt_kup251,1,251,battery,0.7231739690304386,0.0,0.7231739690304386,0.14137072035464804
754,pltd_kup252,1,252,diesel,0.23858899999997996,1.2865,-1.04791100000002,0.1416988469827722
755,plts_kup252,1,252,solar,3.1321283573178618,0.0,3.1321283573178618,0.7043800179611319
756,batt_kup252,1,252,battery,1.4367115014232454,0.0,1.4367115014232454,0.28085767156589786
757,pltd_kup253,1,253,diesel,0.015025999999991853,0.081,-0.06597400000000815,0.00892403791137855
758,plts_kup253,1,253,solar,0.19725806616159103,0.0,0.19725806616159103,0.044361114880493345
759,batt_kup253,1,253,battery,0.09048250004882198,0.0,0.09048250004882198,0.0176881002177175
760,pltd_kup254,1,254,diesel,0.014144459390113846,0.0992,-0.08505554060988615,0.007979429838376496
761,plts_kup254,1,254,solar,0.26171526584771293,0.0,0.26171526584771293,0.05773421444759418
762,batt_kup254,1,254,battery,0.12150349245176474,0.0,0.12150349245176474,0.02427233450290769
763,pltd_kup255,1,255,diesel,0.0224119999998215,0.1155,-0.0930880000001785,0.01554535994234245
764,plts_kup255,1,255,solar,0.28521984480369267,0.0,0.28521984480369267,0.05995818880072548
765,batt_kup255,1,255,battery,0.11294496777403944,0.0,0.11294496777403944,0.022612379105052864
766,pltd_kup256,1,256,diesel,0.026057999999831008,0.1343,-0.108242000000169,0.018074392578269986
767,plts_kup256,1,256,solar,0.3316153303480093,0.0,0.3316153303480093,0.06971102912484602
768,batt_kup256,1,256,battery,0.13131553879354915,0.0,0.13131553879354915,0.026290356082811505
769,pltd_kup257,1,257,diesel,0.015419999999731239,0.0795,-0.06408000000026876,0.010695769955603295
770,plts_kup257,1,257,solar,0.19622854451694863,0.0,0.19622854451694863,0.04125056846437367
771,batt_kup257,1,257,battery,0.07770354788921484,0.0,0.07770354788921484,0.015556823293473744
772,pltd_kup258,1,258,diesel,0.009920999999618674,0.0511,-0.04117900000038133,0.006881357042425282
773,plts_kup258,1,258,solar,0.1262591111290382,0.0,0.1262591111290382,0.026541540037509435
774,batt_kup258,1,258,battery,0.04999660590548415,0.0,0.04999660590548415,0.010009732930172833
775,pltd_kup259,1,259,diesel,0.008725999999629233,0.045,-0.03627400000037077,0.006052509944299541
776,plts_kup259,1,259,solar,0.11104632016049423,0.0,0.11104632016049423,0.02334353348479846
777,batt_kup259,1,259,battery,0.04397199553374357,0.0,0.04397199553374357,0.008803565260454395
778,pltd_kup260,1,260,diesel,0.009356343877375533,0.0656,-0.05624365612262447,0.0052782801611319635
779,plts_kup260,1,260,solar,0.1731222070867999,0.0,0.1731222070867999,0.038190612696022766
780,batt_kup260,1,260,battery,0.08037345659931143,0.0,0.08037345659931143,0.0160559316920365
781,pltd_kup261,1,261,diesel,0.006457248001592444,0.0453,-0.03884275199840756,0.00364267028499089
782,plts_kup261,1,261,solar,0.11947930010904492,0.0,0.11947930010904492,0.026357024149524434
783,batt_kup261,1,261,battery,0.055469465599239196,0.0,0.055469465599239196,0.01108094335270081
784,pltd_kup262,1,262,diesel,0.027551999999831007,0.142,-0.11444800000016898,0.01911072135361489
785,plts_kup262,1,262,solar,0.35062779214081174,0.0,0.35062779214081174,0.07370827546880754
786,batt_kup262,1,262,battery,0.13884612131827015,0.0,0.13884612131827015,0.02779794612565491
787,pltd_kup263,1,263,diesel,0.012684000000003196,0.0684,-0.05571599999999681,0.007533156863612293
788,plts_kup263,1,263,solar,0.16650542155602688,0.0,0.16650542155602688,0.037445175655432296
789,batt_kup263,1,263,battery,0.07637558339745551,0.0,0.07637558339745551,0.014930383141408593
790,pltd_kup264,1,264,diesel,0.1709429999999768,0.9218,-0.7508570000000232,0.10152349252391053
791,plts_kup264,1,264,solar,2.244093081174423,0.0,2.244093081174423,0.5046710406582883
792,batt_kup264,1,264,battery,1.029369150389164,0.0,1.029369150389164,0.20122773269149952
793,pltd_kup265,1,265,diesel,0.06473199999998452,0.349,-0.28426800000001545,0.038444637828016895
794,plts_kup265,1,265,solar,0.8497848082889372,0.0,0.8497848082889372,0.1911069123948089
795,batt_kup265,1,265,battery,0.38979735875502974,0.0,0.38979735875502974,0.07620012583203703
796,pltd_kup266,1,266,diesel,0.20156699999997857,1.0869,-0.8853330000000215,0.11971141392113768
797,plts_kup266,1,266,solar,2.6461067246711396,0.0,2.6461067246711396,0.5950792884662197
798,batt_kup266,1,266,battery,1.2137719476414741,0.0,1.2137719476414741,0.2372759924782596
799,pltd_kup267,1,267,diesel,0.1638019999999768,0.8832,-0.7193980000000232,0.09728274001905995
800,plts_kup267,1,267,solar,2.1503354408510593,0.0,2.1503354408510593,0.48358589913822275
801,batt_kup267,1,267,battery,0.9863603827269208,0.0,0.9863603827269208,0.1928201151375357
802,pltd_kup268,1,268,diesel,0.2379609999999799,1.2831,-1.04513900000002,0.1413258710284468
803,plts_kup268,1,268,solar,3.1238763719279232,0.0,3.1238763719279232,0.702524301069815
804,batt_kup268,1,268,battery,1.432925917007389,0.0,1.432925917007389,0.28011762345813884
805,pltd_kup269,1,269,diesel,0.06318999999998522,0.3407,-0.2775100000000148,0.03752899454561722
806,plts_kup269,1,269,solar,0.8295313438014482,0.0,0.8295313438014482,0.18655212352033684
807,batt_kup269,1,269,battery,0.38050582770138114,0.0,0.38050582770138114,0.0743837538738588
808,pltd_kup270,1,270,diesel,0.099754999999977,0.5379,-0.43814500000002304,0.059244843155564664
809,plts_kup270,1,270,solar,1.3095529510527735,0.0,1.3095529510527735,0.29450364516718214
810,batt_kup270,1,270,battery,0.6006938504221713,0.0,0.6006938504221713,0.11742750443472741
811,pltd_kup271,1,271,diesel,0.004700108494094011,0.033,-0.02829989150590599,0.002651552162488376
812,plts_kup271,1,271,solar,0.08696750962287865,0.0,0.08696750962287865,0.019184994187300575
813,batt_kup271,1,271,battery,0.040375447876793515,0.0,0.040375447876793515,0.008065659417072834
814,pltd_kup272,1,272,diesel,0.01449583034927606,0.1017,-0.08720416965072394,0.008177678396246568
815,plts_kup272,1,272,solar,0.2682174788423328,0.0,0.2682174788423328,0.0591685931588275
816,batt_kup272,1,272,battery,0.12452231755008474,0.0,0.12452231755008474,0.02487540149619615
817,pltd_kup273,1,273,diesel,0.018405315182416376,0.1291,-0.11069468481758361,0.010383220972679064
818,plts_kup273,1,273,solar,0.3405548042386047,0.0,0.3405548042386047,0.07512606343454124
819,batt_kup273,1,273,battery,0.15810512945024835,0.0,0.15810512945024835,0.031584123577293614
820,pltd_kup274,1,274,diesel,0.01032284196221942,0.0724,-0.062077158037780585,0.005823566768326861
821,plts_kup274,1,274,solar,0.1910032186533208,0.0,0.1910032186533208,0.04213510582155139
822,batt_kup274,1,274,battery,0.08867436109864515,0.0,0.08867436109864515,0.01771418541714836
823,pltd_kup275,1,275,diesel,0.006105856552415866,0.0428,-0.036694143447584135,0.0034446253680659586
824,plts_kup275,1,275,solar,0.11297640107718214,0.0,0.11297640107718214,0.02492238232478671
825,batt_kup275,1,275,battery,0.05244962994978782,0.0,0.05244962994978782,0.010477702932497291
826,pltd_kup276,1,276,diesel,0.011596730381183602,0.0813,-0.0697032696188164,0.006542146235748793
827,plts_kup276,1,276,solar,0.21457443484738364,0.0,0.21457443484738364,0.04733483082958993
828,batt_kup276,1,276,battery,0.09961752659244319,0.0,0.09961752659244319,0.01990026951630033
829,pltd_kup277,1,277,diesel,0.012431201874206432,0.0872,-0.07476879812579357,0.007013022500624857
830,plts_kup277,1,277,solar,0.23001658486743748,0.0,0.23001658486743748,0.050741469626570605
831,batt_kup277,1,277,battery,0.10678715250709965,0.0,0.10678715250709965,0.021332509805073493
832,pltd_kup278,1,278,diesel,0.011245226629111135,0.0789,-0.06765477337088886,0.0063438417084545765
833,plts_kup278,1,278,solar,0.2080721792787748,0.0,0.2080721792787748,0.04590048217498391
834,batt_kup278,1,278,battery,0.09659912732810937,0.0,0.09659912732810937,0.019297291170204213
835,pltd_kup279,1,279,diesel,0.01653323069937231,0.1039,-0.0873667693006277,0.004289172581962799
836,plts_kup279,1,279,solar,0.47213169045449555,0.0,0.47213169045449555,0.10458687458974567
837,batt_kup279,1,279,battery,0.22531541740294922,0.0,0.22531541740294922,0.04484039940452522
838,pltd_kup280,1,280,diesel,0.004909373507006135,0.0573,-0.052390626492993864,0.001699136094404091
839,plts_kup280,1,280,solar,0.16043679385534063,0.0,0.16043679385534063,0.03672968329659646
840,batt_kup280,1,280,battery,0.08224611738721434,0.0,0.08224611738721434,0.016610899717082538
841,pltd_kup281,1,281,diesel,0.007160103586919003,0.0502,-0.043039896413081,0.004039349861707698
842,plts_kup281,1,281,solar,0.1324831283074176,0.0,0.1324831283074176,0.029225584996100146
843,batt_kup281,1,281,battery,0.06150594606325834,0.0,0.06150594606325834,0.012286845268552206
844,pltd_kup282,1,282,diesel,0.006809790171589203,0.0795,-0.0726902098284108,0.00235680953101212
845,plts_kup282,1,282,solar,0.2225416825211414,0.0,0.2225416825211414,0.05094771679233779
846,batt_kup282,1,282,battery,0.11408372304722385,0.0,0.11408372304722385,0.0230410045526327
847,pltd_kup283,1,283,diesel,0.02090917859741558,0.1466,-0.12569082140258442,0.011795750265300534
848,plts_kup283,1,283,solar,0.3868830747533231,0.0,0.3868830747533231,0.0853461202421654
849,batt_kup283,1,283,battery,0.17961362812557127,0.0,0.17961362812557127,0.03588079989010558
850,pltd_kup284,1,284,diesel,0.011998000000002515,0.0647,-0.05270199999999748,0.007125557875634869
851,plts_kup284,1,284,solar,0.15750738798551867,0.0,0.15750738798551867,0.035421612092687564
852,batt_kup284,1,284,battery,0.07224904049440338,0.0,0.07224904049440338,0.014123710210866818
853,pltd_kup285,1,285,diesel,0.03364738411180734,0.1697,-0.13605261588819265,0.022190743855261125
854,plts_kup285,1,285,solar,0.4139247561540106,0.0,0.4139247561540106,0.08890830110147448
855,batt_kup285,1,285,battery,0.17420082574981208,0.0,0.17420082574981208,0.03410239804285232
856,pltd_kup286,1,286,diesel,0.04549490353156808,0.2295,-0.18400509646843194,0.03000420684607468
857,plts_kup286,1,286,solar,0.5596609382257074,0.0,0.5596609382257074,0.12021143098836265
858,batt_kup286,1,286,battery,0.23553312992317846,0.0,0.23553312992317846,0.046109093837687805
859,pltd_kup287,1,287,diesel,0.011724754590644594,0.0591,-0.04737524540935541,0.007732464890903796
860,plts_kup287,1,287,solar,0.1442359498296567,0.0,0.1442359498296567,0.030980869400976444
861,batt_kup287,1,287,battery,0.06070182369086941,0.0,0.06070182369086941,0.011883286785480724
862,pltd_kup288,1,288,diesel,0.011759988202283987,0.0798,-0.06804001179771602,0.006401080080530372
863,plts_kup288,1,288,solar,0.20842552755198734,0.0,0.20842552755198734,0.046472136102217135
864,batt_kup288,1,288,battery,0.09889122449066572,0.0,0.09889122449066572,0.019615006913275786
865,pltd_kup289,1,289,diesel,0.060700054354163716,0.3062,-0.24549994564583633,0.04003223181703902
866,plts_kup289,1,289,solar,0.7467162099396936,0.0,0.7467162099396936,0.16038971384096176
867,batt_kup289,1,289,battery,0.3142558582302718,0.0,0.3142558582302718,0.06152023495919931
868,pltd_kup290,1,290,diesel,0.016060832738446155,0.081,-0.06493916726155385,0.0105922498648714
869,plts_kup290,1,290,solar,0.19757083139527978,0.0,0.19757083139527978,0.04243687149704114
870,batt_kup290,1,290,battery,0.08314705520202399,0.0,0.08314705520202399,0.016277260358882193
871,pltd_kup291,1,291,diesel,0.04940891299471561,0.2935,-0.24409108700528437,0.012558064365802262
872,plts_kup291,1,291,solar,1.3229205797920007,0.0,1.3229205797920007,0.2950856519655639
873,batt_kup291,1,291,battery,0.6398999042987384,0.0,0.6398999042987384,0.12662243921139008
874,pltd_kup292,1,292,diesel,0.03334899999983623,0.1719,-0.13855100000016377,0.023131640634329244
875,plts_kup292,1,292,solar,0.42440630143116337,0.0,0.42440630143116337,0.08921762523406351
876,batt_kup292,1,292,battery,0.16806157213720407,0.0,0.16806157213720407,0.03364712142063361
877,pltd_kup293,1,293,diesel,0.05289299999985286,0.2726,-0.21970700000014715,0.036687823043760476
878,plts_kup293,1,293,solar,0.6731154479185236,0.0,0.6731154479185236,0.14150046678039374
879,batt_kup293,1,293,battery,0.2665465468440958,0.0,0.2665465468440958,0.05336454919769152
880,pltd_kup294,1,294,diesel,0.036038999999841684,0.1858,-0.1497610000001583,0.024997497346579727
881,plts_kup294,1,294,solar,0.45863155419462326,0.0,0.45863155419462326,0.09641222168660002
882,batt_kup294,1,294,battery,0.1816132324248247,0.0,0.1816132324248247,0.03636028067242768
883,pltd_kup295,1,295,diesel,0.025101999999830208,0.1294,-0.10429800000016978,0.017411249279296003
884,plts_kup295,1,295,solar,0.3194450975701855,0.0,0.3194450975701855,0.06715266964661151
885,batt_kup295,1,295,battery,0.12649608458326536,0.0,0.12649608458326536,0.025325466820903506
886,pltd_kup296,1,296,diesel,0.0405209999998498,0.2089,-0.16837900000015021,0.028106339364347137
887,plts_kup296,1,296,solar,0.5156736421333135,0.0,0.5156736421333135,0.10840404436078296
888,batt_kup296,1,296,battery,0.2042038968172624,0.0,0.2042038968172624,0.040882986516611534
889,pltd_kup297,1,297,diesel,0.009083999999605217,0.0468,-0.03771600000039478,0.006300836579700945
890,plts_kup297,1,297,solar,0.11560780616789026,0.0,0.11560780616789026,0.024303348292454886
891,batt_kup297,1,297,battery,0.04578232006239558,0.0,0.04578232006239558,0.009165828003974367
892,pltd_kup298,1,298,diesel,0.02217299999982025,0.1143,-0.09212700000017975,0.015379585232217382
893,plts_kup298,1,298,solar,0.28217728660908536,0.0,0.28217728660908536,0.05931865033286103
894,batt_kup298,1,298,battery,0.11174035509104334,0.0,0.11174035509104334,0.02237119269717351
895,pltd_kup299,1,299,diesel,0.054390999999986804,0.2933,-0.2389090000000132,0.032303034400359816
896,plts_kup299,1,299,solar,0.7140289947200867,0.0,0.7140289947200867,0.16057700764756702
897,batt_kup299,1,299,battery,0.32752598235406927,0.0,0.32752598235406927,0.0640269036078542
898,pltd_kup300,1,300,diesel,0.031893000000018795,0.1808,-0.1489069999999812,0.019656068647073272
899,plts_kup300,1,300,solar,0.45195944267340693,0.0,0.45195944267340693,0.09931257037808512
900,batt_kup300,1,300,battery,0.20038988071368577,0.0,0.20038988071368577,0.039696463211556884
901,pltd_kup301,1,301,diesel,0.02368900000002082,0.1343,-0.11061099999997918,0.014599863162787096
902,plts_kup301,1,301,solar,0.3356966895280237,0.0,0.3356966895280237,0.07376526816488246
903,batt_kup301,1,301,battery,0.1488408783353992,0.0,0.1488408783353992,0.02948479765976952
904,pltd_kup302,1,302,diesel,0.03232800000001606,0.1833,-0.15097199999998392,0.0200252163609114
905,plts_kup302,1,302,solar,0.4484330167157224,0.0,0.4484330167157224,0.10059814988267315
906,batt_kup302,1,302,battery,0.20628744180388714,0.0,0.20628744180388714,0.04042053867559302
907,pltd_kup303,1,303,diesel,0.03433800000001576,0.1947,-0.16036199999998424,0.021270087486747784
908,plts_kup303,1,303,solar,0.47632003082778723,0.0,0.47632003082778723,0.10685416287774839
909,batt_kup303,1,303,battery,0.21911696073951611,0.0,0.21911696073951611,0.04293436938353293
910,pltd_kup304,1,304,diesel,0.031404000000018896,0.1781,-0.14669599999998112,0.019354598115934842
911,plts_kup304,1,304,solar,0.44503077416894843,0.0,0.44503077416894843,0.09779004277345794
912,batt_kup304,1,304,battery,0.19731776698496875,0.0,0.19731776698496875,0.03908789204676517
913,pltd_kup305,1,305,diesel,0.0359140000000155,0.2036,-0.16768599999998451,0.02224640507057002
914,plts_kup305,1,305,solar,0.49817540966943713,0.0,0.49817540966943713,0.11175699284302809
915,batt_kup305,1,305,battery,0.2291700775128121,0.0,0.2291700775128121,0.044904219628063465
916,pltd_kup306,1,306,diesel,0.026895000000019705,0.1525,-0.1256049999999803,0.016575919732199955
917,plts_kup306,1,306,solar,0.3811218413931338,0.0,0.3811218413931338,0.0837468205116642
918,batt_kup306,1,306,battery,0.16898029593040126,0.0,0.16898029593040126,0.03347434988546672
919,pltd_kup307,1,307,diesel,0.04775900000001963,0.2708,-0.22304099999998034,0.029434819560798624
920,plts_kup307,1,307,solar,0.6767798118947731,0.0,0.6767798118947731,0.1487140400798671
921,batt_kup307,1,307,battery,0.30006803653062625,0.0,0.30006803653062625,0.05944233388450917
922,pltd_kup308,1,308,diesel,0.03221900000001616,0.1827,-0.15048099999998385,0.01995769671362029
923,plts_kup308,1,308,solar,0.44692653470717314,0.0,0.44692653470717314,0.10026015794923833
924,batt_kup308,1,308,battery,0.2055947464449709,0.0,0.2055947464449709,0.04028483044430102
925,pltd_kup309,1,309,diesel,0.03064400000001897,0.1738,-0.14315599999998105,0.01888649250739467
926,plts_kup309,1,309,solar,0.43424787247209445,0.0,0.43424787247209445,0.09542067622753572
927,batt_kup309,1,309,battery,0.19253545133514963,0.0,0.19253545133514963,0.038140534851862994
928,pltd_tim310,1,310,diesel,0.023882000000025855,0.1257,-0.10181799999997415,0.01428042469247815
929,plts_tim310,1,310,solar,0.3080998710771072,0.0,0.3080998710771072,0.06827878159976307
930,batt_tim310,1,310,battery,0.13667185877498308,0.0,0.13667185877498308,0.026868980631211025
931,pltd_tim311,1,311,diesel,0.013346000000027286,0.0702,-0.05685399999997271,0.007980368720497753
932,plts_tim311,1,311,solar,0.1721729675736965,0.0,0.1721729675736965,0.03815569722262335
933,batt_tim311,1,311,battery,0.07637496139203495,0.0,0.07637496139203495,0.015014915269913014
934,pltd_tim312,1,312,diesel,0.020166050714862604,0.1118,-0.09163394928513739,0.012254937785174069
935,plts_tim312,1,312,solar,0.2791242749798243,0.0,0.2791242749798243,0.061277815974305795
936,batt_tim312,1,312,battery,0.12224325241703567,0.0,0.12224325241703567,0.024342870445478084
937,pltd_tim313,1,313,diesel,0.030165845586951998,0.1673,-0.137134154413048,0.01833183448446028
938,plts_tim313,1,313,solar,0.417533517161746,0.0,0.417533517161746,0.09166358174384794
939,batt_tim313,1,313,battery,0.18285971976819956,0.0,0.18285971976819956,0.036413716258081576
940,pltd_tim314,1,314,diesel,0.024409000000025875,0.1285,-0.10409099999997412,0.014595536926732943
941,plts_tim314,1,314,solar,0.3148954924273699,0.0,0.3148954924273699,0.06978476547663187
942,batt_tim314,1,314,battery,0.13968594431639436,0.0,0.13968594431639436,0.027461521858131662
943,pltd_tim315,1,315,diesel,0.030851999999977456,0.1664,-0.13554800000002254,0.018323247130845162
944,plts_tim315,1,315,solar,0.4050155765817727,0.0,0.4050155765817727,0.09108346589790159
945,batt_tim315,1,315,battery,0.18578108139502802,0.0,0.18578108139502802,0.0363176906375802
946,pltd_tim316,1,316,diesel,0.014888342668023921,0.0826,-0.06771165733197608,0.009047546845674843
947,plts_tim316,1,316,solar,0.2060758771419129,0.0,0.2060758771419129,0.045241193724948475
948,batt_tim316,1,316,battery,0.09025227427784174,0.0,0.09025227427784174,0.017972331800639833
949,pltd_tim317,1,317,diesel,0.021950000000025897,0.1155,-0.09354999999997411,0.013125006988697717
950,plts_tim317,1,317,solar,0.2831822367211339,0.0,0.2831822367211339,0.06275667637343464
951,batt_tim317,1,317,battery,0.12561905714910257,0.0,0.12561905714910257,0.024696058412173566
952,pltd_tim318,1,318,diesel,0.018965000000026114,0.0998,-0.08083499999997389,0.011340305328272703
953,plts_tim318,1,318,solar,0.24466785036462457,0.0,0.24466785036462457,0.054221452740182016
954,batt_tim318,1,318,battery,0.10853349775361733,0.0,0.10853349775361733,0.021337127210554013
955,pltd_tim319,1,319,diesel,0.03867899999998326,0.2086,-0.16992100000001675,0.022971491235947442
956,plts_tim319,1,319,solar,0.5077721387670238,0.0,0.5077721387670238,0.11419223003911265
957,batt_tim319,1,319,battery,0.23291649460616368,0.0,0.23291649460616368,0.045532023390702774
958,pltd_tim320,1,320,diesel,0.030789000000026177,0.162,-0.13121099999997382,0.018410628424435672
959,plts_tim320,1,320,solar,0.39720684978182313,0.0,0.39720684978182313,0.08802598629263475
960,batt_tim320,1,320,battery,0.1761989965271879,0.0,0.1761989965271879,0.03463981663886378
961,pltd_tim321,1,321,diesel,0.021333249131392153,0.1183,-0.09696675086860784,0.012964406898821565
962,plts_tim321,1,321,solar,0.2952695635608471,0.0,0.2952695635608471,0.06482225684502962
963,batt_tim321,1,321,battery,0.12931290601172898,0.0,0.12931290601172898,0.025750682630190192
964,pltd_tim322,1,322,diesel,0.018739999999976404,0.101,-0.0822600000000236,0.011129729993418542
965,plts_tim322,1,322,solar,0.24600878243086013,0.0,0.24600878243086013,0.05532471694042143
966,batt_tim322,1,322,battery,0.11284475119480401,0.0,0.11284475119480401,0.022059597197937476
967,pltd_tim323,1,323,diesel,0.03553699999998133,0.1916,-0.15606300000001866,0.021105568127849826
968,plts_tim323,1,323,solar,0.4665189336716181,0.0,0.4665189336716181,0.10491477002618438
969,batt_tim323,1,323,battery,0.21399250061492103,0.0,0.21399250061492103,0.04183265408838307
970,pltd_tim324,1,324,diesel,0.03547999999998125,0.1913,-0.15582000000001875,0.021071815020176507
971,plts_tim324,1,324,solar,0.4657686964406437,0.0,0.4657686964406437,0.10474593219314954
972,batt_tim324,1,324,battery,0.21364780412745973,0.0,0.21364780412745973,0.04176528406093912
973,pltd_tim325,1,325,diesel,0.02855525211195474,0.1583,-0.12974474788804524,0.017353129735888772
974,plts_tim325,1,325,solar,0.3952315299028339,0.0,0.3952315299028339,0.08676755935572214
975,batt_tim325,1,325,battery,0.17309188967961808,0.0,0.17309188967961808,0.03446857148398919
976,pltd_tim326,1,326,diesel,0.020110925464976954,0.1115,-0.09138907453502304,0.012221450806242233
977,plts_tim326,1,326,solar,0.27835409336908945,0.0,0.27835409336908945,0.061108736558215596
978,batt_tim326,1,326,battery,0.12190526666253505,0.0,0.12190526666253505,0.02427555852915873
979,pltd_tim327,1,327,diesel,0.02672180767886473,0.1482,-0.12147819232113527,0.016238827728482105
980,plts_tim327,1,327,solar,0.36985832461587376,0.0,0.36985832461587376,0.08119716092564462
981,batt_tim327,1,327,battery,0.16197985565637957,0.0,0.16197985565637957,0.032255789625352665
982,pltd_tim328,1,328,diesel,0.03622189441040302,0.2009,-0.16467810558959697,0.02201206409138571
983,plts_tim328,1,328,solar,0.5013454407145324,0.0,0.5013454407145324,0.1100633365724582
984,batt_tim328,1,328,battery,0.21956449029913233,0.0,0.21956449029913233,0.043722878595564216
985,pltd_tim329,1,329,diesel,0.04449951390218492,0.2468,-0.20230048609781506,0.0270424524931409
986,plts_tim329,1,329,solar,0.6159170866214531,0.0,0.6159170866214531,0.13521589893246228
987,batt_tim329,1,329,battery,0.2697412555927091,0.0,0.2697412555927091,0.053714811126508465
988,pltd_tim330,1,330,diesel,0.01422178379845436,0.0789,-0.06467821620154564,0.008642564545305282
989,plts_tim330,1,330,solar,0.19684796043433678,0.0,0.19684796043433678,0.04321525016524731
990,batt_tim330,1,330,battery,0.08621035384796127,0.0,0.08621035384796127,0.017167464582126597
991,pltd_tim331,1,331,diesel,0.03760998358659391,0.2086,-0.1709900164134061,0.022855563263063424
992,plts_tim331,1,331,solar,0.5205714557378914,0.0,0.5205714557378914,0.11428417710741522
993,batt_tim331,1,331,battery,0.2279858569113363,0.0,0.2279858569113363,0.045399878614415926
994,pltd_tim332,1,332,diesel,0.02188199999997483,0.118,-0.09611800000002516,0.012995640693968916
995,plts_tim332,1,332,solar,0.28726259994303005,0.0,0.28726259994303005,0.06460211156950607
996,batt_tim332,1,332,battery,0.1317681416616978,0.0,0.1317681416616978,0.02575888499353038
997,pltd_tim333,1,333,diesel,0.07026324545866278,0.5995,-0.5292367545413372,0.026023480168410707
998,plts_tim333,1,333,solar,1.660832809733227,0.0,1.660832809733227,0.37468917651393524
999,batt_tim333,1,333,battery,0.8384917449954795,0.0,0.8384917449954795,0.166382665249602
1000,pltd_tim334,1,334,diesel,0.020653684307538774,0.1762,-0.15554631569246122,0.007649819865177617
1001,plts_tim334,1,334,solar,0.488176158110035,0.0,0.488176158110035,0.11013407788794166
1002,batt_tim334,1,334,battery,0.24646031054470402,0.0,0.24646031054470402,0.04890533228542344
1003,pltd_tim335,1,335,diesel,0.06975999999998218,0.3762,-0.3064400000000178,0.0414306589235391
1004,plts_tim335,1,335,solar,0.9157875001064761,0.0,0.9157875001064761,0.20595010776846198
1005,batt_tim335,1,335,battery,0.42007256313488195,0.0,0.42007256313488195,0.08211851980280514
1006,pltd_tim336,1,336,diesel,0.03740300000002698,0.1969,-0.15949699999997302,0.022365373801001807
1007,plts_tim336,1,336,solar,0.48254101024096413,0.0,0.48254101024096413,0.1069370300301269
1008,batt_tim336,1,336,battery,0.2140534938024683,0.0,0.2140534938024683,0.042081816819455796
1009,pltd_tim337,1,337,diesel,0.021339381649627127,0.1821,-0.1607606183503729,0.007903777055607318
1010,plts_tim337,1,337,solar,0.5043925287045471,0.0,0.5043925287045471,0.11379251437223722
1011,batt_tim337,1,337,battery,0.25464786472007733,0.0,0.25464786472007733,0.05052999970135746
1012,pltd_tim338,1,338,diesel,0.035879999999981704,0.1935,-0.1576200000000183,0.021309264566075285
1013,plts_tim338,1,338,solar,0.4710182683992828,0.0,0.4710182683992828,0.10592672027154795
1014,batt_tim338,1,338,battery,0.21605651577485283,0.0,0.21605651577485283,0.042236119542743394
1015,pltd_tim339,1,339,diesel,0.02942742990331496,0.2511,-0.22167257009668503,0.01089933516268245
1016,plts_tim339,1,339,solar,0.6955674872918092,0.0,0.6955674872918092,0.15692216618707372
1017,batt_tim339,1,339,battery,0.35116432382259527,0.0,0.35116432382259527,0.06968186567730868
1018,pltd_tim340,1,340,diesel,0.024335809937912543,0.2076,-0.18326419006208747,0.009013147801262935
1019,plts_tim340,1,340,solar,0.5752327640386592,0.0,0.5752327640386592,0.12977430148352714
1020,batt_tim340,1,340,battery,0.29041345056415785,0.0,0.29041345056415785,0.057626991277651536
1021,pltd_tim341,1,341,diesel,0.0340845449961794,0.2908,-0.2567154550038206,0.01262397676328877
1022,plts_tim341,1,341,solar,0.8056663049073474,0.0,0.8056663049073474,0.18176073950044538
1023,batt_tim341,1,341,battery,0.40674974654157503,0.0,0.40674974654157503,0.08071175215120872
1024,pltd_tim342,1,342,diesel,0.02142499999997523,0.1155,-0.09407500000002478,0.012724282495325223
1025,plts_tim342,1,342,solar,0.281262214537409,0.0,0.281262214537409,0.06325262123569939
1026,batt_tim342,1,342,battery,0.12901536935408725,0.0,0.12901536935408725,0.025220762319923658
1027,pltd_tim343,1,343,diesel,0.018775401493306355,0.1602,-0.14142459850669364,0.006953832405045361
1028,plts_tim343,1,343,solar,0.44379962301012205,0.0,0.44379962301012205,0.10012256849081552
1029,batt_tim343,1,343,battery,0.2240575184002029,0.0,0.2240575184002029,0.04445994218657219
1030,pltd_tim344,1,344,diesel,0.025419246098594812,0.2169,-0.1914807539014052,0.009414784617523072
1031,plts_tim344,1,344,solar,0.6008339521347588,0.0,0.6008339521347588,0.135550059298794
1032,batt_tim344,1,344,battery,0.3033375558982811,0.0,0.3033375558982811,0.06019154818471156
1033,pltd_tim345,1,345,diesel,0.018883971284766054,0.1611,-0.14221602871523395,0.006994146133976376
1034,plts_tim345,1,345,solar,0.4463585994195349,0.0,0.4463585994195349,0.10069988158837048
1035,batt_tim345,1,345,battery,0.22534911103512423,0.0,0.22534911103512423,0.044716236220020876
1036,pltd_tim346,1,346,diesel,0.025454704262223973,0.2172,-0.19174529573777604,0.009427435322435267
1037,plts_tim346,1,346,solar,0.601690752271844,0.0,0.601690752271844,0.1357434102778847
1038,batt_tim346,1,346,battery,0.30377180977157175,0.0,0.30377180977157175,0.06027771282885255
1039,pltd_tim347,1,347,diesel,0.02968160747268369,0.2976,-0.2679183925273163,0.00970052291922964
1040,plts_tim347,1,347,solar,0.8435771283102289,0.0,0.8435771283102289,0.189740774393488
1041,batt_tim347,1,347,battery,0.42358728585497263,0.0,0.42358728585497263,0.0854934330148784
1042,pltd_tim348,1,348,diesel,0.013900710870627499,0.1186,-0.1046992891293725,0.005148297110587437
1043,plts_tim348,1,348,solar,0.32858285257762604,0.0,0.32858285257762604,0.07412936298248377
1044,batt_tim348,1,348,battery,0.16588960041157724,0.0,0.16588960041157724,0.03291762614828116
1045,pltd_tim349,1,349,diesel,0.04173912437414807,0.3561,-0.31436087562585197,0.015458936667960227
1046,plts_tim349,1,349,solar,0.986599645856458,0.0,0.986599645856458,0.22258001500541133
1047,batt_tim349,1,349,battery,0.4980967806129094,0.0,0.4980967806129094,0.09883779613764843
1048,pltd_tim350,1,350,diesel,0.0073856014298851625,0.077,-0.06961439857011484,0.002729361307349234
1049,plts_tim350,1,350,solar,0.2196414852888743,0.0,0.2196414852888743,0.04884586124197261
1050,batt_tim350,1,350,battery,0.10883572006562903,0.0,0.10883572006562903,0.021905209735321188
1051,pltd_tim351,1,351,diesel,0.016038000000026965,0.0844,-0.06836199999997304,0.009589973448108361
1052,plts_tim351,1,351,solar,0.20691169286700042,0.0,0.20691169286700042,0.04585424942725482
1053,batt_tim351,1,351,battery,0.09178585488374641,0.0,0.09178585488374641,0.018044613615289085
1054,pltd_tim352,1,352,diesel,0.030108999999978497,0.1624,-0.1322910000000215,0.017881708064473034
1055,plts_tim352,1,352,solar,0.3952678819962818,0.0,0.3952678819962818,0.08889123992449212
1056,batt_tim352,1,352,battery,0.181310586177258,0.0,0.181310586177258,0.035443776907950406
1057,pltd_tim353,1,353,diesel,0.0071494510036077255,0.0746,-0.06745054899639227,0.0026422397476839367
1058,plts_tim353,1,353,solar,0.21261203586639013,0.0,0.21261203586639013,0.04728255149118115
1059,batt_tim353,1,353,battery,0.105351860621204,0.0,0.105351860621204,0.021204035055823987
1060,pltd_tim354,1,354,diesel,0.04387799999998304,0.2366,-0.19272200000001696,0.02605909123983809
1061,plts_tim354,1,354,solar,0.5760258543528683,0.0,0.5760258543528683,0.12954167754790155
1062,batt_tim354,1,354,battery,0.26422491692150035,0.0,0.26422491692150035,0.05165238539286401
1063,pltd_tim355,1,355,diesel,0.056104999999986645,0.3025,-0.24639500000001335,0.03332085983723793
1064,plts_tim355,1,355,solar,0.7365307584328893,0.0,0.7365307584328893,0.16563733597634922
1065,batt_tim355,1,355,battery,0.3378476101615643,0.0,0.3378476101615643,0.06604464056654505
1066,pltd_tim356,1,356,diesel,0.012936000000026478,0.0681,-0.05516399999997351,0.007735228800195385
1067,plts_tim356,1,356,solar,0.16688748988260269,0.0,0.16688748988260269,0.036984403006542065
1068,batt_tim356,1,356,battery,0.07403072862838463,0.0,0.07403072862838463,0.01455405633088216
1069,pltd_tim357,1,357,diesel,0.014168999999999198,0.0764,-0.0622310000000008,0.008415008292304522
1070,plts_tim357,1,357,solar,0.18600762845085475,0.0,0.18600762845085475,0.041831042745297635
1071,batt_tim357,1,357,battery,0.08532219746797498,0.0,0.08532219746797498,0.016679326123876913
1072,pltd_tim358,1,358,diesel,0.024818000000025778,0.1306,-0.10578199999997422,0.01484003079163674
1073,plts_tim358,1,358,solar,0.3201842906634162,0.0,0.3201842906634162,0.07095685561930921
1074,batt_tim358,1,358,battery,0.14203331017572085,0.0,0.14203331017572085,0.027923013785323598
1075,pltd_tim359,1,359,diesel,0.008242234557178546,0.086,-0.07775776544282145,0.0030458217181671
1076,plts_tim359,1,359,solar,0.2451216389343818,0.0,0.2451216389343818,0.05451217061759678
1077,batt_tim359,1,359,battery,0.12146111124042336,0.0,0.12146111124042336,0.024446331693947564
1078,pltd_tim360,1,360,diesel,0.02429200000002586,0.1279,-0.10360799999997415,0.014525606765403397
1079,plts_tim360,1,360,solar,0.31338502173690513,0.0,0.31338502173690513,0.06945003194251993
1080,batt_tim360,1,360,battery,0.1390158056207692,0.0,0.1390158056207692,0.027329791515542656
1081,pltd_tim361,1,361,diesel,0.03705200000002694,0.195,-0.15794799999997305,0.02215555463226349
1082,plts_tim361,1,361,solar,0.47800857914005607,0.0,0.47800857914005607,0.10593270735450949
1083,batt_tim361,1,361,battery,0.2120428767955135,0.0,0.2120428767955135,0.041686527937537396
1084,pltd_tim362,1,362,diesel,0.03553000000002666,0.187,-0.15146999999997335,0.02124537816830918
1085,plts_tim362,1,362,solar,0.45837554184530865,0.0,0.45837554184530865,0.10158175711097268
1086,batt_tim362,1,362,battery,0.20333399801364943,0.0,0.20333399801364943,0.039974410028549894
1087,pltd_tim363,1,363,diesel,0.052680000000027434,0.2773,-0.22461999999997256,0.031500452801183514
1088,plts_tim363,1,363,solar,0.6796341904854728,0.0,0.6796341904854728,0.1506155890123751
1089,batt_tim363,1,363,battery,0.3014842009968856,0.0,0.3014842009968856,0.05927023350388776
1090,pltd_tim364,1,364,diesel,0.01988866735283251,0.1103,-0.09041133264716748,0.01208640418792881
1091,plts_tim364,1,364,solar,0.275278121133563,0.0,0.275278121133563,0.06043348470505226
1092,batt_tim364,1,364,battery,0.12055834318617854,0.0,0.12055834318617854,0.024007325379042235
1093,pltd_tim365,1,365,diesel,0.042221999999982496,0.2277,-0.18547800000001752,0.02507591374212145
1094,plts_tim365,1,365,solar,0.5542707991721741,0.0,0.5542707991721741,0.12464920735639609
1095,batt_tim365,1,365,battery,0.25424391685031117,0.0,0.25424391685031117,0.04970124224079648
1096,pltd_tim366,1,366,diesel,0.029384000000026004,0.1547,-0.125315999999974,0.017570453214546398
1097,plts_tim366,1,366,solar,0.37908400637824446,0.0,0.37908400637824446,0.08400981890322791
1098,batt_tim366,1,366,battery,0.16816024444006922,0.0,0.16816024444006922,0.033059436857325715
1099,pltd_tim367,1,367,diesel,0.031199000000026164,0.1642,-0.13300099999997383,0.01865582339641368
1100,plts_tim367,1,367,solar,0.40249163547469785,0.0,0.40249163547469785,0.08919726930876067
1101,batt_tim367,1,367,battery,0.17854331428863174,0.0,0.17854331428863174,0.035100685781644624
1102,pltd_tim368,1,368,diesel,0.008956000000022328,0.0471,-0.038143999999977675,0.005355285259776453
1103,plts_tim368,1,368,solar,0.11553699570681689,0.0,0.11553699570681689,0.025604480499925805
1104,batt_tim368,1,368,battery,0.05125151966392962,0.0,0.05125151966392962,0.010075773509198367
1105,pltd_tim369,1,369,diesel,0.015888397982056584,0.0881,-0.07221160201794341,0.009655472774610747
1106,plts_tim369,1,369,solar,0.21991537509934736,0.0,0.21991537509934736,0.048279379158854115
1107,batt_tim369,1,369,battery,0.09631276015165742,0.0,0.09631276015165742,0.019179203216712574
1108,pltd_tim370,1,370,diesel,0.013697000000028017,0.0721,-0.05840299999997198,0.00819013031884289
1109,plts_tim370,1,370,solar,0.17670498347567568,0.0,0.17670498347567568,0.03916001037826669
1110,batt_tim370,1,370,battery,0.07838567539766046,0.0,0.07838567539766046,0.015410220185120383
1111,pltd_tim371,1,371,diesel,0.021555618568922515,0.1839,-0.1623443814310775,0.007983578844013885
1112,plts_tim371,1,371,solar,0.5095161935243026,0.0,0.5095161935243026,0.11494840648721175
1113,batt_tim371,1,371,battery,0.257235024482425,0.0,0.257235024482425,0.05104339366894706
1114,pltd_tim372,1,372,diesel,0.020760935968708233,0.1771,-0.15633906403129177,0.007689046368197537
1115,plts_tim372,1,372,solar,0.49074084652036637,0.0,0.49074084652036637,0.11071269390536177
1116,batt_tim372,1,372,battery,0.2477570276721369,0.0,0.2477570276721369,0.0491626605907649
1117,pltd_tim373,1,373,diesel,0.027982354311301676,0.2388,-0.21081764568869835,0.010363762389815403
1118,plts_tim373,1,373,solar,0.6614325698303323,0.0,0.6614325698303323,0.1492212911000412
1119,batt_tim373,1,373,battery,0.33393256671038063,0.0,0.33393256671038063,0.06626255372015362
1120,pltd_tim374,1,374,diesel,0.03199015859600033,0.273,-0.2410098414039997,0.011848189027250343
1121,plts_tim374,1,374,solar,0.7561661049874416,0.0,0.7561661049874416,0.17059344298834725
1122,batt_tim374,1,374,battery,0.3817597946348166,0.0,0.3817597946348166,0.07575293784637256
1123,pltd_tim375,1,375,diesel,0.016853999999960397,0.0909,-0.0740460000000396,0.010009665227186475
1124,plts_tim375,1,375,solar,0.22126035227126845,0.0,0.22126035227126845,0.04975891372507325
1125,batt_tim375,1,375,battery,0.10149264360484188,0.0,0.10149264360484188,0.01984045883068793
1126,pltd_tim376,1,376,diesel,0.012492560372323998,0.1066,-0.09410743962767601,0.0046266834599861095
1127,plts_tim376,1,376,solar,0.29529902325189994,0.0,0.29529902325189994,0.06662037595504022
1128,batt_tim376,1,376,battery,0.14908582268221843,0.0,0.14908582268221843,0.02958324173488836
1129,pltd_tim377,1,377,diesel,0.022338999999975157,0.1205,-0.09816100000002484,0.013267155837074877
1130,plts_tim377,1,377,solar,0.2932628894790873,0.0,0.2932628894790873,0.06595143620392244
1131,batt_tim377,1,377,battery,0.13452013842236563,0.0,0.13452013842236563,0.02629688227800242
1132,pltd_tim378,1,378,diesel,0.03199947978006448,0.1774,-0.14540052021993552,0.019446106673566638
1133,plts_tim378,1,378,solar,0.4429067224485906,0.0,0.4429067224485906,0.09723394417390137
1134,batt_tim378,1,378,battery,0.19397152379134544,0.0,0.19397152379134544,0.038626444013659667
1135,pltd_tim379,1,379,diesel,0.030888594445930583,0.1713,-0.14041140555406942,0.01877112739783844
1136,plts_tim379,1,379,solar,0.42752686127135514,0.0,0.42752686127135514,0.09385748390816874
1137,batt_tim379,1,379,battery,0.18723552640988636,0.0,0.18723552640988636,0.03728506785290165
1138,pltd_tim380,1,380,diesel,0.022554718298567488,0.1251,-0.1025452817014325,0.013706380994739904
1139,plts_tim380,1,380,solar,0.3121897879598733,0.0,0.3121897879598733,0.0685368989430107
1140,batt_tim380,1,380,battery,0.13672487490245036,0.0,0.13672487490245036,0.027226654313239496
1141,pltd_tim381,1,381,diesel,0.009999548691479104,0.0555,-0.0455004513085209,0.00607675335020245
1142,plts_tim381,1,381,solar,0.13840924215140815,0.0,0.13840924215140815,0.03038583276309136
1143,batt_tim381,1,381,battery,0.060616927326356235,0.0,0.060616927326356235,0.012070926509751717
1144,pltd_tim382,1,382,diesel,0.028333173519795356,0.1571,-0.12876682648020463,0.01721822834529755
1145,plts_tim382,1,382,solar,0.3921555576673829,0.0,0.3921555576673829,0.0860922345025748
1146,batt_tim382,1,382,battery,0.17174450620332318,0.0,0.17174450620332318,0.034200273463805005
1147,pltd_tim383,1,383,diesel,0.017054967605787064,0.0946,-0.07754503239421294,0.010364137640726355
1148,plts_tim383,1,383,solar,0.23606541788877938,0.0,0.23606541788877938,0.0518248038409866
1149,batt_tim383,1,383,battery,0.10338582328880667,0.0,0.10338582328880667,0.020587696289869596
1150,pltd_tim384,1,384,diesel,0.02883287142066552,0.1599,-0.13106712857933447,0.017521832349131194
1151,plts_tim384,1,384,solar,0.3990776837490246,0.0,0.3990776837490246,0.0876118096249607
1152,batt_tim384,1,384,battery,0.17477610891041734,0.0,0.17477610891041734,0.03480398438849368
1153,pltd_tim385,1,385,diesel,0.006832960810384666,0.0379,-0.031067039189615335,0.004152357286582452
1154,plts_tim385,1,385,solar,0.09458020346043423,0.0,0.09458020346043423,0.02076376621597178
1155,batt_tim385,1,385,battery,0.04142197245241811,0.0,0.04142197245241811,0.008248556498479179
1156,pltd_tim386,1,386,diesel,0.00868399999999644,0.0468,-0.038116000000003564,0.00515726572900147
1157,plts_tim386,1,386,solar,0.11400673575547232,0.0,0.11400673575547232,0.02563878649007847
1158,batt_tim386,1,386,battery,0.0522957100923048,0.0,0.0522957100923048,0.010223097030145147
1159,pltd_tim387,1,387,diesel,0.03886600000002726,0.2046,-0.16573399999997274,0.023240146187876107
1160,plts_tim387,1,387,solar,0.5014208246102531,0.0,0.5014208246102531,0.11112108843990186
1161,batt_tim387,1,387,battery,0.2224292926607165,0.0,0.2224292926607165,0.043728460448908636
1162,pltd_tim388,1,388,diesel,0.012526000000025697,0.0659,-0.0533739999999743,0.007489974244572032
1163,plts_tim388,1,388,solar,0.16160261602209255,0.0,0.16160261602209255,0.03581315634376872
1164,batt_tim388,1,388,battery,0.0716867937834876,0.0,0.0716867937834876,0.014093252044091877
1165,pltd_tim389,1,389,diesel,0.00772171112613908,0.0428,-0.03507828887386092,0.004692332476824334
1166,plts_tim389,1,389,solar,0.10688409239995872,0.0,0.10688409239995872,0.02346488162807805
1167,batt_tim389,1,389,battery,0.04681081635574377,0.0,0.04681081635574377,0.00932165284892104
1168,pltd_tim390,1,390,diesel,0.013901999996300807,0.0644,-0.050498000003699195,0.008849916019108981
1169,plts_tim390,1,390,solar,0.1506589103290042,0.0,0.1506589103290042,0.03322234221679797
1170,batt_tim390,1,390,battery,0.06437869910540862,0.0,0.06437869910540862,0.012556433467110474
1171,pltd_tim391,1,391,diesel,0.016722079473919533,0.0927,-0.07597792052608048,0.01016203768816957
1172,plts_tim391,1,391,solar,0.23144908243153942,0.0,0.23144908243153942,0.05081143615559118
1173,batt_tim391,1,391,battery,0.10136338830325073,0.0,0.10136338830325073,0.020184947441154216
1174,pltd_tim392,1,392,diesel,0.03458765584985769,0.1688,-0.13421234415014233,0.02189235347941058
1175,plts_tim392,1,392,solar,0.4012444444431373,0.0,0.4012444444431373,0.0886431129010564
1176,batt_tim392,1,392,battery,0.17469195213220998,0.0,0.17469195213220998,0.03414427954445679
1177,pltd_tim393,1,393,diesel,0.023652999999974375,0.1275,-0.10384700000002563,0.014047479685313124
1178,plts_tim393,1,393,solar,0.3105137605301973,0.0,0.3105137605301973,0.06983103652261193
1179,batt_tim393,1,393,battery,0.14243371608426172,0.0,0.14243371608426172,0.02784386655201064
1180,pltd_tim394,1,394,diesel,0.01041471364032012,0.0508,-0.040385286359679876,0.006592017825590346
1181,plts_tim394,1,394,solar,0.12081045749523289,0.0,0.12081045749523289,0.026689541236341974
1182,batt_tim394,1,394,battery,0.052597142296550124,0.0,0.052597142296550124,0.010280316330885423
1183,pltd_tim395,1,395,diesel,0.021586005218488698,0.1054,-0.0838139947815113,0.013663009696178672
1184,plts_tim395,1,395,solar,0.25041045751019714,0.0,0.25041045751019714,0.05532082153549185
1185,batt_tim395,1,395,battery,0.10902219590869022,0.0,0.10902219590869022,0.021308837630781213
1186,pltd_tim396,1,396,diesel,0.03130581800724065,0.1528,-0.12149418199275934,0.01981527626615617
1187,plts_tim396,1,396,solar,0.3631686274491748,0.0,0.3631686274491748,0.08023145953326626
1188,batt_tim396,1,396,battery,0.15811438265730135,0.0,0.15811438265730135,0.03090411276974288
1189,pltd_tim397,1,397,diesel,0.01211200000000266,0.0653,-0.053187999999997335,0.007193206832509118
1190,plts_tim397,1,397,solar,0.15900835452794476,0.0,0.15900835452794476,0.035759098137655
1191,batt_tim397,1,397,battery,0.07293772256572723,0.0,0.07293772256572723,0.014258346231431858
1192,pltd_tim398,1,398,diesel,0.016448000000026837,0.0866,-0.07015199999997315,0.009835263534507423
1193,plts_tim398,1,398,solar,0.21219656672751297,0.0,0.21219656672751297,0.047025440090029194
1194,batt_tim398,1,398,battery,0.094129789728648,0.0,0.094129789728648,0.01850542082688011
1195,pltd_tim399,1,399,diesel,0.021423000000025942,0.1128,-0.09137699999997406,0.012809965603251395
1196,plts_tim399,1,399,solar,0.2763859613082797,0.0,0.2763859613082797,0.0612505527499154
1197,batt_tim399,1,399,battery,0.1226043997719548,0.0,0.1226043997719548,0.024103407539852996
1198,pltd_tim400,1,400,diesel,0.018282999999975295,0.0986,-0.0803170000000247,0.010858462296466106
1199,plts_tim400,1,400,solar,0.24000795287954893,0.0,0.24000795287954893,0.05397510307741337
1200,batt_tim400,1,400,battery,0.11009135256426833,0.0,0.11009135256426833,0.021521369674821825
1201,pltd_tim401,1,401,diesel,0.020253000000026125,0.1066,-0.08634699999997388,0.012110547259633777
1202,plts_tim401,1,401,solar,0.26127985811080906,0.0,0.26127985811080906,0.05790295326884627
1203,batt_tim401,1,401,battery,0.11590248206077274,0.0,0.11590248206077274,0.02278581828715192
1204,pltd_tim402,1,402,diesel,0.012936000000026473,0.0681,-0.05516399999997352,0.007735228800195387
1205,plts_tim402,1,402,solar,0.16688748988260269,0.0,0.16688748988260269,0.036984403006542065
1206,batt_tim402,1,402,battery,0.07403072862838463,0.0,0.07403072862838463,0.014554056330882156
1207,pltd_tim403,1,403,diesel,0.02452600000002583,0.1291,-0.10457399999997416,0.014665387487678039
1208,plts_tim403,1,403,solar,0.31640689397971217,0.0,0.31640689397971217,0.07011967843737682
1209,batt_tim403,1,403,battery,0.14035666684864084,0.0,0.14035666684864084,0.02759337798286123
1210,pltd_tim404,1,404,diesel,0.020857032965192906,0.2175,-0.1966429670348071,0.007707680984591061
1211,plts_tim404,1,404,solar,0.6202688860442598,0.0,0.6202688860442598,0.13794079497098904
1212,batt_tim404,1,404,battery,0.3073520504603505,0.0,0.3073520504603505,0.06186035604690099
1213,pltd_tim405,1,405,diesel,0.019232385793334857,0.2006,-0.18136761420666514,0.0071074818598489365
1214,plts_tim405,1,405,solar,0.5719462227922095,0.0,0.5719462227922095,0.12719441784606222
1215,batt_tim405,1,405,battery,0.28340717470890936,0.0,0.28340717470890936,0.057040999358621176
1216,pltd_tim406,1,406,diesel,0.022967999999976636,0.1238,-0.10083200000002336,0.013640919942637095
1217,plts_tim406,1,406,solar,0.3015102896077026,0.0,0.3015102896077026,0.06780623225412356
1218,batt_tim406,1,406,battery,0.13830232128849254,0.0,0.13830232128849254,0.02703623778215673
1219,pltd_tim407,1,407,diesel,0.03782199999998312,0.2039,-0.16607800000001688,0.022462538702285293
1220,plts_tim407,1,407,solar,0.4965215210512352,0.0,0.4965215210512352,0.11166208116106066
1221,batt_tim407,1,407,battery,0.22775580140205848,0.0,0.22775580140205848,0.044523174038653066
1222,pltd_tim408,1,408,diesel,0.03033799999997809,0.1636,-0.13326200000002192,0.018017997686560646
1223,plts_tim408,1,408,solar,0.39826513395026153,0.0,0.39826513395026153,0.08956520347392395
1224,batt_tim408,1,408,battery,0.18268400322324557,0.0,0.18268400322324557,0.035712261884343906
1225,pltd_tim409,1,409,diesel,0.011238000000023757,0.0591,-0.04786199999997624,0.006719771402914562
1226,plts_tim409,1,409,solar,0.14499052010828165,0.0,0.14499052010828165,0.03213172516845692
1227,batt_tim409,1,409,battery,0.06431819239287674,0.0,0.06431819239287674,0.012644618513083912
1228,pltd_tim410,1,410,diesel,0.014111999999999365,0.0761,-0.06198800000000064,0.008381057608720134
1229,plts_tim410,1,410,solar,0.18525809950618838,0.0,0.18525809950618838,0.04166240222780433
1230,batt_tim410,1,410,battery,0.08497813300308495,0.0,0.08497813300308495,0.016612070380438455
1231,pltd_tim411,1,411,diesel,0.030145000000026123,0.1587,-0.12855499999997388,0.018025355360709233
1232,plts_tim411,1,411,solar,0.38890127340403724,0.0,0.38890127340403724,0.08618544078831346
1233,batt_tim411,1,411,battery,0.17251545312544947,0.0,0.17251545312544947,0.03391564557118406
1234,pltd_tim412,1,412,diesel,0.014091660564988364,0.147,-0.13290833943501162,0.005207365687371231
1235,plts_tim412,1,412,solar,0.4190781049958099,0.0,0.4190781049958099,0.09319830835774767
1236,batt_tim412,1,412,battery,0.20765970214025894,0.0,0.20765970214025894,0.04179539205071268
1237,pltd_tim413,1,413,diesel,0.03640800000002681,0.1916,-0.15519199999997318,0.02177021468468844
1238,plts_tim413,1,413,solar,0.4697036947604934,0.0,0.4697036947604934,0.10409218505014434
1239,batt_tim413,1,413,battery,0.20835924839598396,0.0,0.20835924839598396,0.040962347590908464
1240,pltd_tim414,1,414,diesel,0.03187999999997745,0.1719,-0.14002000000002254,0.018933554490583062
1241,plts_tim414,1,414,solar,0.41851833429713897,0.0,0.41851833429713897,0.0941201185620572
1242,batt_tim414,1,414,battery,0.19197598857725337,0.0,0.19197598857725337,0.037528698508826716
1243,pltd_tim415,1,415,diesel,0.026795999999985914,0.1445,-0.11770400000001408,0.01591430021206253
1244,plts_tim415,1,415,solar,0.3517626807055953,0.0,0.3517626807055953,0.07910741867453487
1245,batt_tim415,1,415,battery,0.16135319652826632,0.0,0.16135319652826632,0.03154235726052798
1246,pltd_tim416,1,416,diesel,0.03610799999998195,0.1947,-0.15859200000001805,0.021444594916808713
1247,plts_tim416,1,416,solar,0.47402059769505356,0.0,0.47402059769505356,0.10660182004099117
1248,batt_tim416,1,416,battery,0.21743423346696233,0.0,0.21743423346696233,0.042505463861216855
1249,pltd_tim417,1,417,diesel,0.006398999999992777,0.0345,-0.028101000000007224,0.003800368071872861
1250,plts_tim417,1,417,solar,0.08400344008956155,0.0,0.08400344008956155,0.018891404039660897
1251,batt_tim417,1,417,battery,0.03853246728259158,0.0,0.03853246728259158,0.00753258590627091
1252,pltd_tim418,1,418,diesel,0.010512999999996586,0.0567,-0.04618700000000341,0.006243863747214316
1253,plts_tim418,1,418,solar,0.13800345244272524,0.0,0.13800345244272524,0.031035389735715117
1254,batt_tim418,1,418,battery,0.06330134390566833,0.0,0.06330134390566833,0.01237456352573244
1255,pltd_tim419,1,419,diesel,0.013405473001908058,0.0628,-0.04939452699809194,0.00885813427982787
1256,plts_tim419,1,419,solar,0.1460760185715498,0.0,0.1460760185715498,0.03217393521448065
1257,batt_tim419,1,419,battery,0.061328069854085246,0.0,0.061328069854085246,0.012070553900962667
1258,pltd_tim420,1,420,diesel,0.01483319693814732,0.0823,-0.06746680306185268,0.009014146765220072
1259,plts_tim420,1,420,solar,0.20530569553113204,0.0,0.20530569553113204,0.045071994308848486
1260,batt_tim420,1,420,battery,0.08991382852330349,0.0,0.08991382852330349,0.017904953199832895
1261,pltd_tim421,1,421,diesel,0.007951627449004389,0.0373,-0.02934837255099561,0.0052542573277380294
1262,plts_tim421,1,421,solar,0.08664205631069001,0.0,0.08664205631069001,0.01908335760200554
1263,batt_tim421,1,421,battery,0.03637514636640199,0.0,0.03637514636640199,0.007159331321220705
1264,pltd_tim422,1,422,diesel,0.02149946082771635,0.1192,-0.09770053917228365,0.013065020231703193
1265,plts_tim422,1,422,solar,0.2975801083930488,0.0,0.2975801083930488,0.06532948009329971
1266,batt_tim422,1,422,battery,0.13032617327522755,0.0,0.13032617327522755,0.025952449738828254
1267,pltd_tim423,1,423,diesel,0.018730315807312017,0.1953,-0.17656968419268798,0.006921973633707107
1268,plts_tim423,1,423,solar,0.5570102432788383,0.0,0.5570102432788383,0.12387279909627023
1269,batt_tim423,1,423,battery,0.2760058476993679,0.0,0.2760058476993679,0.055551346512068944
1270,pltd_tim424,1,424,diesel,0.00992637899536898,0.1035,-0.09357362100463101,0.00366827220316278
1271,plts_tim424,1,424,solar,0.2951984635141836,0.0,0.2951984635141836,0.06564880823692108
1272,batt_tim424,1,424,battery,0.14627504322536827,0.0,0.14627504322536827,0.029440588206297563
1273,pltd_tim425,1,425,diesel,0.017282194961554385,0.1802,-0.1629178050384456,0.006386461352281011
1274,plts_tim425,1,425,solar,0.5139628681190468,0.0,0.5139628681190468,0.11429962822718549
1275,batt_tim425,1,425,battery,0.2546766951566977,0.0,0.2546766951566977,0.051258428026441406
1276,pltd_tim426,1,426,diesel,0.0047853960994015095,0.0499,-0.04511460390059849,0.0017681609007116495
1277,plts_tim426,1,426,solar,0.14233034572386905,0.0,0.14233034572386905,0.031652696749968456
1278,batt_tim426,1,426,battery,0.07052780066203067,0.0,0.07052780066203067,0.014195035293847934
1279,pltd_tim427,1,427,diesel,0.020000436672304937,0.2086,-0.18859956332769506,0.007391304600843222
1280,plts_tim427,1,427,solar,0.5947887323951873,0.0,0.5947887323951873,0.13227442959456917
1281,batt_tim427,1,427,battery,0.2947261992824536,0.0,0.2947261992824536,0.05931915708722712
1282,pltd_tim428,1,428,diesel,0.020797425198026333,0.2169,-0.19610257480197368,0.007685180774716967
1283,plts_tim428,1,428,solar,0.6185147247126412,0.0,0.6185147247126412,0.13755081247572817
1284,batt_tim428,1,428,battery,0.3064843742234812,0.0,0.3064843742234812,0.06168569399464711
1285,pltd_tim429,1,429,diesel,0.011935104773662445,0.1245,-0.11256489522633756,0.004410422024374297
1286,plts_tim429,1,429,solar,0.35494238156561403,0.0,0.35494238156561403,0.07893521123562933
1287,batt_tim429,1,429,battery,0.17587943126174063,0.0,0.17587943126174063,0.035399022797315736
1288,pltd_tim430,1,430,diesel,0.01512572917077398,0.1577,-0.14257427082922602,0.005589627379353951
1289,plts_tim430,1,430,solar,0.4498271446881119,0.0,0.4498271446881119,0.1000365061049053
1290,batt_tim430,1,430,battery,0.22289596427755348,0.0,0.22289596427755348,0.04486198542889258
1291,pltd_tim431,1,431,diesel,0.01282150286609032,0.1337,-0.12087849713390969,0.0047380049977515356
1292,plts_tim431,1,431,solar,0.38129961587996525,0.0,0.38129961587996525,0.08479673785956127
1293,batt_tim431,1,431,battery,0.18893981055761155,0.0,0.18893981055761155,0.038027671172072
1294,pltd_tim432,1,432,diesel,0.012909459279124066,0.1346,-0.12169054072087593,0.004770206589143367
1295,plts_tim432,1,432,solar,0.3839372599260067,0.0,0.3839372599260067,0.08538340348746239
1296,batt_tim432,1,432,battery,0.19024801716191925,0.0,0.19024801716191925,0.03829095457838441
1297,pltd_tim433,1,433,diesel,0.031937999999977186,0.1722,-0.1402620000000228,0.0189681935573977
1298,plts_tim433,1,433,solar,0.41926535490463734,0.0,0.41926535490463734,0.09428795333536691
1299,batt_tim433,1,433,battery,0.1923166647866673,0.0,0.1923166647866673,0.037595307544511986
1300,pltd_tim434,1,434,diesel,0.008035681430433414,0.0838,-0.07576431856956659,0.00296976032674662
1301,plts_tim434,1,434,solar,0.2389692701770873,0.0,0.2389692701770873,0.05314404811429766
1302,batt_tim434,1,434,battery,0.11841200991389508,0.0,0.11841200991389508,0.023832637169919135
1303,pltd_tim435,1,435,diesel,0.008330518136262165,0.0869,-0.07856948186373784,0.0030781522103617105
1304,plts_tim435,1,435,solar,0.24775928298016167,0.0,0.24775928298016167,0.05509888324543961
1305,batt_tim435,1,435,battery,0.122769547844504,0.0,0.122769547844504,0.024709658636654107
1306,pltd_tim436,1,436,diesel,0.01081567572131179,0.1152,-0.10438432427868821,0.0037863415155437938
1307,plts_tim436,1,436,solar,0.3275211824827277,0.0,0.3275211824827277,0.07342076851991809
1308,batt_tim436,1,436,battery,0.1649099599905976,0.0,0.1649099599905976,0.03304866353916666
1309,pltd_tim437,1,437,diesel,0.019556901632468433,0.2039,-0.18434309836753157,0.007226938084008667
1310,plts_tim437,1,437,solar,0.581613316262082,0.0,0.581613316262082,0.1293443572250554
1311,batt_tim437,1,437,battery,0.2881987807588144,0.0,0.2881987807588144,0.05800537519266177
1312,pltd_tim438,1,438,diesel,0.03810799999998319,0.2055,-0.1673920000000168,0.022632563665344628
1313,plts_tim438,1,438,solar,0.5002700785326685,0.0,0.5002700785326685,0.11250502634479705
1314,batt_tim438,1,438,battery,0.2294744082046587,0.0,0.2294744082046587,0.04485914495172537
1315,pltd_tim439,1,439,diesel,0.009022871050475952,0.0961,-0.08707712894952405,0.0031586246705918894
1316,plts_tim439,1,439,solar,0.2732255526313465,0.0,0.2732255526313465,0.061249386307314815
1317,batt_tim439,1,439,battery,0.1375721263205139,0.0,0.1375721263205139,0.027570008597013532
1318,pltd_tim440,1,440,diesel,0.00827178685641788,0.0863,-0.07802821314358212,0.003056902279297172
1319,plts_tim440,1,440,solar,0.24599871960006242,0.0,0.24599871960006242,0.0547074228651986
1320,batt_tim440,1,440,battery,0.12189609935874707,0.0,0.12189609935874707,0.024533858098314033
1321,pltd_tim441,1,441,diesel,0.020567999999976477,0.1109,-0.09033200000002352,0.012215519733166423
1322,plts_tim441,1,441,solar,0.27001044438960714,0.0,0.27001044438960714,0.06072231251290096
1323,batt_tim441,1,441,battery,0.12385410780447123,0.0,0.12385410780447123,0.02421180786635725
1324,pltd_tim442,1,442,diesel,0.012969000000002229,0.0699,-0.056930999999997775,0.007702240781329316
1325,plts_tim442,1,442,solar,0.17025834809294926,0.0,0.17025834809294926,0.03828909674364
1326,batt_tim442,1,442,battery,0.07809808882361241,0.0,0.07809808882361241,0.01526712473655638
1327,pltd_tim443,1,443,diesel,0.02639451246782813,0.2252,-0.1988054875321719,0.009776136602370467
1328,plts_tim443,1,443,solar,0.6238761638214244,0.0,0.6238761638214244,0.14074836901649165
1329,batt_tim443,1,443,battery,0.31497006859741367,0.0,0.31497006859741367,0.06249980498311096
1330,pltd_tim444,1,444,diesel,0.01811099999997515,0.0977,-0.07958900000002485,0.01075605289565123
1331,plts_tim444,1,444,solar,0.23776093815654561,0.0,0.23776093815654561,0.05346973636101713
1332,batt_tim444,1,444,battery,0.1090619420057449,0.0,0.1090619420057449,0.02132012861227301
1333,pltd_tim445,1,445,diesel,0.055476999999986676,0.2991,-0.2436230000000133,0.03294812134644117
1334,plts_tim445,1,445,solar,0.7282776568116891,0.0,0.7282776568116891,0.16378135543406722
1335,batt_tim445,1,445,battery,0.3340610297030849,0.0,0.3340610297030849,0.06530440958218377
1336,pltd_tim446,1,446,diesel,0.025023999999984527,0.1349,-0.10987600000001546,0.01486172068822734
1337,plts_tim446,1,446,solar,0.32851518088761533,0.0,0.32851518088761533,0.07387933531035912
1338,batt_tim446,1,446,battery,0.15069134870668865,0.0,0.15069134870668865,0.029458125429717662
1339,pltd_tim447,1,447,diesel,0.025195999999985036,0.1359,-0.11070400000001496,0.01496404274423865
1340,plts_tim447,1,447,solar,0.3307634321781482,0.0,0.3307634321781482,0.07438479891497457
1341,batt_tim447,1,447,battery,0.15172094268706549,0.0,0.15172094268706549,0.02965941908046297
1342,pltd_tim448,1,448,diesel,0.012853630523705726,0.1097,-0.09684636947629428,0.0047605414854095165
1343,plts_tim448,1,448,solar,0.303832752617446,0.0,0.303832752617446,0.06854567422671093
1344,batt_tim448,1,448,battery,0.1533941644597478,0.0,0.1533941644597478,0.03043814043450065
1345,pltd_tim449,1,449,diesel,0.016464993640413598,0.1405,-0.12403500635958642,0.006098370791773913
1346,plts_tim449,1,449,solar,0.38917575827087053,0.0,0.38917575827087053,0.08779930386382867
1347,batt_tim449,1,449,battery,0.19647925673142275,0.0,0.19647925673142275,0.038987557091814944
1348,pltd_tim450,1,450,diesel,0.04930599999998673,0.2659,-0.2165940000000133,0.029282881294209064
1349,plts_tim450,1,450,solar,0.6472771339680645,0.0,0.6472771339680645,0.1455653072421516
1350,batt_tim450,1,450,battery,0.29690749475591904,0.0,0.29690749475591904,0.05804138701807808
1351,pltd_tim451,1,451,diesel,0.14151999999997633,0.7631,-0.6215800000000237,0.08404933221889027
1352,plts_tim451,1,451,solar,1.857824385180853,0.0,1.857824385180853,0.4178034551413191
1353,batt_tim451,1,451,battery,0.8521852154605243,0.0,0.8521852154605243,0.16659069272449512
1354,pltd_tim452,1,452,diesel,0.044677999999984036,0.2409,-0.19622200000001597,0.02653421919851619
1355,plts_tim452,1,452,solar,0.58652579069198,0.0,0.58652579069198,0.1319030300637147
1356,batt_tim452,1,452,battery,0.2690412073152094,0.0,0.2690412073152094,0.052593892288758784
1357,pltd_tim453,1,453,diesel,0.04467799999998358,0.2409,-0.19622200000001644,0.026534219198515816
1358,plts_tim453,1,453,solar,0.5865257906919829,0.0,0.5865257906919829,0.13190303006371523
1359,batt_tim453,1,453,battery,0.26904120731521103,0.0,0.26904120731521103,0.052593892288759214
1360,pltd_tim454,1,454,diesel,0.052448999999986944,0.2828,-0.23035100000001305,0.031149756029570038
1361,plts_tim454,1,454,solar,0.6885255620630415,0.0,0.6885255620630415,0.1548415190151884
1362,batt_tim454,1,454,battery,0.31582653610356626,0.0,0.31582653610356626,0.06173981617372825
1363,pltd_tim455,1,455,diesel,0.033479999999979304,0.1805,-0.1470200000000207,0.019883890117697704
1364,plts_tim455,1,455,solar,0.4395188193921136,0.0,0.4395188193921136,0.09884270920983608
1365,batt_tim455,1,455,battery,0.2016079658403046,0.0,0.2016079658403046,0.039411636950687993
1366,pltd_tim456,1,456,diesel,0.02307316785607381,0.2406,-0.2175268321439262,0.008526942542447359
1367,plts_tim456,1,456,solar,0.6861587708071772,0.0,0.6861587708071772,0.1525940075886133
1368,batt_tim456,1,456,battery,0.34000068757669094,0.0,0.34000068757669094,0.06843150133678898
1369,pltd_tim457,1,457,diesel,0.018730315807313335,0.1953,-0.17656968419268668,0.006921973633708612
1370,plts_tim457,1,457,solar,0.5570102432788308,0.0,0.5570102432788308,0.12387279909626843
1371,batt_tim457,1,457,battery,0.2760058476993607,0.0,0.2760058476993607,0.05555134651206749
1372,pltd_tim458,1,458,diesel,0.029779190155539027,0.3105,-0.28072080984446096,0.011004837070208662
1373,plts_tim458,1,458,solar,0.8855953905252011,0.0,0.8855953905252011,0.1969465147068646
1374,batt_tim458,1,458,battery,0.4388251296609754,0.0,0.4388251296609754,0.08832175611533827
1375,pltd_tim459,1,459,diesel,0.009276577162766775,0.0967,-0.08742342283723321,0.00342808451687453
1376,plts_tim459,1,459,solar,0.2758706786242528,0.0,0.2758706786242528,0.061350408364212725
1377,batt_tim459,1,459,battery,0.13669760337560716,0.0,0.13669760337560716,0.027512958719742218
1378,pltd_tim460,1,460,diesel,0.016425733669288442,0.1713,-0.15487426633071155,0.0060701729687137294
1379,plts_tim460,1,460,solar,0.4884827144700654,0.0,0.4884827144700654,0.10863306385078687
1380,batt_tim460,1,460,battery,0.24205015397888427,0.0,0.24205015397888427,0.04871711885954587
1381,pltd_tim461,1,461,diesel,0.02651644724201929,0.2659,-0.23938355275798073,0.008665926202764155
1382,plts_tim461,1,461,solar,0.753631250715737,0.0,0.753631250715737,0.16950987228818162
1383,batt_tim461,1,461,battery,0.378423404335361,0.0,0.378423404335361,0.07637790437198978
1384,pltd_tim462,1,462,diesel,0.027677994457436097,0.2668,-0.23912200554256388,0.008611012368609353
1385,plts_tim462,1,462,solar,0.7450101768359759,0.0,0.7450101768359759,0.17017692951866042
1386,batt_tim462,1,462,battery,0.38007686135627894,0.0,0.38007686135627894,0.0766033266809
1387,pltd_tim463,1,463,diesel,0.020059016618702942,0.2092,-0.18914098338129706,0.0074124541596177415
1388,plts_tim463,1,463,solar,0.5965492957754559,0.0,0.5965492957754559,0.13266594697484788
1389,batt_tim463,1,463,battery,0.295599877768357,0.0,0.295599877768357,0.05949498863680153
1390,pltd_tim464,1,464,diesel,0.02809486571715259,0.293,-0.2649051342828474,0.010382249400063564
1391,plts_tim464,1,464,solar,0.8355185659413944,0.0,0.8355185659413944,0.1858099830866454
1392,batt_tim464,1,464,battery,0.41401211767254015,0.0,0.41401211767254015,0.083327674911143
1393,pltd_tim465,1,465,diesel,0.014653248317776757,0.1528,-0.13814675168222323,0.00541527116838747
1394,plts_tim465,1,465,solar,0.4357682458406484,0.0,0.4357682458406484,0.0969099976027663
1395,batt_tim465,1,465,battery,0.21592916538653592,0.0,0.21592916538653592,0.043459778832717524
1396,pltd_tim466,1,466,diesel,0.04602715701183155,0.48,-0.4339728429881684,0.0170090484838634
1397,plts_tim466,1,466,solar,1.3688092189498977,0.0,1.3688092189498977,0.304407875186418
1398,batt_tim466,1,466,battery,0.6782655626785594,0.0,0.6782655626785594,0.13651361695395403
1399,pltd_tim467,1,467,diesel,0.004963064745792219,0.0518,-0.046836935254207776,0.0018341592275604032
1400,plts_tim467,1,467,solar,0.14759923176794498,0.0,0.14759923176794498,0.03282449712089556
1401,batt_tim467,1,467,battery,0.07313775162216705,0.0,0.07313775162216705,0.014720336138883162
1402,pltd_tim468,1,468,diesel,0.02327947964885754,0.2428,-0.21952052035114245,0.008602861826239478
1403,plts_tim468,1,468,solar,0.6923111395651895,0.0,0.6923111395651895,0.15396230009207265
1404,batt_tim468,1,468,battery,0.3430504789038449,0.0,0.3430504789038449,0.06904531098737271
1405,pltd_tim469,1,469,diesel,0.012644567539915325,0.1319,-0.11925543246008466,0.00467312676919679
1406,plts_tim469,1,469,solar,0.37602432778788947,0.0,0.37602432778788947,0.08362361760376052
1407,batt_tim469,1,469,battery,0.1863245473490023,0.0,0.1863245473490023,0.0375013079926548
1408,pltd_tim470,1,470,diesel,0.008005912296521483,0.0835,-0.07549408770347853,0.0029585268773597013
1409,plts_tim470,1,470,solar,0.23809218951140207,0.0,0.23809218951140207,0.05294908386669492
1410,batt_tim470,1,470,battery,0.11797840179556814,0.0,0.11797840179556814,0.02374535383963226
1411,pltd_tim471,1,471,diesel,0.016691714562242565,0.1741,-0.15740828543775745,0.006168513455118731
1412,plts_tim471,1,471,solar,0.49638924455963357,0.0,0.49638924455963357,0.1103914518494928
1413,batt_tim471,1,471,battery,0.2459678515428512,0.0,0.2459678515428512,0.04950562358479244
1414,pltd_tim472,1,472,diesel,0.006055864630661355,0.0632,-0.05714413536933865,0.0022376122611669005
1415,plts_tim472,1,472,solar,0.1801088348450185,0.0,0.1801088348450185,0.04005419624933276
1416,batt_tim472,1,472,battery,0.08924746224926448,0.0,0.08924746224926448,0.01796271028180788
1417,pltd_tim473,1,473,diesel,0.004017210220224919,0.0419,-0.03788278977977508,0.0014841836597252445
1418,plts_tim473,1,473,solar,0.11948783611823909,0.0,0.11948783611823909,0.026572820000874076
1419,batt_tim473,1,473,battery,0.059209466086200736,0.0,0.059209466086200736,0.011917001546425684
1420,pltd_tim474,1,474,diesel,0.005789740570863369,0.0604,-0.05461025942913663,0.0021391951383961418
1421,plts_tim474,1,474,solar,0.17220230475431844,0.0,0.17220230475431844,0.03829595525037585
1422,batt_tim474,1,474,battery,0.08533022468432064,0.0,0.08533022468432064,0.017174284704788653
1423,pltd_tim475,1,475,diesel,0.010724109007972715,0.1118,-0.10107589099202728,0.003963298956678369
1424,plts_tim475,1,475,solar,0.318918053781952,0.0,0.318918053781952,0.07092384423283062
1425,batt_tim475,1,475,battery,0.15802813591645817,0.0,0.15802813591645817,0.031806120533859915
1426,pltd_tim476,1,476,diesel,0.005435651931690631,0.0567,-0.05126434806830937,0.002008462126763854
1427,plts_tim476,1,476,solar,0.16165813061727835,0.0,0.16165813061727835,0.035950952623450584
1428,batt_tim476,1,476,battery,0.08010455051480604,0.0,0.08010455051480604,0.016122535508988227
1429,pltd_tim477,1,477,diesel,0.022795999999976505,0.1229,-0.1001040000000235,0.013538635133320152
1430,plts_tim477,1,477,solar,0.2992632748846999,0.0,0.2992632748846999,0.06730079953772725
1431,batt_tim477,1,477,battery,0.1372724507299689,0.0,0.1372724507299689,0.02683493385400775
1432,pltd_tim478,1,478,diesel,0.017459900441862946,0.1821,-0.16464009955813708,0.006452528199525934
1433,plts_tim478,1,478,solar,0.5192317541625403,0.0,0.5192317541625403,0.11547127059798319
1434,batt_tim478,1,478,battery,0.25728618611632964,0.0,0.25728618611632964,0.05178366010294704
1435,pltd_tim479,1,479,diesel,0.0337740000000264,0.1778,-0.14402599999997362,0.02019542350160188
1436,plts_tim479,1,479,solar,0.43572049390810735,0.0,0.43572049390810735,0.09656118953258792
1437,batt_tim479,1,479,battery,0.19328436700347337,0.0,0.19328436700347337,0.03799868735507373
1438,pltd_tim480,1,480,diesel,0.01508299999999079,0.0813,-0.06621700000000921,0.008957717595846768
1439,plts_tim480,1,480,solar,0.19800937168905178,0.0,0.19800937168905178,0.044530053514799585
1440,batt_tim480,1,480,battery,0.0908276898054412,0.0,0.0908276898054412,0.0177555825367975
1441,pltd_tim481,1,481,diesel,0.03187999999997719,0.1719,-0.1400200000000228,0.018933554490582878
1442,plts_tim481,1,481,solar,0.4185183342971408,0.0,0.4185183342971408,0.09412011856205743
1443,batt_tim481,1,481,battery,0.19197598857725412,0.0,0.19197598857725412,0.03752869850882692
1444,pltd_tim482,1,482,diesel,0.031316000000026184,0.1648,-0.13348399999997382,0.018725643281524703
1445,plts_tim482,1,482,solar,0.4040034522259724,0.0,0.4040034522259724,0.0895321827894792
1446,batt_tim482,1,482,battery,0.17921393982220354,0.0,0.17921393982220354,0.03523253002668458
1447,pltd_tim483,1,483,diesel,0.06743100000002733,0.3549,-0.28746899999997266,0.040320845860850205
1448,plts_tim483,1,483,solar,0.8699309323247069,0.0,0.8699309323247069,0.192787619051042
1449,batt_tim483,1,483,battery,0.38589849831271544,0.0,0.38589849831271544,0.07586564733741355
1450,pltd_tim484,1,484,diesel,0.011344464874472215,0.1183,-0.10695553512552779,0.004192500872843862
1451,plts_tim484,1,484,solar,0.3373687580066251,0.0,0.3373687580066251,0.07502700185803113
1452,batt_tim484,1,484,battery,0.16717058764826143,0.0,0.16717058764826143,0.03364622246492929
1453,pltd_tim485,1,485,diesel,0.025823999999984835,0.1392,-0.11337600000001516,0.015336749895726516
1454,plts_tim485,1,485,solar,0.33901586171378684,0.0,0.33901586171378684,0.07624076833549463
1455,batt_tim485,1,485,battery,0.1555076134258535,0.0,0.1555076134258535,0.030399647524131913
1456,pltd_tim486,1,486,diesel,0.021138999999975674,0.114,-0.09286100000002433,0.012554460804454212
1457,plts_tim486,1,486,solar,0.27751237255366074,0.0,0.27751237255366074,0.06240943331404814
1458,batt_tim486,1,486,battery,0.12729607635616014,0.0,0.12729607635616014,0.024884651080087437
1459,pltd_tim487,1,487,diesel,0.031078000000018934,0.1762,-0.14512199999998107,0.019153825432281175
1460,plts_tim487,1,487,solar,0.44041084964306293,0.0,0.44041084964306293,0.09677479775975686
1461,batt_tim487,1,487,battery,0.19526861137635398,0.0,0.19526861137635398,0.038681996422800013
1462,pltd_tim488,1,488,diesel,0.0277099999999847,0.1494,-0.1216900000000153,0.01645709113776547
1463,plts_tim488,1,488,solar,0.3637637997929768,0.0,0.3637637997929768,0.08180635917196205
1464,batt_tim488,1,488,battery,0.16685859191948021,0.0,0.16685859191948021,0.03261859907131803
1465,pltd_tim489,1,489,diesel,0.019831000000017057,0.1124,-0.09256899999998294,0.012283893509455104
1466,plts_tim489,1,489,solar,0.27509145262528223,0.0,0.27509145262528223,0.061711990034774164
1467,batt_tim489,1,489,battery,0.12654836786851703,0.0,0.12654836786851703,0.024796233280187267
1468,pltd_tim490,1,490,diesel,0.014911999999994863,0.0804,-0.06548800000000514,0.008856426968313971
1469,plts_tim490,1,490,solar,0.1957567875437588,0.0,0.1957567875437588,0.044023402199488935
1470,batt_tim490,1,490,battery,0.0897930795043737,0.0,0.0897930795043737,0.017553350560087288
1471,pltd_tim491,1,491,diesel,0.029137999999981165,0.1571,-0.12796200000001884,0.01730504254257588
1472,plts_tim491,1,491,solar,0.3825164777431386,0.0,0.3825164777431386,0.08602356874433366
1473,batt_tim491,1,491,battery,0.1754611415251065,0.0,0.1754611415251065,0.03430027892474798
1474,pltd_tim492,1,492,diesel,0.011254999999999647,0.0607,-0.04944500000000035,0.006684352069362863
1475,plts_tim492,1,492,solar,0.14775671645046942,0.0,0.14775671645046942,0.03322882730803021
1476,batt_tim492,1,492,battery,0.06777680886594781,0.0,0.06777680886594781,0.013249440777516388
1477,pltd_tim493,1,493,diesel,0.08849999999997847,0.4772,-0.38870000000002153,0.052560410078800655
1478,plts_tim493,1,493,solar,1.1617965466777787,0.0,1.1617965466777787,0.2612748734951923
1479,batt_tim493,1,493,battery,0.5329175500292801,0.0,0.5329175500292801,0.1041781552879481
1480,pltd_tim494,1,494,diesel,0.031308999999977175,0.1688,-0.13749100000002284,0.018594518001554747
1481,plts_tim494,1,494,solar,0.4110168502787884,0.0,0.4110168502787884,0.09243303629011417
1482,batt_tim494,1,494,battery,0.18853418634850058,0.0,0.18853418634850058,0.036855888971807395
1483,pltd_tim495,1,495,diesel,0.056275999999986455,0.3035,-0.24722400000001354,0.033422279957739214
1484,plts_tim495,1,495,solar,0.7387823222164636,0.0,0.7387823222164636,0.16614376734008032
1485,batt_tim495,1,495,battery,0.338881539966932,0.0,0.338881539966932,0.0662467598077839
1486,pltd_tim496,1,496,diesel,0.01733170045821019,0.1479,-0.1305682995417898,0.006419286736709543
1487,plts_tim496,1,496,solar,0.4096589935479575,0.0,0.4096589935479575,0.0924203174839539
1488,batt_tim496,1,496,battery,0.20682040679559455,0.0,0.20682040679559455,0.041039556715952545
1489,pltd_tim497,1,497,diesel,0.015711999999976925,0.0847,-0.06898800000002307,0.009331447952070217
1490,plts_tim497,1,497,solar,0.2062570359583496,0.0,0.2062570359583496,0.046384933351355656
1491,batt_tim497,1,497,battery,0.0946101083712729,0.0,0.0946101083712729,0.01849498232825969
1492,pltd_tim498,1,498,diesel,0.023081999999976902,0.1245,-0.1014180000000231,0.013708518962458907
1493,plts_tim498,1,498,solar,0.30301201237121805,0.0,0.30301201237121805,0.06814393846432751
1494,batt_tim498,1,498,battery,0.13899167815585822,0.0,0.13899167815585822,0.027171001799694377
1495,pltd_tim499,1,499,diesel,0.011769000000001984,0.0635,-0.051730999999998015,0.006989546782398724
1496,plts_tim499,1,499,solar,0.15450822737844774,0.0,0.15450822737844774,0.034747163533275324
1497,batt_tim499,1,499,battery,0.07087415030687344,0.0,0.07087415030687344,0.013854936041585606
1498,pltd_tim500,1,500,diesel,0.026795999999985966,0.1445,-0.11770400000001402,0.015914300212062592
1499,plts_tim500,1,500,solar,0.35176268070559524,0.0,0.35176268070559524,0.0791074186745348
1500,batt_tim500,1,500,battery,0.16135319652826602,0.0,0.16135319652826602,0.03154235726052791
1501,pltd_tim501,1,501,diesel,0.02033999999997665,0.1097,-0.08936000000002335,0.012080267218089837
1502,plts_tim501,1,501,solar,0.26700864337505764,0.0,0.26700864337505764,0.06004713131613491
1503,batt_tim501,1,501,battery,0.12247571151164176,0.0,0.12247571151164176,0.02394236661047444
1504,pltd_tim502,1,502,diesel,0.0213679999999753,0.1152,-0.0938320000000247,0.012690537295701517
1505,plts_tim502,1,502,solar,0.2805116652310421,0.0,0.2805116652310421,0.06308378376663078
1506,batt_tim502,1,502,battery,0.12867062439351443,0.0,0.12867062439351443,0.025153399301817154
1507,pltd_tim503,1,503,diesel,0.02868099999998216,0.1547,-0.12601900000001784,0.017033643395292432
1508,plts_tim503,1,503,solar,0.3765156961265971,0.0,0.3765156961265971,0.08467415473101815
1509,batt_tim503,1,503,battery,0.17270847566803235,0.0,0.17270847566803235,0.033762158300197506
1510,pltd_tim504,1,504,diesel,0.02502399999998372,0.1349,-0.10987600000001627,0.014861720688226644
1511,plts_tim504,1,504,solar,0.3285151808876197,0.0,0.3285151808876197,0.07387933531035992
1512,batt_tim504,1,504,battery,0.1506913487066918,0.0,0.1506913487066918,0.02945812542971824
1513,pltd_tim505,1,505,diesel,0.02616699999998585,0.1411,-0.11493300000001415,0.015540600688287973
1514,plts_tim505,1,505,solar,0.3435148364312758,0.0,0.3435148364312758,0.07725256809512925
1515,batt_tim505,1,505,battery,0.1575708473392023,0.0,0.1575708473392023,0.030802980004462206
1516,pltd_tim506,1,506,diesel,0.02708099999998568,0.146,-0.11891900000001432,0.01608331742918544
1517,plts_tim506,1,506,solar,0.35551605138821263,0.0,0.35551605138821263,0.0799515462919449
1518,batt_tim506,1,506,battery,0.16307632827735163,0.0,0.16307632827735163,0.03187921362998548
1519,pltd_tim507,1,507,diesel,0.03325199999997738,0.1793,-0.1460480000000226,0.019748559766962877
1520,plts_tim507,1,507,solar,0.4365164900963522,0.0,0.4365164900963522,0.0981676094403945
1521,batt_tim507,1,507,battery,0.20023024814820123,0.0,0.20023024814820123,0.0391422926322159
1522,pltd_tim508,1,508,diesel,0.008798999999997064,0.0474,-0.03860100000000293,0.005225987167911089
1523,plts_tim508,1,508,solar,0.11550234908145599,0.0,0.11550234908145599,0.02597513687277983
1524,batt_tim508,1,508,battery,0.05297984534727318,0.0,0.05297984534727318,0.010356844880480671
1525,pltd_tim509,1,509,diesel,0.011254999999999748,0.0607,-0.04944500000000025,0.006684352069362852
1526,plts_tim509,1,509,solar,0.14775671645046834,0.0,0.14775671645046834,0.03322882730803022
1527,batt_tim509,1,509,battery,0.06777680886594814,0.0,0.06777680886594814,0.01324944077751643
1528,pltd_tim510,1,510,diesel,0.009369999999996674,0.0505,-0.04113000000000333,0.005565050211362673
1529,plts_tim510,1,510,solar,0.12300409724042162,0.0,0.12300409724042162,0.027662133931062604
1530,batt_tim510,1,510,battery,0.05642142327567101,0.0,0.05642142327567101,0.011029639763996023
1531,pltd_tim511,1,511,diesel,0.023424999999976426,0.1263,-0.10287500000002357,0.013912225272523959
1532,plts_tim511,1,511,solar,0.30751182744533073,0.0,0.30751182744533073,0.06915588743267477
1533,batt_tim511,1,511,battery,0.1410554319416055,0.0,0.1410554319416055,0.02757443746927899
1534,pltd_tim512,1,512,diesel,0.012912000000004418,0.0696,-0.056687999999995575,0.0076682282334275004
1535,plts_tim512,1,512,solar,0.16950815879674766,0.0,0.16950815879674766,0.038120564760297196
1536,batt_tim512,1,512,battery,0.07775481510960926,0.0,0.07775481510960926,0.015199971871677206
1537,pltd_tim513,1,513,diesel,0.017710999999966552,0.0955,-0.07778900000003344,0.010518453480602907
1538,plts_tim513,1,513,solar,0.23251096998703122,0.0,0.23251096998703122,0.05228913260311886
1539,batt_tim513,1,513,battery,0.10665402680892234,0.0,0.10665402680892234,0.02084940582593196
1540,pltd_tim514,1,514,diesel,0.024795999999983113,0.1337,-0.1089040000000169,0.014726430280075456
1541,plts_tim514,1,514,solar,0.3255136440136854,0.0,0.3255136440136854,0.07320427689993354
1542,batt_tim514,1,514,battery,0.1493134181135068,0.0,0.1493134181135068,0.02918876624193151
1543,pltd_tim515,1,515,diesel,0.021024999999975865,0.1134,-0.09237500000002413,0.012486835906301173
1544,plts_tim515,1,515,solar,0.27601122600614664,0.0,0.27601122600614664,0.062071813526216116
1545,batt_tim515,1,515,battery,0.12660677366154435,0.0,0.12660677366154435,0.024749912102107325
1546,pltd_tim516,1,516,diesel,0.024966999999983756,0.1346,-0.10963300000001625,0.014827798782153526
1547,plts_tim516,1,516,solar,0.32776502779217026,0.0,0.32776502779217026,0.0737106655207996
1548,batt_tim516,1,516,battery,0.15034718729558075,0.0,0.15034718729558075,0.029390828388154936
1549,pltd_tim517,1,517,diesel,0.019596999999977886,0.1057,-0.08610300000002212,0.011638859746033396
1550,plts_tim517,1,517,solar,0.2572591722067761,0.0,0.2572591722067761,0.05785466122591314
1551,batt_tim517,1,517,battery,0.11800455100214449,0.0,0.11800455100214449,0.023068295710003864
1552,pltd_tim518,1,518,diesel,0.012512000000003139,0.0675,-0.054987999999996866,0.0074309128139328955
1553,plts_tim518,1,518,solar,0.16425804682285278,0.0,0.16425804682285278,0.03693968445330764
1554,batt_tim518,1,518,battery,0.07534539159235105,0.0,0.07534539159235105,0.014729020108030063
1555,pltd_tim519,1,519,diesel,0.010283999999996449,0.0555,-0.04521600000000355,0.006107808908811952
1556,plts_tim519,1,519,solar,0.13500500012196157,0.0,0.13500500012196157,0.03036111649184435
1557,batt_tim519,1,519,battery,0.0619268557407096,0.0,0.0619268557407096,0.012105858624456565
1558,pltd_tim520,1,520,diesel,0.029594999999980734,0.1596,-0.13000500000001924,0.01757651615130407
1559,plts_tim520,1,520,solar,0.38851650313858865,0.0,0.38851650313858865,0.08737289159241189
1560,batt_tim520,1,520,battery,0.1782131325861358,0.0,0.1782131325861358,0.03483826893152528
1561,pltd_tim521,1,521,diesel,0.023110872855239276,0.1282,-0.10508912714476074,0.014044481742865664
1562,plts_tim521,1,521,solar,0.3198773414449341,0.0,0.3198773414449341,0.07022449067030988
1563,batt_tim521,1,521,battery,0.14009036382247927,0.0,0.14009036382247927,0.027896844828862146
1564,pltd_tim522,1,522,diesel,0.019554950428329106,0.1084,-0.08884504957167089,0.01188351512560815
1565,plts_tim522,1,522,solar,0.27066653988390804,0.0,0.27066653988390804,0.059421040830890885
1566,batt_tim522,1,522,battery,0.11853931774240842,0.0,0.11853931774240842,0.02360528021863627
1567,pltd_tim523,1,523,diesel,0.008398999999995237,0.0453,-0.03690100000000476,0.0049883263290948455
1568,plts_tim523,1,523,solar,0.11025287299238391,0.0,0.11025287299238391,0.024794548493771763
1569,batt_tim523,1,523,battery,0.05057213924682183,0.0,0.05057213924682183,0.009886176951011289
1570,pltd_tim524,1,524,diesel,0.019165985160611625,0.1063,-0.08713401483938837,0.011647054826032443
1571,plts_tim524,1,524,solar,0.26528477702349357,0.0,0.26528477702349357,0.058239525540634066
1572,batt_tim524,1,524,battery,0.11618253654411755,0.0,0.11618253654411755,0.02313596580174689
1573,pltd_tim525,1,525,diesel,0.01766595503893132,0.098,-0.08033404496106869,0.010735526769360888
1574,plts_tim525,1,525,solar,0.24452315298497806,0.0,0.24452315298497806,0.05368167598446139
1575,batt_tim525,1,525,battery,0.10709021796366368,0.0,0.10709021796366368,0.0213253662476379
1576,pltd_tim526,1,526,diesel,0.009531703100218529,0.0813,-0.07176829689978147,0.003529993257497927
1577,plts_tim526,1,526,solar,0.22531558805901164,0.0,0.22531558805901164,0.050831892823595314
1578,batt_tim526,1,526,battery,0.11375403071412873,0.0,0.11375403071412873,0.022572320238524617
1579,pltd_tim527,1,527,diesel,0.009315512367509484,0.0795,-0.07018448763249052,0.0034502844040060813
1580,plts_tim527,1,527,solar,0.22019192323951295,0.0,0.22019192323951295,0.04967600770871599
1581,batt_tim527,1,527,battery,0.11116641095220788,0.0,0.11116641095220788,0.02205885978781261
1582,pltd_tim528,1,528,diesel,0.009026369047271283,0.077,-0.06797363095272871,0.003343028323221865
1583,plts_tim528,1,528,solar,0.2133660821452756,0.0,0.2133660821452756,0.04813599347516893
1584,batt_tim528,1,528,battery,0.1077205324283429,0.0,0.1077205324283429,0.021375103514050944
1585,pltd_tim529,1,529,diesel,0.04404999999998313,0.2375,-0.19345000000001686,0.02616162755325146
1586,plts_tim529,1,529,solar,0.5782726411360049,0.0,0.5782726411360049,0.13004684867173893
1587,batt_tim529,1,529,battery,0.26525366408326395,0.0,0.26525366408326395,0.05185351801063133
1588,pltd_tim530,1,530,diesel,0.014151239664726164,0.1476,-0.13344876033527384,0.0052297174845935485
1589,plts_tim530,1,530,solar,0.420832266327409,0.0,0.420832266327409,0.09358841785300412
1590,batt_tim530,1,530,battery,0.20852806837711083,0.0,0.20852806837711083,0.041970167547809065
1591,pltd_tim531,1,531,diesel,0.02141149824050245,0.1827,-0.16128850175949755,0.007930339155428017
1592,plts_tim531,1,531,solar,0.5061004169777981,0.0,0.5061004169777981,0.11417780541056355
1593,batt_tim531,1,531,battery,0.25551009797420166,0.0,0.25551009797420166,0.0507011154313553
1594,pltd_tim532,1,532,diesel,0.02603326279648044,0.2221,-0.19606673720351955,0.00964224341465416
1595,plts_tim532,1,532,solar,0.6153424344560652,0.0,0.6153424344560652,0.13882318274474922
1596,batt_tim532,1,532,battery,0.31066218681944113,0.0,0.31066218681944113,0.061644982534635503
1597,pltd_tim533,1,533,diesel,0.010340999999996431,0.0558,-0.04545900000000357,0.0061415042533711885
1598,plts_tim533,1,533,solar,0.1357561735791116,0.0,0.1357561735791116,0.030530041232980046
1599,batt_tim533,1,533,battery,0.062271927647503875,0.0,0.062271927647503875,0.012173312107088005
1600,pltd_tim534,1,534,diesel,0.014911999999993765,0.0804,-0.06548800000000624,0.008856426968312934
1601,plts_tim534,1,534,solar,0.19575678754376338,0.0,0.19575678754376338,0.04402340219949014
1602,batt_tim534,1,534,battery,0.08979307950437863,0.0,0.08979307950437863,0.01755335056008829
1603,pltd_tim535,1,535,diesel,0.01977700000001718,0.1121,-0.09232299999998282,0.012250632958827641
1604,plts_tim535,1,535,solar,0.27433635375067666,0.0,0.27433635375067666,0.06154244615646471
1605,batt_tim535,1,535,battery,0.12619953522337035,0.0,0.12619953522337035,0.02472791828114946
1606,pltd_tim536,1,536,diesel,0.015654999999988643,0.0844,-0.06874500000001135,0.009297840651614498
1607,plts_tim536,1,536,solar,0.20550541835545105,0.0,0.20550541835545105,0.04621585008100422
1608,batt_tim536,1,536,battery,0.09426441014149606,0.0,0.09426441014149606,0.0184274104537078
1609,pltd_tim537,1,537,diesel,0.018510999999976234,0.0998,-0.08128900000002376,0.010993682881755944
1610,plts_tim537,1,537,solar,0.24301103839640564,0.0,0.24301103839640564,0.05465041101209246
1611,batt_tim537,1,537,battery,0.11146974505241745,0.0,0.11146974505241745,0.021790831915067286
1612,pltd_tim538,1,538,diesel,0.012055000000003167,0.065,-0.052944999999996835,0.007159426225661978
1613,plts_tim538,1,538,solar,0.15825754108096715,0.0,0.15825754108096715,0.03559031688224683
1614,batt_tim538,1,538,battery,0.07259343190550947,0.0,0.07259343190550947,0.014191020719629197
1615,pltd_tim539,1,539,diesel,0.01577712892970859,0.0875,-0.0717228710702914,0.009587714515492462
1616,plts_tim539,1,539,solar,0.21837976608516377,0.0,0.21837976608516377,0.04794214713784437
1617,batt_tim539,1,539,battery,0.09564042818419913,0.0,0.09564042818419913,0.01904532610017398
1618,pltd_tim540,1,540,diesel,0.01159680816405295,0.1235,-0.11190319183594705,0.004059764169295741
1619,plts_tim540,1,540,solar,0.35116478924532263,0.0,0.35116478924532263,0.07872108251557754
1620,batt_tim540,1,540,battery,0.17681474061637165,0.0,0.17681474061637165,0.03543440201352745
1621,pltd_tim541,1,541,diesel,0.0323949999999774,0.1747,-0.1423050000000226,0.019239630961212312
1622,plts_tim541,1,541,solar,0.425265248229778,0.0,0.425265248229778,0.09563733529027516
1623,batt_tim541,1,541,battery,0.19506876799787376,0.0,0.19506876799787376,0.038133308031641104
1624,pltd_tim542,1,542,diesel,0.016021390000589934,0.1707,-0.15467860999941005,0.005608681993223979
1625,plts_tim542,1,542,solar,0.4851508665322265,0.0,0.4851508665322265,0.1087568589419929
1626,batt_tim542,1,542,battery,0.24427802767645176,0.0,0.24427802767645176,0.04895433191385825
1627,pltd_tim543,1,543,diesel,0.013071400127509264,0.1392,-0.12612859987249073,0.0045760238164265455
1628,plts_tim543,1,543,solar,0.3958269076732941,0.0,0.3958269076732941,0.0887330194365627
1629,batt_tim543,1,543,battery,0.19930258404264897,0.0,0.19930258404264897,0.03994107186283303
1630,pltd_tim544,1,544,diesel,0.01411268045628774,0.1503,-0.13618731954371224,0.00494045718010531
1631,plts_tim544,1,544,solar,0.42735292134380803,0.0,0.42735292134380803,0.09580030855578439
1632,batt_tim544,1,544,battery,0.2151766788249405,0.0,0.2151766788249405,0.043122282148815826
1633,pltd_tim545,1,545,diesel,0.023832536494914545,0.1322,-0.10836746350508547,0.01448302244581041
1634,plts_tim545,1,545,solar,0.3298754397621331,0.0,0.3298754397621331,0.0724194506458656
1635,batt_tim545,1,545,battery,0.14446981000595524,0.0,0.14446981000595524,0.028768954661432245
1636,pltd_tim546,1,546,diesel,0.009456516018487104,0.1007,-0.0912434839815129,0.0033104899915031767
1637,plts_tim546,1,546,solar,0.2863616573888049,0.0,0.2863616573888049,0.0641940431090784
1638,batt_tim546,1,546,battery,0.14418587496450003,0.0,0.14418587496450003,0.028895462856336523
1639,pltd_tim547,1,547,diesel,0.016079111322786038,0.1713,-0.15522088867721398,0.005628851312578951
1640,plts_tim547,1,547,solar,0.4869022272497629,0.0,0.4869022272497629,0.10914951855940459
1641,batt_tim547,1,547,battery,0.24516030791414234,0.0,0.24516030791414234,0.04913113328416626
1642,pltd_tim548,1,548,diesel,0.019784000000026045,0.1041,-0.08431599999997395,0.011829864746971378
1643,plts_tim548,1,548,solar,0.25524217652377157,0.0,0.25524217652377157,0.056564816292284034
1644,batt_tim548,1,548,battery,0.11322537029358189,0.0,0.11322537029358189,0.02225953222673703
1645,pltd_tim549,1,549,diesel,0.05209500000002747,0.2742,-0.22210499999997252,0.031150451008345632
1646,plts_tim549,1,549,solar,0.6720832333259639,0.0,0.6720832333259639,0.14894206148176467
1647,batt_tim549,1,549,battery,0.29813449827369226,0.0,0.29813449827369226,0.05861169284655285
1648,pltd_tim550,1,550,diesel,0.025170000000025852,0.1325,-0.10732999999997415,0.01505066107396938
1649,plts_tim550,1,550,solar,0.3247118285912818,0.0,0.3247118285912818,0.07196029893508495
1650,batt_tim550,1,550,battery,0.1440405691651563,0.0,0.1440405691651563,0.028317618018649928
1651,pltd_tim551,1,551,diesel,0.01598000000002715,0.0841,-0.06811999999997284,0.00955534745890575
1652,plts_tim551,1,551,solar,0.20615477213328676,0.0,0.20615477213328676,0.04568644860022979
1653,batt_tim551,1,551,battery,0.09144908202960546,0.0,0.09144908202960546,0.01797841799253461
1654,pltd_tim552,1,552,diesel,0.0256529999999853,0.1383,-0.11264700000001471,0.015235519612692369
1655,plts_tim552,1,552,solar,0.3367631934329833,0.0,0.3367631934329833,0.07573419797671326
1656,batt_tim552,1,552,battery,0.15447338804845098,0.0,0.15447338804845098,0.03019746128954411
1657,pltd_tim553,1,553,diesel,0.019258000000026226,0.1014,-0.08214199999997378,0.011515492422423257
1658,plts_tim553,1,553,solar,0.2484424923983271,0.0,0.2484424923983271,0.05505800309552107
1659,batt_tim553,1,553,battery,0.11020796273730471,0.0,0.11020796273730471,0.021666305447845743
1660,pltd_tim554,1,554,diesel,0.03798800000002708,0.1999,-0.1619119999999729,0.022715116656195165
1661,plts_tim554,1,554,solar,0.49009360255694573,0.0,0.49009360255694573,0.1086108599273633
1662,batt_tim554,1,554,battery,0.2174046261150042,0.0,0.2174046261150042,0.04274063536149073
1663,pltd_tim555,1,555,diesel,0.010595000000024404,0.0558,-0.0452049999999756,0.006335441462187981
1664,plts_tim555,1,555,solar,0.1366801766607205,0.0,0.1366801766607205,0.03029005840424686
1665,batt_tim555,1,555,battery,0.06063025122354196,0.0,0.06063025122354196,0.011919581555672623
1666,pltd_tim556,1,556,diesel,0.029137999999981245,0.1571,-0.12796200000001876,0.017305042542575956
1667,plts_tim556,1,556,solar,0.38251647774313835,0.0,0.38251647774313835,0.08602356874433358
1668,batt_tim556,1,556,battery,0.1754611415251061,0.0,0.1754611415251061,0.034300278924747914
1669,pltd_tim557,1,557,diesel,0.03035854553423648,0.1482,-0.11784145446576352,0.0192155472899594
1670,plts_tim557,1,557,solar,0.35218823529214527,0.0,0.35218823529214527,0.07780560710970255
1671,batt_tim557,1,557,battery,0.15333456324540504,0.0,0.15333456324540504,0.029969880035646254
1672,pltd_tim558,1,558,diesel,0.03336400000002632,0.1756,-0.1422359999999737,0.019950173156704894
1673,plts_tim558,1,558,solar,0.4304363622778225,0.0,0.4304363622778225,0.0953900902631126
1674,batt_tim558,1,558,battery,0.190940621077767,0.0,0.190940621077767,0.03753794701129298
1675,pltd_tim559,1,559,diesel,0.018453999999976028,0.0995,-0.08104600000002397,0.010959839767593947
1676,plts_tim559,1,559,solar,0.24226017701464875,0.0,0.24226017701464875,0.05448159490699055
1677,batt_tim559,1,559,battery,0.11112518161873473,0.0,0.11112518161873473,0.021723471373498462
1678,pltd_tim560,1,560,diesel,0.030203000000025994,0.159,-0.12879699999997402,0.018060056970066293
1679,plts_tim560,1,560,solar,0.38965842070503054,0.0,0.38965842070503054,0.08635320910197831
1680,batt_tim560,1,560,battery,0.17285196406349015,0.0,0.17285196406349015,0.03398180871991931
1681,pltd_tim561,1,561,diesel,0.022395999999975255,0.1208,-0.09840400000002475,0.013300852977678478
1682,plts_tim561,1,561,solar,0.2940143750116287,0.0,0.2940143750116287,0.0661204515810916
1683,batt_tim561,1,561,battery,0.1348654888022704,0.0,0.1348654888022704,0.02636438222489626
1684,pltd_tim562,1,562,diesel,0.016960999997954362,0.0786,-0.06163900000204564,0.010798415440055976
1685,plts_tim562,1,562,solar,0.18381550474344993,0.0,0.18381550474344993,0.04053370292065071
1686,batt_tim562,1,562,battery,0.07854518174384446,0.0,0.07854518174384446,0.01531961055044934
1687,pltd_tim563,1,563,diesel,0.026750000000025906,0.1408,-0.1140499999999741,0.01599540156375488
1688,plts_tim563,1,563,solar,0.34510234021831665,0.0,0.34510234021831665,0.07647904736561204
1689,batt_tim563,1,563,battery,0.15308624480293206,0.0,0.15308624480293206,0.03009596128787243
1690,pltd_tim564,1,564,diesel,0.013404000000027318,0.0705,-0.057095999999972676,0.008015026405054823
1691,plts_tim564,1,564,solar,0.17293011487469107,0.0,0.17293011487469107,0.03832345453628818
1692,batt_tim564,1,564,battery,0.07671147233007526,0.0,0.07671147233007526,0.01508108434344832
1693,pltd_tim565,1,565,diesel,0.012798000000002623,0.069,-0.05620199999999738,0.007600936647919154
1694,plts_tim565,1,565,solar,0.16800594395275867,0.0,0.16800594395275867,0.037782603171197485
1695,batt_tim565,1,565,battery,0.07706409914585109,0.0,0.07706409914585109,0.015064993253264049
1696,pltd_tim566,1,566,diesel,0.03633234491017758,0.2015,-0.16516765508982242,0.022079073999900455
1697,plts_tim566,1,566,solar,0.5028858039359853,0.0,0.5028858039359853,0.1104015894046351
1698,batt_tim566,1,566,battery,0.22024046180811946,0.0,0.22024046180811946,0.04385748562500049
1699,pltd_tim567,1,567,diesel,0.010221950377030227,0.0567,-0.04647804962296977,0.006211742761948476
1700,plts_tim567,1,567,solar,0.14148521438656436,0.0,0.14148521438656436,0.03106109061617626
1701,batt_tim567,1,567,battery,0.061964080802411586,0.0,0.061964080802411586,0.012339186073247467
1702,pltd_tim568,1,568,diesel,0.015332669132193184,0.085,-0.06966733086780683,0.009317622684497645
1703,plts_tim568,1,568,solar,0.21222782161357068,0.0,0.21222782161357068,0.04659169243140326
1704,batt_tim568,1,568,battery,0.09294635123104644,0.0,0.09294635123104644,0.018508828972012288
1705,pltd_tim569,1,569,diesel,0.046109948337212,0.2557,-0.209590051662788,0.028020861293809783
1706,plts_tim569,1,569,solar,0.6382190738802129,0.0,0.6382190738802129,0.14011205432055618
1707,batt_tim569,1,569,battery,0.27951000568116785,0.0,0.27951000568116785,0.05566009945833648
1708,pltd_tim570,1,570,diesel,0.014610861919380418,0.081,-0.06638913808061958,0.008879089183724861
1709,plts_tim570,1,570,solar,0.202229723295382,0.0,0.202229723295382,0.04439673345563784
1710,batt_tim570,1,570,battery,0.08856667504676573,0.0,0.08856667504676573,0.017636687189839614
1711,pltd_tim571,1,571,diesel,0.014225999999999133,0.0767,-0.06247400000000087,0.008448770622189825
1712,plts_tim571,1,571,solar,0.18675906604861692,0.0,0.18675906604861692,0.04199996527277223
1713,batt_tim571,1,571,battery,0.08566704507441053,0.0,0.08566704507441053,0.016746750796203812
1714,pltd_tim572,1,572,diesel,0.04392837098938896,0.2144,-0.17047162901061105,0.02780476873669826
1715,plts_tim572,1,572,solar,0.5096104575157766,0.0,0.5096104575157766,0.11258348812866327
1716,batt_tim572,1,572,battery,0.22187253311320052,0.0,0.22187253311320052,0.0433659204247605
1717,pltd_tim573,1,573,diesel,0.00902699999999728,0.0487,-0.03967300000000272,0.005361057729200031
1718,plts_tim573,1,573,solar,0.1185053504627916,0.0,0.1185053504627916,0.0266505167639852
1719,batt_tim573,1,573,battery,0.054358852759075184,0.0,0.054358852759075184,0.01062641695724617
1720,pltd_tim574,1,574,diesel,0.012969000000003943,0.0699,-0.05693099999999606,0.007702240781331057
1721,plts_tim574,1,574,solar,0.17025834809294346,0.0,0.17025834809294346,0.038289096743637945
1722,batt_tim574,1,574,battery,0.07809808882360365,0.0,0.07809808882360365,0.015267124736554628
1723,pltd_tim575,1,575,diesel,0.00757413889509416,0.037,-0.02942586110490584,0.0047939953150967106
1724,plts_tim575,1,575,solar,0.08786405227261739,0.0,0.08786405227261739,0.019410937450654715
1725,batt_tim575,1,575,battery,0.038253674309374576,0.0,0.038253674309374576,0.007476840625882172
1726,pltd_tim576,1,576,diesel,0.037193999999982665,0.2006,-0.16340600000001734,0.022089577329580896
1727,plts_tim576,1,576,solar,0.4882701118773024,0.0,0.4882701118773024,0.10980635369211655
1728,batt_tim576,1,576,battery,0.2239700411589561,0.0,0.2239700411589561,0.043783109421652415
1729,pltd_tim577,1,577,diesel,0.02011099999997729,0.1084,-0.08828900000002271,0.011944002672850762
1730,plts_tim577,1,577,solar,0.26401055106446275,0.0,0.26401055106446275,0.05937298855799153
1731,batt_tim577,1,577,battery,0.12110200459325966,0.0,0.12110200459325966,0.023673803761627293
1732,pltd_tim578,1,578,diesel,0.023938999999977825,0.1291,-0.10516100000002217,0.014217615049247744
1733,plts_tim578,1,578,solar,0.31426182593113494,0.0,0.31426182593113494,0.07067385632744723
1734,batt_tim578,1,578,battery,0.14415165379044814,0.0,0.14415165379044814,0.02817971635700321
1735,pltd_tim579,1,579,diesel,0.023888690537409614,0.1325,-0.1086113094625904,0.014517297291451051
1736,plts_tim579,1,579,solar,0.33064086716541696,0.0,0.33064086716541696,0.07258765625075023
1737,batt_tim579,1,579,battery,0.14480438621877925,0.0,0.14480438621877925,0.02883556155026425
1738,pltd_tim580,1,580,diesel,0.021444079151163826,0.1189,-0.09745592084883618,0.013031472091710754
1739,plts_tim580,1,580,solar,0.296809926782315,0.0,0.296809926782315,0.0651603866772097
1740,batt_tim580,1,580,battery,0.1299884175207279,0.0,0.1299884175207279,0.025885186528748983
1741,pltd_tim581,1,581,diesel,0.021595999999975038,0.1165,-0.09490400000002497,0.01282570261582649
1742,plts_tim581,1,581,solar,0.28351377832098384,0.0,0.28351377832098384,0.06375905259943049
1743,batt_tim581,1,581,battery,0.13004929915945504,0.0,0.13004929915945504,0.02542288156116251
1744,pltd_tim582,1,582,diesel,0.010054930368199157,0.0558,-0.04574506963180085,0.006110282295227334
1745,plts_tim582,1,582,solar,0.13917942376129672,0.0,0.13917942376129672,0.03055488917900216
1746,batt_tim582,1,582,battery,0.06095468308016736,0.0,0.06095468308016736,0.012138188644492029
1747,pltd_tim583,1,583,diesel,0.019554950428328752,0.1084,-0.08884504957167125,0.011883515125607825
1748,plts_tim583,1,583,solar,0.2706665398839099,0.0,0.2706665398839099,0.059421040830891274
1749,batt_tim583,1,583,battery,0.11853931774240971,0.0,0.11853931774240971,0.023605280218636636
1750,pltd_tim584,1,584,diesel,0.03433699999997972,0.1852,-0.1508630000000203,0.020392863269806952
1751,plts_tim584,1,584,solar,0.45076943710790196,0.0,0.45076943710790196,0.10137294208788779
1752,batt_tim584,1,584,battery,0.20676888904440865,0.0,0.20676888904440865,0.04042052277313748
1753,pltd_tim585,1,585,diesel,0.04322162903909607,0.2397,-0.19647837096090393,0.026265825309708946
1754,plts_tim585,1,585,solar,0.5982314348195762,0.0,0.5982314348195762,0.1313333622296883
1755,batt_tim585,1,585,battery,0.2619963204895154,0.0,0.2619963204895154,0.05217251776397755
1756,pltd_tim586,1,586,diesel,0.03849960888118743,0.2135,-0.17500039111881255,0.023396435221278124
1757,plts_tim586,1,586,solar,0.5328705904721733,0.0,0.5328705904721733,0.11698428970878391
1758,batt_tim586,1,586,battery,0.23337083127478228,0.0,0.23337083127478228,0.04647219776045361
1759,pltd_tim587,1,587,diesel,0.03261064673332424,0.1808,-0.14818935326667576,0.019817628758279235
1760,plts_tim587,1,587,solar,0.45136445754420523,0.0,0.45136445754420523,0.09909068131725247
1761,batt_tim587,1,587,battery,0.19767545846572732,0.0,0.19767545846572732,0.039364025562052325
1762,pltd_tim588,1,588,diesel,0.02729300499090625,0.1328,-0.10550699500909375,0.018571943915453727
1763,plts_tim588,1,588,solar,0.31018911231814117,0.0,0.31018911231814117,0.06815891109640364
1764,batt_tim588,1,588,battery,0.13012770126249734,0.0,0.13012770126249734,0.02572490086742841
1765,pltd_tim589,1,589,diesel,0.023090725445586813,0.1066,-0.08350927455441319,0.014904600642529514
1766,plts_tim589,1,589,solar,0.24751280699814476,0.0,0.24751280699814476,0.05473942818920351
1767,batt_tim589,1,589,battery,0.10625032705165154,0.0,0.10625032705165154,0.020749875291548207
1768,pltd_tim590,1,590,diesel,0.037439790267992865,0.1728,-0.13536020973200713,0.024166693658508587
1769,plts_tim590,1,590,solar,0.4013118207472217,0.0,0.4013118207472217,0.08875307377036322
1770,batt_tim590,1,590,battery,0.17226987842937647,0.0,0.17226987842937647,0.0336430027174391
1771,pltd_tim591,1,591,diesel,0.023684762200985483,0.1152,-0.09151523779901452,0.016116437024905853
1772,plts_tim591,1,591,solar,0.26916321540748145,0.0,0.26916321540748145,0.059144082165355626
1773,batt_tim591,1,591,battery,0.11291507548838729,0.0,0.11291507548838729,0.022322136902591
1774,pltd_tim592,1,592,diesel,0.022510999999975433,0.1214,-0.09888900000002457,0.013369448960331553
1775,plts_tim592,1,592,solar,0.2955105283528725,0.0,0.2955105283528725,0.06645695619238577
1776,batt_tim592,1,592,battery,0.13555033592711055,0.0,0.13555033592711055,0.02649825004987629
1777,pltd_tim593,1,593,diesel,0.017098132975059924,0.0832,-0.06610186702494007,0.011634644765103919
1778,plts_tim593,1,593,solar,0.1943166508754775,0.0,0.1943166508754775,0.042697844783066034
1779,batt_tim593,1,593,battery,0.08151727687883624,0.0,0.08151727687883624,0.016115117374800206
1780,pltd_tim594,1,594,diesel,0.08409570582095234,0.4091,-0.3250042941790477,0.05722410840474092
1781,plts_tim594,1,594,solar,0.9557557008099431,0.0,0.9557557008099431,0.21001143401254513
1782,batt_tim594,1,594,battery,0.4009491984118684,0.0,0.4009491984118684,0.07926352733067683
1783,pltd_tim595,1,595,diesel,0.017540709981669345,0.0853,-0.06775929001833066,0.011935867062499666
1784,plts_tim595,1,595,solar,0.19935631955259117,0.0,0.19935631955259117,0.043805282590514624
1785,batt_tim595,1,595,battery,0.08363254884408292,0.0,0.08363254884408292,0.016533292452539136
1786,pltd_tim596,1,596,diesel,0.02395898025559076,0.1106,-0.08664101974440924,0.015465046244558299
1787,plts_tim596,1,596,solar,0.256810456254281,0.0,0.256810456254281,0.0567955473612671
1788,batt_tim596,1,596,battery,0.11024011148318384,0.0,0.11024011148318384,0.02152904696336919
1789,pltd_tim597,1,597,diesel,0.013741249214947958,0.0669,-0.05315875078505204,0.009350467084928345
1790,plts_tim597,1,597,solar,0.15617484161156867,0.0,0.15617484161156867,0.03431683531204392
1791,batt_tim597,1,597,battery,0.06551731734116603,0.0,0.06551731734116603,0.012952093291602662
1792,pltd_tim598,1,598,diesel,0.013932040566235412,0.0678,-0.05386795943376459,0.009480341011481893
1793,plts_tim598,1,598,solar,0.158330422668525,0.0,0.158330422668525,0.03479053766512088
1794,batt_tim598,1,598,battery,0.06642038309183351,0.0,0.06642038309183351,0.013130615801235354
1795,pltd_tim599,1,599,diesel,0.01507093558178553,0.0733,-0.058229064418214474,0.01025528271977749
1796,plts_tim599,1,599,solar,0.17128885786686668,0.0,0.17128885786686668,0.03763789357508519
1797,batt_tim599,1,599,battery,0.07185811562682634,0.0,0.07185811562682634,0.014205607822700712
1798,pltd_tim600,1,600,diesel,0.008675601256068366,0.0422,-0.033524398743931635,0.005903386037846905
1799,plts_tim600,1,600,solar,0.09859787444508915,0.0,0.09859787444508915,0.021665255557227654
1800,batt_tim600,1,600,battery,0.041362692811893136,0.0,0.041362692811893136,0.008176971185246271
1801,pltd_tim601,1,601,diesel,0.0208977476269443,0.1017,-0.0808022523730557,0.01422014883477359
1802,plts_tim601,1,601,solar,0.23749812883734325,0.0,0.23749812883734325,0.052186235065968326
1803,batt_tim601,1,601,battery,0.09963204839888742,0.0,0.09963204839888742,0.019696228900963546
1804,pltd_tim602,1,602,diesel,0.01671749849124157,0.0813,-0.06458250150875842,0.01137569374336391
1805,plts_tim602,1,602,solar,0.19000049898907767,0.0,0.19000049898907767,0.041749448918363505
1806,batt_tim602,1,602,battery,0.0797075077703443,0.0,0.0797075077703443,0.01575734868804611
1807,pltd_tim603,1,603,diesel,0.01595795403279961,0.0776,-0.061642045967200396,0.010858795044986626
1808,plts_tim603,1,603,solar,0.18136320544549847,0.0,0.18136320544549847,0.03985151603077301
1809,batt_tim603,1,603,battery,0.07608364194760793,0.0,0.07608364194760793,0.015040936188279914
1810,pltd_tim604,1,604,diesel,0.007916056803727797,0.0385,-0.030583943196272202,0.005386592083042742
1811,plts_tim604,1,604,solar,0.08996058087938004,0.0,0.08996058087938004,0.019767358664931713
1812,batt_tim604,1,604,battery,0.037738826970963965,0.0,0.037738826970963965,0.00746056275698295
1813,pltd_tim605,1,605,diesel,0.03299243394707845,0.1605,-0.12750756605292154,0.022450122916224228
1814,plts_tim605,1,605,solar,0.3749613292735344,0.0,0.3749613292735344,0.08239150802343509
1815,batt_tim605,1,605,battery,0.1572999735529258,0.0,0.1572999735529258,0.03109659239667038
1816,pltd_tim606,1,606,diesel,0.018110593124984597,0.0881,-0.0699894068750154,0.012323733735980807
1817,plts_tim606,1,606,solar,0.2058330422695474,0.0,0.2058330422695474,0.045228431967079256
1818,batt_tim606,1,606,battery,0.08634971131131368,0.0,0.08634971131131368,0.017070442634564118
1819,pltd_tim607,1,607,diesel,0.029999213561777115,0.1488,-0.11880078643822287,0.019537395145904475
1820,plts_tim607,1,607,solar,0.35060909237159005,0.0,0.35060909237159005,0.077864452545749
1821,batt_tim607,1,607,battery,0.15349104382361717,0.0,0.15349104382361717,0.029969137738337977
1822,pltd_tim608,1,608,diesel,0.009245561343611748,0.045,-0.03575443865638825,0.0062913666775948176
1823,plts_tim608,1,608,solar,0.10507459716650785,0.0,0.10507459716650785,0.02308843893473746
1824,batt_tim608,1,608,battery,0.04407962528277216,0.0,0.04407962528277216,0.008714088124086451
1825,pltd_tim609,1,609,diesel,0.010579712698375819,0.0496,-0.03902028730162418,0.006990901666376196
1826,plts_tim609,1,609,solar,0.11528575332193186,0.0,0.11528575332193186,0.025392266110577908
1827,batt_tim609,1,609,battery,0.04840146576175808,0.0,0.04840146576175808,0.009526346489713278
1828,pltd_tim610,1,610,diesel,0.01780813757156749,0.0835,-0.06569186242843252,0.011767331562659118
1829,plts_tim610,1,610,solar,0.19405250204028796,0.0,0.19405250204028796,0.042741050426279924
1830,batt_tim610,1,610,battery,0.08147074159446516,0.0,0.08147074159446516,0.01603502038698528
1831,pltd_tim611,1,611,diesel,0.018238234971201712,0.0887,-0.07046176502879829,0.01241048740040515
1832,plts_tim611,1,611,solar,0.2072700963078661,0.0,0.2072700963078661,0.045544157535870995
1833,batt_tim611,1,611,battery,0.08695114181204387,0.0,0.08695114181204387,0.017189325648849833
1834,pltd_tim612,1,612,diesel,0.021974119608247508,0.1069,-0.08492588039175249,0.014952616215255487
1835,plts_tim612,1,612,solar,0.24973304725355033,0.0,0.24973304725355033,0.05487473603501061
1836,batt_tim612,1,612,battery,0.10476519808417795,0.0,0.10476519808417795,0.02071099609782244
1837,pltd_tim613,1,613,diesel,0.02058078017573364,0.1001,-0.07951921982426635,0.014004403034375147
1838,plts_tim613,1,613,solar,0.23390050396862233,0.0,0.23390050396862233,0.05139577498534683
1839,batt_tim613,1,613,battery,0.09812345453954333,0.0,0.09812345453954333,0.019397994785759487
1840,pltd_tim614,1,614,diesel,0.014944990317542876,0.0727,-0.05775500968245713,0.010169558437203378
1841,plts_tim614,1,614,solar,0.16984681405757918,0.0,0.16984681405757918,0.03732101284806755
1842,batt_tim614,1,614,battery,0.07125189752018699,0.0,0.07125189752018699,0.01408576171776146
1843,pltd_tim615,1,615,diesel,0.018300485275848127,0.089,-0.07069951472415187,0.012452898321110621
1844,plts_tim615,1,615,solar,0.20799361309844497,0.0,0.20799361309844497,0.045703067478588426
1845,batt_tim615,1,615,battery,0.08725572466868782,0.0,0.08725572466868782,0.017249581302503102
1846,pltd_tim616,1,616,diesel,0.028794999999981866,0.1553,-0.12650500000001813,0.017101464048285542
1847,plts_tim616,1,616,solar,0.378016170588548,0.0,0.378016170588548,0.08501157539708831
1848,batt_tim616,1,616,battery,0.17339694864295682,0.0,0.17339694864295682,0.03389676300628572
1849,pltd_tim617,1,617,diesel,0.031409342291587,0.1528,-0.121390657708413,0.021373013244969916
1850,plts_tim617,1,617,solar,0.35696821515748434,0.0,0.35696821515748434,0.0784378464617892
1851,batt_tim617,1,617,battery,0.1497515266490893,0.0,0.1497515266490893,0.029604337217459753
1852,pltd_tim618,1,618,diesel,0.027546151519051473,0.134,-0.10645384848094853,0.0187441710554175
1853,plts_tim618,1,618,solar,0.3130682101675474,0.0,0.3130682101675474,0.06879153439259592
1854,batt_tim618,1,618,battery,0.13133557987134725,0.0,0.13133557987134725,0.025963691666663378
1855,pltd_tim619,1,619,diesel,0.02976699999997923,0.1605,-0.13073300000002078,0.017678809515794026
1856,plts_tim619,1,619,solar,0.3907640940776014,0.0,0.3907640940776014,0.08787837673118247
1857,batt_tim619,1,619,battery,0.17924305731741863,0.0,0.17924305731741863,0.03503960028803369
1858,pltd_tim620,1,620,diesel,0.03182299999997717,0.1716,-0.13977700000002283,0.01889968463843047
1859,plts_tim620,1,620,solar,0.41776791706108013,0.0,0.41776791706108013,0.0939512669861583
1860,batt_tim620,1,620,battery,0.1916313614665022,0.0,0.1916313614665022,0.037461342327168176
1861,pltd_tim621,1,621,diesel,0.022861305911591034,0.1112,-0.08833869408840896,0.015556225005471045
1862,plts_tim621,1,621,solar,0.25980739484021914,0.0,0.25980739484021914,0.05708830449240753
1863,batt_tim621,1,621,battery,0.10899049441156769,0.0,0.10899049441156769,0.021546288462271714
1864,pltd_tim622,1,622,diesel,0.02564642812147537,0.1248,-0.09915357187852462,0.017451472882876892
1865,plts_tim622,1,622,solar,0.29147747118264855,0.0,0.29147747118264855,0.06404732475030153
1866,batt_tim622,1,622,battery,0.12227807910806184,0.0,0.12227807910806184,0.024173121364082433
1867,pltd_tim623,1,623,diesel,0.017768999999973566,0.0958,-0.07803100000002643,0.01055317868765606
1868,plts_tim623,1,623,solar,0.23325701816757174,0.0,0.23325701816757174,0.05245680427454045
1869,batt_tim623,1,623,battery,0.10699429529609406,0.0,0.10699429529609406,0.02091593792711047
1870,pltd_tim624,1,624,diesel,0.018339999999975792,0.0989,-0.08056000000002421,0.01089237682992234
1871,plts_tim624,1,624,solar,0.24075898253235611,0.0,0.24075898253235611,0.05414389626946427
1872,batt_tim624,1,624,battery,0.11043537615065109,0.0,0.11043537615065109,0.021588650349751732
1873,pltd_tim625,1,625,diesel,0.012411408959626564,0.0604,-0.04798859104037344,0.008445613375819058
1874,plts_tim625,1,625,solar,0.14106082534747036,0.0,0.14106082534747036,0.030995853047132337
1875,batt_tim625,1,625,battery,0.05917697904827587,0.0,0.05917697904827587,0.011698672018089685
1876,pltd_tim626,1,626,diesel,0.015641231380718355,0.0761,-0.06045876861928165,0.010643205462986366
1877,plts_tim626,1,626,solar,0.17776558057993427,0.0,0.17776558057993427,0.03906099795082301
1878,batt_tim626,1,626,battery,0.07457458809086014,0.0,0.07457458809086014,0.01474262613440346
1879,pltd_tim627,1,627,diesel,0.013298595263018948,0.0647,-0.05140140473698104,0.009049212212812133
1880,plts_tim627,1,627,solar,0.15113517293396614,0.0,0.15113517293396614,0.033209460504491306
1881,batt_tim627,1,627,battery,0.06340227537551717,0.0,0.06340227537551717,0.012533970150509142
1882,pltd_tim628,1,628,diesel,0.014817942943995124,0.0721,-0.05728205705600487,0.01008299060158371
1883,plts_tim628,1,628,solar,0.16840976001947067,0.0,0.16840976001947067,0.037005195279320405
1884,batt_tim628,1,628,battery,0.07064977701962923,0.0,0.07064977701962923,0.013966739999947074
1885,pltd_tim629,1,629,diesel,0.011588365321900882,0.0564,-0.044811634678099115,0.0078854621830802
1886,plts_tim629,1,629,solar,0.1317050047906339,0.0,0.1317050047906339,0.02893995737640332
1887,batt_tim629,1,629,battery,0.05525170798003979,0.0,0.05525170798003979,0.01092270140584107
1888,pltd_tim630,1,630,diesel,0.031137999999977233,0.1679,-0.13676200000002275,0.01849301772166942
1889,plts_tim630,1,630,solar,0.40876533442999435,0.0,0.40876533442999435,0.09192670877607795
1890,batt_tim630,1,630,battery,0.18750075931660332,0.0,0.18750075931660332,0.03665386170113564
1891,pltd_tim631,1,631,diesel,0.020196457719268278,0.0986,-0.07840354228073171,0.01278334180108881
1892,plts_tim631,1,631,solar,0.23430588234524571,0.0,0.23430588234524571,0.05176301504732217
1893,batt_tim631,1,631,battery,0.10201228477017685,0.0,0.10201228477017685,0.019938731029279764
1894,pltd_tim632,1,632,diesel,0.020752999998958355,0.0961,-0.07534700000104165,0.013211974789476316
1895,plts_tim632,1,632,solar,0.22490476666953074,0.0,0.22490476666953074,0.04959435783826686
1896,batt_tim632,1,632,battery,0.09610317213150056,0.0,0.09610317213150056,0.01874409352179822
1897,pltd_tim633,1,633,diesel,0.013443661387539555,0.0656,-0.052156338612460454,0.008509201012123713
1898,plts_tim633,1,633,solar,0.15595816990671357,0.0,0.15595816990671357,0.034454378422985626
1899,batt_tim633,1,633,battery,0.06790053792239657,0.0,0.06790053792239657,0.013271444189336776
1900,pltd_tim634,1,634,diesel,0.009972512213659381,0.0487,-0.03872748778634062,0.006312134640131064
1901,plts_tim634,1,634,solar,0.1156862744891532,0.0,0.1156862744891532,0.02555752217212453
1902,batt_tim634,1,634,battery,0.050366820571431055,0.0,0.050366820571431055,0.0098443914029788
1903,pltd_tim635,1,635,diesel,0.008458009922530069,0.0413,-0.032841990077469935,0.005353627826200611
1904,plts_tim635,1,635,solar,0.09811241828394245,0.0,0.09811241828394245,0.021675069578914772
1905,batt_tim635,1,635,battery,0.04271500775894011,0.0,0.04271500775894011,0.00834881799279582
1906,pltd_tim636,1,636,diesel,0.01009888032306443,0.0493,-0.03920111967693557,0.006392114164636535
1907,plts_tim636,1,636,solar,0.1171503267769189,0.0,0.1171503267769189,0.02588095976196706
1908,batt_tim636,1,636,battery,0.05100402249314837,0.0,0.05100402249314837,0.009968943981000443
1909,pltd_tim637,1,637,diesel,0.017825999998225404,0.0826,-0.0647740000017746,0.011348328638936344
1910,plts_tim637,1,637,solar,0.1931895395748421,0.0,0.1931895395748421,0.042600824662849875
1911,batt_tim637,1,637,battery,0.08255218554410654,0.0,0.08255218554410654,0.016101064454901136
1912,pltd_tim638,1,638,diesel,0.007249999998016758,0.0336,-0.02635000000198324,0.004615167566930613
1913,plts_tim638,1,638,solar,0.07857510531935936,0.0,0.07857510531935936,0.017326837963660757
1914,batt_tim638,1,638,battery,0.03357689545068219,0.0,0.03357689545068219,0.006548841080273991
1915,pltd_tim639,1,639,diesel,0.012354019298791657,0.0579,-0.04554598070120834,0.008163475923626363
1916,plts_tim639,1,639,solar,0.1346185397532216,0.0,0.1346185397532216,0.029650440807974802
1917,batt_tim639,1,639,battery,0.05651781808383052,0.0,0.05651781808383052,0.011123816031473078
1918,pltd_tim640,1,640,diesel,0.0075576781252597,0.0354,-0.0278423218747403,0.004993966918360388
1919,plts_tim640,1,640,solar,0.08234436239095287,0.0,0.08234436239095287,0.018136809961677432
1920,batt_tim640,1,640,battery,0.034570363610112675,0.0,0.034570363610112675,0.006804096526487292
1921,pltd_tim641,1,641,diesel,0.008979999997669534,0.0416,-0.032620000002330465,0.005717170933401628
1922,plts_tim641,1,641,solar,0.09731287938758934,0.0,0.09731287938758934,0.021458655598363074
1923,batt_tim641,1,641,battery,0.0415811031982947,0.0,0.0415811031982947,0.008110068868052614
1924,pltd_tim642,1,642,diesel,0.032725999999887144,0.1516,-0.11887400000011286,0.020834016769550455
1925,plts_tim642,1,642,solar,0.3546587047920273,0.0,0.3546587047920273,0.07820683534071929
1926,batt_tim642,1,642,battery,0.15154860002377638,0.0,0.15154860002377638,0.029558200722266326
1927,pltd_tim643,1,643,diesel,0.015630999997297803,0.0724,-0.0567690000027022,0.009950838491234248
1928,plts_tim643,1,643,solar,0.1694018322766848,0.0,0.1694018322766848,0.037355312794065
1929,batt_tim643,1,643,battery,0.07238746184851015,0.0,0.07238746184851015,0.014118521145422435
1930,pltd_tim644,1,644,diesel,0.03425599999992911,0.1587,-0.1244440000000709,0.021807648150103175
1931,plts_tim644,1,644,solar,0.37123957579413885,0.0,0.37123957579413885,0.08186318063268781
1932,batt_tim644,1,644,battery,0.15863446371898965,0.0,0.15863446371898965,0.030940200396883413
1933,pltd_tim645,1,645,diesel,0.01297099999653586,0.0601,-0.04712900000346414,0.008257741141015991
1934,plts_tim645,1,645,solar,0.14056419193403696,0.0,0.14056419193403696,0.030996202731156105
1935,batt_tim645,1,645,battery,0.06006337236059496,0.0,0.06006337236059496,0.01171483654608316
1936,pltd_tim646,1,646,diesel,0.02693899999962931,0.1248,-0.09786100000037068,0.01715012966095274
1937,plts_tim646,1,646,solar,0.29194378661355247,0.0,0.29194378661355247,0.06437737286123439
1938,batt_tim646,1,646,battery,0.12474947507267205,0.0,0.12474947507267205,0.024331297262969093
1939,pltd_tim647,1,647,diesel,0.015497999997200676,0.0718,-0.05630200000279933,0.009866090092894596
1940,plts_tim647,1,647,solar,0.16796046502678286,0.0,0.16796046502678286,0.03703744428071032
1941,batt_tim647,1,647,battery,0.07177173585626338,0.0,0.07177173585626338,0.013998416590368988
1942,pltd_tim648,1,648,diesel,0.009540999999996327,0.0514,-0.04185900000000367,0.00566623548271251
1943,plts_tim648,1,648,solar,0.12525712553139498,0.0,0.12525712553139498,0.02816888377557224
1944,batt_tim648,1,648,battery,0.057456199899653976,0.0,0.057456199899653976,0.011231911267013334
1945,pltd_tim649,1,649,diesel,0.01536499999711765,0.0712,-0.05583500000288235,0.009781264735777447
1946,plts_tim649,1,649,solar,0.16651909777838259,0.0,0.16651909777838259,0.03671965776767946
1947,batt_tim649,1,649,battery,0.07115623986527818,0.0,0.07115623986527818,0.013878339816334562
1948,pltd_tim650,1,650,diesel,0.011440999996894748,0.053,-0.04155900000310525,0.00728308807290502
1949,plts_tim650,1,650,solar,0.12398846872523982,0.0,0.12398846872523982,0.02734104436317975
1950,batt_tim650,1,650,battery,0.05298206358850036,0.0,0.05298206358850036,0.010333631674250348
1951,pltd_tim651,1,651,diesel,0.018357999998406878,0.085,-0.06664200000159312,0.011687427997745293
1952,plts_tim651,1,651,solar,0.19895500855276244,0.0,0.19895500855276244,0.04387211471158799
1953,batt_tim651,1,651,battery,0.08501485949484872,0.0,0.08501485949484872,0.016581437273549306
1954,pltd_tim652,1,652,diesel,0.018291999998375736,0.0847,-0.06640800000162426,0.011644980695490224
1955,plts_tim652,1,652,solar,0.19823432493015594,0.0,0.19823432493015594,0.043713242955416606
1956,batt_tim652,1,652,battery,0.08470722650069736,0.0,0.08470722650069736,0.016521384430765146
1957,pltd_tim653,1,653,diesel,0.02148499999906252,0.0995,-0.07801500000093749,0.013677059883394604
1958,plts_tim653,1,653,solar,0.23283743424124834,0.0,0.23283743424124834,0.05134370906500229
1959,batt_tim653,1,653,battery,0.09949444993129417,0.0,0.09949444993129417,0.01940542794496865
1960,pltd_tim654,1,654,diesel,0.02095199999900091,0.097,-0.0760480000009991,0.01333901644918835
1961,plts_tim654,1,654,solar,0.22706681753376828,0.0,0.22706681753376828,0.05007117910600796
1962,batt_tim654,1,654,battery,0.09702722111094045,0.0,0.09702722111094045,0.018924349872029247
1963,pltd_tim655,1,655,diesel,0.012770999996644257,0.0591,-0.04632900000335574,0.008130681306627483
1964,plts_tim655,1,655,solar,0.13840214108893653,0.0,0.13840214108893653,0.03051938446754159
1965,batt_tim655,1,655,battery,0.05913932339723533,0.0,0.05913932339723533,0.011534650891444813
1966,pltd_tim656,1,656,diesel,0.006983999998146877,0.0323,-0.025316000001853127,0.0044466969276685826
1967,plts_tim656,1,656,solar,0.07568722310894285,0.0,0.07568722310894285,0.016689989030780585
1968,batt_tim656,1,656,battery,0.032340888612496344,0.0,0.032340888612496344,0.006307850875436394
1969,pltd_tim657,1,657,diesel,0.011370000000000498,0.0613,-0.0499299999999995,0.006752779259209819
1970,plts_tim657,1,657,solar,0.14925433429910834,0.0,0.14925433429910834,0.03356560040010228
1971,batt_tim657,1,657,battery,0.06846227280940094,0.0,0.06846227280940094,0.013383433622674403
1972,pltd_tim658,1,658,diesel,0.0076396336064269675,0.0379,-0.030260366393573036,0.004975434648076576
1973,plts_tim658,1,658,solar,0.08928515962048729,0.0,0.08928515962048729,0.019828770919366
1974,batt_tim658,1,658,battery,0.03908752402122882,0.0,0.03908752402122882,0.007631842042737084
1975,pltd_tim659,1,659,diesel,0.009751459158068295,0.0484,-0.0386485408419317,0.006350844301388182
1976,plts_tim659,1,659,solar,0.1139650624230309,0.0,0.1139650624230309,0.025309754310985005
1977,batt_tim659,1,659,battery,0.049891641645397874,0.0,0.049891641645397874,0.009741345508800854
1978,pltd_tim660,1,660,diesel,0.014854999999994527,0.0801,-0.06524500000000548,0.00882254177031019
1979,plts_tim660,1,660,solar,0.19500637030769924,0.0,0.19500637030769924,0.043854695623590255
1980,batt_tim660,1,660,battery,0.08944891239362346,0.0,0.08944891239362346,0.01748605308722894
1981,pltd_tim661,1,661,diesel,0.0129039999965998,0.0598,-0.0468960000034002,0.008215456623636886
1982,plts_tim661,1,661,solar,0.13984350832047834,0.0,0.13984350832047834,0.03083727297693612
1983,batt_tim661,1,661,battery,0.05975527937404863,0.0,0.05975527937404863,0.011654782528617855
1984,pltd_tim662,1,662,diesel,0.018695019275643418,0.0927,-0.07400498072435659,0.012175450376795694
1985,plts_tim662,1,662,solar,0.21849567192745178,0.0,0.21849567192745178,0.048524273676433444
1986,batt_tim662,1,662,battery,0.0956541056381237,0.0,0.0956541056381237,0.018676472032512582
1987,pltd_tim663,1,663,diesel,0.012304999996766422,0.057,-0.04469500000323358,0.00783402831310398
1988,plts_tim663,1,663,solar,0.13335735576416613,0.0,0.13335735576416613,0.029407021181559443
1989,batt_tim663,1,663,battery,0.05698451246630046,0.0,0.05698451246630046,0.011114358851234211
1990,pltd_tim664,1,664,diesel,0.011706999996892805,0.0542,-0.04249300000310719,0.0074525265887182045
1991,plts_tim664,1,664,solar,0.12687120320555625,0.0,0.12687120320555625,0.027976712385686307
1992,batt_tim664,1,664,battery,0.054213515556616236,0.0,0.054213515556616236,0.010573833703116101
1993,pltd_tim665,1,665,diesel,0.021029017154557822,0.0986,-0.07757098284544217,0.0138956286833984
1994,plts_tim665,1,665,solar,0.22913590374009382,0.0,0.22913590374009382,0.05046834971493159
1995,batt_tim665,1,665,battery,0.09619860505745975,0.0,0.09619860505745975,0.018933749778311516
1996,pltd_tim666,1,666,diesel,0.02293396281750036,0.1075,-0.08456603718249964,0.015154498251395955
1997,plts_tim666,1,666,solar,0.24990429313206652,0.0,0.24990429313206652,0.0550425849312107
1998,batt_tim666,1,666,battery,0.1049185938954804,0.0,0.1049185938954804,0.020650039495833935
1999,pltd_tim667,1,667,diesel,0.013208042744322272,0.0619,-0.04869195725567772,0.008727669760003864
2000,plts_tim667,1,667,solar,0.14392945034530377,0.0,0.14392945034530377,0.031701120621849516
2001,batt_tim667,1,667,battery,0.06042732516774102,0.0,0.06042732516774102,0.01189328317712239
2002,pltd_tim668,1,668,diesel,0.029110871006942696,0.1365,-0.10738912899305732,0.019236104620058907
2003,plts_tim668,1,668,solar,0.317213563027898,0.0,0.317213563027898,0.06986792583947209
2004,batt_tim668,1,668,battery,0.13317807795425154,0.0,0.13317807795425154,0.0262120406988831
2005,pltd_tim669,1,669,diesel,0.012455000000003122,0.0672,-0.05474499999999687,0.007396985602670313
2006,plts_tim669,1,669,solar,0.16350732924543532,0.0,0.16350732924543532,0.036770976897289864
2007,batt_tim669,1,669,battery,0.07500141647907736,0.0,0.07500141647907736,0.01466175573416228
2008,pltd_tim670,1,670,diesel,0.01932048568463411,0.0906,-0.07127951431536589,0.012766654056974146
2009,plts_tim670,1,670,solar,0.2105186400430718,0.0,0.2105186400430718,0.04636781654667423
2010,batt_tim670,1,670,battery,0.08838242429066284,0.0,0.08838242429066284,0.01739536380553678
2011,pltd_tim671,1,671,diesel,0.020765629950259143,0.0974,-0.07663437004974086,0.013721607105788935
2012,plts_tim671,1,671,solar,0.2262738127726346,0.0,0.2262738127726346,0.04983785859161656
2013,batt_tim671,1,671,battery,0.0949976888097613,0.0,0.0949976888097613,0.018697398634675906
2014,pltd_tim672,1,672,diesel,0.028453534479014563,0.1334,-0.10494646552098542,0.01880177335062392
2015,plts_tim672,1,672,solar,0.3100537781402941,0.0,0.3100537781402941,0.0682909080757384
2016,batt_tim672,1,672,battery,0.13017237894990685,0.0,0.13017237894990685,0.02562046422444324
2017,pltd_tim673,1,673,diesel,0.018597206174041946,0.0872,-0.06860279382595805,0.012288743630408976
2018,plts_tim673,1,673,solar,0.2026433324127915,0.0,0.2026433324127915,0.04463318925193134
2019,batt_tim673,1,673,battery,0.08507678372368327,0.0,0.08507678372368327,0.01674476146624679
2020,pltd_tim674,1,674,diesel,0.015574078594994321,0.073,-0.05742592140500567,0.010291055056879227
2021,plts_tim674,1,674,solar,0.16970649893603737,0.0,0.16970649893603737,0.037378630555199986
2022,batt_tim674,1,674,battery,0.07124897494423453,0.0,0.07124897494423453,0.014023187227003228
2023,pltd_tim675,1,675,diesel,0.008805559989058255,0.0413,-0.03249444001094175,0.005818455827700497
2024,plts_tim675,1,675,solar,0.09595296688996992,0.0,0.09595296688996992,0.021134020413032115
2025,batt_tim675,1,675,battery,0.04028465343910059,0.0,0.04028465343910059,0.007928807618236874
2026,pltd_tim676,1,676,diesel,0.03627358373817901,0.1701,-0.13382641626182099,0.023969072679871566
2027,plts_tim676,1,676,solar,0.39526478898818496,0.0,0.39526478898818496,0.08705896662074017
2028,batt_tim676,1,676,battery,0.16594672221083995,0.0,0.16594672221083995,0.03266155822942064
2029,pltd_tim677,1,677,diesel,0.03650799999998233,0.1969,-0.16039200000001766,0.021682224042089984
2030,plts_tim677,1,677,solar,0.4792709620755277,0.0,0.4792709620755277,0.10778248947840612
2031,batt_tim677,1,677,battery,0.21984227221327882,0.0,0.21984227221327882,0.04297621083690752
2032,pltd_tim678,1,678,diesel,0.01787397568170401,0.0838,-0.06592602431829599,0.011810887298041564
2033,plts_tim678,1,678,solar,0.19476802478225516,0.0,0.19476802478225516,0.04289856095713151
2034,batt_tim678,1,678,battery,0.0817704531564795,0.0,0.0817704531564795,0.016094027395712106
2035,pltd_tim679,1,679,diesel,0.018465383190092173,0.0866,-0.06813461680990782,0.01220172805487903
2036,plts_tim679,1,679,solar,0.20121228692899867,0.0,0.20121228692899867,0.04431801719025981
2037,batt_tim679,1,679,battery,0.08447644059977877,0.0,0.08447644059977877,0.01662659809041803
2038,pltd_tim680,1,680,diesel,0.012617560393556,0.0591,-0.046482439606444,0.008337598004763823
2039,plts_tim680,1,680,solar,0.13748063072225222,0.0,0.13748063072225222,0.03028078593163953
2040,batt_tim680,1,680,battery,0.05771827433290588,0.0,0.05771827433290588,0.01136007076418287
2041,pltd_tim681,1,681,diesel,0.020305891534766567,0.0952,-0.07489410846523344,0.013417773319238826
2042,plts_tim681,1,681,solar,0.22126059611019663,0.0,0.22126059611019663,0.048733664420273964
2043,batt_tim681,1,681,battery,0.09289250449081572,0.0,0.09289250449081572,0.01828305410628832
2044,pltd_tim682,1,682,diesel,0.02702399999998574,0.1457,-0.11867600000001426,0.016049522188509566
2045,plts_tim682,1,682,solar,0.3547650579361482,0.0,0.3547650579361482,0.07978271829367328
2046,batt_tim682,1,682,battery,0.1627318769938475,0.0,0.1627318769938475,0.03181185849036875
2047,pltd_tim683,1,683,diesel,0.016396999999962275,0.0884,-0.07200300000003773,0.009738115045385876
2048,plts_tim683,1,683,solar,0.21526059101642395,0.0,0.21526059101642395,0.048409611663332144
2049,batt_tim683,1,683,battery,0.09874088824344665,0.0,0.09874088824344665,0.019302508572004988
2050,pltd_tim684,1,684,diesel,0.0156979999973003,0.0727,-0.0570020000026997,0.009993145419992506
2051,plts_tim684,1,684,solar,0.1701225158981803,0.0,0.1701225158981803,0.03751427354999632
2052,batt_tim684,1,684,battery,0.0726957848417251,0.0,0.0726957848417251,0.014178599480845577
2053,pltd_tim685,1,685,diesel,0.020353999998881375,0.0943,-0.07394600000111862,0.012957681386097156
2054,plts_tim685,1,685,solar,0.2205806649422178,0.0,0.2205806649422178,0.04864088530303554
2055,batt_tim685,1,685,battery,0.09425599417359778,0.0,0.09425599417359778,0.018383784245506334
2056,pltd_tim686,1,686,diesel,0.011972999996783472,0.0555,-0.04352700000321653,0.007622035205313059
2057,plts_tim686,1,686,solar,0.12975393766861948,0.0,0.12975393766861948,0.028612470404471475
2058,batt_tim686,1,686,battery,0.055445427510228254,0.0,0.055445427510228254,0.010814107902261108
2059,pltd_tim687,1,687,diesel,0.01237199999668815,0.0573,-0.044928000003311847,0.007876243863464841
2060,plts_tim687,1,687,solar,0.134078039375188,0.0,0.134078039375188,0.0295659979352319
2061,batt_tim687,1,687,battery,0.05729283545071228,0.0,0.05729283545071228,0.01117444610992849
2062,pltd_tim688,1,688,diesel,0.006850999998178124,0.0317,-0.024849000001821876,0.004361896275479921
2063,plts_tim688,1,688,solar,0.07424585587171169,0.0,0.07424585587171169,0.016372179520162414
2064,batt_tim688,1,688,battery,0.03172516263091964,0.0,0.03172516263091964,0.006187744936633255
2065,pltd_tim689,1,689,diesel,0.012637999996651394,0.0585,-0.04586200000334861,0.00804588053466812
2066,plts_tim689,1,689,solar,0.13696077384918307,0.0,0.13696077384918307,0.030201644956375246
2067,batt_tim689,1,689,battery,0.05852405741351562,0.0,0.05852405741351562,0.011414621435470538
2068,pltd_tim690,1,690,diesel,0.009444999997541956,0.0437,-0.03425500000245805,0.00601271210439245
2069,plts_tim690,1,690,solar,0.10236281245275804,0.0,0.10236281245275804,0.022572255796941883
2070,batt_tim690,1,690,battery,0.04374092900796644,0.0,0.04374092900796644,0.008531281644136723
2071,pltd_tim691,1,691,diesel,0.011972999996788556,0.0555,-0.04352700000321144,0.007622035205107487
2072,plts_tim691,1,691,solar,0.12975393766970747,0.0,0.12975393766970747,0.028612470404706138
2073,batt_tim691,1,691,battery,0.05544542751114285,0.0,0.05544542751114285,0.010814107902420189
2074,pltd_tim692,1,692,diesel,0.021653999999974964,0.1168,-0.09514600000002504,0.012860542589298835
2075,plts_tim692,1,692,solar,0.2842593344210822,0.0,0.2842593344210822,0.06392667489196163
2076,batt_tim692,1,692,battery,0.13038912855025386,0.0,0.13038912855025386,0.02548931109986925
2077,pltd_tim693,1,693,diesel,0.013701999996371752,0.0635,-0.049798000003628246,0.008722892015228231
2078,plts_tim693,1,693,solar,0.14849685947577404,0.0,0.14849685947577404,0.032745475951430805
2079,batt_tim693,1,693,battery,0.06345465013521956,0.0,0.06345465013521956,0.012376257889684151
2080,pltd_tim694,1,694,diesel,0.009597999999996212,0.0518,-0.042202000000003785,0.005700146690432441
2081,plts_tim694,1,694,solar,0.12600727862684424,0.0,0.12600727862684424,0.02833767456513263
2082,batt_tim694,1,694,battery,0.05780082131076548,0.0,0.05780082131076548,0.011299276095776715
2083,pltd_tim695,1,695,diesel,0.013369999996408793,0.0619,-0.0485300000035912,0.008511094492137872
2084,plts_tim695,1,695,solar,0.1448934413840737,0.0,0.1448934413840737,0.03195083517517275
2085,batt_tim695,1,695,battery,0.061914875182382596,0.0,0.061914875182382596,0.012075894448473627
2086,pltd_tim696,1,696,diesel,0.02946599999976623,0.1365,-0.10703400000023378,0.01875850625928459
2087,plts_tim696,1,696,solar,0.3193400596642915,0.0,0.3193400596642915,0.07041863140170679
2088,batt_tim696,1,696,battery,0.13645783853291304,0.0,0.13645783853291304,0.026614891840320617
2089,pltd_tim697,1,697,diesel,0.01962762930319322,0.0974,-0.07777237069680679,0.01278273060052911
2090,plts_tim697,1,697,solar,0.22938157716730312,0.0,0.22938157716730312,0.05094174778569842
2091,batt_tim697,1,697,battery,0.10041834502707012,0.0,0.10041834502707012,0.019606687305083314
2092,pltd_tim698,1,698,diesel,0.019812530594357357,0.0983,-0.07848746940564263,0.012903110933708987
2093,plts_tim698,1,698,solar,0.23156394197872596,0.0,0.23156394197872596,0.05142651157358114
2094,batt_tim698,1,698,battery,0.10137587680849078,0.0,0.10137587680849078,0.019793656409711972
2095,pltd_tim699,1,699,diesel,0.008323313662478635,0.0413,-0.03297668633752137,0.005420839870678138
2096,plts_tim699,1,699,solar,0.09726815697477287,0.0,0.09726815697477287,0.021601529972888743
2097,batt_tim699,1,699,battery,0.042580947064509225,0.0,0.042580947064509225,0.00831395049127267
2098,pltd_tim700,1,700,diesel,0.032725881732772966,0.1534,-0.12067411826722704,0.02162478865865254
2099,plts_tim700,1,700,solar,0.35659465864420004,0.0,0.35659465864420004,0.07854177476773151
2100,batt_tim700,1,700,battery,0.1497107241706995,0.0,0.1497107241706995,0.029465969109978816
2101,pltd_tim701,1,701,diesel,0.03645099999997996,0.1688,-0.13234900000002003,0.023205117463557124
2102,plts_tim701,1,701,solar,0.39502728299593615,0.0,0.39502728299593615,0.087108662480677
2103,batt_tim701,1,701,battery,0.1687989573335221,0.0,0.1687989573335221,0.03292269491149609
2104,pltd_tim702,1,702,diesel,0.018071524775814907,0.0847,-0.0666284752241851,0.01194137813122981
2105,plts_tim702,1,702,solar,0.19691459300792893,0.0,0.19691459300792893,0.04337147554963535
2106,batt_tim702,1,702,battery,0.08267165784232265,0.0,0.08267165784232265,0.01627137699145252
2107,pltd_tim703,1,703,diesel,0.05733600000017439,0.2656,-0.20826399999982562,0.03650190744671189
2108,plts_tim703,1,703,solar,0.6213734170623286,0.0,0.6213734170623286,0.13702090386401175
2109,batt_tim703,1,703,battery,0.26551785558094215,0.0,0.26551785558094215,0.05178695816014982
2110,pltd_tim704,1,704,diesel,0.007142235305757393,0.0354,-0.02825776469424261,0.004651531301963659
2111,plts_tim704,1,704,solar,0.08347934342968863,0.0,0.08347934342968863,0.018539426713637588
2112,batt_tim704,1,704,battery,0.036546580958081644,0.0,0.036546580958081644,0.007135719658118775
2113,pltd_tim705,1,705,diesel,0.012359465287470704,0.0613,-0.04894053471252929,0.00804919421026221
2114,plts_tim705,1,705,solar,0.144455965177131,0.0,0.144455965177131,0.0320812558737562
2115,batt_tim705,1,705,battery,0.06324129423395251,0.0,0.06324129423395251,0.012347863357486315
2116,pltd_tim706,1,706,diesel,0.03472025128465,0.1722,-0.13747974871535,0.022612158852366355
2117,plts_tim706,1,706,solar,0.4057747136248126,0.0,0.4057747136248126,0.0901157104128507
2118,batt_tim706,1,706,battery,0.17764022165431562,0.0,0.17764022165431562,0.03468427770101801
2119,pltd_tim707,1,707,diesel,0.018197863559815796,0.0903,-0.0721021364401842,0.011851483677920842
2120,plts_tim707,1,707,solar,0.21268985573573262,0.0,0.21268985573573262,0.04723499847049947
2121,batt_tim707,1,707,battery,0.09311339257416726,0.0,0.09311339257416726,0.01818038076539747
2122,pltd_tim708,1,708,diesel,0.018282999999975295,0.0986,-0.0803170000000247,0.010858462296466106
2123,plts_tim708,1,708,solar,0.24000795287954893,0.0,0.24000795287954893,0.05397510307741337
2124,batt_tim708,1,708,battery,0.11009135256426833,0.0,0.11009135256426833,0.021521369674821825
2125,pltd_tim709,1,709,diesel,0.031194999999977217,0.1682,-0.13700500000002278,0.01852686051779637
2126,plts_tim709,1,709,solar,0.4095163278820585,0.0,0.4095163278820585,0.09209558977434947
2127,batt_tim709,1,709,battery,0.1878454406001073,0.0,0.1878454406001073,0.03672123092235235
2128,pltd_tim710,1,710,diesel,0.06290399999998533,0.3392,-0.27629600000001464,0.037359019077026434
2129,plts_tim710,1,710,solar,0.8257833625360174,0.0,0.8257833625360174,0.18570926675897262
2130,batt_tim710,1,710,battery,0.37878750507153197,0.0,0.37878750507153197,0.07404784862754431
2131,pltd_tim711,1,711,diesel,0.022856714732294683,0.1134,-0.09054328526770532,0.014885792437622914
2132,plts_tim711,1,711,solar,0.2671297497526766,0.0,0.2671297497526766,0.05932507101418044
2133,batt_tim711,1,711,battery,0.11694469358376902,0.0,0.11694469358376902,0.022833466437412738
2134,pltd_tim712,1,712,diesel,0.044033000000088696,0.2039,-0.1598669999999113,0.028032303659026227
2135,plts_tim712,1,712,solar,0.4772058066352159,0.0,0.4772058066352159,0.10523006226996752
2136,batt_tim712,1,712,battery,0.2039149379297467,0.0,0.2039149379297467,0.039771795587918546
2137,pltd_tim713,1,713,diesel,0.052015000000149095,0.2409,-0.18888499999985092,0.033113651504883004
2138,plts_tim713,1,713,solar,0.5637084319884826,0.0,0.5637084319884826,0.12430503659161352
2139,batt_tim713,1,713,battery,0.2408785564726628,0.0,0.2408785564726628,0.04698119586508839
2140,pltd_tim714,1,714,diesel,0.08055000000023287,0.3731,-0.2925499999997671,0.051279915199555305
2141,plts_tim714,1,714,solar,0.8729537732903812,0.0,0.8729537732903812,0.1924976135147168
2142,batt_tim714,1,714,battery,0.37302152828826574,0.0,0.37302152828826574,0.07275454765469866
2143,pltd_tim715,1,715,diesel,0.1170010000002371,0.5419,-0.42489899999976294,0.07448501897382447
2144,plts_tim715,1,715,solar,1.2679810563153355,0.0,1.2679810563153355,0.2796062890016532
2145,batt_tim715,1,715,battery,0.5418204856462411,0.0,0.5418204856462411,0.10567723880238133
2146,pltd_tim716,1,716,diesel,0.09252300000023694,0.4285,-0.33597699999976305,0.05890189623546133
2147,plts_tim716,1,716,solar,1.0027077113126552,0.0,1.0027077113126552,0.22111004599553982
2148,batt_tim716,1,716,battery,0.42846695609622537,0.0,0.42846695609622537,0.08356864953333958
2149,pltd_tim717,1,717,diesel,0.04955400000013287,0.2295,-0.17994599999986716,0.03154674818640156
2150,plts_tim717,1,717,solar,0.5370379903109538,0.0,0.5370379903109538,0.11842377772211012
2151,batt_tim717,1,717,battery,0.2294821508938881,0.0,0.2294821508938881,0.04475842499588193
2152,pltd_tim718,1,718,diesel,0.09505100000023407,0.4402,-0.3451489999997659,0.06051118806631339
2153,plts_tim718,1,718,solar,1.0300988366088333,0.0,1.0300988366088333,0.22715021562036056
2154,batt_tim718,1,718,battery,0.4401712246658227,0.0,0.4401712246658227,0.08585144133595314
2155,pltd_tim719,1,719,diesel,0.12431800000028208,0.5758,-0.4514819999997179,0.07914263074691136
2156,plts_tim719,1,719,solar,1.347276845463988,0.0,1.347276845463988,0.29709207276621474
2157,batt_tim719,1,719,battery,0.5757052442656942,0.0,0.5757052442656942,0.1122860993796314
2158,pltd_tim720,1,720,diesel,0.09372100000023587,0.4341,-0.3403789999997641,0.059664725173414826
2159,plts_tim720,1,720,solar,1.0156800164707773,0.0,1.0156800164707773,0.22397060459609383
2160,batt_tim720,1,720,battery,0.4340087199498965,0.0,0.4340087199498965,0.08464953175074026
2161,pltd_tim721,1,721,diesel,0.039825919774418204,0.1944,-0.15457408022558178,0.025207919865053222
2162,plts_tim721,1,721,solar,0.46201830065279925,0.0,0.46201830065279925,0.10206936892720339
2163,batt_tim721,1,721,battery,0.20115211614831055,0.0,0.20115211614831055,0.03931601725108866
2164,pltd_tim722,1,722,diesel,0.025435807170510093,0.1242,-0.09876419282948991,0.016099859548763303
2165,plts_tim722,1,722,solar,0.295074509800384,0.0,0.295074509800384,0.06518812755784363
2166,batt_tim722,1,722,battery,0.12846820903237016,0.0,0.12846820903237016,0.025109641327042676
2167,pltd_tim723,1,723,diesel,0.030611251631380863,0.1494,-0.11878874836861913,0.019375482578685915
2168,plts_tim723,1,723,solar,0.3551163398673711,0.0,0.3551163398673711,0.0784525032893235
2169,batt_tim723,1,723,battery,0.15460919708859283,0.0,0.15460919708859283,0.030219008553935976
2170,pltd_tim724,1,724,diesel,0.01956621108234453,0.0955,-0.07593378891765547,0.012384463892381405
2171,plts_tim724,1,724,solar,0.22698039214852447,0.0,0.22698039214852447,0.05014468158177536
2172,batt_tim724,1,724,battery,0.09882157540495036,0.0,0.09882157540495036,0.01931508205031708
2173,pltd_tim725,1,725,diesel,0.01895699999857033,0.0878,-0.06884300000142968,0.012068753108975856
2174,plts_tim725,1,725,solar,0.20544116114947908,0.0,0.20544116114947908,0.045302403515675056
2175,batt_tim725,1,725,battery,0.08778608643653628,0.0,0.08778608643653628,0.017121920515226343
2176,pltd_tim726,1,726,diesel,0.008205323860093365,0.04,-0.031794676139906636,0.005193641497699784
2177,plts_tim726,1,726,solar,0.09518431370902744,0.0,0.09518431370902744,0.02102817739935926
2178,batt_tim726,1,726,battery,0.041440603916004286,0.0,0.041440603916004286,0.008099738849443375
2179,pltd_tim727,1,727,diesel,0.014958063362982131,0.073,-0.058041936637017864,0.009467863117428725
2180,plts_tim727,1,727,solar,0.1735320261228955,0.0,0.1735320261228955,0.03833680201850458
2181,batt_tim727,1,727,battery,0.07555212074378409,0.0,0.07555212074378409,0.014766980644911396
2182,pltd_tim728,1,728,diesel,0.010797999999997289,0.0582,-0.04740200000000271,0.006412841474621482
2183,plts_tim728,1,728,solar,0.14175708726594968,0.0,0.14175708726594968,0.03187950013946298
2184,batt_tim728,1,728,battery,0.06502448135439087,0.0,0.06502448135439087,0.012711416019284598
2185,pltd_tim729,1,729,diesel,0.028212463566511782,0.1377,-0.10948753643348821,0.017857205300612442
2186,plts_tim729,1,729,solar,0.32729411764452376,0.0,0.32729411764452376,0.07230597356652503
2187,batt_tim729,1,729,battery,0.14249651082141804,0.0,0.14249651082141804,0.027851540684548447
2188,pltd_tim730,1,730,diesel,0.012812054996419929,0.0625,-0.04968794500358007,0.008109474878393348
2189,plts_tim730,1,730,solar,0.14863790847044595,0.0,0.14863790847044595,0.03283711047431117
2190,batt_tim730,1,730,battery,0.0647138383158827,0.0,0.0647138383158827,0.012648606849833459
2191,pltd_tim731,1,731,diesel,0.03679676799411815,0.1796,-0.14280323200588185,0.02329071905743321
2192,plts_tim731,1,731,solar,0.42687058823425106,0.0,0.42687058823425106,0.0943044977390732
2193,batt_tim731,1,731,battery,0.18584895051673958,0.0,0.18584895051673958,0.0363249520870072
2194,pltd_tim732,1,732,diesel,0.005028000000003898,0.0271,-0.0220719999999961,0.002986318926903221
2195,plts_tim732,1,732,solar,0.06600060315943172,0.0,0.06600060315943172,0.01484287562080706
2196,batt_tim732,1,732,battery,0.030274260614924713,0.0,0.030274260614924713,0.005918196028535281
2197,pltd_tim733,1,733,diesel,0.016221490264857166,0.0792,-0.06297850973514284,0.010267484994767696
2198,plts_tim733,1,733,solar,0.188172549004161,0.0,0.188172549004161,0.04157114691769106
2199,batt_tim733,1,733,battery,0.08192459996389095,0.0,0.08192459996389095,0.01601249889263451
2200,pltd_tim734,1,734,diesel,0.015298999997060145,0.0709,-0.05560100000293986,0.009739024095526197
2201,plts_tim734,1,734,solar,0.16579841415305635,0.0,0.16579841415305635,0.03656066801092122
2202,batt_tim734,1,734,battery,0.07084791686883966,0.0,0.07084791686883966,0.013818196941153535
2203,pltd_tim735,1,735,diesel,0.027936999999685217,0.1294,-0.10146300000031477,0.017784795432351872
2204,plts_tim735,1,735,solar,0.3027591886581877,0.0,0.3027591886581877,0.06676231710887669
2205,batt_tim735,1,735,battery,0.12937220483434111,0.0,0.12937220483434111,0.025232856638721175
2206,pltd_tim736,1,736,diesel,0.028109999999983766,0.1516,-0.12349000000001625,0.01669469424437044
2207,plts_tim736,1,736,solar,0.36901390003284545,0.0,0.36901390003284545,0.08298696182303959
2208,batt_tim736,1,736,battery,0.16926639496616117,0.0,0.16926639496616117,0.03308929752771425
2209,pltd_tim737,1,737,diesel,0.010226999999996449,0.0551,-0.044873000000003556,0.006073916304291801
2210,plts_tim737,1,737,solar,0.134254762890987,0.0,0.134254762890987,0.030192361658809452
2211,batt_tim737,1,737,battery,0.06158261925324806,0.0,0.06158261925324806,0.012038563005012609
2212,pltd_tim738,1,738,diesel,0.012038999996832346,0.0558,-0.043761000003167655,0.0076644130650422755
2213,plts_tim738,1,738,solar,0.13047462129429746,0.0,0.13047462129429746,0.028771375161306116
2214,batt_tim738,1,738,battery,0.05575329050696585,0.0,0.05575329050696585,0.01087419137269476
2215,pltd_tim739,1,739,diesel,0.011972999996811945,0.0555,-0.04352700000318806,0.007622035204187932
2216,plts_tim739,1,739,solar,0.12975393767457413,0.0,0.12975393767457413,0.028612470405755822
2217,batt_tim739,1,739,battery,0.055445427515233896,0.0,0.055445427515233896,0.010814107903131717
2218,pltd_tim740,1,740,diesel,0.02288099999927438,0.106,-0.08311900000072561,0.014567099894464395
2219,plts_tim740,1,740,solar,0.24797179028080418,0.0,0.24797179028080418,0.054680943937008494
2220,batt_tim740,1,740,battery,0.10595980277887213,0.0,0.10595980277887213,0.02066658534230911
2221,pltd_tim741,1,741,diesel,0.023725659981025098,0.1177,-0.0939743400189749,0.015451580859586759
2222,plts_tim741,1,741,solar,0.2772951118190257,0.0,0.2772951118190257,0.061582650833272294
2223,batt_tim741,1,741,battery,0.12139633832043682,0.0,0.12139633832043682,0.023702642317834127
2224,pltd_tim742,1,742,diesel,0.008323313661239146,0.0413,-0.03297668633876086,0.005420839869712095
2225,plts_tim742,1,742,solar,0.09726815697978132,0.0,0.09726815697978132,0.02160152997401339
2226,batt_tim742,1,742,battery,0.04258094706894618,0.0,0.04258094706894618,0.00831395049214133
2227,pltd_tim743,1,743,diesel,0.009311999997581935,0.0431,-0.033788000002418064,0.005927936205431994
2228,plts_tim743,1,743,solar,0.10092144521975845,0.0,0.10092144521975845,0.022254526287231617
2229,batt_tim743,1,743,battery,0.043125663029920755,0.0,0.043125663029920755,0.008411251496349213
2230,pltd_tim744,1,744,diesel,0.01622999999759375,0.0752,-0.05897000000240625,0.010332292041995783
2231,plts_tim744,1,744,solar,0.17588798488616603,0.0,0.17588798488616603,0.03878559360090662
2232,batt_tim744,1,744,battery,0.0751584588009351,0.0,0.0751584588009351,0.01465897376176151
2233,pltd_tim745,1,745,diesel,0.011614804521956642,0.0576,-0.045985195478043354,0.007564380835827009
2234,plts_tim745,1,745,solar,0.13574205709487402,0.0,0.13574205709487402,0.030146031591814035
2235,batt_tim745,1,745,battery,0.05942517270672695,0.0,0.05942517270672695,0.011602763240618522
2236,pltd_tim746,1,746,diesel,0.008569999999996096,0.0462,-0.0376300000000039,0.005089881988799585
2237,plts_tim746,1,746,solar,0.11250420883608767,0.0,0.11250420883608767,0.02530086426494304
2238,batt_tim746,1,746,battery,0.051605405655426144,0.0,0.051605405655426144,0.010088174669067642
2239,pltd_tim747,1,747,diesel,0.054676000000163164,0.2532,-0.19852399999983683,0.03480769601511552
2240,plts_tim747,1,747,solar,0.5925409245254931,0.0,0.5925409245254931,0.13066301472783146
2241,batt_tim747,1,747,battery,0.25319855102687594,0.0,0.25319855102687594,0.0493840937606318
2242,pltd_tim748,1,748,diesel,0.0254089999995141,0.1177,-0.0922910000004859,0.01617542804137583
2243,plts_tim748,1,748,solar,0.27536806334350544,0.0,0.27536806334350544,0.060722241480062375
2244,batt_tim748,1,748,battery,0.11766839624917622,0.0,0.11766839624917622,0.02295012785260711
2245,pltd_tim749,1,749,diesel,0.015341616729548002,0.0761,-0.060758383270452,0.009991388001708314
2246,plts_tim749,1,749,solar,0.17929604568095023,0.0,0.17929604568095023,0.03981861198333004
2247,batt_tim749,1,749,battery,0.07849223415812498,0.0,0.07849223415812498,0.015325609322865922
2248,pltd_tim750,1,750,diesel,0.015341616723129295,0.0761,-0.060758383276870706,0.009991387996705577
2249,plts_tim750,1,750,solar,0.17929604570688623,0.0,0.17929604570688623,0.039818611989154123
2250,batt_tim750,1,750,battery,0.07849223418110196,0.0,0.07849223418110196,0.015325609327364372
2251,pltd_tim751,1,751,diesel,0.007848999997844669,0.0364,-0.02855100000215533,0.0049965741241785174
2252,plts_tim751,1,751,solar,0.0850612578775499,0.0,0.0850612578775499,0.018757146759447976
2253,batt_tim751,1,751,battery,0.036347892360038846,0.0,0.036347892360038846,0.007089304692337898
2254,pltd_tim752,1,752,diesel,0.016662432250594453,0.0813,-0.06463756774940554,0.01054643207490993
2255,plts_tim752,1,752,solar,0.19330196076974288,0.0,0.19330196076974288,0.04270427649858098
2256,batt_tim752,1,752,battery,0.08415916144695307,0.0,0.08415916144695307,0.016449269181029454
2257,pltd_tim753,1,753,diesel,0.006584999998246901,0.0305,-0.023915000001753096,0.004192406367362374
2258,plts_tim753,1,753,solar,0.07136312139919687,0.0,0.07136312139919687,0.01573652049934599
2259,batt_tim753,1,753,battery,0.030493710669402777,0.0,0.030493710669402777,0.005947540755311922
2260,pltd_tim754,1,754,diesel,0.015165999996956715,0.0702,-0.05503400000304329,0.009654266222890463
2261,plts_tim754,1,754,solar,0.1643570469023568,0.0,0.1643570469023568,0.03624282949739444
2262,batt_tim754,1,754,battery,0.07023219087592206,0.0,0.07023219087592206,0.013698089771583601
2263,pltd_tim755,1,755,diesel,0.022215999999181023,0.1029,-0.08068400000081899,0.014143341007718533
2264,plts_tim755,1,755,solar,0.2407649540721283,0.0,0.2407649540721283,0.05309176037904765
2265,batt_tim755,1,755,battery,0.10288094285198965,0.0,0.10288094285198965,0.02006603564180163
2266,pltd_tim756,1,756,diesel,0.021207068124997012,0.1035,-0.08229293187500299,0.013423074613712765
2267,plts_tim756,1,756,solar,0.24601830064714547,0.0,0.24601830064714547,0.0543504887660158
2268,batt_tim756,1,756,battery,0.10711036014373655,0.0,0.10711036014373655,0.020935166071643047
2269,pltd_tim757,1,757,diesel,0.029159699239485692,0.1423,-0.11314030076051432,0.018456801782867502
2270,plts_tim757,1,757,solar,0.33827450980167384,0.0,0.33827450980167384,0.07473186599011507
2271,batt_tim757,1,757,battery,0.1472765602334165,0.0,0.1472765602334165,0.0287858037594654
2272,pltd_tim758,1,758,diesel,0.015147929961703527,0.0739,-0.05875207003829647,0.009587878960683907
2273,plts_tim758,1,758,solar,0.17572810455524288,0.0,0.17572810455524288,0.03882181490341583
2274,batt_tim758,1,758,battery,0.0765073486269284,0.0,0.0765073486269284,0.014953699615744177
2275,pltd_tim759,1,759,diesel,0.01117125478707963,0.0545,-0.04332874521292037,0.00707085006253559
2276,plts_tim759,1,759,solar,0.12959999997792954,0.0,0.12959999997792954,0.028631315291354886
2277,batt_tim759,1,759,battery,0.056425283582043406,0.0,0.056425283582043406,0.011028549866780807
2278,pltd_tim760,1,760,diesel,0.06557754349579176,0.3201,-0.25452245650420824,0.04150760843801811
2279,plts_tim760,1,760,solar,0.7607529411764247,0.0,0.7607529411764247,0.16806612696046028
2280,batt_tim760,1,760,battery,0.33121390498813635,0.0,0.33121390498813635,0.0647371211020396
2281,pltd_tim761,1,761,diesel,0.02664562473842332,0.1322,-0.1055543752615767,0.017353399282558406
2282,plts_tim761,1,761,solar,0.3114094656291433,0.0,0.3114094656291433,0.06915878374127318
2283,batt_tim761,1,761,battery,0.13632917190423116,0.0,0.13632917190423116,0.026618293766666398
2284,pltd_tim762,1,762,diesel,0.015590064388144214,0.0773,-0.06170993561185578,0.010153174406999156
2285,plts_tim762,1,762,solar,0.18219895371188824,0.0,0.18219895371188824,0.040463406071718284
2286,batt_tim762,1,762,battery,0.07976351063258716,0.0,0.07976351063258716,0.015573817741224563
2287,pltd_tim763,1,763,diesel,0.023354068663114857,0.1158,-0.09244593133688514,0.015209763652857049
2288,plts_tim763,1,763,solar,0.27293556594598034,0.0,0.27293556594598034,0.060614404220470104
2289,batt_tim763,1,763,battery,0.1194856366491287,0.0,0.1194856366491287,0.023329593614341036
2290,pltd_tim764,1,764,diesel,0.020869206116292914,0.1035,-0.08263079388370709,0.013591381751560076
2291,plts_tim764,1,764,solar,0.24390130134403454,0.0,0.24390130134403454,0.054166356251738705
2292,batt_tim764,1,764,battery,0.10677563953210825,0.0,0.10677563953210825,0.0208479616533695
2293,pltd_tim765,1,765,diesel,0.025608999999528443,0.1186,-0.09299100000047156,0.016302482439433667
2294,plts_tim765,1,765,solar,0.27753011420522244,0.0,0.27753011420522244,0.0611990217472596
2295,batt_tim765,1,765,battery,0.118592215226496,0.0,0.118592215226496,0.02313026703927069
2296,pltd_tim766,1,766,diesel,0.014167999996362726,0.0656,-0.05143200000363728,0.009019468374856541
2297,plts_tim766,1,766,solar,0.15354164480210655,0.0,0.15354164480210655,0.03385794123774862
2298,batt_tim766,1,766,battery,0.06560992106746055,0.0,0.06560992106746055,0.012796612563714102
2299,pltd_tim767,1,767,diesel,0.021617999999084772,0.1001,-0.07848200000091522,0.013761767845888812
2300,plts_tim767,1,767,solar,0.23427880148344776,0.0,0.23427880148344776,0.051661561576694624
2301,batt_tim767,1,767,battery,0.10011040591706115,0.0,0.10011040591706115,0.019525568662097963
2302,pltd_tim768,1,768,diesel,0.019422999998668297,0.09,-0.0705770000013317,0.012364475660299754
2303,plts_tim768,1,768,solar,0.2104910942413878,0.0,0.2104910942413878,0.046416021720016375
2304,batt_tim768,1,768,battery,0.08994545226865733,0.0,0.08994545226865733,0.01754299765840854
2305,pltd_tim769,1,769,diesel,0.014699999996715053,0.0681,-0.053400000003284945,0.009358608703442094
2306,plts_tim769,1,769,solar,0.1593071137924375,0.0,0.1593071137924375,0.03512926728916672
2307,batt_tim769,1,769,battery,0.06807259502865205,0.0,0.06807259502865205,0.013276985230571097
2308,pltd_tim770,1,770,diesel,0.022415999999207903,0.1038,-0.0813840000007921,0.014270474932309216
2309,plts_tim770,1,770,solar,0.24292700493496616,0.0,0.24292700493496616,0.053568471646486746
2310,batt_tim770,1,770,battery,0.10380430183025241,0.0,0.10380430183025241,0.020246117116628593
2311,pltd_tim771,1,771,diesel,0.027004999999636483,0.1251,-0.0980950000003635,0.017192397647053916
2312,plts_tim771,1,771,solar,0.29266447023407033,0.0,0.29266447023407033,0.06453636561695501
2313,batt_tim771,1,771,battery,0.125057798065066,0.0,0.125057798065066,0.024391453059048693
2314,pltd_tim772,1,772,diesel,0.01343599999642723,0.0622,-0.04876400000357277,0.008553362478719061
2315,plts_tim772,1,772,solar,0.1456141250020446,0.0,0.1456141250020446,0.03210982793034512
2316,batt_tim772,1,772,battery,0.06222319817264155,0.0,0.06222319817264155,0.012136050244180019
2317,pltd_tim773,1,773,diesel,0.01915699999861868,0.0887,-0.06954300000138132,0.012195909121558032
2318,plts_tim773,1,773,solar,0.20760321201509693,0.0,0.20760321201509693,0.04577919778371414
2319,batt_tim773,1,773,battery,0.08870990541713795,0.0,0.08870990541713795,0.017302079624059472
2320,pltd_tim774,1,774,diesel,0.006439000000019251,0.0339,-0.027460999999980747,0.0038502630674280844
2321,plts_tim774,1,774,solar,0.08306583817298703,0.0,0.08306583817298703,0.018408347949730022
2322,batt_tim774,1,774,battery,0.036847001888901464,0.0,0.036847001888901464,0.007243938740387116
2323,pltd_tim775,1,775,diesel,0.02733500000002594,0.1439,-0.11656499999997406,0.016345105844918738
2324,plts_tim775,1,775,solar,0.3526556245325178,0.0,0.3526556245325178,0.07815286346280476
2325,batt_tim775,1,775,battery,0.15643729211767896,0.0,0.15643729211767896,0.0307547612373582
2326,pltd_tim776,1,776,diesel,0.009769999999996155,0.0527,-0.04293000000000384,0.005802454639063331
2327,plts_tim776,1,776,solar,0.12825442542015195,0.0,0.12825442542015195,0.028843005174698524
2328,batt_tim776,1,776,battery,0.05883034971911079,0.0,0.05883034971911079,0.011500530609173599
2329,pltd_tim777,1,777,diesel,0.022082999999160583,0.1023,-0.08021700000083942,0.014058511416774088
2330,plts_tim777,1,777,solar,0.2393235868303189,0.0,0.2393235868303189,0.052773957867439415
2331,batt_tim777,1,777,battery,0.10226544686655026,0.0,0.10226544686655026,0.019945963097529378
2332,pltd_tim778,1,778,diesel,0.012504999996682139,0.0579,-0.045395000003317865,0.007961127120632721
2333,plts_tim778,1,778,solar,0.13551940661327358,0.0,0.13551940661327358,0.02988376244603883
2334,batt_tim778,1,778,battery,0.05790810143303168,0.0,0.05790810143303168,0.011294489258458516
2335,pltd_tim779,1,779,diesel,0.017692999998178315,0.0819,-0.06420700000182168,0.011263517081730193
2336,plts_tim779,1,779,solar,0.1917481723296471,0.0,0.1917481723296471,0.042283040150510744
2337,batt_tim779,1,779,battery,0.08193668955581809,0.0,0.08193668955581809,0.015980997602934064
2338,pltd_tim780,1,780,diesel,0.025009999999488604,0.1158,-0.09079000000051139,0.015922227395589583
2339,plts_tim780,1,780,solar,0.2710388138810764,0.0,0.2710388138810764,0.05976754303337596
2340,batt_tim780,1,780,battery,0.1158164334169889,0.0,0.1158164334169889,0.02258900769721433
