Segment,Zone,NSE_Price,Max_NSE_MW,Total_NSE_MWh,NSE_Percent_of_Demand
1,1,2000.0,2.0195572156250923e-16,1.9224892427369897e-13,Inf
1,2,2000.0,3.0237681325671026e-16,3.026968312449003e-13,Inf
1,3,2000.0,3.0250169596111753e-16,3.0198439089464786e-13,Inf
1,4,2000.0,2.605532171882868e-16,2.1763216653828342e-13,Inf
1,5,2000.0,2.6922706019299204e-16,2.287301241986874e-13,Inf
1,6,2000.0,2.4656921908609017e-16,2.161458536392983e-13,Inf
1,7,2000.0,2.5047081751632445e-16,2.1071870274363914e-13,Inf
1,8,2000.0,3.1452861559172797e-16,2.917344243823757e-13,Inf
1,9,2000.0,3.0614143511245885e-16,2.841109724247923e-13,Inf
1,10,2000.0,2.623766094676924e-16,2.1934519827146184e-13,Inf
1,11,2000.0,2.9485966643967064e-16,2.732649993819907e-13,Inf
1,12,2000.0,2.1088229170832914e-16,1.940396433435367e-13,Inf
1,13,2000.0,2.2319162209463484e-16,2.2597176779895324e-13,Inf
1,14,2000.0,1.6557263923325517e-16,1.793631985765009e-13,Inf
1,15,2000.0,1.665737237669741e-16,1.8858640539358398e-13,Inf
1,16,2000.0,2.7744758117870516e-16,2.3992712937628923e-13,Inf
1,17,2000.0,1.8161040419516795e-16,2.0057276805410564e-13,Inf
1,18,2000.0,1.487897596109163e-16,1.715220085424622e-13,Inf
1,19,2000.0,1.6910474479187666e-16,1.7904012721363032e-13,Inf
1,20,2000.0,1.313349544715062e-16,1.6115194095732484e-13,Inf
1,21,2000.0,1.534344802771282e-16,1.747124339647508e-13,Inf
1,22,2000.0,1.4379587331366983e-16,1.6939657521182216e-13,Inf
1,23,2000.0,1.4589667148358869e-16,1.6884615726051384e-13,Inf
1,24,2000.0,1.3558858873398608e-16,1.640804812289771e-13,Inf
1,25,2000.0,1.3224643814857617e-16,1.6182758249048975e-13,Inf
1,26,2000.0,1.4654343329724017e-16,1.7142220262037383e-13,Inf
1,27,2000.0,1.453784634875291e-16,1.7055675098151137e-13,Inf
1,28,2000.0,1.401741847425593e-16,1.6685049248543544e-13,Inf
1,29,2000.0,1.3543525442620363e-16,1.6386503743168303e-13,Inf
1,30,2000.0,1.3255328600787902e-16,1.6195939170274747e-13,Inf
1,31,2000.0,1.4137772770725738e-16,1.6763567622975323e-13,Inf
1,32,2000.0,1.5283152201637845e-16,1.74056216362471e-13,Inf
1,33,2000.0,1.3996491651649113e-16,1.6668312260275227e-13,Inf
1,34,2000.0,1.366647599003772e-16,1.6468109822827636e-13,Inf
1,35,2000.0,1.3732304494499892e-16,1.6494916868967574e-13,Inf
1,36,2000.0,1.3133338555141445e-16,1.6103359135863986e-13,Inf
1,37,2000.0,1.3731748113432843e-16,1.651198121545999e-13,Inf
1,38,2000.0,1.5129700265783456e-16,1.736225932789581e-13,Inf
1,39,2000.0,1.386954768230249e-16,1.643276696950975e-13,Inf
1,40,2000.0,1.3500271569330256e-16,1.6357560418058564e-13,Inf
1,41,2000.0,1.3591907593774126e-16,1.6414628924290968e-13,Inf
1,42,2000.0,1.3977610091187192e-16,1.6502785898796049e-13,Inf
1,43,2000.0,1.4776239322430666e-16,1.7199006741717272e-13,Inf
1,44,2000.0,1.4249751351594665e-16,1.684163921154539e-13,Inf
1,45,2000.0,1.3814391643049236e-16,1.6553773891908653e-13,Inf
1,46,2000.0,1.429798795878484e-16,1.688107721355095e-13,Inf
1,47,2000.0,1.4569930439613182e-16,1.687176265734025e-13,Inf
1,48,2000.0,1.4304242202330004e-16,1.6887059665067644e-13,Inf
1,49,2000.0,1.72986764235867e-16,1.8029017381148276e-13,Inf
1,50,2000.0,1.9248722847558527e-16,1.865400866221689e-13,Inf
1,51,2000.0,1.5055828063739817e-16,1.7333623720885585e-13,Inf
1,52,2000.0,1.5469331702571547e-16,1.7476446876143867e-13,Inf
1,53,2000.0,1.4810186175320455e-16,1.7216718240704862e-13,Inf
1,54,2000.0,1.4503408993269514e-16,1.7081823153675608e-13,Inf
1,55,2000.0,1.7696367149531873e-16,1.815906584047829e-13,Inf
1,56,2000.0,1.5118238391985279e-16,1.7401273229168428e-13,Inf
1,57,2000.0,1.5654240288477e-16,1.7522638681748773e-13,Inf
1,58,2000.0,1.8959199883904408e-16,1.8683293310460053e-13,Inf
1,59,2000.0,1.3742056604066498e-16,1.652106605767827e-13,Inf
1,60,2000.0,2.6874593487262206e-16,2.2454662290239392e-13,Inf
1,61,2000.0,1.335153412215447e-16,1.6260300740314718e-13,Inf
1,62,2000.0,2.2612732029460413e-16,1.984363640188555e-13,Inf
1,63,2000.0,1.4569930439613182e-16,1.6871762657340572e-13,Inf
1,64,2000.0,1.4239999340740432e-16,1.6847231336408235e-13,Inf
1,65,2000.0,1.3301245924806934e-16,1.6191581094788422e-13,Inf
1,66,2000.0,2.785129385483249e-16,2.361300387330409e-13,Inf
1,67,2000.0,2.6059758499468858e-16,2.1643077760643133e-13,Inf
1,68,2000.0,1.6381555632215097e-16,1.775766928468925e-13,Inf
1,69,2000.0,2.507322201640543e-16,2.1143456649385403e-13,Inf
1,70,2000.0,1.3488892786551624e-16,1.6351816759329257e-13,Inf
1,71,2000.0,1.50994299425765e-16,1.7350976726516456e-13,Inf
1,72,2000.0,1.4823699239741295e-16,1.703848735698325e-13,Inf
1,73,2000.0,1.4068730864262047e-16,1.6733360795099648e-13,Inf
1,74,2000.0,3.059699568830912e-16,2.885078395598517e-13,Inf
1,75,2000.0,1.523551428693396e-16,1.7297250767639244e-13,Inf
1,76,2000.0,1.3586403560716165e-16,1.641326666008989e-13,Inf
1,77,2000.0,2.296566874645376e-16,1.997956392983871e-13,Inf
1,78,2000.0,1.4129446566085043e-16,1.676685438415436e-13,Inf
1,79,2000.0,1.3576263189049015e-16,1.6393744100449722e-13,Inf
1,80,2000.0,1.421488012412801e-16,1.681778136459769e-13,Inf
1,81,2000.0,1.5431754372229398e-16,1.7474388378520936e-13,Inf
1,82,2000.0,2.8177713285319012e-16,2.737731258137815e-13,Inf
1,83,2000.0,2.4200955644907067e-16,2.1199423494049862e-13,Inf
1,84,2000.0,2.63568631190208e-16,2.3815689972653734e-13,Inf
1,85,2000.0,1.3916926922199972e-16,1.6463282324419918e-13,Inf
1,86,2000.0,2.610303268068924e-16,2.3485640427799396e-13,Inf
1,87,2000.0,2.544541653421582e-16,2.2586142394473163e-13,Inf
1,88,2000.0,1.630299885901618e-16,1.7826034188795392e-13,Inf
1,89,2000.0,2.926440823007302e-16,3.1569282607740543e-13,Inf
1,90,2000.0,2.1555343729978936e-16,1.975075704452542e-13,Inf
1,91,2000.0,2.0713282804393434e-16,1.9409888179655284e-13,Inf
1,92,2000.0,1.8363300088122827e-16,1.8523124433402275e-13,Inf
1,93,2000.0,2.977306192299622e-16,3.3140964043720394e-13,Inf
1,94,2000.0,1.5347845560329298e-16,1.7356505839941974e-13,Inf
1,95,2000.0,1.330502643925148e-16,1.6218992717500205e-13,Inf
1,96,2000.0,1.3338389756931908e-16,1.6231143235516314e-13,Inf
1,97,2000.0,1.4286533224589325e-16,1.6802649881847917e-13,Inf
1,98,2000.0,1.3301405511938564e-16,1.620543429258684e-13,Inf
1,99,2000.0,1.3368919244387388e-16,1.6252391028704814e-13,Inf
1,100,2000.0,1.819428454976058e-16,1.825730172976506e-13,Inf
1,101,2000.0,1.4630741519157436e-16,1.6934101947147895e-13,Inf
1,102,2000.0,1.5159799237153272e-16,1.7242038746020123e-13,Inf
1,103,2000.0,1.6060841827506762e-16,1.759336614089263e-13,Inf
1,104,2000.0,1.7434697196771484e-16,1.80127938513833e-13,Inf
1,105,2000.0,1.46310746537899e-16,1.6935382975588267e-13,Inf
1,106,2000.0,1.3971123281208386e-16,1.650112592042562e-13,Inf
1,107,2000.0,1.3796442896991368e-16,1.653291915798026e-13,Inf
1,108,2000.0,1.4584941709311452e-16,1.6881395806601084e-13,Inf
1,109,2000.0,1.4780268336309949e-16,1.7086773226683213e-13,Inf
1,110,2000.0,1.4238651850840224e-16,1.6662871665418235e-13,Inf
1,111,2000.0,1.5381950304226564e-16,1.7367508008672103e-13,Inf
1,112,2000.0,1.6499856797095862e-16,1.7685126903657337e-13,Inf
1,113,2000.0,2.1164179272870389e-16,1.9069765134731994e-13,Inf
1,114,2000.0,1.4670254480405734e-16,1.7028866323862958e-13,Inf
1,115,2000.0,1.4691877414999119e-16,1.7040867899623669e-13,Inf
1,116,2000.0,1.4911030477417724e-16,1.7143425307160458e-13,Inf
1,117,2000.0,1.74976485307028e-16,1.792825888550409e-13,Inf
1,118,2000.0,1.4866387590002997e-16,1.7137833306482706e-13,Inf
1,119,2000.0,1.44399888967313e-16,1.6906117867933285e-13,Inf
1,120,2000.0,1.505318797553176e-16,1.7223204020436516e-13,Inf
1,121,2000.0,1.7228174317321211e-16,1.7888991916556578e-13,Inf
1,122,2000.0,1.523408811567851e-16,1.7281646553250435e-13,Inf
1,123,2000.0,1.4958087672799843e-16,1.717307075858538e-13,Inf
1,124,2000.0,1.5126357564466203e-16,1.7245243053159902e-13,Inf
1,125,2000.0,1.7549820530274995e-16,1.7962318752274082e-13,Inf
1,126,2000.0,1.544287315130043e-16,1.7354694866249828e-13,Inf
1,127,2000.0,2.1261960851750313e-16,1.9151045458017995e-13,Inf
1,128,2000.0,1.7667473210112442e-16,1.8184117508616434e-13,Inf
1,129,2000.0,1.649521637161668e-16,1.777251312399144e-13,Inf
1,130,2000.0,1.5595292181473267e-16,1.741628588020743e-13,Inf
1,131,2000.0,1.6594704129982663e-16,1.772824624186641e-13,Inf
1,132,2000.0,1.530570597711482e-16,1.7318412912260096e-13,Inf
1,133,2000.0,1.437875249981844e-16,1.693383382557733e-13,Inf
1,134,2000.0,1.6545554621388431e-16,1.775446437151293e-13,Inf
1,135,2000.0,2.0970988901680797e-16,1.9343965391378632e-13,Inf
1,136,2000.0,1.4892363253750462e-16,1.7151321919920914e-13,Inf
1,137,2000.0,1.3695206330580328e-16,1.631833363509173e-13,Inf
1,138,2000.0,1.3762676284656792e-16,1.6295028431464781e-13,Inf
1,139,2000.0,1.7052375874348457e-16,1.793647201829691e-13,Inf
1,140,2000.0,1.3365582590131998e-16,1.6019330393917123e-13,Inf
1,141,2000.0,1.4267630652447376e-16,1.6604911191541795e-13,Inf
1,142,2000.0,1.450781959396642e-16,1.6924943414868945e-13,Inf
1,143,2000.0,1.5277519976345233e-16,1.7332079967109914e-13,Inf
1,144,2000.0,1.462248402745703e-16,1.692126353322837e-13,Inf
1,145,2000.0,1.4654993176626509e-16,1.693026424454758e-13,Inf
1,146,2000.0,1.442213550698816e-16,1.6789115838712862e-13,Inf
1,147,2000.0,1.3380128618395527e-16,1.6118749690556803e-13,Inf
1,148,2000.0,1.3459802128396009e-16,1.6093726813990841e-13,Inf
1,149,2000.0,1.4136884759299406e-16,1.6593286862011984e-13,Inf
1,150,2000.0,1.5604189237106396e-16,1.7459084396329733e-13,Inf
1,151,2000.0,1.446665005708851e-16,1.6731022806735792e-13,Inf
1,152,2000.0,1.5171832647437505e-16,1.7264310120350673e-13,Inf
1,153,2000.0,1.3718318065956878e-16,1.6333126797216103e-13,Inf
1,154,2000.0,1.4401597098831754e-16,1.6760845050070786e-13,Inf
1,155,2000.0,1.4586217197097525e-16,1.6986635979802047e-13,Inf
1,156,2000.0,1.3743561093493203e-16,1.651340401897034e-13,Inf
1,157,2000.0,1.538471870688844e-16,1.7370647643388857e-13,Inf
1,158,2000.0,1.380836220506102e-16,1.6555821040928942e-13,Inf
1,159,2000.0,1.35591005121618e-16,1.6444449968075294e-13,Inf
1,160,2000.0,1.5863424639804296e-16,1.753122288293071e-13,Inf
1,161,2000.0,1.5516064950761336e-16,1.7420216756102202e-13,Inf
1,162,2000.0,1.442496648271298e-16,1.6899707604591628e-13,Inf
1,163,2000.0,1.4308671914211014e-16,1.669455331691651e-13,Inf
1,164,2000.0,1.389721005141026e-16,1.6605604764567751e-13,Inf
1,165,2000.0,1.4322757609516633e-16,1.6725425982148069e-13,Inf
1,166,2000.0,1.4053146267037825e-16,1.6698752094960882e-13,Inf
1,167,2000.0,1.33414677809711e-16,1.6275985056448162e-13,Inf
1,168,2000.0,1.4436354897379766e-16,1.6793134144288285e-13,Inf
1,169,2000.0,2.365576995272314e-16,2.0753252920430123e-13,Inf
1,170,2000.0,1.9477036864336882e-16,1.8805768868825645e-13,Inf
1,171,2000.0,1.817296250849658e-16,1.826270249224194e-13,Inf
1,172,2000.0,1.4312941506139756e-16,1.6699697199817798e-13,Inf
1,173,2000.0,1.6266380839595653e-16,1.7649963438538842e-13,Inf
1,174,2000.0,1.5888013331771616e-16,1.7610164448077042e-13,Inf
1,175,2000.0,1.5244171713351953e-16,1.7287345232912555e-13,Inf
1,176,2000.0,1.4332718927681218e-16,1.6718666290680838e-13,Inf
1,177,2000.0,2.2487227983085365e-16,2.0123735706641025e-13,Inf
1,178,2000.0,1.4739730016676173e-16,1.6966693060971542e-13,Inf
1,179,2000.0,1.430397425461891e-16,1.6805008555035178e-13,Inf
1,180,2000.0,1.5007960157525064e-16,1.7086008606719998e-13,Inf
1,181,2000.0,1.4893107648850996e-16,1.6999341232855805e-13,Inf
1,182,2000.0,1.739580244252491e-16,1.8167904108190848e-13,Inf
1,183,2000.0,1.5502056401841623e-16,1.7369496983450333e-13,Inf
1,184,2000.0,1.4199094218284557e-16,1.6628115078358382e-13,Inf
1,185,2000.0,1.6433275351481113e-16,1.776966662269059e-13,Inf
1,186,2000.0,1.4404757443820885e-16,1.6835537060806279e-13,Inf
1,187,2000.0,1.3728550158625367e-16,1.6409852008214634e-13,Inf
1,188,2000.0,2.9880310030001985e-16,3.3078006691332317e-13,Inf
1,189,2000.0,2.957930776723076e-16,3.214664815511584e-13,Inf
1,190,2000.0,3.4196278856637786e-16,3.8631564630050885e-13,Inf
1,191,2000.0,2.858410265785309e-16,2.5992885587883504e-13,Inf
1,192,2000.0,1.5895994030502148e-16,1.7614080129372396e-13,Inf
1,193,2000.0,1.4994393721537022e-16,1.716200270279658e-13,Inf
1,194,2000.0,1.4430980186013422e-16,1.6785408337156284e-13,Inf
1,195,2000.0,2.2148174652245292e-16,2.0018764899562263e-13,Inf
1,196,2000.0,1.3701047728604884e-16,1.6322050923080297e-13,Inf
1,197,2000.0,1.3956759438505419e-16,1.6568919428020098e-13,Inf
1,198,2000.0,1.6476677866865474e-16,1.791361915807031e-13,Inf
1,199,2000.0,2.341405310028759e-16,2.07083529211271e-13,Inf
1,200,2000.0,2.531955359638731e-16,2.2425090652904653e-13,Inf
1,201,2000.0,1.6191680175455747e-16,1.7763169510763067e-13,Inf
1,202,2000.0,1.3859046288384006e-16,1.6425915176937716e-13,Inf
1,203,2000.0,2.5716452922208966e-16,2.294863859026981e-13,Inf
1,204,2000.0,2.381778477737957e-16,2.094369094450558e-13,Inf
1,205,2000.0,2.534779684524465e-16,2.2460244029720562e-13,Inf
1,206,2000.0,2.1463767888256068e-16,1.9710971286747417e-13,Inf
1,207,2000.0,2.42287087953907e-16,2.1220485253727375e-13,Inf
1,208,2000.0,2.696646732185088e-16,2.4412005387497524e-13,Inf
1,209,2000.0,1.5081811316627064e-16,1.7218254767355537e-13,Inf
1,210,2000.0,2.2148174652164512e-16,2.0018764899561536e-13,Inf
1,211,2000.0,1.4595747128294201e-16,1.694129285971248e-13,Inf
1,212,2000.0,2.1461770312104134e-16,1.8707408047651228e-13,Inf
1,213,2000.0,1.4836261322238422e-16,1.710138669122019e-13,Inf
1,214,2000.0,1.4342815586164948e-16,1.6746968139312073e-13,Inf
1,215,2000.0,1.481360672798506e-16,1.705593626814002e-13,Inf
1,216,2000.0,1.4526168790841184e-16,1.6885331400363212e-13,Inf
1,217,2000.0,1.5304539673372974e-16,1.733350656880568e-13,Inf
1,218,2000.0,1.379777218390978e-16,1.635429654217316e-13,Inf
1,219,2000.0,1.4133014623147443e-16,1.6607272408416553e-13,Inf
1,220,2000.0,1.6793691802634563e-16,1.7591456367689748e-13,Inf
1,221,2000.0,1.4845074841596192e-16,1.736083916010213e-13,Inf
1,222,2000.0,1.4704926771338966e-16,1.7240120387032905e-13,Inf
1,223,2000.0,2.75861564031111e-16,2.2545092685056675e-13,Inf
1,224,2000.0,3.0621593828633893e-16,2.879757373817234e-13,Inf
1,225,2000.0,2.442159502559765e-16,2.1302897015925804e-13,Inf
1,226,2000.0,1.818660871644196e-16,1.8118891736267225e-13,Inf
1,227,2000.0,1.4821685510060624e-16,1.7094432230941022e-13,Inf
1,228,2000.0,2.7100035612683e-16,2.186616569858714e-13,Inf
1,229,2000.0,2.388769043617865e-16,2.0966347814328605e-13,Inf
1,230,2000.0,2.8500154622486217e-16,2.3612915136653593e-13,Inf
1,231,2000.0,2.20765152578604e-16,1.9955198723856834e-13,Inf
1,232,2000.0,2.2621230404637027e-16,2.0156194566570053e-13,Inf
1,233,2000.0,1.7468488473870937e-16,1.815073386080797e-13,Inf
1,234,2000.0,2.828005989402321e-16,2.752203360629008e-13,Inf
1,235,2000.0,1.8860699530389394e-16,1.8563465795414792e-13,Inf
1,236,2000.0,1.8128787670003136e-16,1.809648973990413e-13,Inf
1,237,2000.0,1.4206722493645495e-16,1.673833620412346e-13,Inf
1,238,2000.0,2.822772711154257e-16,2.283786975378831e-13,Inf
1,239,2000.0,1.4259984287438078e-16,1.6679845015598854e-13,Inf
1,240,2000.0,1.6931817612103257e-16,1.79023970055141e-13,Inf
1,241,2000.0,1.4341639821867963e-16,1.683283978998327e-13,Inf
1,242,2000.0,1.7942783880245337e-16,1.825265187703421e-13,Inf
1,243,2000.0,1.636453244043582e-16,1.7606050975186433e-13,Inf
1,244,2000.0,2.817920845595835e-16,2.773064837727849e-13,Inf
1,245,2000.0,2.6047679423160257e-16,2.339710288727678e-13,Inf
1,246,2000.0,2.838526444567111e-16,2.833167856311504e-13,Inf
1,247,2000.0,2.9042918992550433e-16,3.07426264627525e-13,Inf
1,248,2000.0,2.5756228325732084e-16,2.3004270610242323e-13,Inf
1,249,2000.0,2.8148378801056784e-16,2.6776428644029855e-13,Inf
1,250,2000.0,2.8177816071234293e-16,2.751442772332257e-13,Inf
1,251,2000.0,2.816904244710443e-16,2.704134406778876e-13,Inf
1,252,2000.0,3.022605342808052e-16,3.501200259266892e-13,Inf
1,253,2000.0,1.403139852793445e-16,1.6538505299753243e-13,Inf
1,254,2000.0,1.4397631993055844e-16,1.678993976873276e-13,Inf
1,255,2000.0,1.4576505490133963e-16,1.6959418760582165e-13,Inf
1,256,2000.0,1.5040556062754282e-16,1.719245198034831e-13,Inf
1,257,2000.0,1.383603619072496e-16,1.6551405112432312e-13,Inf
1,258,2000.0,1.3269387473873586e-16,1.618725185344476e-13,Inf
1,259,2000.0,1.3149882770248845e-16,1.6089674118240087e-13,Inf
1,260,2000.0,1.381923115708859e-16,1.6371215186270082e-13,Inf
1,261,2000.0,1.3404083687267133e-16,1.6051348314444826e-13,Inf
1,262,2000.0,1.528278412363282e-16,1.728077980513207e-13,Inf
1,263,2000.0,1.3822104368461617e-16,1.640139664362804e-13,Inf
1,264,2000.0,2.9161681375811637e-16,3.128687103472048e-13,Inf
1,265,2000.0,2.3567004096128473e-16,2.0793879829479477e-13,Inf
1,266,2000.0,2.979870111551989e-16,3.3226783253663897e-13,Inf
1,267,2000.0,2.904298128894408e-16,3.074704763714723e-13,Inf
1,268,2000.0,3.022472103947715e-16,3.4984691385565775e-13,Inf
1,269,2000.0,2.322086079176669e-16,2.0602704956937494e-13,Inf
1,270,2000.0,2.7708934683138087e-16,2.4985520510179593e-13,Inf
1,271,2000.0,1.304475922551309e-16,1.5787864705945548e-13,Inf
1,272,2000.0,1.4444995313603944e-16,1.6824337209993792e-13,Inf
1,273,2000.0,1.5070960314418787e-16,1.716333506763119e-13,Inf
1,274,2000.0,1.3937789598404313e-16,1.645458456156598e-13,Inf
1,275,2000.0,1.334570583041898e-16,1.6010082202739093e-13,Inf
1,276,2000.0,1.4087176844661212e-16,1.6566897018208355e-13,Inf
1,277,2000.0,1.4189424449862727e-16,1.6641556595815e-13,Inf
1,278,2000.0,1.404943578110617e-16,1.6543682251363436e-13,Inf
1,279,2000.0,1.4831779117992728e-16,1.7346160897274644e-13,Inf
1,280,2000.0,1.3790056430321655e-16,1.6168867498058744e-13,Inf
1,281,2000.0,1.3501863581089677e-16,1.6139412613034629e-13,Inf
1,282,2000.0,1.4197948096699525e-16,1.6502124708436883e-13,Inf
1,283,2000.0,1.605931490468335e-16,1.7422632497668915e-13,Inf
1,284,2000.0,1.3757469612446948e-16,1.6358549185597585e-13,Inf
1,285,2000.0,1.5664068574915674e-16,1.7494100613066792e-13,Inf
1,286,2000.0,1.8064785812251014e-16,1.8335765830651943e-13,Inf
1,287,2000.0,1.3552538724480478e-16,1.6306508668278435e-13,Inf
1,288,2000.0,1.4143035721832612e-16,1.6552116121975075e-13,Inf
1,289,2000.0,2.190837546352904e-16,1.9874065751660637e-13,Inf
1,290,2000.0,1.3931130217708654e-16,1.655906335410448e-13,Inf
1,291,2000.0,2.6609059264789075e-16,2.4239058907868114e-13,Inf
1,292,2000.0,1.647312685133928e-16,1.764648728585403e-13,Inf
1,293,2000.0,2.2303037875193205e-16,1.949121589612588e-13,Inf
1,294,2000.0,1.7163005741590701e-16,1.7834162116726868e-13,Inf
1,295,2000.0,1.4888678780144912e-16,1.7129537209656701e-13,Inf
1,296,2000.0,1.835213045545792e-16,1.819021132829138e-13,Inf
1,297,2000.0,1.3183100567714817e-16,1.612091285079839e-13,Inf
1,298,2000.0,1.4553718876239252e-16,1.6947350137341475e-13,Inf
1,299,2000.0,2.109700575835348e-16,1.9559373743515408e-13,Inf
1,300,2000.0,1.6163604483744488e-16,1.762367026951509e-13,Inf
1,301,2000.0,1.494238146944348e-16,1.7112078752673053e-13,Inf
1,302,2000.0,1.6226958088936282e-16,1.7654595896713643e-13,Inf
1,303,2000.0,1.6606270077965301e-16,1.7795446645225707e-13,Inf
1,304,2000.0,1.5949990152752614e-16,1.757858860361428e-13,Inf
1,305,2000.0,1.7063454786787478e-16,1.7923042035405656e-13,Inf
1,306,2000.0,1.5282319805344568e-16,1.7308561055366736e-13,Inf
1,307,2000.0,2.0326047750281504e-16,1.9098120971155432e-13,Inf
1,308,2000.0,1.6101500621311554e-16,1.763492857697144e-13,Inf
1,309,2000.0,1.5827792838666769e-16,1.7534407043556918e-13,Inf
1,310,2000.0,1.445575107913172e-16,1.6995163799925543e-13,Inf
1,311,2000.0,1.358265818044502e-16,1.6417172968174723e-13,Inf
1,312,2000.0,1.4043161013061279e-16,1.6842010859854111e-13,Inf
1,313,2000.0,1.5169410607593208e-16,1.7436339940538196e-13,Inf
1,314,2000.0,1.4495780740849913e-16,1.702187564246631e-13,Inf
1,315,2000.0,1.5525577168579896e-16,1.744160363721252e-13,Inf
1,316,2000.0,1.3532158447650136e-16,1.6544127617306376e-13,Inf
1,317,2000.0,1.4302931850092802e-16,1.688747503744852e-13,Inf
1,318,2000.0,1.4062088350538404e-16,1.672697033874001e-13,Inf
1,319,2000.0,1.671549854049896e-16,1.7982117633572443e-13,Inf
1,320,2000.0,1.5045984591751437e-16,1.738431002833261e-13,Inf
1,321,2000.0,1.4162450810558455e-16,1.691390790362392e-13,Inf
1,322,2000.0,1.4367001139463057e-16,1.6746978840429963e-13,Inf
1,323,2000.0,1.615375391286624e-16,1.774250687368085e-13,Inf
1,324,2000.0,1.6146176095118772e-16,1.7738455166921695e-13,Inf
1,325,2000.0,1.496614827952015e-16,1.735406031990027e-13,Inf
1,326,2000.0,1.4049702029946615e-16,1.68512466617213e-13,Inf
1,327,2000.0,1.4729747967701383e-16,1.724462390039654e-13,Inf
1,328,2000.0,1.6279003739981863e-16,1.7867468099212257e-13,Inf
1,329,2000.0,1.8708620642377436e-16,1.8634534062279224e-13,Inf
1,330,2000.0,1.3470622853532044e-16,1.651334233680612e-13,Inf
1,331,2000.0,1.6592557906808935e-16,1.798073100496312e-13,Inf
1,332,2000.0,1.4650576641231825e-16,1.6923590335177568e-13,Inf
1,333,2000.0,2.830500988353791e-16,2.619543239535331e-13,Inf
1,334,2000.0,1.562284801359555e-16,1.7535741102281566e-13,Inf
1,335,2000.0,2.445540168268272e-16,2.1414049347511453e-13,Inf
1,336,2000.0,1.6110090816605777e-16,1.7806668123551926e-13,Inf
1,337,2000.0,1.5775312923858049e-16,1.7602385015808449e-13,Inf
1,338,2000.0,1.6199153684354724e-16,1.776726974300576e-13,Inf
1,339,2000.0,1.9105140788525517e-16,1.8680093235767754e-13,Inf
1,340,2000.0,1.6938584299369335e-16,1.7954954505688955e-13,Inf
1,341,2000.0,2.12786981863081e-16,1.9493724646267278e-13,Inf
1,342,2000.0,1.4609233650314798e-16,1.6897521223537533e-13,Inf
1,343,2000.0,1.5280558387238035e-16,1.7358915279756137e-13,Inf
1,344,2000.0,1.7257923422715088e-16,1.8082940438565608e-13,Inf
1,345,2000.0,1.5298114867043427e-16,1.7368374288216724e-13,Inf
1,346,2000.0,1.728525445323861e-16,1.8089070741503366e-13,Inf
1,347,2000.0,2.1779235683388891e-16,1.9620239870834625e-13,Inf
1,348,2000.0,1.4607553289930622e-16,1.6923190593365044e-13,Inf
1,349,2000.0,2.373131587904602e-16,2.0933445001303418e-13,Inf
1,350,2000.0,1.3664888675274773e-16,1.64743785811237e-13,Inf
1,351,2000.0,1.3812430794362735e-16,1.6575138541545616e-13,Inf
1,352,2000.0,1.543665166475376e-16,1.7399746937557252e-13,Inf
1,353,2000.0,1.362359113340876e-16,1.6448568213834065e-13,Inf
1,354,2000.0,1.8128127150612817e-16,1.8440472828349122e-13,Inf
1,355,2000.0,2.1570131155071486e-16,1.9757399547055225e-13,Inf
1,356,2000.0,1.3543886455501293e-16,1.6395301250813897e-13,Inf
1,357,2000.0,1.3958335380181177e-16,1.648973537556996e-13,Inf
1,358,2000.0,1.4528816194427784e-16,1.7058060055966302e-13,Inf
1,359,2000.0,1.3802069034428542e-16,1.6567856575451843e-13,Inf
1,360,2000.0,1.4488492398754436e-16,1.7021478143019418e-13,Inf
1,361,2000.0,1.6093583687624154e-16,1.7797364142271097e-13,Inf
1,362,2000.0,1.5782943671632758e-16,1.768711102433625e-13,Inf
1,363,2000.0,2.0352617307494458e-16,1.923352376008345e-13,Inf
1,364,2000.0,1.4031672792025784e-16,1.6842001613752413e-13,Inf
1,365,2000.0,1.7677057080028184e-16,1.8286468089970715e-13,Inf
1,366,2000.0,1.4906882374491055e-16,1.7328525640695495e-13,Inf
1,367,2000.0,1.5122891752985966e-16,1.7419496261069167e-13,Inf
1,368,2000.0,1.3136619289644826e-16,1.6131950454152497e-13,Inf
1,369,2000.0,1.3637613374429433e-16,1.6609446832980084e-13,Inf
1,370,2000.0,1.3615609955656643e-16,1.6448592660946154e-13,Inf
1,371,2000.0,1.5808419526843165e-16,1.7619678743666915e-13,Inf
1,372,2000.0,1.564218712327797e-16,1.7541225637706497e-13,Inf
1,373,2000.0,1.839355227458706e-16,1.8448565463190777e-13,Inf
1,374,2000.0,2.0129360808690571e-16,1.909475178277543e-13,Inf
1,375,2000.0,1.4196199516129137e-16,1.6641685177758025e-13,Inf
1,376,2000.0,1.4416618906197105e-16,1.6790210803753238e-13,Inf
1,377,2000.0,1.4691339818363676e-16,1.694969064320844e-13,Inf
1,378,2000.0,1.5488207237620473e-16,1.757206143133107e-13,Inf
1,379,2000.0,1.5282414200223393e-16,1.7483324950739156e-13,Inf
1,380,2000.0,1.4303456881418532e-16,1.6992491635342023e-13,Inf
1,381,2000.0,1.3091512393811459e-16,1.6239805258288467e-13,Inf
1,382,2000.0,1.4937368861802498e-16,1.734111246414479e-13,Inf
1,383,2000.0,1.3740927515697398e-16,1.6669813126444862e-13,Inf
1,384,2000.0,1.4986295541914536e-16,1.7359030958817364e-13,Inf
1,385,2000.0,1.2861560310296713e-16,1.5970242995594924e-13,Inf
1,386,2000.0,1.3400492270107247e-16,1.6128214541923404e-13,Inf
1,387,2000.0,1.6504864859444002e-16,1.793621399803368e-13,Inf
1,388,2000.0,1.3504273695477545e-16,1.6376168844011163e-13,Inf
1,389,2000.0,1.292044757857029e-16,1.606044591941336e-13,Inf
1,390,2000.0,1.3223675808442144e-16,1.6364823189719936e-13,Inf
1,391,2000.0,1.3720085944473243e-16,1.6662484923685836e-13,Inf
1,392,2000.0,1.5549990339606698e-16,1.7440560798491718e-13,Inf
1,393,2000.0,1.4796311581677038e-16,1.698715620271896e-13,Inf
1,394,2000.0,1.3164311274484244e-16,1.6192766830187689e-13,Inf
1,395,2000.0,1.4158551528164466e-16,1.6781219079099817e-13,Inf
1,396,2000.0,1.5104904682777902e-16,1.72826451837531e-13,Inf
1,397,2000.0,1.3768458278592566e-16,1.6365768647014924e-13,Inf
1,398,2000.0,1.3847066152327852e-16,1.6592780025455213e-13,Inf
1,399,2000.0,1.4262945114443977e-16,1.686235656326107e-13,Inf
1,400,2000.0,1.4325466963115e-16,1.6721369735103746e-13,Inf
1,401,2000.0,1.4167067803561848e-16,1.6797064455702163e-13,Inf
1,402,2000.0,1.3543931193047735e-16,1.639501883312176e-13,Inf
1,403,2000.0,1.4506709982469572e-16,1.7035865391910472e-13,Inf
1,404,2000.0,1.6983705302267217e-16,1.8053139390736347e-13,Inf
1,405,2000.0,1.6269558315624517e-16,1.7810408129410588e-13,Inf
1,406,2000.0,1.4746468747903265e-16,1.698546573234698e-13,Inf
1,407,2000.0,1.6476677866865474e-16,1.791361915807031e-13,Inf
1,408,2000.0,1.5463977299539373e-16,1.7412926956640986e-13,Inf
1,409,2000.0,1.338061931736375e-16,1.6291336912632789e-13,Inf
1,410,2000.0,1.395349800485607e-16,1.6486458538694126e-13,Inf
1,411,2000.0,1.4973456164242274e-16,1.73530366112804e-13,Inf
1,412,2000.0,1.4699468347194368e-16,1.719787883004757e-13,Inf
1,413,2000.0,1.5888002465170995e-16,1.7730659141259845e-13,Inf
1,414,2000.0,1.565896432446777e-16,1.7512990513692754e-13,Inf
1,415,2000.0,1.5065223768403118e-16,1.720837513277141e-13,Inf
1,416,2000.0,1.622899003282708e-16,1.778374760637237e-13,Inf
1,417,2000.0,1.3106726513883762e-16,1.5901494705259935e-13,Inf
1,418,2000.0,1.360129076374309e-16,1.6261276121733593e-13,Inf
1,419,2000.0,1.3268446503581784e-16,1.6342650647402503e-13,Inf
1,420,2000.0,1.3532440783053232e-16,1.6548643619653975e-13,Inf
1,421,2000.0,1.2846865686790956e-16,1.5943048841956487e-13,Inf
1,422,2000.0,1.4194250041176058e-16,1.6936166122249603e-13,Inf
1,423,2000.0,1.6061399867135563e-16,1.7739537824404665e-13,Inf
1,424,2000.0,1.407723761512704e-16,1.6738310241576908e-13,Inf
1,425,2000.0,1.5462874185772418e-16,1.7545041226804194e-13,Inf
1,426,2000.0,1.3178085371903246e-16,1.6159032081355784e-13,Inf
1,427,2000.0,1.6563455657057972e-16,1.7912121256335044e-13,Inf
1,428,2000.0,1.6943548295285928e-16,1.8039549718307292e-13,Inf
1,429,2000.0,1.4388036458762554e-16,1.6941851727599974e-13,Inf
1,430,2000.0,1.4877773582419994e-16,1.7313772151749258e-13,Inf
1,431,2000.0,1.4519272336546896e-16,1.7052701576081582e-13,Inf
1,432,2000.0,1.4530710226388616e-16,1.7061396527248856e-13,Inf
1,433,2000.0,1.5661004194267489e-16,1.7507147202498154e-13,Inf
1,434,2000.0,1.3769392243698555e-16,1.6536546788615984e-13,Inf
1,435,2000.0,1.3814795510994479e-16,1.6568339241330268e-13,Inf
1,436,2000.0,1.4092029220793636e-16,1.684853861553981e-13,Inf
1,437,2000.0,1.637156763335601e-16,1.7837858095365415e-13,Inf
1,438,2000.0,1.6557263923325517e-16,1.793631985765009e-13,Inf
1,439,2000.0,1.375070771935491e-16,1.6654096806747317e-13,Inf
1,440,2000.0,1.38057511914437e-16,1.6562514126548083e-13,Inf
1,441,2000.0,1.4534401398137643e-16,1.6849230053045131e-13,Inf
1,442,2000.0,1.3848516788015374e-16,1.6418966465844192e-13,Inf
1,443,2000.0,1.7838370637844181e-16,1.8230853763038336e-13,Inf
1,444,2000.0,1.4312406274966216e-16,1.6719802131495157e-13,Inf
1,445,2000.0,2.140031449996002e-16,1.9684189307489489e-13,Inf
1,446,2000.0,1.4916000497454843e-16,1.7111936808021193e-13,Inf
1,447,2000.0,1.4931926123878059e-16,1.712561724585288e-13,Inf
1,448,2000.0,1.4467806406794129e-16,1.682842617856211e-13,Inf
1,449,2000.0,1.4933234064770684e-16,1.7156210601483628e-13,Inf
1,450,2000.0,1.9752371604860147e-16,1.9011653250443456e-13,Inf
1,451,2000.0,2.861519707436637e-16,2.8973435143660906e-13,Inf
1,452,2000.0,1.8500977273682143e-16,1.8532526775594163e-13,Inf
1,453,2000.0,1.8347579143745558e-16,1.8517576364377895e-13,Inf
1,454,2000.0,2.052116889721479e-16,1.9339047691576375e-13,Inf
1,455,2000.0,1.5878272385023532e-16,1.7614187030441834e-13,Inf
1,456,2000.0,1.8344852382115044e-16,1.8479562759812955e-13,Inf
1,457,2000.0,1.6100232959267998e-16,1.7759203556227228e-13,Inf
1,458,2000.0,2.1973431306174286e-16,1.9843328218157265e-13,Inf
1,459,2000.0,1.3976709016204074e-16,1.667473848937134e-13,Inf
1,460,2000.0,1.5212936062453771e-16,1.746673381479524e-13,Inf
1,461,2000.0,2.01911249943325e-16,1.8968119915201622e-13,Inf
1,462,2000.0,1.9704165865723986e-16,1.893895535594119e-13,Inf
1,463,2000.0,1.6620221039847082e-16,1.7942203068444213e-13,Inf
1,464,2000.0,2.1092021294725045e-16,1.9455840291799534e-13,Inf
1,465,2000.0,1.478571641956598e-16,1.725487468458971e-13,Inf
1,466,2000.0,2.669097818830862e-16,2.353431347798322e-13,Inf
1,467,2000.0,1.321654241819725e-16,1.6183615907599153e-13,Inf
1,468,2000.0,1.8359129048947957e-16,1.8460981977466035e-13,Inf
1,469,2000.0,1.4495857355384535e-16,1.7037835968643904e-13,Inf
1,470,2000.0,1.3764910370163547e-16,1.653640205421382e-13,Inf
1,471,2000.0,1.5282351623848494e-16,1.7487107796211222e-13,Inf
1,472,2000.0,1.3426766474081436e-16,1.6323060844034402e-13,Inf
1,473,2000.0,1.302328862454978e-16,1.6041012309943924e-13,Inf
1,474,2000.0,1.3377111581720507e-16,1.628984189952087e-13,Inf
1,475,2000.0,1.4203351337719067e-16,1.683252356133513e-13,Inf
1,476,2000.0,1.330836346775763e-16,1.624489442603264e-13,Inf
1,477,2000.0,1.4732598313185027e-16,1.6978885937522424e-13,Inf
1,478,2000.0,1.5557032902189158e-16,1.7580302310326218e-13,Inf
1,479,2000.0,1.5506894146086051e-16,1.7573572494170817e-13,Inf
1,480,2000.0,1.403638416108641e-16,1.6541743804487782e-13,Inf
1,481,2000.0,1.5653849369139518e-16,1.7503716055109988e-13,Inf
1,482,2000.0,1.512790348150521e-16,1.7419499561134656e-13,Inf
1,483,2000.0,2.380695943966149e-16,2.092734781480127e-13,Inf
1,484,2000.0,1.4300520092006584e-16,1.69013583011226e-13,Inf
1,485,2000.0,1.4977424786909036e-16,1.714022537310817e-13,Inf
1,486,2000.0,1.4584939032122012e-16,1.6881387132025047e-13,Inf
1,487,2000.0,1.589313746096907e-16,1.7557813977496002e-13,Inf
1,488,2000.0,1.5165427628415277e-16,1.7261041400693915e-13,Inf
1,489,2000.0,1.4578215303317825e-16,1.687235684323331e-13,Inf
1,490,2000.0,1.4021211267081913e-16,1.6529395039792664e-13,Inf
1,491,2000.0,1.532179796329171e-16,1.7340483033735666e-13,Inf
1,492,2000.0,1.3683843355837125e-16,1.6309654332301426e-13,Inf
1,493,2000.0,2.623333687401117e-16,2.371293403445657e-13,Inf
1,494,2000.0,1.5582786080362799e-16,1.746959186705708e-13,Inf
1,495,2000.0,2.162298303167592e-16,1.9796162231359629e-13,Inf
1,496,2000.0,1.504478483259278e-16,1.723115667237714e-13,Inf
1,497,2000.0,1.408879493506659e-16,1.6577185662650094e-13,Inf
1,498,2000.0,1.4756069582614824e-16,1.6990968451120525e-13,Inf
1,499,2000.0,1.3735207841985182e-16,1.6344002159137486e-13,Inf
1,500,2000.0,1.506402357101645e-16,1.7205332535315095e-13,Inf
1,501,2000.0,1.4513866198214168e-16,1.683649107472668e-13,Inf
1,502,2000.0,1.460439474438244e-16,1.689535893826179e-13,Inf
1,503,2000.0,1.5273536179841772e-16,1.7317492426039489e-13,Inf
1,504,2000.0,1.4913089926033242e-16,1.7102993273382317e-13,Inf
1,505,2000.0,1.5007462284542173e-16,1.7170780292489512e-13,Inf
1,506,2000.0,1.5094093411976994e-16,1.722482744647883e-13,Inf
1,507,2000.0,1.583473046143318e-16,1.7574866207774446e-13,Inf
1,508,2000.0,1.3412681150845534e-16,1.6137131860578613e-13,Inf
1,509,2000.0,1.368291819244984e-16,1.6310869994994079e-13,Inf
1,510,2000.0,1.3473598327854796e-16,1.6180155948808198e-13,Inf
1,511,2000.0,1.478226673786535e-16,1.6999244295136051e-13,Inf
1,512,2000.0,1.3845935037123913e-16,1.64070102410001e-13,Inf
1,513,2000.0,1.4272994361826897e-16,1.66769724225002e-13,Inf
1,514,2000.0,1.4894606693425943e-16,1.7089904062430182e-13,Inf
1,515,2000.0,1.4574959043505494e-16,1.6874971184860445e-13,Inf
1,516,2000.0,1.4909084035002475e-16,1.7101669321268088e-13,Inf
1,517,2000.0,1.4446359360687335e-16,1.6793732074241198e-13,Inf
1,518,2000.0,1.3806159823432284e-16,1.6390752933935116e-13,Inf
1,519,2000.0,1.3575490156212504e-16,1.6245497060238356e-13,Inf
1,520,2000.0,1.536843023235809e-16,1.735829952637002e-13,Inf
1,521,2000.0,1.435902188417885e-16,1.702406022617269e-13,Inf
1,522,2000.0,1.3989907304312949e-16,1.6813357776974204e-13,Inf
1,523,2000.0,1.336948206809281e-16,1.610544107415236e-13,Inf
1,524,2000.0,1.3952678457650388e-16,1.6793251448008894e-13,Inf
1,525,2000.0,1.379860434117694e-16,1.670626822740577e-13,Inf
1,526,2000.0,1.4013965734410413e-16,1.65283683138067e-13,Inf
1,527,2000.0,1.3984705700038385e-16,1.650445055979101e-13,Inf
1,528,2000.0,1.3947316657248624e-16,1.6483207374142875e-13,Inf
1,529,2000.0,1.8172709338641778e-16,1.845677440366108e-13,Inf
1,530,2000.0,1.470920254490798e-16,1.72136520401195e-13,Inf
1,531,2000.0,1.5775629963930706e-16,1.7603548606253695e-13,Inf
1,532,2000.0,1.7514351428536152e-16,1.8164964952255719e-13,Inf
1,533,2000.0,1.3581959275754532e-16,1.624947162658467e-13,Inf
1,534,2000.0,1.4021384449217716e-16,1.6532025311205793e-13,Inf
1,535,2000.0,1.4569901002080794e-16,1.6858277969130038e-13,Inf
1,536,2000.0,1.4083388165685526e-16,1.6558162288644117e-13,Inf
1,537,2000.0,1.4345652152225148e-16,1.67341721254719e-13,Inf
1,538,2000.0,1.3765487378966342e-16,1.6357366693711916e-13,Inf
1,539,2000.0,1.3616290176647384e-16,1.6590609163933155e-13,Inf
1,540,2000.0,1.4248103220073547e-16,1.6936769275668836e-13,Inf
1,541,2000.0,1.5722498333550636e-16,1.753500618015842e-13,Inf
1,542,2000.0,1.5245129536317825e-16,1.743142957856985e-13,Inf
1,543,2000.0,1.4537982674580208e-16,1.710290522570453e-13,Inf
1,544,2000.0,1.4739115240858404e-16,1.721414202496921e-13,Inf
1,545,2000.0,1.4416276904253098e-16,1.7051032199379547e-13,Inf
1,546,2000.0,1.3829864356098454e-16,1.6703088052723908e-13,Inf
1,547,2000.0,1.5265080747375073e-16,1.7440421606762287e-13,Inf
1,548,2000.0,1.4133434469895675e-16,1.6786164223269508e-13,Inf
1,549,2000.0,2.0185002400701573e-16,1.9164525948411563e-13,Inf
1,550,2000.0,1.4555123165093988e-16,1.708423753794831e-13,Inf
1,551,2000.0,1.380821712380159e-16,1.65736758231825e-13,Inf
1,552,2000.0,1.4967302246638641e-16,1.7141914226910174e-13,Inf
1,553,2000.0,1.4090357377946389e-16,1.6756140975834717e-13,Inf
1,554,2000.0,1.624993549300863e-16,1.7858816442293572e-13,Inf
1,555,2000.0,1.331376636376854e-16,1.6249876155403603e-13,Inf
1,556,2000.0,1.5321419769610965e-16,1.7339674566440854e-13,Inf
1,557,2000.0,1.5011676470233276e-16,1.7264775026116732e-13,Inf
1,558,2000.0,1.545091990234158e-16,1.7552362623500299e-13,Inf
1,559,2000.0,1.4339942549921566e-16,1.6728505264374452e-13,Inf
1,560,2000.0,1.5009254292256279e-16,1.7374401592030814e-13,Inf
1,561,2000.0,1.4696391675482386e-16,1.6952932620330626e-13,Inf
1,562,2000.0,1.3473814957409936e-16,1.652312548987716e-13,Inf
1,563,2000.0,1.467194974450044e-16,1.717678116330777e-13,Inf
1,564,2000.0,1.3587854156175568e-16,1.64275287047751e-13,Inf
1,565,2000.0,1.3832541959936127e-16,1.6409255383514922e-13,Inf
1,566,2000.0,1.63034388183702e-16,1.7876667553183528e-13,Inf
1,567,2000.0,1.3112656217558455e-16,1.6255755740908408e-13,Inf
1,568,2000.0,1.357839917133902e-16,1.6572474063006248e-13,Inf
1,569,2000.0,1.9198139205449215e-16,1.8798792090131916e-13,Inf
1,570,2000.0,1.3505772856132428e-16,1.6530047213319797e-13,Inf
1,571,2000.0,1.3963147573188069e-16,1.6492195353435816e-13,Inf
1,572,2000.0,1.7343178029441375e-16,1.805533545787896e-13,Inf
1,573,2000.0,1.343889014851131e-16,1.6154691830738314e-13,Inf
1,574,2000.0,1.3850399853855417e-16,1.6411956146335494e-13,Inf
1,575,2000.0,1.2888166985947186e-16,1.596343343932852e-13,Inf
1,576,2000.0,1.6366659212586692e-16,1.7859380563306738e-13,Inf
1,577,2000.0,1.449134626387543e-16,1.6816973582213918e-13,Inf
1,578,2000.0,1.4823763395514175e-16,1.7025355378810798e-13,Inf
1,579,2000.0,1.445109916488931e-16,1.7083096529376994e-13,Inf
1,580,2000.0,1.419549712419382e-16,1.6939257476298874e-13,Inf
1,581,2000.0,1.4624848403926902e-16,1.6907381723136888e-13,Inf
1,582,2000.0,1.3089519887291172e-16,1.6245940845608217e-13,Inf
1,583,2000.0,1.399697312965377e-16,1.682056957800033e-13,Inf
1,584,2000.0,1.5990067764773824e-16,1.7659364189814016e-13,Inf
1,585,2000.0,1.834216436872635e-16,1.8520992867767866e-13,Inf
1,586,2000.0,1.6911627915101109e-16,1.807760260054349e-13,Inf
1,587,2000.0,1.561557253011963e-16,1.7619825994940413e-13,Inf
1,588,2000.0,1.4657355665121257e-16,1.7151277478087663e-13,Inf
1,589,2000.0,1.4280905075907729e-16,1.687701962255163e-13,Inf
1,590,2000.0,1.6567115997022915e-16,1.7701666936650147e-13,Inf
1,591,2000.0,1.42318354967098e-16,1.694109569279837e-13,Inf
1,592,2000.0,1.470646767472642e-16,1.695942933969269e-13,Inf
1,593,2000.0,1.3634501635752475e-16,1.6586429328804963e-13,Inf
1,594,2000.0,2.7309865558202777e-16,2.2701729560210286e-13,Inf
1,595,2000.0,1.3675667724725102e-16,1.661041010834703e-13,Inf
1,596,2000.0,1.4328429929966058e-16,1.690778763518275e-13,Inf
1,597,2000.0,1.33291160788573e-16,1.6391670541013288e-13,Inf
1,598,2000.0,1.3346271191323215e-16,1.6400522385642714e-13,Inf
1,599,2000.0,1.3435956077970949e-16,1.6469666126293926e-13,Inf
1,600,2000.0,1.2909501596559866e-16,1.6035952609171409e-13,Inf
1,601,2000.0,1.3977412159872084e-16,1.6787976814878142e-13,Inf
1,602,2000.0,1.359772641606875e-16,1.6565556943386752e-13,Inf
1,603,2000.0,1.3519642292417816e-16,1.6518835022809897e-13,Inf
1,604,2000.0,1.2848581400502927e-16,1.5966437130819907e-13,Inf
1,605,2000.0,1.5451154690853767e-16,1.7469388104163082e-13,Inf
1,606,2000.0,1.3725442297599867e-16,1.664211307607417e-13,Inf
1,607,2000.0,1.48357876276479e-16,1.725935476858845e-13,Inf
1,608,2000.0,1.2965247709788288e-16,1.608263657513842e-13,Inf
1,609,2000.0,1.303598869709051e-16,1.615893257947957e-13,Inf
1,610,2000.0,1.3640712541899786e-16,1.6587015828898715e-13,Inf
1,611,2000.0,1.3727776371228884e-16,1.6639204692594808e-13,Inf
1,612,2000.0,1.406950587473877e-16,1.6842677510203652e-13,Inf
1,613,2000.0,1.3939668751534656e-16,1.6763395123755875e-13,Inf
1,614,2000.0,1.3427381133334593e-16,1.6458794655305987e-13,Inf
1,615,2000.0,1.373604085979483e-16,1.6645548678148852e-13,Inf
1,616,2000.0,1.5285851294157648e-16,1.732365992215013e-13,Inf
1,617,2000.0,1.5197929311148818e-16,1.7385652097817702e-13,Inf
1,618,2000.0,1.4693523599495402e-16,1.7167046234869106e-13,Inf
1,619,2000.0,1.539516607024173e-16,1.7379758274678326e-13,Inf
1,620,2000.0,1.5646688422875014e-16,1.750029147824676e-13,Inf
1,621,2000.0,1.415952426849258e-16,1.6900257247096683e-13,Inf
1,622,2000.0,1.4462763393722507e-16,1.7062163515358675e-13,Inf
1,623,2000.0,1.4280133678206955e-16,1.6692582861204367e-13,Inf
1,624,2000.0,1.433048751322467e-16,1.672457052762766e-13,Inf
1,625,2000.0,1.3220622810170772e-16,1.6310811800922303e-13,Inf
1,626,2000.0,1.3490629314276538e-16,1.6504202407985066e-13,Inf
1,627,2000.0,1.3295095543723537e-16,1.6363749546021597e-13,Inf
1,628,2000.0,1.3415927449351494e-16,1.645548802204226e-13,Inf
1,629,2000.0,1.3150846501578424e-16,1.6256023255461529e-13,Inf
1,630,2000.0,1.556164524537122e-16,1.7459549965606362e-13,Inf
1,631,2000.0,1.4032366125687158e-16,1.6719818040901005e-13,Inf
1,632,2000.0,1.3777484462854649e-16,1.670332978140333e-13,Inf
1,633,2000.0,1.3433585799680496e-16,1.637401898845359e-13,Inf
1,634,2000.0,1.311825793676935e-16,1.616271726863124e-13,Inf
1,635,2000.0,1.2960123842800626e-16,1.604751282737932e-13,Inf
1,636,2000.0,1.313357137990747e-16,1.6171806562437177e-13,Inf
1,637,2000.0,1.3550366968244568e-16,1.6569964801368428e-13,Inf
1,638,2000.0,1.2819421931744781e-16,1.5884754282268719e-13,Inf
1,639,2000.0,1.3187594981598717e-16,1.6276169346803236e-13,Inf
1,640,2000.0,1.2827580426000957e-16,1.59023068797429e-13,Inf
1,641,2000.0,1.292369477340399e-16,1.6049506720580016e-13,Inf
1,642,2000.0,1.4901142069973478e-16,1.7308585380625104e-13,Inf
1,643,2000.0,1.335978032978654e-16,1.6459047398464032e-13,Inf
1,644,2000.0,1.507670979232089e-16,1.7384906172409285e-13,Inf
1,645,2000.0,1.3155708347313274e-16,1.6313748274184852e-13,Inf
1,646,2000.0,1.432216553213264e-16,1.7018067192641613e-13,Inf
1,647,2000.0,1.3346501196243457e-16,1.6449475508447824e-13,Inf
1,648,2000.0,1.349212587448237e-16,1.6192844838324905e-13,Inf
1,649,2000.0,1.3336219564907462e-16,1.6445476913669795e-13,Inf
1,650,2000.0,1.3034978583466008e-16,1.6220845285469025e-13,Inf
1,651,2000.0,1.3593432711502033e-16,1.659430567880882e-13,Inf
1,652,2000.0,1.3589027989765148e-16,1.6592371271794178e-13,Inf
1,653,2000.0,1.3844045320880992e-16,1.6747615881179978e-13,Inf
1,654,2000.0,1.3800836558257175e-16,1.6722324861031156e-13,Inf
1,655,2000.0,1.3146587336891382e-16,1.6297268013209468e-13,Inf
1,656,2000.0,1.280654161452909e-16,1.5854478222921017e-13,Inf
1,657,2000.0,1.3695206330499549e-16,1.6318333635094558e-13,Inf
1,658,2000.0,1.283251125552928e-16,1.5982714392610738e-13,Inf
1,659,2000.0,1.297000915898045e-16,1.6157379210653152e-13,Inf
1,660,2000.0,1.401636002606101e-16,1.6528783755757666e-13,Inf
1,661,2000.0,1.3152904040893067e-16,1.630715226256977e-13,Inf
1,662,2000.0,1.3715399057777705e-16,1.6657321733427453e-13,Inf
1,663,2000.0,1.3107866307052432e-16,1.6271229278147786e-13,Inf
1,664,2000.0,1.3063960323422259e-16,1.623466493833515e-13,Inf
1,665,2000.0,1.3923125895136036e-16,1.6755102150809603e-13,Inf
1,666,2000.0,1.4101150100756867e-16,1.6864046759186075e-13,Inf
1,667,2000.0,1.3253776661647854e-16,1.6332913239623158e-13,Inf
1,668,2000.0,1.4736237310920815e-16,1.718984618214498e-13,Inf
1,669,2000.0,1.3800821624092827e-16,1.6387185900524396e-13,Inf
1,670,2000.0,1.3772976451623974e-16,1.6668459004959004e-13,Inf
1,671,2000.0,1.3889842730772288e-16,1.6733306329002696e-13,Inf
1,672,2000.0,1.4654544931491534e-16,1.71547167164547e-13,Inf
1,673,2000.0,1.3712399614765794e-16,1.6632390729010053e-13,Inf
1,674,2000.0,1.343585732262245e-16,1.6470283212842432e-13,Inf
1,675,2000.0,1.2894992851523743e-16,1.6020968600647532e-13,Inf
1,676,2000.0,1.578016215613869e-16,1.757529775992992e-13,Inf
1,677,2000.0,1.6280949864368785e-16,1.781330439793727e-13,Inf
1,678,2000.0,1.3651609729301356e-16,1.6595782217026015e-13,Inf
1,679,2000.0,1.3700683084045636e-16,1.6624615171470323e-13,Inf
1,680,2000.0,1.3208172879793775e-16,1.6294143413519944e-13,Inf
1,681,2000.0,1.3862792136448406e-16,1.6723924618582776e-13,Inf
1,682,2000.0,1.508755239606101e-16,1.7221542748771382e-13,Inf
1,683,2000.0,1.4153187122143773e-16,1.6616083650427674e-13,Inf
1,684,2000.0,1.336584444320219e-16,1.646274296506873e-13,Inf
1,685,2000.0,1.3753889724439966e-16,1.6692480777980472e-13,Inf
1,686,2000.0,1.307579316211811e-16,1.6254296781623075e-13,Inf
1,687,2000.0,1.3109911074989222e-16,1.627774698355754e-13,Inf
1,688,2000.0,1.2802733835274515e-16,1.5838824310926752e-13,Inf
1,689,2000.0,1.3132426561939697e-16,1.6292059800880604e-13,Inf
1,690,2000.0,1.2941185142091394e-16,1.6085833444958533e-13,Inf
1,691,2000.0,1.3076463516233548e-16,1.625363224555857e-13,Inf
1,692,2000.0,1.4630010582140064e-16,1.6910623306753504e-13,Inf
1,693,2000.0,1.3209202321737292e-16,1.6354331205355493e-13,Inf
1,694,2000.0,1.3498206123978415e-16,1.61968114042431e-13,Inf
1,695,2000.0,1.3188980200386042e-16,1.6331529957052713e-13,Inf
1,696,2000.0,1.4532955233425955e-16,1.713836003860939e-13,Inf
1,697,2000.0,1.3799489492125473e-16,1.6713100179982636e-13,Inf
1,698,2000.0,1.3818823768778982e-16,1.6727035614821999e-13,Inf
1,699,2000.0,1.28843554834105e-16,1.604622544337539e-13,Inf
1,700,2000.0,1.5198732806203856e-16,1.7393575982551378e-13,Inf
1,701,2000.0,1.5412635920972532e-16,1.749147355059503e-13,Inf
1,702,2000.0,1.3668831512282305e-16,1.6605312759104297e-13,Inf
1,703,2000.0,1.9979223058394288e-16,1.9016001827927716e-13,Inf
1,704,2000.0,1.2824559475242988e-16,1.5928901910314943e-13,Inf
1,705,2000.0,1.3163990618000568e-16,1.6326368629479135e-13,Inf
1,706,2000.0,1.5568551306915958e-16,1.7530292946629138e-13,Inf
1,707,2000.0,1.368361733931684e-16,1.664178089649063e-13,Inf
1,708,2000.0,1.4325466963115e-16,1.6721369735103746e-13,Inf
1,709,2000.0,1.5568699697705634e-16,1.7462894058964785e-13,Inf
1,710,2000.0,2.3155372164347544e-16,2.0567788077833113e-13,Inf
1,711,2000.0,1.4086796538923406e-16,1.687709944574489e-13,Inf
1,712,2000.0,1.6844396840526572e-16,1.793023735206295e-13,Inf
1,713,2000.0,1.8752675763925555e-16,1.8556106472896021e-13,Inf
1,714,2000.0,2.5381815453629197e-16,2.1419513038925218e-13,Inf
1,715,2000.0,2.829610376446096e-16,2.5153516010402005e-13,Inf
1,716,2000.0,2.6971972192833106e-16,2.2664162685567354e-13,Inf
1,717,2000.0,1.8179601672946536e-16,1.834515398528624e-13,Inf
1,718,2000.0,2.713952205390694e-16,2.29542704566557e-13,Inf
1,719,2000.0,2.8764521009883236e-16,2.585321650704651e-13,Inf
1,720,2000.0,2.7072974323172293e-16,2.279060533252791e-13,Inf
1,721,2000.0,1.6367677319893995e-16,1.7784243543172795e-13,Inf
1,722,2000.0,1.4521854027661633e-16,1.69797710164169e-13,Inf
1,723,2000.0,1.504425844013489e-16,1.7277349074963869e-13,Inf
1,724,2000.0,1.3986316918867006e-16,1.6698344656313699e-13,Inf
1,725,2000.0,1.3637217540637449e-16,1.661670458076033e-13,Inf
1,726,2000.0,1.293156187010572e-16,1.602458426823066e-13,Inf
1,727,2000.0,1.3579160126126897e-16,1.6450529425807548e-13,Inf
1,728,2000.0,1.3633294699590314e-16,1.6280663839267275e-13,Inf
1,729,2000.0,1.478750538044431e-16,1.7128607783086119e-13,Inf
1,730,2000.0,1.3375975823238366e-16,1.6337121207167295e-13,Inf
1,731,2000.0,1.5918357741523226e-16,1.7595461805893575e-13,Inf
1,732,2000.0,1.2948934731324761e-16,1.5693543131509112e-13,Inf
1,733,2000.0,1.369097533922874e-16,1.6529672536704387e-13,Inf
1,734,2000.0,1.3328975449671334e-16,1.6439419323240028e-13,Inf
1,735,2000.0,1.4399916915677487e-16,1.7060979364277702e-13,Inf
1,736,2000.0,1.52102135573299e-16,1.7284141942710237e-13,Inf
1,737,2000.0,1.356910327255975e-16,1.6241687962712742e-13,Inf
1,738,2000.0,1.3086905781440078e-16,1.6255187389020536e-13,Inf
1,739,2000.0,1.3081321349173075e-16,1.625121638611022e-13,Inf
1,740,2000.0,1.3958664495959867e-16,1.6808180125104732e-13,Inf
1,741,2000.0,1.416954860667229e-16,1.6925371969912698e-13,Inf
1,742,2000.0,1.2878903719604641e-16,1.6046867742576093e-13,Inf
1,743,2000.0,1.2922079205495585e-16,1.60775784793436e-13,Inf
1,744,2000.0,1.3405345312588584e-16,1.647720657614341e-13,Inf
1,745,2000.0,1.3108123653603872e-16,1.6277852826306414e-13,Inf
1,746,2000.0,1.3388243881478705e-16,1.6119196599211215e-13,Inf
1,747,2000.0,1.934893287022781e-16,1.8777575338235546e-13,Inf
1,748,2000.0,1.4161110933224043e-16,1.6923242413680054e-13,Inf
1,749,2000.0,1.342845594847731e-16,1.6489445477154599e-13,Inf
1,750,2000.0,1.3427403296524351e-16,1.6487573739551348e-13,Inf
1,751,2000.0,1.2856177683038088e-16,1.5948002340288676e-13,Inf
1,752,2000.0,1.3728488731983052e-16,1.6541053359700655e-13,Inf
1,753,2000.0,1.2782807897654596e-16,1.580531487950191e-13,Inf
1,754,2000.0,1.3316213953154007e-16,1.6430176662929837e-13,Inf
1,755,2000.0,1.3899909180361554e-16,1.6775785569804582e-13,Inf
1,756,2000.0,1.412652138240483e-16,1.6772958669984846e-13,Inf
1,757,2000.0,1.4881967832815996e-16,1.7190041478210805e-13,Inf
1,758,2000.0,1.3593672278759403e-16,1.6464605006728138e-13,Inf
1,759,2000.0,1.32295719621074e-16,1.623883817715436e-13,Inf
1,760,2000.0,2.2671897734321434e-16,2.0126062004883113e-13,Inf
1,761,2000.0,1.4440897193388906e-16,1.7076655650314627e-13,Inf
1,762,2000.0,1.3451556259956458e-16,1.6503533571471887e-13,Inf
1,763,2000.0,1.4110795986438772e-16,1.6882027462815994e-13,Inf
1,764,2000.0,1.3904698956935404e-16,1.6770434165023843e-13,Inf
1,765,2000.0,1.419910693311686e-16,1.6950496430630484e-13,Inf
1,766,2000.0,1.3241161479486838e-16,1.638136874564066e-13,Inf
1,767,2000.0,1.3856793210196463e-16,1.675550586937039e-13,Inf
1,768,2000.0,1.368209617484987e-16,1.6648070328015434e-13,Inf
1,769,2000.0,1.3278705241401857e-16,1.6407647441420126e-13,Inf
1,770,2000.0,1.3926667787926362e-16,1.6794087964475797e-13,Inf
1,771,2000.0,1.4327764691930397e-16,1.7021257992238806e-13,Inf
1,772,2000.0,1.3189862590296163e-16,1.6340103271967647e-13,Inf
1,773,2000.0,1.366086016877063e-16,1.6634574351648643e-13,Inf
1,774,2000.0,1.284985298680763e-16,1.5886990894864187e-13,Inf
1,775,2000.0,1.4714236655932935e-16,1.7209323060573533e-13,Inf
1,776,2000.0,1.3517124575968642e-16,1.620924950587829e-13,Inf
1,777,2000.0,1.3892636652844634e-16,1.6773585686731512e-13,Inf
1,778,2000.0,1.3121731821661612e-16,1.62845785983863e-13,Inf
1,779,2000.0,1.3534806978108762e-16,1.6558044152872545e-13,Inf
1,780,2000.0,1.4135751862668314e-16,1.6914165601746912e-13,Inf
2,1,1800.0,1.3766320969501628e-16,1.657692556453457e-13,Inf
2,2,1800.0,1.4567717693831422e-16,1.7822210053075755e-13,Inf
2,3,1800.0,1.456187571904226e-16,1.7816658239008196e-13,Inf
2,4,1800.0,1.4003337886225137e-16,1.695623549840141e-13,Inf
2,5,1800.0,1.4091582135246326e-16,1.7091235891073395e-13,Inf
2,6,1800.0,1.4096462450211732e-16,1.6933330024553767e-13,Inf
2,7,1800.0,1.394084739028427e-16,1.6867520901170272e-13,Inf
2,8,1800.0,1.440527121466585e-16,1.7589083776517162e-13,Inf
2,9,1800.0,1.4376931470343296e-16,1.7565963780922527e-13,Inf
2,10,1800.0,1.4017595910636553e-16,1.697772175662968e-13,Inf
2,11,1800.0,1.4342710944424727e-16,1.755843575543748e-13,Inf
2,12,1800.0,1.3796796557900707e-16,1.661816355613602e-13,Inf
2,13,1800.0,1.3489437146600265e-16,1.693510937986428e-13,Inf
2,14,1800.0,1.3684164442793993e-16,1.620628743064178e-13,Inf
2,15,1800.0,1.3382226937875928e-16,1.647176468752723e-13,Inf
2,16,1800.0,1.4165969863470352e-16,1.722598069492237e-13,Inf
2,17,1800.0,1.3815340875938317e-16,1.6821183006181987e-13,Inf
2,18,1800.0,1.3383571275765637e-16,1.5459771363750023e-13,Inf
2,19,1800.0,1.3650720072722645e-16,1.6192504073058646e-13,Inf
2,20,1800.0,1.265839684339311e-16,1.4585485169027593e-13,Inf
2,21,1800.0,1.3568749824988694e-16,1.594404452854383e-13,Inf
2,22,1800.0,1.3330038969678942e-16,1.5481262433121046e-13,Inf
2,23,1800.0,1.3335087494729968e-16,1.5440290420275675e-13,Inf
2,24,1800.0,1.2909559727646766e-16,1.4867963117085654e-13,Inf
2,25,1800.0,1.2670970111407759e-16,1.4640725406588837e-13,Inf
2,26,1800.0,1.3433806251876353e-16,1.5673354142189825e-13,Inf
2,27,1800.0,1.3162662744720898e-16,1.5454606221664756e-13,Inf
2,28,1800.0,1.297370109635622e-16,1.506664886896499e-13,Inf
2,29,1800.0,1.2917898389029718e-16,1.485305665477327e-13,Inf
2,30,1800.0,1.2652018060455805e-16,1.4628703772074987e-13,Inf
2,31,1800.0,1.3185591295215464e-16,1.527709537907148e-13,Inf
2,32,1800.0,1.3264571771569102e-16,1.574120363878595e-13,Inf
2,33,1800.0,1.2954624169727663e-16,1.5042336005793786e-13,Inf
2,34,1800.0,1.2978976152976708e-16,1.4934818794430557e-13,Inf
2,35,1800.0,1.2827490209838255e-16,1.4838295075522752e-13,Inf
2,36,1800.0,1.2760493364701977e-16,1.4578767273113102e-13,Inf
2,37,1800.0,1.3034236243715424e-16,1.4994681673709532e-13,Inf
2,38,1800.0,1.352423296581043e-16,1.5857508732933696e-13,Inf
2,39,1800.0,1.2933272149871145e-16,1.49134241312096e-13,Inf
2,40,1800.0,1.2888582455342858e-16,1.482221889711274e-13,Inf
2,41,1800.0,1.2921614383628823e-16,1.4870641649348424e-13,Inf
2,42,1800.0,1.3009415114157536e-16,1.499583273334932e-13,Inf
2,43,1800.0,1.3229297570223124e-16,1.5581795230092774e-13,Inf
2,44,1800.0,1.3065516611399754e-16,1.5244095125690523e-13,Inf
2,45,1800.0,1.2879559561062414e-16,1.490975969976725e-13,Inf
2,46,1800.0,1.3109502514167252e-16,1.5293277905574957e-13,Inf
2,47,1800.0,1.3327057090684116e-16,1.5426971271716494e-13,Inf
2,48,1800.0,1.3117896119729924e-16,1.5301133939921632e-13,Inf
2,49,1800.0,1.3372183878918745e-16,1.611530195047804e-13,Inf
2,50,1800.0,1.3415569628224506e-16,1.6327105810420488e-13,Inf
2,51,1800.0,1.327836277861162e-16,1.569117831681026e-13,Inf
2,52,1800.0,1.3325210709577225e-16,1.5806960596864058e-13,Inf
2,53,1800.0,1.3245178604906637e-16,1.5598403460972534e-13,Inf
2,54,1800.0,1.3227030757202342e-16,1.5497829152680977e-13,Inf
2,55,1800.0,1.3388709448454253e-16,1.6157984878649021e-13,Inf
2,56,1800.0,1.3550028052233545e-16,1.589357430615772e-13,Inf
2,57,1800.0,1.3575575791620226e-16,1.5978297916435926e-13,Inf
2,58,1800.0,1.3740033864902616e-16,1.6462734073069076e-13,Inf
2,59,1800.0,1.3056822642662615e-16,1.5012541854643468e-13,Inf
2,60,1800.0,1.4058542730184664e-16,1.7045261304739751e-13,Inf
2,61,1800.0,1.2802633208833777e-16,1.473467996179972e-13,Inf
2,62,1800.0,1.3642642740394197e-16,1.6576997973501568e-13,Inf
2,63,1800.0,1.3327057090603336e-16,1.542697127171609e-13,Inf
2,64,1800.0,1.311295130600249e-16,1.526603928515004e-13,Inf
2,65,1800.0,1.2559578855511712e-16,1.4541033288487227e-13,Inf
2,66,1800.0,1.396032542979733e-16,1.7072905068317715e-13,Inf
2,67,1800.0,1.379805620647052e-16,1.6829983023281514e-13,Inf
2,68,1800.0,1.3357557499186773e-16,1.5982870472608653e-13,Inf
2,69,1800.0,1.3758747360439422e-16,1.6776074647394404e-13,Inf
2,70,1800.0,1.2895943120004177e-16,1.4823744577767385e-13,Inf
2,71,1800.0,1.328696169751091e-16,1.5705398911748535e-13,Inf
2,72,1800.0,1.3420472101290571e-16,1.558998350584929e-13,Inf
2,73,1800.0,1.3222125010391288e-16,1.5269766974558095e-13,Inf
2,74,1800.0,1.4416514678935763e-16,1.760743451621657e-13,Inf
2,75,1800.0,1.352953243807226e-16,1.581055927890202e-13,Inf
2,76,1800.0,1.293420873747895e-16,1.48766619326241e-13,Inf
2,77,1800.0,1.383264907635194e-16,1.671671188888021e-13,Inf
2,78,1800.0,1.303882466166762e-16,1.5168259914501584e-13,Inf
2,79,1800.0,1.2796929116813233e-16,1.4758639141665427e-13,Inf
2,80,1800.0,1.3258572617438594e-16,1.5351968567212124e-13,Inf
2,81,1800.0,1.3573436062056645e-16,1.5952100062653103e-13,Inf
2,82,1800.0,1.4602755501740954e-16,1.7554087660491697e-13,Inf
2,83,1800.0,1.4043117556675434e-16,1.6878598073924226e-13,Inf
2,84,1800.0,1.4312434178902516e-16,1.7197222816421686e-13,Inf
2,85,1800.0,1.2965095021294499e-16,1.4948478964696083e-13,Inf
2,86,1800.0,1.428795554533518e-16,1.7159286205691484e-13,Inf
2,87,1800.0,1.4206098606885644e-16,1.705387691104606e-13,Inf
2,88,1800.0,1.366978984472358e-16,1.6155087050052112e-13,Inf
2,89,1800.0,1.4960904334261098e-16,1.79252137710917e-13,Inf
2,90,1800.0,1.3845368958414314e-16,1.6673173964359598e-13,Inf
2,91,1800.0,1.3794253605415046e-16,1.661275183134197e-13,Inf
2,92,1800.0,1.371718062467918e-16,1.6412386256685392e-13,Inf
2,93,1800.0,1.5120383146105626e-16,1.806433868628446e-13,Inf
2,94,1800.0,1.3550440437877276e-16,1.5857317917673825e-13,Inf
2,95,1800.0,1.280616971735686e-16,1.4599246823880145e-13,Inf
2,96,1800.0,1.2819184791503183e-16,1.4733938549568817e-13,Inf
2,97,1800.0,1.330035739356544e-16,1.5223308374149952e-13,Inf
2,98,1800.0,1.2785507290512048e-16,1.4707676712324367e-13,Inf
2,99,1800.0,1.284892202798618e-16,1.475753389883441e-13,Inf
2,100,1800.0,1.368556853834373e-16,1.6333335309202273e-13,Inf
2,101,1800.0,1.3381760310105867e-16,1.550400637447636e-13,Inf
2,102,1800.0,1.3494081049549974e-16,1.5766994330437365e-13,Inf
2,103,1800.0,1.3608022545118228e-16,1.6029621009779426e-13,Inf
2,104,1800.0,1.3668862067881768e-16,1.6241944379285013e-13,Inf
2,105,1800.0,1.338536032428957e-16,1.5506734431951259e-13,Inf
2,106,1800.0,1.3044004291049107e-16,1.5012962193901377e-13,Inf
2,107,1800.0,1.3114722623457627e-16,1.5038455784053666e-13,Inf
2,108,1800.0,1.333308910052549e-16,1.543697305350586e-13,Inf
2,109,1800.0,1.3440471304252204e-16,1.5631944458863933e-13,Inf
2,110,1800.0,1.3221062038471614e-16,1.5203098695794494e-13,Inf
2,111,1800.0,1.3516993479069883e-16,1.5859211680663916e-13,Inf
2,112,1800.0,1.3557597232971418e-16,1.5934679642005025e-13,Inf
2,113,1800.0,1.3722870355180235e-16,1.6432753465592138e-13,Inf
2,114,1800.0,1.3421100912360007e-16,1.5581463003953504e-13,Inf
2,115,1800.0,1.342991828255049e-16,1.559428155125763e-13,Inf
2,116,1800.0,1.3431344753093457e-16,1.5538021298377203e-13,Inf
2,117,1800.0,1.360888282458751e-16,1.6066079521569871e-13,Inf
2,118,1800.0,1.3463281754600269e-16,1.567927084446555e-13,Inf
2,119,1800.0,1.3370039477642628e-16,1.5465855747097416e-13,Inf
2,120,1800.0,1.344235902831463e-16,1.5601610253152462e-13,Inf
2,121,1800.0,1.359002797398144e-16,1.604716454651331e-13,Inf
2,122,1800.0,1.3464038430020946e-16,1.5650215526012797e-13,Inf
2,123,1800.0,1.3431428558444853e-16,1.5560976291924753e-13,Inf
2,124,1800.0,1.3453335684427833e-16,1.562058617068653e-13,Inf
2,125,1800.0,1.3607096838812888e-16,1.608226659298584e-13,Inf
2,126,1800.0,1.34816810600409e-16,1.570761502107834e-13,Inf
2,127,1800.0,1.3726953770482738e-16,1.6452392278520335e-13,Inf
2,128,1800.0,1.3658516157584373e-16,1.6296498119174414e-13,Inf
2,129,1800.0,1.3615854887147974e-16,1.612097042191564e-13,Inf
2,130,1800.0,1.3486255796555013e-16,1.5752577631283986e-13,Inf
2,131,1800.0,1.3558729513983032e-16,1.5960390760640523e-13,Inf
2,132,1800.0,1.346311302712287e-16,1.5677755023766687e-13,Inf
2,133,1800.0,1.342964593785745e-16,1.5484729432185256e-13,Inf
2,134,1800.0,1.362649019659931e-16,1.61169920383756e-13,Inf
2,135,1800.0,1.376653382431821e-16,1.6597393963385517e-13,Inf
2,136,1800.0,1.3457625913543506e-16,1.5685632095332632e-13,Inf
2,137,1800.0,1.2823578749713906e-16,1.4795120192406358e-13,Inf
2,138,1800.0,1.2832194571370467e-16,1.4736964154761385e-13,Inf
2,139,1800.0,1.3748952798655154e-16,1.6196662850144022e-13,Inf
2,140,1800.0,1.2613509332014063e-16,1.4481079489278346e-13,Inf
2,141,1800.0,1.3118184338455127e-16,1.5055695120761783e-13,Inf
2,142,1800.0,1.3283893396478986e-16,1.543641612849223e-13,Inf
2,143,1800.0,1.3546289580293764e-16,1.581778950627173e-13,Inf
2,144,1800.0,1.337816212105095e-16,1.5463105684733883e-13,Inf
2,145,1800.0,1.335749812417856e-16,1.5455899324764825e-13,Inf
2,146,1800.0,1.3290980973600302e-16,1.5318503276365513e-13,Inf
2,147,1800.0,1.2749939918504743e-16,1.46072534544677e-13,Inf
2,148,1800.0,1.26536150654296e-16,1.454556048443622e-13,Inf
2,149,1800.0,1.3079462443388487e-16,1.5069522747915867e-13,Inf
2,150,1800.0,1.3554995524651313e-16,1.592499557789355e-13,Inf
2,151,1800.0,1.3256502624693647e-16,1.5228396094438114e-13,Inf
2,152,1800.0,1.351729468735798e-16,1.5783825713754426e-13,Inf
2,153,1800.0,1.283845577518812e-16,1.4809462107991825e-13,Inf
2,154,1800.0,1.3268456276268357e-16,1.529764214518051e-13,Inf
2,155,1800.0,1.3379280849709892e-16,1.5527404448104683e-13,Inf
2,156,1800.0,1.3009311479816672e-16,1.497691892928114e-13,Inf
2,157,1800.0,1.3530890784960345e-16,1.585940906252418e-13,Inf
2,158,1800.0,1.3082328267247006e-16,1.5048387339135443e-13,Inf
2,159,1800.0,1.2908472820722924e-16,1.4895603715585443e-13,Inf
2,160,1800.0,1.3614013317663465e-16,1.5973764841584345e-13,Inf
2,161,1800.0,1.3554875654629106e-16,1.5893965546341922e-13,Inf
2,162,1800.0,1.3332907639878874e-16,1.544211490650334e-13,Inf
2,163,1800.0,1.318674143064595e-16,1.5172456805058415e-13,Inf
2,164,1800.0,1.31172237925787e-16,1.5104702675465096e-13,Inf
2,165,1800.0,1.3248922765571054e-16,1.5247062086780432e-13,Inf
2,166,1800.0,1.3198328724896713e-16,1.5219190277714043e-13,Inf
2,167,1800.0,1.2829594422334285e-16,1.4733011779953535e-13,Inf
2,168,1800.0,1.32815456597488e-16,1.531446958606438e-13,Inf
2,169,1800.0,1.398797459665016e-16,1.6824674803886903e-13,Inf
2,170,1800.0,1.3726203342456728e-16,1.6487682726709585e-13,Inf
2,171,1800.0,1.3684554048416798e-16,1.6334224371184253e-13,Inf
2,172,1800.0,1.3218081193048656e-16,1.5230833872548629e-13,Inf
2,173,1800.0,1.362214113410101e-16,1.606614008281595e-13,Inf
2,174,1800.0,1.3624118416862955e-16,1.603669531982695e-13,Inf
2,175,1800.0,1.351462912400654e-16,1.58058481313104e-13,Inf
2,176,1800.0,1.3258807114094965e-16,1.5269772804430924e-13,Inf
2,177,1800.0,1.3893738406933457e-16,1.6735796928884763e-13,Inf
2,178,1800.0,1.3366097227093226e-16,1.552059888256363e-13,Inf
2,179,1800.0,1.3307771978689692e-16,1.5346823498855116e-13,Inf
2,180,1800.0,1.350954882156828e-16,1.5610732091861644e-13,Inf
2,181,1800.0,1.3459330080492673e-16,1.5525223921734797e-13,Inf
2,182,1800.0,1.363963825400393e-16,1.6294510134482061e-13,Inf
2,183,1800.0,1.3627092846385508e-16,1.5851654087445548e-13,Inf
2,184,1800.0,1.3130655755090873e-16,1.5128962726512348e-13,Inf
2,185,1800.0,1.3621573954288e-16,1.612106824564139e-13,Inf
2,186,1800.0,1.3201216953313708e-16,1.5328085144966514e-13,Inf
2,187,1800.0,1.2887353842444225e-16,1.4834955144271569e-13,Inf
2,188,1800.0,1.5119347815831681e-16,1.8058707700805694e-13,Inf
2,189,1800.0,1.5021627121079912e-16,1.797602273319467e-13,Inf
2,190,1800.0,1.6837381378933607e-16,1.9124737240847315e-13,Inf
2,191,1800.0,1.4450230840684675e-16,1.7427053623293432e-13,Inf
2,192,1800.0,1.362509593133183e-16,1.603905472052873e-13,Inf
2,193,1800.0,1.347643501152974e-16,1.5698374320209376e-13,Inf
2,194,1800.0,1.3269159496838315e-16,1.5332987064561265e-13,Inf
2,195,1800.0,1.3884600062877205e-16,1.6716064458726716e-13,Inf
2,196,1800.0,1.2827381746830565e-16,1.479869521917232e-13,Inf
2,197,1800.0,1.3088416416964137e-16,1.5044833165649069e-13,Inf
2,198,1800.0,1.368181494620474e-16,1.619619710791447e-13,Inf
2,199,1800.0,1.398199687756429e-16,1.6814338942947558e-13,Inf
2,200,1800.0,1.4189069745041762e-16,1.7034466397564349e-13,Inf
2,201,1800.0,1.3658304710509641e-16,1.6123216197233283e-13,Inf
2,202,1800.0,1.2926459298818304e-16,1.490575745315181e-13,Inf
2,203,1800.0,1.4241591949863196e-16,1.7096814111503995e-13,Inf
2,204,1800.0,1.40122796653491e-16,1.6845526707788324e-13,Inf
2,205,1800.0,1.4192804935643295e-16,1.703871269345105e-13,Inf
2,206,1800.0,1.3839439894512126e-16,1.6666477803881555e-13,Inf
2,207,1800.0,1.4045828847605112e-16,1.6881334927340209e-13,Inf
2,208,1800.0,1.435007887397749e-16,1.7264194459411486e-13,Inf
2,209,1800.0,1.3499299988509028e-16,1.574563303767062e-13,Inf
2,210,1800.0,1.3884600062877205e-16,1.6716064458724454e-13,Inf
2,211,1800.0,1.3108226808519254e-16,1.5175036826265253e-13,Inf
2,212,1800.0,1.358829469794875e-16,1.6153351534518064e-13,Inf
2,213,1800.0,1.3430178417443764e-16,1.5505294849014407e-13,Inf
2,214,1800.0,1.2977383294084174e-16,1.4962866808746294e-13,Inf
2,215,1800.0,1.3152926034930852e-16,1.5276681144827796e-13,Inf
2,216,1800.0,1.3072088164659067e-16,1.511594299219064e-13,Inf
2,217,1800.0,1.3542485777241463e-16,1.5839379645688117e-13,Inf
2,218,1800.0,1.2697061102954203e-16,1.4553463605545017e-13,Inf
2,219,1800.0,1.29277655885001e-16,1.4832817277367952e-13,Inf
2,220,1800.0,1.3273165999853487e-16,1.567019037929529e-13,Inf
2,221,1800.0,1.34261710018642e-16,1.563610812046662e-13,Inf
2,222,1800.0,1.3372302640971296e-16,1.552994686588355e-13,Inf
2,223,1800.0,1.402301599746392e-16,1.696069507315972e-13,Inf
2,224,1800.0,1.446102670072303e-16,1.7616161430298883e-13,Inf
2,225,1800.0,1.3934707060657006e-16,1.690468773316624e-13,Inf
2,226,1800.0,1.3633995105888264e-16,1.6149424760667566e-13,Inf
2,227,1800.0,1.3421967856691672e-16,1.5497785375658803e-13,Inf
2,228,1800.0,1.3951069434404682e-16,1.6871182262348247e-13,Inf
2,229,1800.0,1.3900893955763684e-16,1.686102557459182e-13,Inf
2,230,1800.0,1.4123069855219017e-16,1.7085184789216132e-13,Inf
2,231,1800.0,1.3811990785006292e-16,1.67153412901669e-13,Inf
2,232,1800.0,1.3897451985260444e-16,1.6740812986092012e-13,Inf
2,233,1800.0,1.36466099138793e-16,1.6289916919641678e-13,Inf
2,234,1800.0,1.4482602984834026e-16,1.758332087119057e-13,Inf
2,235,1800.0,1.3699176606558183e-16,1.6427063461089483e-13,Inf
2,236,1800.0,1.363266520779324e-16,1.6140417231618957e-13,Inf
2,237,1800.0,1.3264210095328095e-16,1.5269563230942414e-13,Inf
2,238,1800.0,1.40467264733097e-16,1.6987577446137745e-13,Inf
2,239,1800.0,1.3180296709135363e-16,1.5210410195519857e-13,Inf
2,240,1800.0,1.3640756132379363e-16,1.6194164314011177e-13,Inf
2,241,1800.0,1.3310131149495481e-16,1.5252640602241598e-13,Inf
2,242,1800.0,1.3667912664305906e-16,1.6330270586693547e-13,Inf
2,243,1800.0,1.3561428093230803e-16,1.5887483059468986e-13,Inf
2,244,1800.0,1.4638317596352106e-16,1.7586521496789033e-13,Inf
2,245,1800.0,1.4280895263316153e-16,1.7149043818034713e-13,Inf
2,246,1800.0,1.4692731212490482e-16,1.764130334529823e-13,Inf
2,247,1800.0,1.4887249189176175e-16,1.7853148908345522e-13,Inf
2,248,1800.0,1.4246712182183704e-16,1.7103345523516057e-13,Inf
2,249,1800.0,1.4531399326969362e-16,1.74990893130143e-13,Inf
2,250,1800.0,1.461693161483455e-16,1.7566665977489092e-13,Inf
2,251,1800.0,1.4562619920514676e-16,1.7523352222393367e-13,Inf
2,252,1800.0,1.5330379580626047e-16,1.8228252385686684e-13,Inf
2,253,1800.0,1.305003205553139e-16,1.5039279805180844e-13,Inf
2,254,1800.0,1.3013622936454815e-16,1.5015201402290905e-13,Inf
2,255,1800.0,1.335057638311835e-16,1.5371409068960733e-13,Inf
2,256,1800.0,1.345901679052087e-16,1.558247207760179e-13,Inf
2,257,1800.0,1.311096422446224e-16,1.4928561383201398e-13,Inf
2,258,1800.0,1.2739918585236323e-16,1.4549753373041873e-13,Inf
2,259,1800.0,1.262940533268899e-16,1.4455239936734658e-13,Inf
2,260,1800.0,1.271262345241268e-16,1.4569667409735953e-13,Inf
2,261,1800.0,1.240237749815652e-16,1.425186791111007e-13,Inf
2,262,1800.0,1.3480264584489296e-16,1.5653279661697704e-13,Inf
2,263,1800.0,1.2903035844870777e-16,1.4879252658504048e-13,Inf
2,264,1800.0,1.4934734051798386e-16,1.7900591545173396e-13,Inf
2,265,1800.0,1.3993168371708693e-16,1.6825770294928846e-13,Inf
2,266,1800.0,1.51193922775974e-16,1.8072024521645673e-13,Inf
2,267,1800.0,1.488762682685261e-16,1.7853534422834637e-13,Inf
2,268,1800.0,1.5325363714426595e-16,1.8225877492268504e-13,Inf
2,269,1800.0,1.3968185054731682e-16,1.6800030647893684e-13,Inf
2,270,1800.0,1.43838297985571e-16,1.7326071365359628e-13,Inf
2,271,1800.0,1.2271573507364305e-16,1.405081194078074e-13,Inf
2,272,1800.0,1.303563513327796e-16,1.5052213883269265e-13,Inf
2,273,1800.0,1.3149858990341042e-16,1.5350257390022983e-13,Inf
2,274,1800.0,1.2767934046809099e-16,1.4638255472832179e-13,Inf
2,275,1800.0,1.2395813465697654e-16,1.4237884360085989e-13,Inf
2,276,1800.0,1.2867884625410165e-16,1.476843001543969e-13,Inf
2,277,1800.0,1.2932479221886873e-16,1.485847818856167e-13,Inf
2,278,1800.0,1.2869164919325623e-16,1.4755936273948561e-13,Inf
2,279,1800.0,1.3422270304942895e-16,1.562165973125564e-13,Inf
2,280,1800.0,1.2104992591281292e-16,1.4040585229985759e-13,Inf
2,281,1800.0,1.249978808208885e-16,1.4352612923882372e-13,Inf
2,282,1800.0,1.235226651601573e-16,1.4386766213984416e-13,Inf
2,283,1800.0,1.3237476217474767e-16,1.555620760335054e-13,Inf
2,284,1800.0,1.2862995338685507e-16,1.4834795905539163e-13,Inf
2,285,1800.0,1.3535915692308516e-16,1.5946662122944985e-13,Inf
2,286,1800.0,1.3671226961985759e-16,1.635584237251653e-13,Inf
2,287,1800.0,1.2833636092723174e-16,1.4769478849120763e-13,Inf
2,288,1800.0,1.2897617476139549e-16,1.4790347971313962e-13,Inf
2,289,1800.0,1.3805123866875987e-16,1.6702103160330368e-13,Inf
2,290,1800.0,1.3125166645453606e-16,1.505568037284127e-13,Inf
2,291,1800.0,1.4177684237866361e-16,1.7006283245552648e-13,Inf
2,292,1800.0,1.3566604864880987e-16,1.5912452266855148e-13,Inf
2,293,1800.0,1.3753585749216564e-16,1.6521922797820274e-13,Inf
2,294,1800.0,1.3596498665005073e-16,1.6018921643346343e-13,Inf
2,295,1800.0,1.3433146340189135e-16,1.5527661756606664e-13,Inf
2,296,1800.0,1.3637958605447445e-16,1.6177300229648576e-13,Inf
2,297,1800.0,1.2696550073599045e-16,1.4502458531338273e-13,Inf
2,298,1800.0,1.3349343019828088e-16,1.5361148557241779e-13,Inf
2,299,1800.0,1.381671254479635e-16,1.66400592913749e-13,Inf
2,300,1800.0,1.3614841930332453e-16,1.6048848464847194e-13,Inf
2,301,1800.0,1.3442560739538176e-16,1.565980036387857e-13,Inf
2,302,1800.0,1.361275988619606e-16,1.6060748040187736e-13,Inf
2,303,1800.0,1.363417991912052e-16,1.6134735733323966e-13,Inf
2,304,1800.0,1.359663714562171e-16,1.6015213073344802e-13,Inf
2,305,1800.0,1.3653794836264664e-16,1.619587163099716e-13,Inf
2,306,1800.0,1.3523973716178126e-16,1.5823722842043056e-13,Inf
2,307,1800.0,1.3750300432423396e-16,1.6552654840108414e-13,Inf
2,308,1800.0,1.3599955219898046e-16,1.6044161287161634e-13,Inf
2,309,1800.0,1.3590149110947077e-16,1.5988237928497418e-13,Inf
2,310,1800.0,1.33834226214737e-16,1.5538453832771243e-13,Inf
2,311,1800.0,1.295451328236992e-16,1.4878619902646743e-13,Inf
2,312,1800.0,1.3270536413850373e-16,1.5370258943195092e-13,Inf
2,313,1800.0,1.3507657260082514e-16,1.5897586145216515e-13,Inf
2,314,1800.0,1.3389075687355664e-16,1.5561139939367215e-13,Inf
2,315,1800.0,1.3576095313470712e-16,1.592104116050127e-13,Inf
2,316,1800.0,1.3049891707053687e-16,1.5020815964385376e-13,Inf
2,317,1800.0,1.33297353260548e-16,1.5430180690521216e-13,Inf
2,318,1800.0,1.32354639540202e-16,1.5252165777599413e-13,Inf
2,319,1800.0,1.3688593177729463e-16,1.622608476994692e-13,Inf
2,320,1800.0,1.3519508409196707e-16,1.5871299288330995e-13,Inf
2,321,1800.0,1.3320940083995834e-16,1.545107948798586e-13,Inf
2,322,1800.0,1.3240162364698763e-16,1.5289277309422086e-13,Inf
2,323,1800.0,1.3654364468054267e-16,1.6112356155227241e-13,Inf
2,324,1800.0,1.365358139151644e-16,1.611019326663823e-13,Inf
2,325,1800.0,1.3501589886008132e-16,1.5842632750850968e-13,Inf
2,326,1800.0,1.3306613948854234e-16,1.5395808675384551e-13,Inf
2,327,1800.0,1.3466836577419103e-16,1.5755454418532144e-13,Inf
2,328,1800.0,1.3613728032279042e-16,1.6158767665992065e-13,Inf
2,329,1800.0,1.3710371320324773e-16,1.6425984307702643e-13,Inf
2,330,1800.0,1.306248048228144e-16,1.500442489941242e-13,Inf
2,331,1800.0,1.3631416381880078e-16,1.6208986482738462e-13,Inf
2,332,1800.0,1.3358323908681491e-16,1.5479612059599055e-13,Inf
2,333,1800.0,1.4446918960730968e-16,1.7430957602806277e-13,Inf
2,334,1800.0,1.3610472108670394e-16,1.5994415780704916e-13,Inf
2,335,1800.0,1.4070342370826736e-16,1.6907036335540534e-13,Inf
2,336,1800.0,1.3622111891004535e-16,1.614285180714435e-13,Inf
2,337,1800.0,1.3622682652008766e-16,1.6035470962382446e-13,Inf
2,338,1800.0,1.3659090376510526e-16,1.6125357999247766e-13,Inf
2,339,1800.0,1.3737900923632275e-16,1.645123121363481e-13,Inf
2,340,1800.0,1.3683049601641593e-16,1.6216875560199506e-13,Inf
2,341,1800.0,1.3801444520497765e-16,1.6623635027252513e-13,Inf
2,342,1800.0,1.3343024104249175e-16,1.545347030140293e-13,Inf
2,343,1800.0,1.3558480071449306e-16,1.586560524116901e-13,Inf
2,344,1800.0,1.368858436688269e-16,1.6264940625831197e-13,Inf
2,345,1800.0,1.3560932661803967e-16,1.5872584732996044e-13,Inf
2,346,1800.0,1.3689519696028897e-16,1.6267577254672917e-13,Inf
2,347,1800.0,1.389598964545193e-16,1.663456333334956e-13,Inf
2,348,1800.0,1.338694526890541e-16,1.5499372529503777e-13,Inf
2,349,1800.0,1.3997119120407978e-16,1.6836770341665973e-13,Inf
2,350,1800.0,1.303695949790627e-16,1.496028264365087e-13,Inf
2,351,1800.0,1.3147413418662346e-16,1.5084091763466338e-13,Inf
2,352,1800.0,1.3564707560144518e-16,1.589034460773262e-13,Inf
2,353,1800.0,1.3013570833931306e-16,1.4929565629503762e-13,Inf
2,354,1800.0,1.3714998915941849e-16,1.6388459657115636e-13,Inf
2,355,1800.0,1.3846362238751793e-16,1.6674280526717328e-13,Inf
2,356,1800.0,1.294793897388831e-16,1.4863854402687875e-13,Inf
2,357,1800.0,1.2994575960711458e-16,1.4980041356635038e-13,Inf
2,358,1800.0,1.3429854739650588e-16,1.560689854610018e-13,Inf
2,359,1800.0,1.31323600149363e-16,1.5077097660224231e-13,Inf
2,360,1800.0,1.3402579035150804e-16,1.5566398938499966e-13,Inf
2,361,1800.0,1.363419334497272e-16,1.614348299408629e-13,Inf
2,362,1800.0,1.3612310822281527e-16,1.6083237577460374e-13,Inf
2,363,1800.0,1.3765590343080883e-16,1.6578860117112967e-13,Inf
2,364,1800.0,1.3310283835969787e-16,1.5390554178553384e-13,Inf
2,365,1800.0,1.3709093931477319e-16,1.633996978397925e-13,Inf
2,366,1800.0,1.3538064500017762e-16,1.584253700221324e-13,Inf
2,367,1800.0,1.3546921940404236e-16,1.590492558294263e-13,Inf
2,368,1800.0,1.268384243219415e-16,1.4639225690275742e-13,Inf
2,369,1800.0,1.3142684544472785e-16,1.5117597408962984e-13,Inf
2,370,1800.0,1.3051044735031378e-16,1.4948019209299426e-13,Inf
2,371,1800.0,1.3620805933729792e-16,1.6043756602070513e-13,Inf
2,372,1800.0,1.360541580577901e-16,1.5995533140781256e-13,Inf
2,373,1800.0,1.371597002178046e-16,1.6387232789116862e-13,Inf
2,374,1800.0,1.3760387793849405e-16,1.6544574818121667e-13,Inf
2,375,1800.0,1.314599268030331e-16,1.5164281168729096e-13,Inf
2,376,1800.0,1.3286114846963444e-16,1.5351504516619996e-13,Inf
2,377,1800.0,1.3373045088077644e-16,1.550542714455038e-13,Inf
2,378,1800.0,1.3568138984256507e-16,1.600159558957743e-13,Inf
2,379,1800.0,1.3524459574201062e-16,1.5933263414692746e-13,Inf
2,380,1800.0,1.3373469945488592e-16,1.5534863199697717e-13,Inf
2,381,1800.0,1.275309085504142e-16,1.4701163671645067e-13,Inf
2,382,1800.0,1.3497996368423413e-16,1.5832795305375637e-13,Inf
2,383,1800.0,1.3163963385259942e-16,1.5177894367952403e-13,Inf
2,384,1800.0,1.3487807970924548e-16,1.5839929662819636e-13,Inf
2,385,1800.0,1.2496540545073794e-16,1.450157678612218e-13,Inf
2,386,1800.0,1.2610217145421284e-16,1.4628090204566791e-13,Inf
2,387,1800.0,1.365318866393306e-16,1.6209433647332573e-13,Inf
2,388,1800.0,1.2961971494566797e-16,1.4864011360318926e-13,Inf
2,389,1800.0,1.256986245406738e-16,1.4579257690556382e-13,Inf
2,390,1800.0,1.294237950809708e-16,1.4845581547141044e-13,Inf
2,391,1800.0,1.3203335551805372e-16,1.5191776553105305e-13,Inf
2,392,1800.0,1.3521604599656382e-16,1.5898515911769154e-13,Inf
2,393,1800.0,1.3324575874710382e-16,1.5507128294345944e-13,Inf
2,394,1800.0,1.2682668489713997e-16,1.46334010887874e-13,Inf
2,395,1800.0,1.3192065674543745e-16,1.5287147073013162e-13,Inf
2,396,1800.0,1.3478425594855102e-16,1.577681166286876e-13,Inf
2,397,1800.0,1.286980721893204e-16,1.484212058894906e-13,Inf
2,398,1800.0,1.3140225680470166e-16,1.5093984215295483e-13,Inf
2,399,1800.0,1.3324989721167998e-16,1.5407984041286644e-13,Inf
2,400,1800.0,1.3218171832899085e-16,1.5259621265124623e-13,Inf
2,401,1800.0,1.3281766423672194e-16,1.5333729981488187e-13,Inf
2,402,1800.0,1.2945718655203418e-16,1.4862565607264939e-13,Inf
2,403,1800.0,1.3411328032805207e-16,1.5581123858093303e-13,Inf
2,404,1800.0,1.377791793134502e-16,1.624945600354552e-13,Inf
2,405,1800.0,1.3739349474889277e-16,1.6143418856884866e-13,Inf
2,406,1800.0,1.3392647458168208e-16,1.5540328266728876e-13,Inf
2,407,1800.0,1.368181494620474e-16,1.619619710791447e-13,Inf
2,408,1800.0,1.3568882922307442e-16,1.5900333187170432e-13,Inf
2,409,1800.0,1.2845020518586106e-16,1.476550177884037e-13,Inf
2,410,1800.0,1.2990874039572656e-16,1.4976098205746875e-13,Inf
2,411,1800.0,1.3517248273720666e-16,1.5849754539402932e-13,Inf
2,412,1800.0,1.355838096794178e-16,1.5726960488725808e-13,Inf
2,413,1800.0,1.3604542357093543e-16,1.6101635800205514e-13,Inf
2,414,1800.0,1.3609748171588177e-16,1.5978091716761912e-13,Inf
2,415,1800.0,1.3495349369218272e-16,1.5737374910382444e-13,Inf
2,416,1800.0,1.3662222313823288e-16,1.613388877193652e-13,Inf
2,417,1800.0,1.255667356423276e-16,1.444952677680707e-13,Inf
2,418,1800.0,1.276645416309756e-16,1.47422183726973e-13,Inf
2,419,1800.0,1.2728127107186686e-16,1.470966649267857e-13,Inf
2,420,1800.0,1.309512186604614e-16,1.5045680824847454e-13,Inf
2,421,1800.0,1.2477555815560104e-16,1.4373760455181838e-13,Inf
2,422,1800.0,1.3359136687788774e-16,1.5486562882158092e-13,Inf
2,423,1800.0,1.372541032488815e-16,1.6107608440514627e-13,Inf
2,424,1800.0,1.3253434058463094e-16,1.5266542018542653e-13,Inf
2,425,1800.0,1.3666997624187603e-16,1.5989889386877526e-13,Inf
2,426,1800.0,1.26811992917381e-16,1.4637573402402146e-13,Inf
2,427,1800.0,1.3748133948575318e-16,1.6187933520790164e-13,Inf
2,428,1800.0,1.3773434157394867e-16,1.6243167413211255e-13,Inf
2,429,1800.0,1.338648603721247e-16,1.5476937682265795e-13,Inf
2,430,1800.0,1.3604244604788663e-16,1.5824253869672132e-13,Inf
2,431,1800.0,1.3481102888903942e-16,1.559715866882344e-13,Inf
2,432,1800.0,1.3483449057060582e-16,1.5604057433466743e-13,Inf
2,433,1800.0,1.3596822825778022e-16,1.5969020861415935e-13,Inf
2,434,1800.0,1.3053402209793795e-16,1.5014488014054622e-13,Inf
2,435,1800.0,1.308676433371689e-16,1.5054844177407162e-13,Inf
2,436,1800.0,1.3256843684508017e-16,1.5378288316835465e-13,Inf
2,437,1800.0,1.3728125457441694e-16,1.6151720183896134e-13,Inf
2,438,1800.0,1.3684164442793993e-16,1.620628743064178e-13,Inf
2,439,1800.0,1.3104718052390397e-16,1.5145877691638315e-13,Inf
2,440,1800.0,1.3083255337834902e-16,1.5048786029846453e-13,Inf
2,441,1800.0,1.3312722416841396e-16,1.540324465339845e-13,Inf
2,442,1800.0,1.291970291649398e-16,1.4898134274386828e-13,Inf
2,443,1800.0,1.3702742994476736e-16,1.6321413088266701e-13,Inf
2,444,1800.0,1.3238222700640893e-16,1.5272061498098823e-13,Inf
2,445,1800.0,1.3835488676565557e-16,1.6661921427742484e-13,Inf
2,446,1800.0,1.3464702907357405e-16,1.5661520156039004e-13,Inf
2,447,1800.0,1.34750389781637e-16,1.5676040163305411e-13,Inf
2,448,1800.0,1.332763251613074e-16,1.5402609403893712e-13,Inf
2,449,1800.0,1.3495896687487735e-16,1.5707472242251587e-13,Inf
2,450,1800.0,1.373627061244114e-16,1.6534113684416374e-13,Inf
2,451,1800.0,1.4736591386389812e-16,1.7695744037553731e-13,Inf
2,452,1800.0,1.3720840885399574e-16,1.6417563452035984e-13,Inf
2,453,1800.0,1.371705902444393e-16,1.641081952414581e-13,Inf
2,454,1800.0,1.3783596209675898e-16,1.6599333983119983e-13,Inf
2,455,1800.0,1.363674135812352e-16,1.6044205633253817e-13,Inf
2,456,1800.0,1.384132727590852e-16,1.6401312345955182e-13,Inf
2,457,1800.0,1.3748632011712816e-16,1.612454756600075e-13,Inf
2,458,1800.0,1.3902187807201694e-16,1.6684028954586998e-13,Inf
2,459,1800.0,1.321742527048841e-16,1.520019866105386e-13,Inf
2,460,1800.0,1.3669296144721475e-16,1.5946151647081376e-13,Inf
2,461,1800.0,1.3871106121353475e-16,1.6509261545849784e-13,Inf
2,462,1800.0,1.4109385153244454e-16,1.650428385699148e-13,Inf
2,463,1800.0,1.3769971106468366e-16,1.6206701831282983e-13,Inf
2,464,1800.0,1.3878686738994227e-16,1.6616661707774307e-13,Inf
2,465,1800.0,1.3572752983980837e-16,1.5771822549608344e-13,Inf
2,466,1800.0,1.421230582707091e-16,1.716932428696065e-13,Inf
2,467,1800.0,1.2696268876780982e-16,1.4649596925026992e-13,Inf
2,468,1800.0,1.3820604813118798e-16,1.6387086692309617e-13,Inf
2,469,1800.0,1.3482633730818624e-16,1.558789408784069e-13,Inf
2,470,1800.0,1.3069450818102375e-16,1.5022581546186626e-13,Inf
2,471,1800.0,1.3661972167539807e-16,1.595502648319722e-13,Inf
2,472,1800.0,1.2892797792059014e-16,1.479901777108657e-13,Inf
2,473,1800.0,1.2537875175488962e-16,1.4527295118276562e-13,Inf
2,474,1800.0,1.2844164749189867e-16,1.4758955658287409e-13,Inf
2,475,1800.0,1.3363826870201286e-16,1.538815324801529e-13,Inf
2,476,1800.0,1.278420393190921e-16,1.4711855123441465e-13,Inf
2,477,1800.0,1.3394038646469214e-16,1.5537344058140362e-13,Inf
2,478,1800.0,1.3693283435428335e-16,1.601834255039309e-13,Inf
2,479,1800.0,1.3589375691662123e-16,1.6014660954559433e-13,Inf
2,480,1800.0,1.3053670389180085e-16,1.504322354940889e-13,Inf
2,481,1800.0,1.3595862182239352e-16,1.5966628840840117e-13,Inf
2,482,1800.0,1.3537408302323026e-16,1.5901161112131516e-13,Inf
2,483,1800.0,1.3897599336823695e-16,1.684300538019963e-13,Inf
2,484,1800.0,1.3414625298561597e-16,1.546210132387904e-13,Inf
2,485,1800.0,1.3452759660406176e-16,1.5670852459583544e-13,Inf
2,486,1800.0,1.333306803003809e-16,1.543695317004356e-13,Inf
2,487,1800.0,1.3592349699193316e-16,1.6001915231905323e-13,Inf
2,488,1800.0,1.3516046426577198e-16,1.5781134074058716e-13,Inf
2,489,1800.0,1.3337541084244492e-16,1.542319030993962e-13,Inf
2,490,1800.0,1.3027261703409753e-16,1.5021162624868624e-13,Inf
2,491,1800.0,1.3541066259781623e-16,1.5843008396922703e-13,Inf
2,492,1800.0,1.2803336468339385e-16,1.4778307722403357e-13,Inf
2,493,1800.0,1.4303893535846732e-16,1.7183653593758045e-13,Inf
2,494,1800.0,1.3586060838624193e-16,1.5942370350673957e-13,Inf
2,495,1800.0,1.3849962433315798e-16,1.6681088048768812e-13,Inf
2,496,1800.0,1.3518679739012816e-16,1.576627417440944e-13,Inf
2,497,1800.0,1.3086953201426617e-16,1.5085799596126085e-13,Inf
2,498,1800.0,1.3393658467474218e-16,1.554427847123981e-13,Inf
2,499,1800.0,1.2849096300885637e-16,1.4820257474994345e-13,Inf
2,500,1800.0,1.3490067196825032e-16,1.5732618757241417e-13,Inf
2,501,1800.0,1.3304317779484318e-16,1.538954803421192e-13,Inf
2,502,1800.0,1.3343599240263365e-16,1.5452571325651008e-13,Inf
2,503,1800.0,1.3537348836357257e-16,1.5826976248004927e-13,Inf
2,504,1800.0,1.344924989065795e-16,1.5646217961916674e-13,Inf
2,505,1800.0,1.3478554314255835e-16,1.5704954476027224e-13,Inf
2,506,1800.0,1.3501920352175327e-16,1.5751121486483757e-13,Inf
2,507,1800.0,1.3600769062869457e-16,1.6008859988325402e-13,Inf
2,508,1800.0,1.2619154643239342e-16,1.4635551425768613e-13,Inf
2,509,1800.0,1.2815803194602564e-16,1.47879779903016e-13,Inf
2,510,1800.0,1.266885914196088e-16,1.4671891251279765e-13,Inf
2,511,1800.0,1.337970436481027e-16,1.5540871874147203e-13,Inf
2,512,1800.0,1.285531270923805e-16,1.4852350063043992e-13,Inf
2,513,1800.0,1.313451851980342e-16,1.5182893249730532e-13,Inf
2,514,1800.0,1.3444068194375065e-16,1.5634955546290875e-13,Inf
2,515,1800.0,1.3329069936153948e-16,1.5430314500738426e-13,Inf
2,516,1800.0,1.3451276842626843e-16,1.5646770735949005e-13,Inf
2,517,1800.0,1.3272017370796445e-16,1.5340272687782246e-13,Inf
2,518,1800.0,1.2893120009846097e-16,1.4868023679228101e-13,Inf
2,519,1800.0,1.2749049135054006e-16,1.472833020271261e-13,Inf
2,520,1800.0,1.3535771068341023e-16,1.5851698526310843e-13,Inf
2,521,1800.0,1.3384287826383478e-16,1.5562840018293869e-13,Inf
2,522,1800.0,1.3270037082961652e-16,1.5346852616298293e-13,Inf
2,523,1800.0,1.2587361194404195e-16,1.4608852186979366e-13,Inf
2,524,1800.0,1.3263265361202947e-16,1.5326980830287114e-13,Inf
2,525,1800.0,1.3198301048031184e-16,1.52246280750189e-13,Inf
2,526,1800.0,1.3064498891429466e-16,1.5041325824677404e-13,Inf
2,527,1800.0,1.3012297965254315e-16,1.4998565274834047e-13,Inf
2,528,1800.0,1.3014869266770531e-16,1.4985893099728655e-13,Inf
2,529,1800.0,1.3715491152464348e-16,1.6393294220120202e-13,Inf
2,530,1800.0,1.3579063533888012e-16,1.5747396937076654e-13,Inf
2,531,1800.0,1.3615954753293407e-16,1.6033498560056474e-13,Inf
2,532,1800.0,1.3694343287649253e-16,1.629518538712195e-13,Inf
2,533,1800.0,1.2753496132667217e-16,1.4731792523379266e-13,Inf
2,534,1800.0,1.3042706902121508e-16,1.5031393877948063e-13,Inf
2,535,1800.0,1.3302268555515874e-16,1.539446708743728e-13,Inf
2,536,1800.0,1.299309288629611e-16,1.5022515208943872e-13,Inf
2,537,1800.0,1.3229751564182577e-16,1.5274505020005987e-13,Inf
2,538,1800.0,1.2824357909260726e-16,1.4808383414406131e-13,Inf
2,539,1800.0,1.3069197187401343e-16,1.5066818741420865e-13,Inf
2,540,1800.0,1.331084827162727e-16,1.54733616198109e-13,Inf
2,541,1800.0,1.3604526181835158e-16,1.5988070489373815e-13,Inf
2,542,1800.0,1.349660841202369e-16,1.589873332751831e-13,Inf
2,543,1800.0,1.3388905374260272e-16,1.5630420294759193e-13,Inf
2,544,1800.0,1.342448544962921e-16,1.5722927337918252e-13,Inf
2,545,1800.0,1.336614481211199e-16,1.5574523643206186e-13,Inf
2,546,1800.0,1.3154662525174144e-16,1.5210966507840684e-13,Inf
2,547,1800.0,1.350175504869252e-16,1.5906492801921645e-13,Inf
2,548,1800.0,1.3316214552052157e-16,1.534343926680829e-13,Inf
2,549,1800.0,1.3759455515174045e-16,1.6564454026741502e-13,Inf
2,550,1800.0,1.3449783064785174e-16,1.5635584264471845e-13,Inf
2,551,1800.0,1.3153948684461382e-16,1.5086563712578483e-13,Inf
2,552,1800.0,1.346810427064349e-16,1.5681369843313305e-13,Inf
2,553,1800.0,1.3294639624388118e-16,1.5307526507096507e-13,Inf
2,554,1800.0,1.3637334720222401e-16,1.6171177003817683e-13,Inf
2,555,1800.0,1.2813741305319563e-16,1.473845673097038e-13,Inf
2,556,1800.0,1.3539700028666765e-16,1.584186206288053e-13,Inf
2,557,1800.0,1.3510194738716628e-16,1.5780811846511952e-13,Inf
2,558,1800.0,1.3589518445183612e-16,1.6002797759041112e-13,Inf
2,559,1800.0,1.3216914771692067e-16,1.5263670208746596e-13,Inf
2,560,1800.0,1.3550878850629733e-16,1.5877804685424176e-13,Inf
2,561,1800.0,1.3374850921259427e-16,1.5508630579359299e-13,Inf
2,562,1800.0,1.3088943815286577e-16,1.5019624772975935e-13,Inf
2,563,1800.0,1.3485351388938755e-16,1.5716433660601707e-13,Inf
2,564,1800.0,1.300747650556274e-16,1.491224056373791e-13,Inf
2,565,1800.0,1.291462934612653e-16,1.489038207751226e-13,Inf
2,566,1800.0,1.361549111476344e-16,1.6163161147679102e-13,Inf
2,567,1800.0,1.277666343212427e-16,1.4717852777935204e-13,Inf
2,568,1800.0,1.309113405351618e-16,1.506189449923433e-13,Inf
2,569,1800.0,1.3723179549315535e-16,1.646655765740906e-13,Inf
2,570,1800.0,1.3047004579820883e-16,1.50087951462107e-13,Inf
2,571,1800.0,1.2993363297535245e-16,1.498062993972487e-13,Inf
2,572,1800.0,1.3670511200420674e-16,1.6248032041182798e-13,Inf
2,573,1800.0,1.2625925879433333e-16,1.4642842468898182e-13,Inf
2,574,1800.0,1.2871551476110478e-16,1.4864734100737086e-13,Inf
2,575,1800.0,1.2569203397348874e-16,1.44540459984862e-13,Inf
2,576,1800.0,1.3671236274633895e-16,1.6169401389701858e-13,Inf
2,577,1800.0,1.3276258431537182e-16,1.535869802094363e-13,Inf
2,578,1800.0,1.3387873583899297e-16,1.5562483679614166e-13,Inf
2,579,1800.0,1.3427429155531237e-16,1.5626773223382774e-13,Inf
2,580,1800.0,1.3373464281805556e-16,1.5496408465033e-13,Inf
2,581,1800.0,1.3348944447212014e-16,1.5463364209948024e-13,Inf
2,582,1800.0,1.279667128324305e-16,1.4730101691284516e-13,Inf
2,583,1800.0,1.3292711231716226e-16,1.5364630459711537e-13,Inf
2,584,1800.0,1.3636171977476936e-16,1.6066131204772466e-13,Inf
2,585,1800.0,1.3704110912264562e-16,1.6397763436641944e-13,Inf
2,586,1800.0,1.365667665532438e-16,1.625262748521475e-13,Inf
2,587,1800.0,1.3585859774120177e-16,1.6034193897931237e-13,Inf
2,588,1800.0,1.323879955467044e-16,1.555334868038708e-13,Inf
2,589,1800.0,1.3254718947593038e-16,1.521700024215213e-13,Inf
2,590,1800.0,1.3556218917830254e-16,1.585665783871449e-13,Inf
2,591,1800.0,1.315215036892965e-16,1.5362800038537375e-13,Inf
2,592,1800.0,1.3378433604878385e-16,1.55150195656981e-13,Inf
2,593,1800.0,1.2969400027135554e-16,1.4985061027519047e-13,Inf
2,594,1800.0,1.3887114299190133e-16,1.6967180499991164e-13,Inf
2,595,1800.0,1.298529311466454e-16,1.5012809610822427e-13,Inf
2,596,1800.0,1.3263286467152485e-16,1.5234735662566454e-13,Inf
2,597,1800.0,1.2774840217971424e-16,1.4750538983470658e-13,Inf
2,598,1800.0,1.2769286591477552e-16,1.4752657116898077e-13,Inf
2,599,1800.0,1.284826558359129e-16,1.4836403461068144e-13,Inf
2,600,1800.0,1.2517024141932522e-16,1.4430654958946744e-13,Inf
2,601,1800.0,1.3080418084584714e-16,1.5208308278385767e-13,Inf
2,602,1800.0,1.2954263177041573e-16,1.4960491821167617e-13,Inf
2,603,1800.0,1.28939761405684e-16,1.4894413032899834e-13,Inf
2,604,1800.0,1.2555916560928674e-16,1.4384120914657609e-13,Inf
2,605,1800.0,1.331005255602818e-16,1.579915449285168e-13,Inf
2,606,1800.0,1.3008901231998617e-16,1.5050961033108812e-13,Inf
2,607,1800.0,1.3464134628298909e-16,1.5768234020281298e-13,Inf
2,608,1800.0,1.2576768791231284e-16,1.4460486813246746e-13,Inf
2,609,1800.0,1.2542582887425773e-16,1.4544654841199738e-13,Inf
2,610,1800.0,1.29583544626768e-16,1.498586955081221e-13,Inf
2,611,1800.0,1.2975989356296205e-16,1.503167711917419e-13,Inf
2,612,1800.0,1.3098000714364235e-16,1.5261593437796782e-13,Inf
2,613,1800.0,1.3049019903682158e-16,1.5173736220383058e-13,Inf
2,614,1800.0,1.28211929953104e-16,1.4814658901771686e-13,Inf
2,615,1800.0,1.2989784873411766e-16,1.5044015203462156e-13,Inf
2,616,1800.0,1.3539016110970325e-16,1.5831616524035959e-13,Inf
2,617,1800.0,1.3303608244634385e-16,1.574027538188874e-13,Inf
2,618,1800.0,1.3246117426144433e-16,1.5567112896468488e-13,Inf
2,619,1800.0,1.3558212879509872e-16,1.587517673794606e-13,Inf
2,620,1800.0,1.3594896819813003e-16,1.596423166399352e-13,Inf
2,621,1800.0,1.3144766213550625e-16,1.5326894975691594e-13,Inf
2,622,1800.0,1.3217296565466402e-16,1.547981203937727e-13,Inf
2,623,1800.0,1.3191822585467982e-16,1.5225640297763406e-13,Inf
2,624,1800.0,1.322109109577557e-16,1.5263353627113833e-13,Inf
2,625,1800.0,1.269894004468497e-16,1.467479409296996e-13,Inf
2,626,1800.0,1.2892666064515817e-16,1.488336882840408e-13,Inf
2,627,1800.0,1.2739430459575286e-16,1.4718546727034262e-13,Inf
2,628,1800.0,1.2836086653011822e-16,1.4820571016951776e-13,Inf
2,629,1800.0,1.2635602386469098e-16,1.4621050695420225e-13,Inf
2,630,1800.0,1.3583097909335536e-16,1.5935034287325855e-13,Inf
2,631,1800.0,1.3162758067350634e-16,1.5226623767575202e-13,Inf
2,632,1800.0,1.3225545450853367e-16,1.5228056324535653e-13,Inf
2,633,1800.0,1.2854645307123423e-16,1.4828006628006342e-13,Inf
2,634,1800.0,1.2666108758507764e-16,1.461679933753803e-13,Inf
2,635,1800.0,1.2580101496183926e-16,1.4542042802659635e-13,Inf
2,636,1800.0,1.2668600664498445e-16,1.461821205334126e-13,Inf
2,637,1800.0,1.3152332092432293e-16,1.5086371632881564e-13,Inf
2,638,1800.0,1.2603644323602953e-16,1.4445753327305796e-13,Inf
2,639,1800.0,1.2645407337932666e-16,1.4639904041939393e-13,Inf
2,640,1800.0,1.2468141643039496e-16,1.4332559375664535e-13,Inf
2,641,1800.0,1.2662610457812602e-16,1.4572000891370506e-13,Inf
2,642,1800.0,1.3530412306293203e-16,1.5822668080058054e-13,Inf
2,643,1800.0,1.3041492039404192e-16,1.4951592923137944e-13,Inf
2,644,1800.0,1.3552496766147803e-16,1.5881562185374324e-13,Inf
2,645,1800.0,1.2897683351139478e-16,1.480200495336289e-13,Inf
2,646,1800.0,1.3432198223751543e-16,1.5577499809550945e-13,Inf
2,647,1800.0,1.301584638647069e-16,1.493236349364038e-13,Inf
2,648,1800.0,1.2687065284734168e-16,1.4682684688157664e-13,Inf
2,649,1800.0,1.3029421271252428e-16,1.4936801083494506e-13,Inf
2,650,1800.0,1.2777257942986383e-16,1.4715150494504957e-13,Inf
2,651,1800.0,1.3165735149505701e-16,1.5111096169606112e-13,Inf
2,652,1800.0,1.3169847323632438e-16,1.511183711760625e-13,Inf
2,653,1800.0,1.3284349757031252e-16,1.529514685269374e-13,Inf
2,654,1800.0,1.3270651300997962e-16,1.5267019333181285e-13,Inf
2,655,1800.0,1.2832326052940523e-16,1.4758238396942778e-13,Inf
2,656,1800.0,1.2602815796398524e-16,1.442941316892803e-13,Inf
2,657,1800.0,1.2823578749713906e-16,1.4795120192405712e-13,Inf
2,658,1800.0,1.2535603850375653e-16,1.4461146123502694e-13,Inf
2,659,1800.0,1.2661353324792736e-16,1.461278210448386e-13,Inf
2,660,1800.0,1.303904237625108e-16,1.502744952779794e-13,Inf
2,661,1800.0,1.2869565796415185e-16,1.4783172587147271e-13,Inf
2,662,1800.0,1.3107591763706862e-16,1.5148856741920895e-13,Inf
2,663,1800.0,1.2813234180434611e-16,1.4741704480363494e-13,Inf
2,664,1800.0,1.2745564976804718e-16,1.469508015836857e-13,Inf
2,665,1800.0,1.3067305865022473e-16,1.5181149574670918e-13,Inf
2,666,1800.0,1.3143756328450922e-16,1.5303227166083172e-13,Inf
2,667,1800.0,1.2730271068296089e-16,1.4707030117391496e-13,Inf
2,668,1800.0,1.3246968198529668e-16,1.5590698819230793e-13,Inf
2,669,1800.0,1.2889802522351008e-16,1.4864292855521998e-13,Inf
2,670,1800.0,1.3021946599049935e-16,1.5085766720476612e-13,Inf
2,671,1800.0,1.3033417626199357e-16,1.5147082868834628e-13,Inf
2,672,1800.0,1.3237519503012272e-16,1.556200471837147e-13,Inf
2,673,1800.0,1.3002395892447076e-16,1.504599541696528e-13,Inf
2,674,1800.0,1.2866448286618646e-16,1.4853060250459457e-13,Inf
2,675,1800.0,1.250669112095084e-16,1.4431764032964814e-13,Inf
2,676,1800.0,1.331848813817966e-16,1.5877332068902024e-13,Inf
2,677,1800.0,1.3667631989241708e-16,1.6148794223897465e-13,Inf
2,678,1800.0,1.2982082991093214e-16,1.5005897392419354e-13,Inf
2,679,1800.0,1.2994096586766705e-16,1.5035410644173324e-13,Inf
2,680,1800.0,1.2674283344819587e-16,1.4662303157400556e-13,Inf
2,681,1800.0,1.3068424259739554e-16,1.5155155998799727e-13,Inf
2,682,1800.0,1.3500614517604427e-16,1.5748379984070394e-13,Inf
2,683,1800.0,1.312310804817173e-16,1.513332234061229e-13,Inf
2,684,1800.0,1.3046794084165414e-16,1.4956669635135585e-13,Inf
2,685,1800.0,1.3248896329314886e-16,1.5230526993814002e-13,Inf
2,686,1800.0,1.2824126436337235e-16,1.4747717488837553e-13,Inf
2,687,1800.0,1.2848230879406404e-16,1.476505811405963e-13,Inf
2,688,1800.0,1.2606917328895147e-16,1.442904146252445e-13,Inf
2,689,1800.0,1.28534042039591e-16,1.4770203969939997e-13,Inf
2,690,1800.0,1.2665303659497819e-16,1.4594229154735575e-13,Inf
2,691,1800.0,1.2817468245279162e-16,1.4743145067418647e-13,Inf
2,692,1800.0,1.3350860389119321e-16,1.5466626881637706e-13,Inf
2,693,1800.0,1.2935556359453406e-16,1.4837401505565245e-13,Inf
2,694,1800.0,1.2692730810508783e-16,1.4686252381178603e-13,Inf
2,695,1800.0,1.2879259811003264e-16,1.4796293364353675e-13,Inf
2,696,1800.0,1.3463471902097344e-16,1.5677614680028996e-13,Inf
2,697,1800.0,1.318191199447758e-16,1.5231578135144442e-13,Inf
2,698,1800.0,1.3208213143779443e-16,1.5255533475438443e-13,Inf
2,699,1800.0,1.2609397011272795e-16,1.453894211011162e-13,Inf
2,700,1800.0,1.3311267990340223e-16,1.5754404740021381e-13,Inf
2,701,1800.0,1.357462240562208e-16,1.5957405251059798e-13,Inf
2,702,1800.0,1.2985766800288554e-16,1.5015449237773573e-13,Inf
2,703,1800.0,1.3744701293466713e-16,1.6530642187217422e-13,Inf
2,704,1800.0,1.2580900503541803e-16,1.4467185043205837e-13,Inf
2,705,1800.0,1.2852812456478e-16,1.4799889156516694e-13,Inf
2,706,1800.0,1.356801133768641e-16,1.5983164681750083e-13,Inf
2,707,1800.0,1.31326532819674e-16,1.514907536072222e-13,Inf
2,708,1800.0,1.3218171832899085e-16,1.5259621265124623e-13,Inf
2,709,1800.0,1.3584089033510426e-16,1.5937485555310653e-13,Inf
2,710,1800.0,1.3963534309205006e-16,1.6795244123953623e-13,Inf
2,711,1800.0,1.328790145530457e-16,1.5415178266815403e-13,Inf
2,712,1800.0,1.3647173196249908e-16,1.6199183823597996e-13,Inf
2,713,1800.0,1.371442842603314e-16,1.6420761730915538e-13,Inf
2,714,1800.0,1.3943069997609895e-16,1.690588865567809e-13,Inf
2,715,1800.0,1.424828094402868e-16,1.7343259478537858e-13,Inf
2,716,1800.0,1.4034311708367714e-16,1.7061402278642764e-13,Inf
2,717,1800.0,1.3698355518405492e-16,1.6356475960762696e-13,Inf
2,718,1800.0,1.4058070230482386e-16,1.7094403756437184e-13,Inf
2,719,1800.0,1.4289868683875692e-16,1.7412728643883172e-13,Inf
2,720,1800.0,1.4043529388011218e-16,1.7076490139651188e-13,Inf
2,721,1800.0,1.3641712768454147e-16,1.6128198837786505e-13,Inf
2,722,1800.0,1.3340760701571274e-16,1.5505956610756255e-13,Inf
2,723,1800.0,1.351421433735799e-16,1.5790811664751813e-13,Inf
2,724,1800.0,1.317702012135948e-16,1.5219158263044275e-13,Inf
2,725,1800.0,1.3155108251447219e-16,1.5122855807032295e-13,Inf
2,726,1800.0,1.2584465770081326e-16,1.4533623637066553e-13,Inf
2,727,1800.0,1.2899731059848749e-16,1.4889984753461748e-13,Inf
2,728,1800.0,1.27859606818575e-16,1.4759690158576877e-13,Inf
2,729,1800.0,1.342414574343452e-16,1.5648496759953838e-13,Inf
2,730,1800.0,1.2811112482923707e-16,1.4783413046724839e-13,Inf
2,731,1800.0,1.3597933518991236e-16,1.6019171667621128e-13,Inf
2,732,1800.0,1.2733533835451057e-16,1.4335859619099676e-13,Inf
2,733,1800.0,1.3027065420558978e-16,1.5021849761368418e-13,Inf
2,734,1800.0,1.3008211245995343e-16,1.4922000846593876e-13,Inf
2,735,1800.0,1.3435534180719526e-16,1.5610134647243222e-13,Inf
2,736,1800.0,1.3524725078175059e-16,1.579996673518143e-13,Inf
2,737,1800.0,1.274467178524058e-16,1.472489554211507e-13,Inf
2,738,1800.0,1.2789473657496053e-16,1.4724533410034336e-13,Inf
2,739,1800.0,1.2784462238846422e-16,1.4721083278537405e-13,Inf
2,740,1800.0,1.330060858109483e-16,1.5353150842071612e-13,Inf
2,741,1800.0,1.3321316916302082e-16,1.5468523389797467e-13,Inf
2,742,1800.0,1.2598085155079757e-16,1.4529735119210003e-13,Inf
2,743,1800.0,1.2638540043612896e-16,1.45623576547768e-13,Inf
2,744,1800.0,1.2985478604908586e-16,1.4936753605210595e-13,Inf
2,745,1800.0,1.2779672311215175e-16,1.4732681185505814e-13,Inf
2,746,1800.0,1.2601310014017436e-16,1.4620496149834805e-13,Inf
2,747,1800.0,1.372709343088188e-16,1.6476419128989296e-13,Inf
2,748,1800.0,1.334680374975018e-16,1.5466437268923115e-13,Inf
2,749,1800.0,1.2974655572391006e-16,1.4956375168426672e-13,Inf
2,750,1800.0,1.2962739266728483e-16,1.4948805799969247e-13,Inf
2,751,1800.0,1.260872257707283e-16,1.449280246466771e-13,Inf
2,752,1800.0,1.2990675707107263e-16,1.5006467860441866e-13,Inf
2,753,1800.0,1.252672664643099e-16,1.4394574467187883e-13,Inf
2,754,1800.0,1.2985710628181834e-16,1.4904443298465618e-13,Inf
2,755,1800.0,1.327981235980542e-16,1.5315877015679998e-13,Inf
2,756,1800.0,1.3217435554346752e-16,1.5292829034283807e-13,Inf
2,757,1800.0,1.3465779539066296e-16,1.5710042025540151e-13,Inf
2,758,1800.0,1.2926282036355635e-16,1.4918559268578345e-13,Inf
2,759,1800.0,1.2726586875641142e-16,1.4685558388687743e-13,Inf
2,760,1800.0,1.3819018548891385e-16,1.6736181567852111e-13,Inf
2,761,1800.0,1.3386088744060628e-16,1.560974856808932e-13,Inf
2,762,1800.0,1.2993040285848645e-16,1.4976083351691294e-13,Inf
2,763,1800.0,1.3242613031131486e-16,1.539757168465652e-13,Inf
2,764,1800.0,1.3204696569501328e-16,1.528918047538914e-13,Inf
2,765,1800.0,1.3401755593653113e-16,1.5512181256880794e-13,Inf
2,766,1800.0,1.297012051502002e-16,1.4868755920798924e-13,Inf
2,767,1800.0,1.329351986684251e-16,1.5306574044431853e-13,Inf
2,768,1800.0,1.3218109919480367e-16,1.5178713932885318e-13,Inf
2,769,1800.0,1.2979669526381526e-16,1.4887385331617773e-13,Inf
2,770,1800.0,1.3316527325197635e-16,1.534991159230006e-13,Inf
2,771,1800.0,1.3433209371028694e-16,1.5580320502171417e-13,Inf
2,772,1800.0,1.2924767594427509e-16,1.482592873211113e-13,Inf
2,773,1800.0,1.320509360520936e-16,1.516169202905776e-13,Inf
2,774,1800.0,1.2727553220586807e-16,1.4463754195549272e-13,Inf
2,775,1800.0,1.3494691210119977e-16,1.5743080633135686e-13,Inf
2,776,1800.0,1.2707661809598747e-16,1.4696912295394293e-13,Inf
2,777,1800.0,1.3291061720645254e-16,1.5319918607617552e-13,Inf
2,778,1800.0,1.2847387839786648e-16,1.4765286572809023e-13,Inf
2,779,1800.0,1.311773703036069e-16,1.5059112772623979e-13,Inf
2,780,1800.0,1.3368449600558487e-16,1.546924136990502e-13,Inf
3,1,1100.0,2.3640293415740733e-16,2.601627797431453e-13,Inf
3,2,1100.0,2.480600896496317e-16,2.8867448749447225e-13,Inf
3,3,1100.0,2.4800014013055575e-16,2.8856498714033374e-13,Inf
3,4,1100.0,2.419678171318499e-16,2.700369860004421e-13,Inf
3,5,1100.0,2.43263727766525e-16,2.7314329223629085e-13,Inf
3,6,1100.0,2.413949762530547e-16,2.693329674139037e-13,Inf
3,7,1100.0,2.4085192875102217e-16,2.6790072743340634e-13,Inf
3,8,1100.0,2.45000126158842e-16,2.836433879966918e-13,Inf
3,9,1100.0,2.4441767613935946e-16,2.8333770139136764e-13,Inf
3,10,1100.0,2.422010833538284e-16,2.70540141152558e-13,Inf
3,11,1100.0,2.4523974952878426e-16,2.834624166025229e-13,Inf
3,12,1100.0,2.381994826875638e-16,2.613631432766269e-13,Inf
3,13,1100.0,2.290564060321437e-16,2.6681602247811937e-13,Inf
3,14,1100.0,2.303426246061218e-16,2.5127271338764876e-13,Inf
3,15,1100.0,2.21589084819772e-16,2.525631475011412e-13,Inf
3,16,1100.0,2.443396525655717e-16,2.761412763439084e-13,Inf
3,17,1100.0,2.3435427025163043e-16,2.630916192980546e-13,Inf
3,18,1100.0,2.1327484355252813e-16,2.3818815549823556e-13,Inf
3,19,1100.0,2.3181864147932575e-16,2.510728243544684e-13,Inf
3,20,1100.0,2.0779869465608128e-16,2.297309672365386e-13,Inf
3,21,1100.0,2.2656206119312993e-16,2.4632113319821123e-13,Inf
3,22,1100.0,2.1478505702141247e-16,2.3955269315428886e-13,Inf
3,23,1100.0,2.1150402762168105e-16,2.3907611158105727e-13,Inf
3,24,1100.0,2.1209066379787196e-16,2.335303087112647e-13,Inf
3,25,1100.0,2.071628272279186e-16,2.3065249084905907e-13,Inf
3,26,1100.0,2.183807842567716e-16,2.4199763921861457e-13,Inf
3,27,1100.0,2.0898253005157103e-16,2.38388313754978e-13,Inf
3,28,1100.0,2.0662234715072016e-16,2.342561096185814e-13,Inf
3,29,1100.0,2.0674909725898112e-16,2.332639980669985e-13,Inf
3,30,1100.0,2.0710868730524618e-16,2.3015681077770584e-13,Inf
3,31,1100.0,2.074801042950912e-16,2.3692740105260267e-13,Inf
3,32,1100.0,2.116989984735321e-16,2.4230080636953946e-13,Inf
3,33,1100.0,2.06302569946302e-16,2.3394476239847654e-13,Inf
3,34,1100.0,2.06113649313171e-16,2.3387476797689937e-13,Inf
3,35,1100.0,2.0575504942067842e-16,2.3210776845885265e-13,Inf
3,36,1100.0,2.0983483132022461e-16,2.294781332773731e-13,Inf
3,37,1100.0,2.0695343217502926e-16,2.346026245200185e-13,Inf
3,38,1100.0,2.2409255652247985e-16,2.4477702422979104e-13,Inf
3,39,1100.0,2.0584560965335715e-16,2.337656068531805e-13,Inf
3,40,1100.0,2.0664495472145207e-16,2.3292950764414327e-13,Inf
3,41,1100.0,2.0662934430060232e-16,2.332581204255271e-13,Inf
3,42,1100.0,2.0637462137300234e-16,2.3455724662015717e-13,Inf
3,43,1100.0,2.1035602623801114e-16,2.401060550163508e-13,Inf
3,44,1100.0,2.0769117629672937e-16,2.360656797904842e-13,Inf
3,45,1100.0,2.0599560385187034e-16,2.327868694176667e-13,Inf
3,46,1100.0,2.0852335857398627e-16,2.3675620595529946e-13,Inf
3,47,1100.0,2.112767832810243e-16,2.389270132177815e-13,Inf
3,48,1100.0,2.0869679964640198e-16,2.368776631469481e-13,Inf
3,49,1100.0,2.2056230594546257e-16,2.491315332266806e-13,Inf
3,50,1100.0,2.244009782374931e-16,2.5374615166858567e-13,Inf
3,51,1100.0,2.1174746615378796e-16,2.4168437048830606e-13,Inf
3,52,1100.0,2.1343767673717604e-16,2.4355299172927775e-13,Inf
3,53,1100.0,2.10755852481038e-16,2.403918036966231e-13,Inf
3,54,1100.0,2.0983475261124283e-16,2.392836487395608e-13,Inf
3,55,1100.0,2.2080381269579968e-16,2.499224637343595e-13,Inf
3,56,1100.0,2.2512944869355865e-16,2.454934519735071e-13,Inf
3,57,1100.0,2.2751209222264483e-16,2.4688140339904534e-13,Inf
3,58,1100.0,2.3625709042001257e-16,2.5725095550549977e-13,Inf
3,59,1100.0,2.0711201522329493e-16,2.3488197451554947e-13,Inf
3,60,1100.0,2.427038069658373e-16,2.720552194538017e-13,Inf
3,61,1100.0,2.0819451303294133e-16,2.3196734668185257e-13,Inf
3,62,1100.0,2.2938669548480253e-16,2.5996893711657225e-13,Inf
3,63,1100.0,2.112767832810243e-16,2.3892701321778473e-13,Inf
3,64,1100.0,2.0884221901833207e-16,2.36632624852523e-13,Inf
3,65,1100.0,2.0541649709528313e-16,2.2895729527993407e-13,Inf
3,66,1100.0,2.3771581572874597e-16,2.7231276648151075e-13,Inf
3,67,1100.0,2.3320789217113856e-16,2.666374601265651e-13,Inf
3,68,1100.0,2.1752773767092113e-16,2.465736363690655e-13,Inf
3,69,1100.0,2.328855495977209e-16,2.652009395557218e-13,Inf
3,70,1100.0,2.0671853700824245e-16,2.3304170012122655e-13,Inf
3,71,1100.0,2.1197167903986621e-16,2.419121166184779e-13,Inf
3,72,1100.0,2.1427518709236134e-16,2.4086676025512604e-13,Inf
3,73,1100.0,2.0935954430443373e-16,2.373842211967039e-13,Inf
3,74,1100.0,2.4513927458326767e-16,2.841690545267223e-13,Inf
3,75,1100.0,2.1938054608507022e-16,2.43997390373841e-13,Inf
3,76,1100.0,2.0670100814633366e-16,2.3342591114819403e-13,Inf
3,77,1100.0,2.3854561691410305e-16,2.6391134152855517e-13,Inf
3,78,1100.0,2.0755496157497488e-16,2.353950270119544e-13,Inf
3,79,1100.0,2.0680893255119993e-16,2.3185092420086537e-13,Inf
3,80,1100.0,2.1080379911424834e-16,2.3799082314896926e-13,Inf
3,81,1100.0,2.2710290581060147e-16,2.4652126772013446e-13,Inf
3,82,1100.0,2.4947924468319386e-16,2.833296344191993e-13,Inf
3,83,1100.0,2.404254613897235e-16,2.680343975777168e-13,Inf
3,84,1100.0,2.449901721726965e-16,2.7542482468332554e-13,Inf
3,85,1100.0,2.0602940666757388e-16,2.3410423605352284e-13,Inf
3,86,1100.0,2.447781425220912e-16,2.745634363020631e-13,Inf
3,87,1100.0,2.43498556206332e-16,2.7214599233022295e-13,Inf
3,88,1100.0,2.2910939567777943e-16,2.502143876245833e-13,Inf
3,89,1100.0,2.556447436280426e-16,2.9066629748112265e-13,Inf
3,90,1100.0,2.378736425634873e-16,2.627263358429132e-13,Inf
3,91,1100.0,2.369813218105067e-16,2.611197876648471e-13,Inf
3,92,1100.0,2.3391644215269207e-16,2.559349490135178e-13,Inf
3,93,1100.0,2.5847162625155005e-16,2.933810627503638e-13,Inf
3,94,1100.0,2.206213603711052e-16,2.447453455990662e-13,Inf
3,95,1100.0,2.0677913619125564e-16,2.300308207555041e-13,Inf
3,96,1100.0,2.064560480599186e-16,2.319845991498108e-13,Inf
3,97,1100.0,2.106783576614542e-16,2.364117813198671e-13,Inf
3,98,1100.0,2.0914910555802208e-16,2.315834653013389e-13,Inf
3,99,1100.0,2.068326147854517e-16,2.3234610603636676e-13,Inf
3,100,1100.0,2.316290275622127e-16,2.541020954420986e-13,Inf
3,101,1100.0,2.1354299648842608e-16,2.3979114178891934e-13,Inf
3,102,1100.0,2.1849893269559618e-16,2.434420266657216e-13,Inf
3,103,1100.0,2.253603550451821e-16,2.478475953078202e-13,Inf
3,104,1100.0,2.299208306569565e-16,2.5206971000051585e-13,Inf
3,105,1100.0,2.1365766128114249e-16,2.398509745803676e-13,Inf
3,106,1100.0,2.0749799358398825e-16,2.3469034497496046e-13,Inf
3,107,1100.0,2.0798506921032317e-16,2.350995012374095e-13,Inf
3,108,1100.0,2.1144717141720719e-16,2.390388689144564e-13,Inf
3,109,1100.0,2.1500181310206635e-16,2.4150801473573824e-13,Inf
3,110,1100.0,2.0887735872834995e-16,2.368552441873747e-13,Inf
3,111,1100.0,2.198868132257322e-16,2.44762155882057e-13,Inf
3,112,1100.0,2.233165617597977e-16,2.4558849907146907e-13,Inf
3,113,1100.0,2.349211885463203e-16,2.5614826968958497e-13,Inf
3,114,1100.0,2.1417929142921716e-16,2.408939346358161e-13,Inf
3,115,1100.0,2.1444469931697695e-16,2.41092500357718e-13,Inf
3,116,1100.0,2.1474735589008228e-16,2.3973252843692946e-13,Inf
3,117,1100.0,2.269481667780789e-16,2.480499081694089e-13,Inf
3,118,1100.0,2.159894909089057e-16,2.422108905674379e-13,Inf
3,119,1100.0,2.1240982527456843e-16,2.395622962119619e-13,Inf
3,120,1100.0,2.155752536173354e-16,2.404494823333527e-13,Inf
3,121,1100.0,2.261420066101146e-16,2.4765162697326095e-13,Inf
3,122,1100.0,2.1660220378588628e-16,2.411454935716461e-13,Inf
3,123,1100.0,2.149548761106483e-16,2.399520507826764e-13,Inf
3,124,1100.0,2.1602155718573677e-16,2.4073828718072834e-13,Inf
3,125,1100.0,2.2712475018604926e-16,2.4834744586033907e-13,Inf
3,126,1100.0,2.177480638105922e-16,2.419402005349421e-13,Inf
3,127,1100.0,2.3515228483767636e-16,2.5663005515626177e-13,Inf
3,128,1100.0,2.306330215822205e-16,2.5320697083627467e-13,Inf
3,129,1100.0,2.2675681439792907e-16,2.49495232539993e-13,Inf
3,130,1100.0,2.1851485970932407e-16,2.425529217901039e-13,Inf
3,131,1100.0,2.238070172816584e-16,2.460276493746702e-13,Inf
3,132,1100.0,2.1693755131228153e-16,2.4146202983517e-13,Inf
3,133,1100.0,2.1467574294584697e-16,2.391001928803488e-13,Inf
3,134,1100.0,2.269983311786389e-16,2.494659585173869e-13,Inf
3,135,1100.0,2.370782364414199e-16,2.607080496812076e-13,Inf
3,136,1100.0,2.1597584519468374e-16,2.422026776085123e-13,Inf
3,137,1100.0,2.0561839220172486e-16,2.3254483147550113e-13,Inf
3,138,1100.0,2.0665605137360327e-16,2.316231723745049e-13,Inf
3,139,1100.0,2.324223483215662e-16,2.510632882915717e-13,Inf
3,140,1100.0,2.0567009188908366e-16,2.27552577696211e-13,Inf
3,141,1100.0,2.0817076507822054e-16,2.343657224946641e-13,Inf
3,142,1100.0,2.1218825698345932e-16,2.3830726650800395e-13,Inf
3,143,1100.0,2.2356720910228054e-16,2.4391063034280913e-13,Inf
3,144,1100.0,2.1392101274135392e-16,2.391679239834743e-13,Inf
3,145,1100.0,2.139302941052612e-16,2.388038375581397e-13,Inf
3,146,1100.0,2.1082611961614918e-16,2.374694717429847e-13,Inf
3,147,1100.0,2.10177085639137e-16,2.29901016760999e-13,Inf
3,148,1100.0,2.0611824322387711e-16,2.287656711159415e-13,Inf
3,149,1100.0,2.0674138797202284e-16,2.347749573040402e-13,Inf
3,150,1100.0,2.2258325370109394e-16,2.4586107161040705e-13,Inf
3,151,1100.0,2.10566568727735e-16,2.363891347840129e-13,Inf
3,152,1100.0,2.1869955409656756e-16,2.43585424041603e-13,Inf
3,153,1100.0,2.0550738868165185e-16,2.327056865387342e-13,Inf
3,154,1100.0,2.098334268927525e-16,2.3752614544819543e-13,Inf
3,155,1100.0,2.1496948921340442e-16,2.3990840955684597e-13,Inf
3,156,1100.0,2.064212727803139e-16,2.338866095899071e-13,Inf
3,157,1100.0,2.2089635131347467e-16,2.447676880252858e-13,Inf
3,158,1100.0,2.0759362866181346e-16,2.348685279531444e-13,Inf
3,159,1100.0,2.070892284564849e-16,2.333497037972843e-13,Inf
3,160,1100.0,2.2852716864647986e-16,2.4664838541090714e-13,Inf
3,161,1100.0,2.253798574574427e-16,2.4528045019880385e-13,Inf
3,162,1100.0,2.1302269560101652e-16,2.3891787826123746e-13,Inf
3,163,1100.0,2.084990244470948e-16,2.353498040163808e-13,Inf
3,164,1100.0,2.0783443294032446e-16,2.353419176123538e-13,Inf
3,165,1100.0,2.0955185901632998e-16,2.367172764795497e-13,Inf
3,166,1100.0,2.087062373135177e-16,2.3650719555635724e-13,Inf
3,167,1100.0,2.0601056755642157e-16,2.31577130111202e-13,Inf
3,168,1100.0,2.1081481576171688e-16,2.372849782295195e-13,Inf
3,169,1100.0,2.4071160670432573e-16,2.6676506503009675e-13,Inf
3,170,1100.0,2.3502669548515024e-16,2.5786143401317714e-13,Inf
3,171,1100.0,2.3159456207871105e-16,2.541182531354733e-13,Inf
3,172,1100.0,2.0854881831759242e-16,2.3685928252174905e-13,Inf
3,173,1100.0,2.26281457338358e-16,2.4855335462601656e-13,Inf
3,174,1100.0,2.2586682809161653e-16,2.4789766088818046e-13,Inf
3,175,1100.0,2.1950379375956023e-16,2.4405371105186694e-13,Inf
3,176,1100.0,2.0957108546530544e-16,2.375511218070212e-13,Inf
3,177,1100.0,2.395305990483782e-16,2.6445960477654156e-13,Inf
3,178,1100.0,2.1274166610769726e-16,2.4009148729790105e-13,Inf
3,179,1100.0,2.1084899239762602e-16,2.3837529670167764e-13,Inf
3,180,1100.0,2.1752107345961994e-16,2.410198392682537e-13,Inf
3,181,1100.0,2.155679140074095e-16,2.3985692568196315e-13,Inf
3,182,1100.0,2.301482117392927e-16,2.532054148524444e-13,Inf
3,183,1100.0,2.239018654425336e-16,2.4462176049391983e-13,Inf
3,184,1100.0,2.0725584659504924e-16,2.3558791261306547e-13,Inf
3,185,1100.0,2.2743235173371373e-16,2.495106700964162e-13,Inf
3,186,1100.0,2.0899585967697803e-16,2.3721612291694137e-13,Inf
3,187,1100.0,2.053365399019952e-16,2.326135254851812e-13,Inf
3,188,1100.0,2.5844155527006577e-16,2.932683862794319e-13,Inf
3,189,1100.0,2.5664758571296024e-16,2.9165629510300623e-13,Inf
3,190,1100.0,2.783629332701151e-16,3.138127992073403e-13,Inf
3,191,1100.0,2.465019627106941e-16,2.8061603409921595e-13,Inf
3,192,1100.0,2.259432807032104e-16,2.479421035476228e-13,Inf
3,193,1100.0,2.1661649744829194e-16,2.4233423816237483e-13,Inf
3,194,1100.0,2.097182135136923e-16,2.3789966289533037e-13,Inf
3,195,1100.0,2.3845975365851164e-16,2.638752686858981e-13,Inf
3,196,1100.0,2.0556795543013773e-16,2.3258537368229813e-13,Inf
3,197,1100.0,2.0739511456646046e-16,2.3494780457006087e-13,Inf
3,198,1100.0,2.3013005079345804e-16,2.5106094312092377e-13,Inf
3,199,1100.0,2.3962892357471817e-16,2.6643400943209495e-13,Inf
3,200,1100.0,2.4321775434277754e-16,2.716966628414247e-13,Inf
3,201,1100.0,2.2827451940009104e-16,2.4957501244871377e-13,Inf
3,202,1100.0,2.0580442465781453e-16,2.3369137811926777e-13,Inf
3,203,1100.0,2.440837281573242e-16,2.7313579878893426e-13,Inf
3,204,1100.0,2.400080303950056e-16,2.6721886412250457e-13,Inf
3,205,1100.0,2.432797446828301e-16,2.717952300836842e-13,Inf
3,206,1100.0,2.377793212294206e-16,2.6254832144658655e-13,Inf
3,207,1100.0,2.404605661869034e-16,2.681005389206693e-13,Inf
3,208,1100.0,2.451452108885545e-16,2.769441246739735e-13,Inf
3,209,1100.0,2.1774943164340014e-16,2.430159277837374e-13,Inf
3,210,1100.0,2.3845975366012723e-16,2.638752686859458e-13,Inf
3,211,1100.0,2.0473712203646728e-16,2.3444831735568905e-13,Inf
3,212,1100.0,2.2016121092450612e-16,2.4914584990883447e-13,Inf
3,213,1100.0,2.1446504016322224e-16,2.394435481386975e-13,Inf
3,214,1100.0,2.0193663288999676e-16,2.3200453107890025e-13,Inf
3,215,1100.0,2.0584122283022544e-16,2.354982246678746e-13,Inf
3,216,1100.0,2.0390701064303241e-16,2.3374199220741066e-13,Inf
3,217,1100.0,2.2013689981407676e-16,2.444542747861648e-13,Inf
3,218,1100.0,2.0029687086471175e-16,2.2842167076918736e-13,Inf
3,219,1100.0,2.0220465024501464e-16,2.311692552045066e-13,Inf
3,220,1100.0,2.111710373928183e-16,2.4036923907231856e-13,Inf
3,221,1100.0,2.1452993533378832e-16,2.372416059402663e-13,Inf
3,222,1100.0,2.1269832334367214e-16,2.3605671446641776e-13,Inf
3,223,1100.0,2.423598621635949e-16,2.696873895744522e-13,Inf
3,224,1100.0,2.4967687812280797e-16,2.8436855397089537e-13,Inf
3,225,1100.0,2.4164390259699775e-16,2.6874133684832414e-13,Inf
3,226,1100.0,2.288529305486741e-16,2.497093379370048e-13,Inf
3,227,1100.0,2.142521390794572e-16,2.393107647654681e-13,Inf
3,228,1100.0,2.4158465214085907e-16,2.6756500004901306e-13,Inf
3,229,1100.0,2.410345615610333e-16,2.67660117385284e-13,Inf
3,230,1100.0,2.435177023824373e-16,2.7261086979913995e-13,Inf
3,231,1100.0,2.3900714817076215e-16,2.63881205162871e-13,Inf
3,232,1100.0,2.396916390355129e-16,2.646170729040573e-13,Inf
3,233,1100.0,2.3030452512108757e-16,2.5310748788275125e-13,Inf
3,234,1100.0,2.461171095232368e-16,2.8398283296335074e-13,Inf
3,235,1100.0,2.3364916457098383e-16,2.5631651713839536e-13,Inf
3,236,1100.0,2.286852803609317e-16,2.4952797385550645e-13,Inf
3,237,1100.0,2.0984528543964018e-16,2.3751940131865114e-13,Inf
3,238,1100.0,2.4286877992213486e-16,2.703662156486295e-13,Inf
3,239,1100.0,2.0816094911572286e-16,2.3662021499194135e-13,Inf
3,240,1100.0,2.288552775234126e-16,2.5110314293835367e-13,Inf
3,241,1100.0,2.1088578510369787e-16,2.366683849012444e-13,Inf
3,242,1100.0,2.3150072644022e-16,2.5402826262638504e-13,Inf
3,243,1100.0,2.225322718756443e-16,2.448607600910407e-13,Inf
3,244,1100.0,2.501150977011271e-16,2.8397254035716413e-13,Inf
3,245,1100.0,2.446830715135891e-16,2.7433042881923097e-13,Inf
3,246,1100.0,2.5115154025349874e-16,2.8503274059470766e-13,Inf
3,247,1100.0,2.545220414987841e-16,2.8922229508139664e-13,Inf
3,248,1100.0,2.441668945036195e-16,2.7328557816350965e-13,Inf
3,249,1100.0,2.481325361213136e-16,2.8218877272039255e-13,Inf
3,250,1100.0,2.4972776400096113e-16,2.835812503532536e-13,Inf
3,251,1100.0,2.4871551059269156e-16,2.8269838015508315e-13,Inf
3,252,1100.0,2.6180416373404516e-16,2.969842362001707e-13,Inf
3,253,1100.0,2.0676031461568607e-16,2.3496965186119834e-13,Inf
3,254,1100.0,2.0264356965771387e-16,2.3263775572936273e-13,Inf
3,255,1100.0,2.120463610002731e-16,2.377641024706083e-13,Inf
3,256,1100.0,2.1573186732950834e-16,2.4039323679955594e-13,Inf
3,257,1100.0,2.0818249266399956e-16,2.334373297720566e-13,Inf
3,258,1100.0,2.0534624485184636e-16,2.29162724168245e-13,Inf
3,259,1100.0,2.064200282523472e-16,2.276267806687201e-13,Inf
3,260,1100.0,2.0036001268783682e-16,2.2858933409083565e-13,Inf
3,261,1100.0,1.9770674696755518e-16,2.2428562319075723e-13,Inf
3,262,1100.0,2.1697567752639708e-16,2.4130422094203105e-13,Inf
3,263,1100.0,2.0570415817796817e-16,2.3343212503661664e-13,Inf
3,264,1100.0,2.552604555616556e-16,2.901767653019019e-13,Inf
3,265,1100.0,2.3976652955287066e-16,2.6672217078797445e-13,Inf
3,266,1100.0,2.5847213562517074e-16,2.935355706410896e-13,Inf
3,267,1100.0,2.5452805027123185e-16,2.892300570966866e-13,Inf
3,268,1100.0,2.617585093806787e-16,2.969281448349386e-13,Inf
3,269,1100.0,2.394632720443594e-16,2.660730659799905e-13,Inf
3,270,1100.0,2.4531921216096213e-16,2.783454692564239e-13,Inf
3,271,1100.0,1.9598659098550192e-16,2.2062223743704986e-13,Inf
3,272,1100.0,2.0310264793207687e-16,2.330404260469621e-13,Inf
3,273,1100.0,2.060272070190339e-16,2.3592577280948374e-13,Inf
3,274,1100.0,2.0021348026765214e-16,2.290451294569955e-13,Inf
3,275,1100.0,1.9814998009079817e-16,2.2409076308949154e-13,Inf
3,276,1100.0,2.0116720891567418e-16,2.303014784660766e-13,Inf
3,277,1100.0,2.0188035236041617e-16,2.312046974114582e-13,Inf
3,278,1100.0,2.0153537446290303e-16,2.303929692044902e-13,Inf
3,279,1100.0,2.1436253125085743e-16,2.3703353300832554e-13,Inf
3,280,1100.0,1.9020421164657028e-16,2.2059296673548186e-13,Inf
3,281,1100.0,1.9904416262619705e-16,2.2588568179802906e-13,Inf
3,282,1100.0,1.921159692066264e-16,2.241129028496247e-13,Inf
3,283,1100.0,2.0926480779597755e-16,2.38707763119672e-13,Inf
3,284,1100.0,2.0560212730975834e-16,2.3297963231374586e-13,Inf
3,285,1100.0,2.2328289412107743e-16,2.4628609966840713e-13,Inf
3,286,1100.0,2.3177325932654197e-16,2.546092836448822e-13,Inf
3,287,1100.0,2.054672491907047e-16,2.323756336604568e-13,Inf
3,288,1100.0,2.0158654583872877e-16,2.3088753224885414e-13,Inf
3,289,1100.0,2.3883540831967637e-16,2.635309718246107e-13,Inf
3,290,1100.0,2.083445250021052e-16,2.3542968842888764e-13,Inf
3,291,1100.0,2.4025286719838987e-16,2.6872913520670124e-13,Inf
3,292,1100.0,2.2313508628532343e-16,2.4526777595498906e-13,Inf
3,293,1100.0,2.3667485853445093e-16,2.584269809603307e-13,Inf
3,294,1100.0,2.258886313859147e-16,2.471621097334649e-13,Inf
3,295,1100.0,2.1469420327209443e-16,2.396541283620389e-13,Inf
3,296,1100.0,2.293603265792303e-16,2.502812716127446e-13,Inf
3,297,1100.0,2.0628483106372035e-16,2.284754703961002e-13,Inf
3,298,1100.0,2.1197732264276966e-16,2.376854740378603e-13,Inf
3,299,1100.0,2.3739700882415e-16,2.61847636332046e-13,Inf
3,300,1100.0,2.2585057506371413e-16,2.482103170587729e-13,Inf
3,301,1100.0,2.157398956900788e-16,2.4196647370859255e-13,Inf
3,302,1100.0,2.2608072679559e-16,2.484125640722337e-13,Inf
3,303,1100.0,2.2781394166618953e-16,2.49829916604605e-13,Inf
3,304,1100.0,2.2499707508272157e-16,2.4752104542887184e-13,Inf
3,305,1100.0,2.2910191874052377e-16,2.5107902084445546e-13,Inf
3,306,1100.0,2.1996698573397202e-16,2.443442315202974e-13,Inf
3,307,1100.0,2.363984537740091e-16,2.5956514510465335e-13,Inf
3,308,1100.0,2.256676860934772e-16,2.480452005173417e-13,Inf
3,309,1100.0,2.2430039099574603e-16,2.4705658152280744e-13,Inf
3,310,1100.0,2.134224781698764e-16,2.400223058952376e-13,Inf
3,311,1100.0,2.0643665212939045e-16,2.3315868553170297e-13,Inf
3,312,1100.0,2.0999391328441545e-16,2.378451751160459e-13,Inf
3,313,1100.0,2.2093524339909442e-16,2.4525101978198574e-13,Inf
3,314,1100.0,2.1372406252788417e-16,2.402605081304955e-13,Inf
3,315,1100.0,2.223605486982255e-16,2.458035183236064e-13,Inf
3,316,1100.0,2.067211702755224e-16,2.3434141102653324e-13,Inf
3,317,1100.0,2.1158474869041528e-16,2.3872295893744994e-13,Inf
3,318,1100.0,2.0907431649226616e-16,2.3680347712376315e-13,Inf
3,319,1100.0,2.307560743611644e-16,2.516923302080554e-13,Inf
3,320,1100.0,2.2090304179987721e-16,2.4489759942088524e-13,Inf
3,321,1100.0,2.1146698230482833e-16,2.388554713447598e-13,Inf
3,322,1100.0,2.0901359213517743e-16,2.3743436974369476e-13,Inf
3,323,1100.0,2.279983696891589e-16,2.493597696177841e-13,Inf
3,324,1100.0,2.279435362417819e-16,2.4931702282738416e-13,Inf
3,325,1100.0,2.1976941651475427e-16,2.4442099075738277e-13,Inf
3,326,1100.0,2.1090284714978226e-16,2.3840195699559224e-13,Inf
3,327,1100.0,2.1760714867781994e-16,2.4304468005780274e-13,Inf
3,328,1100.0,2.280449625484005e-16,2.502851927710398e-13,Inf
3,329,1100.0,2.3394455722845946e-16,2.5633605014540753e-13,Inf
3,330,1100.0,2.073558812615679e-16,2.3452644078001566e-13,Inf
3,331,1100.0,2.2922645229877995e-16,2.513440871923461e-13,Inf
3,332,1100.0,2.121932619108414e-16,2.395244079252424e-13,Inf
3,333,1100.0,2.4656455611226526e-16,2.806530100954778e-13,Inf
3,334,1100.0,2.271865018990354e-16,2.470890731430302e-13,Inf
3,335,1100.0,2.408943362395386e-16,2.687132359869835e-13,Inf
3,336,1100.0,2.283870855871258e-16,2.499821811080488e-13,Inf
3,337,1100.0,2.281523760739189e-16,2.4784104286424656e-13,Inf
3,338,1100.0,2.2833016531169736e-16,2.4961768339344345e-13,Inf
3,339,1100.0,2.3633884334728554e-16,2.568986847728343e-13,Inf
3,340,1100.0,2.3238129564503323e-16,2.5148721119058054e-13,Inf
3,341,1100.0,2.380200008799245e-16,2.614703397849502e-13,Inf
3,342,1100.0,2.1173180198881662e-16,2.392247640837651e-13,Inf
3,343,1100.0,2.2341611848394335e-16,2.4483214041019295e-13,Inf
3,344,1100.0,2.3306425190233956e-16,2.5250979568058763e-13,Inf
3,345,1100.0,2.236172494136318e-16,2.449451389679347e-13,Inf
3,346,1100.0,2.331398625515064e-16,2.5256962223959105e-13,Inf
3,347,1100.0,2.410845931296348e-16,2.6174952913091605e-13,Inf
3,348,1100.0,2.1363848059448039e-16,2.3985229459568266e-13,Inf
3,349,1100.0,2.402728474423557e-16,2.670048464696585e-13,Inf
3,350,1100.0,2.077610510606557e-16,2.3377889599687317e-13,Inf
3,351,1100.0,2.0845641361674275e-16,2.353939459686304e-13,Inf
3,352,1100.0,2.2152303554726668e-16,2.452925174807803e-13,Inf
3,353,1100.0,2.0763212584381552e-16,2.3349111412672326e-13,Inf
3,354,1100.0,2.3359205572260955e-16,2.5536082884421275e-13,Inf
3,355,1100.0,2.378891940630665e-16,2.6275580925659573e-13,Inf
3,356,1100.0,2.0665230758161584e-16,2.3314400432541087e-13,Inf
3,357,1100.0,2.0624173058364314e-16,2.3440655089382e-13,Inf
3,358,1100.0,2.1499984627659602e-16,2.410750634622231e-13,Inf
3,359,1100.0,2.086069174683732e-16,2.349311305825179e-13,Inf
3,360,1100.0,2.140319738215685e-16,2.4043077865844987e-13,Inf
3,361,1100.0,2.2871361070722234e-16,2.500326044132333e-13,Inf
3,362,1100.0,2.272073023135812e-16,2.488316180454176e-13,Inf
3,363,1100.0,2.37806737108157e-16,2.602591641325967e-13,Inf
3,364,1100.0,2.1097250932505997e-16,2.3842673413353077e-13,Inf
3,365,1100.0,2.328472791254068e-16,2.542259934252259e-13,Inf
3,366,1100.0,2.2065960214089828e-16,2.446385409338376e-13,Inf
3,367,1100.0,2.2212460911332558e-16,2.455594163218936e-13,Inf
3,368,1100.0,2.0475671017662793e-16,2.3050592406779256e-13,Inf
3,369,1100.0,2.0794406474210248e-16,2.355439980965212e-13,Inf
3,370,1100.0,2.0808256178683735e-16,2.343576231738256e-13,Inf
3,371,1100.0,2.2822108453095296e-16,2.479769467305785e-13,Inf
3,372,1100.0,2.270588692552999e-16,2.470804697454673e-13,Inf
3,373,1100.0,2.3527819798456025e-16,2.553162855747812e-13,Inf
3,374,1100.0,2.3692086167542357e-16,2.5930720865166947e-13,Inf
3,375,1100.0,2.0778326073247135e-16,2.3616496694548077e-13,Inf
3,376,1100.0,2.1048930937028244e-16,2.3801399360599443e-13,Inf
3,377,1100.0,2.1266148481308682e-16,2.398259273203776e-13,Inf
3,378,1100.0,2.2428559513454215e-16,2.472326572834548e-13,Inf
3,379,1100.0,2.2194812608097603e-16,2.458948034098859e-13,Inf
3,380,1100.0,2.1313756991357377e-16,2.399812997874795e-13,Inf
3,381,1100.0,2.0464204923789463e-16,2.311811281613442e-13,Inf
3,382,1100.0,2.1951902256418867e-16,2.4426200868249035e-13,Inf
3,383,1100.0,2.077992803217654e-16,2.359194943442436e-13,Inf
3,384,1100.0,2.19464537358234e-16,2.4428743252424214e-13,Inf
3,385,1100.0,2.0344147574739023e-16,2.2789809738424284e-13,Inf
3,386,1100.0,2.0406785140242407e-16,2.3027369383270544e-13,Inf
3,387,1100.0,2.301425351137882e-16,2.513935022578959e-13,Inf
3,388,1100.0,2.0733626382838912e-16,2.334463566456574e-13,Inf
3,389,1100.0,2.03302410470772e-16,2.2944848785911426e-13,Inf
3,390,1100.0,2.0723031347470663e-16,2.3334094051791074e-13,Inf
3,391,1100.0,2.0869895887699084e-16,2.364387973008344e-13,Inf
3,392,1100.0,2.2342173812203504e-16,2.452416390200179e-13,Inf
3,393,1100.0,2.118624693901985e-16,2.3920813940645207e-13,Inf
3,394,1100.0,2.0518650448419967e-16,2.3025009791026653e-13,Inf
3,395,1100.0,2.0844037340609453e-16,2.369567964681359e-13,Inf
3,396,1100.0,2.2006415629731323e-16,2.432886839208011e-13,Inf
3,397,1100.0,2.0562261841933958e-16,2.3305649302776067e-13,Inf
3,398,1100.0,2.080879309337985e-16,2.3529749901011057e-13,Inf
3,399,1100.0,2.1138174854499218e-16,2.3854917687915963e-13,Inf
3,400,1100.0,2.0861984050946753e-16,2.3712400431012837e-13,Inf
3,401,1100.0,2.10182339455795e-16,2.3768722455032796e-13,Inf
3,402,1100.0,2.0660550702410786e-16,2.3311685209346157e-13,Inf
3,403,1100.0,2.143485553881735e-16,2.4064176629754407e-13,Inf
3,404,1100.0,2.342533340075195e-16,2.521690778357262e-13,Inf
3,405,1100.0,2.3191097253282813e-16,2.499185502037334e-13,Inf
3,406,1100.0,2.1331246347233206e-16,2.4024465616006295e-13,Inf
3,407,1100.0,2.3013005079345804e-16,2.5106094312092377e-13,Inf
3,408,1100.0,2.2179853702890296e-16,2.4546075153599127e-13,Inf
3,409,1100.0,2.059988535116861e-16,2.3216146652950103e-13,Inf
3,410,1100.0,2.062096724639115e-16,2.3436878835763205e-13,Inf
3,411,1100.0,2.2044014928100304e-16,2.445764886433338e-13,Inf
3,412,1100.0,2.1996023890719935e-16,2.424791717984333e-13,Inf
3,413,1100.0,2.273175464802363e-16,2.49143004295223e-13,Inf
3,414,1100.0,2.2412135028378397e-16,2.468764664592873e-13,Inf
3,415,1100.0,2.1754758216598584e-16,2.4289525758213115e-13,Inf
3,416,1100.0,2.2855335350759697e-16,2.497882726012551e-13,Inf
3,417,1100.0,2.036874219526489e-16,2.267160190148545e-13,Inf
3,418,1100.0,2.0620792703123186e-16,2.319191847850127e-13,Inf
3,419,1100.0,2.062289755926913e-16,2.3119012044988546e-13,Inf
3,420,1100.0,2.0759118876173418e-16,2.348890532173298e-13,Inf
3,421,1100.0,2.0150045397271115e-16,2.260554487569654e-13,Inf
3,422,1100.0,2.1249107117405324e-16,2.3951508830247966e-13,Inf
3,423,1100.0,2.3106392716332436e-16,2.49193207990233e-13,Inf
3,424,1100.0,2.0996315070642986e-16,2.3658929776897626e-13,Inf
3,425,1100.0,2.2726569597862636e-16,2.4687544667296735e-13,Inf
3,426,1100.0,2.0532045895189403e-16,2.301329319089659e-13,Inf
3,427,1100.0,2.3276381900559385e-16,2.5083259858370194e-13,Inf
3,428,1100.0,2.3407156083203525e-16,2.5202788570271634e-13,Inf
3,429,1100.0,2.1365247621983394e-16,2.387830442397647e-13,Inf
3,430,1100.0,2.225990676051432e-16,2.440354413233831e-13,Inf
3,431,1100.0,2.1668142796467333e-16,2.4055634702674235e-13,Inf
3,432,1100.0,2.1680841476291176e-16,2.406339156812738e-13,Inf
3,433,1100.0,2.237551830829382e-16,2.4665291741983e-13,Inf
3,434,1100.0,2.0735794975432096e-16,2.3396022221590925e-13,Inf
3,435,1100.0,2.0772913120044759e-16,2.343653006026391e-13,Inf
3,436,1100.0,2.0966832821550317e-16,2.3761819148681357e-13,Inf
3,437,1100.0,2.31783606706539e-16,2.5006303251109963e-13,Inf
3,438,1100.0,2.303426246061218e-16,2.5127271338764876e-13,Inf
3,439,1100.0,2.064349644466807e-16,2.3502011890347453e-13,Inf
3,440,1100.0,2.0770874239469043e-16,2.3432355749335746e-13,Inf
3,441,1100.0,2.1087916227242994e-16,2.3866326995263234e-13,Inf
3,442,1100.0,2.057634225531978e-16,2.3361742192651804e-13,Inf
3,443,1100.0,2.3440797355703315e-16,2.537929300791139e-13,Inf
3,444,1100.0,2.090788440855438e-16,2.375013433314647e-13,Inf
3,445,1100.0,2.37713372552256e-16,2.624273410835712e-13,Inf
3,446,1100.0,2.158480747340956e-16,2.4192451161828567e-13,Inf
3,447,1100.0,2.161970104638498e-16,2.421781032973182e-13,Inf
3,448,1100.0,2.115732899052158e-16,2.3873931497333653e-13,Inf
3,449,1100.0,2.1897727480442872e-16,2.425052700517313e-13,Inf
3,450,1100.0,2.3580618579758657e-16,2.5905284356059787e-13,Inf
3,451,1100.0,2.5206355535129923e-16,2.8608562443767586e-13,Inf
3,452,1100.0,2.341238695480837e-16,2.5607152751740364e-13,Inf
3,453,1100.0,2.338965974257906e-16,2.5589703490289406e-13,Inf
3,454,1100.0,2.3677174007329285e-16,2.60761688960292e-13,Inf
3,455,1100.0,2.2620848524348e-16,2.4809297128451644e-13,Inf
3,456,1100.0,2.3783703580018547e-16,2.5569165698207104e-13,Inf
3,457,1100.0,2.318584288991013e-16,2.495825810696798e-13,Inf
3,458,1100.0,2.4113496734003353e-16,2.6298381502265927e-13,Inf
3,459,1100.0,2.0951421724974902e-16,2.360358954721514e-13,Inf
3,460,1100.0,2.2639993352730546e-16,2.4618790918792136e-13,Inf
3,461,1100.0,2.3984089784138094e-16,2.5842017467292774e-13,Inf
3,462,1100.0,2.4705051387670373e-16,2.58274247898924e-13,Inf
3,463,1100.0,2.3356199638627733e-16,2.512565565866477e-13,Inf
3,464,1100.0,2.401342156293811e-16,2.611905659059044e-13,Inf
3,465,1100.0,2.2100785922388985e-16,2.4312279752267674e-13,Inf
3,466,1100.0,2.478152195102225e-16,2.7463849590034513e-13,Inf
3,467,1100.0,2.0523647086789925e-16,2.3025236371083197e-13,Inf
3,468,1100.0,2.368182659486763e-16,2.553165779762308e-13,Inf
3,469,1100.0,2.1660236636726632e-16,2.405059972612206e-13,Inf
3,470,1100.0,2.076744806714615e-16,2.3416134915507484e-13,Inf
3,471,1100.0,2.264233809860505e-16,2.462818435085207e-13,Inf
3,472,1100.0,2.0676560153168547e-16,2.3226345218614873e-13,Inf
3,473,1100.0,2.0294577282275243e-16,2.2821129173382767e-13,Inf
3,474,1100.0,2.0621419403751149e-16,2.317310517411155e-13,Inf
3,475,1100.0,2.125116491481001e-16,2.381711044668785e-13,Inf
3,476,1100.0,2.0580062061331273e-16,2.3112304287067335e-13,Inf
3,477,1100.0,2.1328926011668603e-16,2.4027147886080633e-13,Inf
3,478,1100.0,2.28503669303154e-16,2.474699548659747e-13,Inf
3,479,1100.0,2.2539492449010023e-16,2.475275191827805e-13,Inf
3,480,1100.0,2.0679538086334138e-16,2.3500695679348703e-13,Inf
3,481,1100.0,2.236842572567967e-16,2.46610142812149e-13,Inf
3,482,1100.0,2.2185644805263993e-16,2.454446398880519e-13,Inf
3,483,1100.0,2.4116995791520307e-16,2.671506655934791e-13,Inf
3,484,1100.0,2.1408770066358892e-16,2.3905555820946854e-13,Inf
3,485,1100.0,2.158904758563909e-16,2.417858249514378e-13,Inf
3,486,1100.0,2.1144667144711141e-16,2.390384483553893e-13,Inf
3,487,1100.0,2.246547217767855e-16,2.472797684745854e-13,Inf
3,488,1100.0,2.186316727627927e-16,2.4354460758681073e-13,Inf
3,489,1100.0,2.1163511435920485e-16,2.3894809182504915e-13,Inf
3,490,1100.0,2.0639875722453942e-16,2.3468413696877024e-13,Inf
3,491,1100.0,2.2020485789470283e-16,2.444861595332215e-13,Inf
3,492,1100.0,2.0554417281784174e-16,2.322557285869294e-13,Inf
3,493,1100.0,2.449786777339124e-16,2.751280699409504e-13,Inf
3,494,1100.0,2.2297742437456346e-16,2.461817769904327e-13,Inf
3,495,1100.0,2.381864279324972e-16,2.62970435851229e-13,Inf
3,496,1100.0,2.205382620216412e-16,2.4330152780383214e-13,Inf
3,497,1100.0,2.0714811446847791e-16,2.35402803661891e-13,Inf
3,498,1100.0,2.1337361795041462e-16,2.4027033793096467e-13,Inf
3,499,1100.0,2.055530931852663e-16,2.3282382413126123e-13,Inf
3,500,1100.0,2.174036527539419e-16,2.427876594988913e-13,Inf
3,501,1100.0,2.106495277328087e-16,2.3851250857263793e-13,Inf
3,502,1100.0,2.1173471727217887e-16,2.392383534658766e-13,Inf
3,503,1100.0,2.1981124320696619e-16,2.4425967611682936e-13,Inf
3,504,1100.0,2.1543476967749903e-16,2.415768461921359e-13,Inf
3,505,1100.0,2.1676031136362727e-16,2.424123463779511e-13,Inf
3,506,1100.0,2.1788466013321992e-16,2.4309659001497166e-13,Inf
3,507,1100.0,2.2481990930001807e-16,2.4731579806078956e-13,Inf
3,508,1100.0,2.0419338910139834e-16,2.3039869640847585e-13,Inf
3,509,1100.0,2.057219706586217e-16,2.3246322886261746e-13,Inf
3,510,1100.0,2.0501045258097033e-16,2.3097057099366794e-13,Inf
3,511,1100.0,2.1315757541401327e-16,2.400221372721158e-13,Inf
3,512,1100.0,2.0446209007272488e-16,2.327090022875223e-13,Inf
3,513,1100.0,2.0720470014288621e-16,2.359493728800436e-13,Inf
3,514,1100.0,2.151990768848429e-16,2.4142845630449964e-13,Inf
3,515,1100.0,2.1133345386746119e-16,2.3896431134308137e-13,Inf
3,516,1100.0,2.1546491803349012e-16,2.4161545052152216e-13,Inf
3,517,1100.0,2.0979219482303977e-16,2.379428726741504e-13,Inf
3,518,1100.0,2.056793047222081e-16,2.3332046269451904e-13,Inf
3,519,1100.0,2.0621592821277997e-16,2.317453182627882e-13,Inf
3,520,1100.0,2.203364871455784e-16,2.4455562860661755e-13,Inf
3,521,1100.0,2.135831961422225e-16,2.403045699236955e-13,Inf
3,522,1100.0,2.0992626101585457e-16,2.3772657726893065e-13,Inf
3,523,1100.0,2.039402790418991e-16,2.2994007031205543e-13,Inf
3,524,1100.0,2.0973329389109956e-16,2.375579811297457e-13,Inf
3,525,1100.0,2.083093971989645e-16,2.3644341730142126e-13,Inf
3,526,1100.0,2.0752923981544735e-16,2.348807777164865e-13,Inf
3,527,1100.0,2.067482219427577e-16,2.34261877312907e-13,Inf
3,528,1100.0,2.0714265296082371e-16,2.3434841713426686e-13,Inf
3,529,1100.0,2.336611289081326e-16,2.55476067210795e-13,Inf
3,530,1100.0,2.206951306815418e-16,2.428989845346568e-13,Inf
3,531,1100.0,2.2792347556419502e-16,2.477763597934597e-13,Inf
3,532,1100.0,2.336231988820329e-16,2.53184022397913e-13,Inf
3,533,1100.0,2.062237990899556e-16,2.317891872487541e-13,Inf
3,534,1100.0,2.0668964366376299e-16,2.348948806853711e-13,Inf
3,535,1100.0,2.1073500574599347e-16,2.3838181881675816e-13,Inf
3,536,1100.0,2.053738802363677e-16,2.3417344842877605e-13,Inf
3,537,1100.0,2.0877956560254566e-16,2.3727918978041246e-13,Inf
3,538,1100.0,2.0465619857343927e-16,2.3238110673450075e-13,Inf
3,539,1100.0,2.0659735105800321e-16,2.3460902469874004e-13,Inf
3,540,1100.0,2.113976252146016e-16,2.3878423672259516e-13,Inf
3,541,1100.0,2.243296117236101e-16,2.469969256234598e-13,Inf
3,542,1100.0,2.2063432866156397e-16,2.451522886782858e-13,Inf
3,543,1100.0,2.144491772713399e-16,2.4087141692334345e-13,Inf
3,544,1100.0,2.1632604883479725e-16,2.421937545940718e-13,Inf
3,545,1100.0,2.133639765836107e-16,2.4021544272804093e-13,Inf
3,546,1100.0,2.0720886716458056e-16,2.3577620268953683e-13,Inf
3,547,1100.0,2.208829129307808e-16,2.453032717042334e-13,Inf
3,548,1100.0,2.1105725128724787e-16,2.381777554661941e-13,Inf
3,549,1100.0,2.374858710214366e-16,2.5986709727500304e-13,Inf
3,550,1100.0,2.1571352701472774e-16,2.4155738608245814e-13,Inf
3,551,1100.0,2.0862760192980704e-16,2.3548896932102225e-13,Inf
3,552,1100.0,2.162251757044055e-16,2.420939986630517e-13,Inf
3,553,1100.0,2.1052786148951718e-16,2.377622460990676e-13,Inf
3,554,1100.0,2.2922931482675994e-16,2.5057796816946155e-13,Inf
3,555,1100.0,2.0591432406867657e-16,2.3194400107425377e-13,Inf
3,556,1100.0,2.201654370346843e-16,2.444602171924426e-13,Inf
3,557,1100.0,2.2105756522017989e-16,2.436593705219324e-13,Inf
3,558,1100.0,2.251385822029704e-16,2.4733088370495515e-13,Inf
3,559,1100.0,2.0854817647875146e-16,2.370931185832267e-13,Inf
3,560,1100.0,2.216190622983431e-16,2.452051709189263e-13,Inf
3,561,1100.0,2.1272015602711584e-16,2.39863658341544e-13,Inf
3,562,1100.0,2.0782884794042092e-16,2.3496931383715297e-13,Inf
3,563,1100.0,2.1748708848808264e-16,2.427087920258751e-13,Inf
3,564,1100.0,2.07465804522535e-16,2.3382059438190626e-13,Inf
3,565,1100.0,2.0583638001812651e-16,2.3358275634752055e-13,Inf
3,566,1100.0,2.2815346429786936e-16,2.503769797138384e-13,Inf
3,567,1100.0,2.0495267688446625e-16,2.3141175593710694e-13,Inf
3,568,1100.0,2.0722502656597737e-16,2.348340685231791e-13,Inf
3,569,1100.0,2.3476486715121324e-16,2.5734499202738107e-13,Inf
3,570,1100.0,2.068261059411262e-16,2.343100756013212e-13,Inf
3,571,1100.0,2.061785277284829e-16,2.3437449741794735e-13,Inf
3,572,1100.0,2.3161668384643076e-16,2.521820297412177e-13,Inf
3,573,1100.0,2.0428256335418664e-16,2.304816567223278e-13,Inf
3,574,1100.0,2.0474906657540354e-16,2.329218905838223e-13,Inf
3,575,1100.0,2.0331484974126275e-16,2.270234420058676e-13,Inf
3,576,1100.0,2.2944168231117523e-16,2.5049466673039466e-13,Inf
3,577,1100.0,2.099211229826719e-16,2.380101806035507e-13,Inf
3,578,1100.0,2.1353442237686723e-16,2.402375955109171e-13,Inf
3,579,1100.0,2.1506892657070249e-16,2.413404603227703e-13,Inf
3,580,1100.0,2.12836461337899e-16,2.3976163056453234e-13,Inf
3,581,1100.0,2.1190325138964747e-16,2.393378144526164e-13,Inf
3,582,1100.0,2.0565093832409057e-16,2.317695869635973e-13,Inf
3,583,1100.0,2.105050971567501e-16,2.3809235935839146e-13,Inf
3,584,1100.0,2.267853424541186e-16,2.484581628256673e-13,Inf
3,585,1100.0,2.334951776798982e-16,2.5565392915691324e-13,Inf
3,586,1100.0,2.304276460309565e-16,2.5231515889421057e-13,Inf
3,587,1100.0,2.2537889689234077e-16,2.47874917697195e-13,Inf
3,588,1100.0,2.0979843643067406e-16,2.3988214250065174e-13,Inf
3,589,1100.0,2.0928565437107896e-16,2.3565706961921774e-13,Inf
3,590,1100.0,2.2198528305671013e-16,2.439772844687429e-13,Inf
3,591,1100.0,2.0908634279687506e-16,2.3756897749165014e-13,Inf
3,592,1100.0,2.1283735482947766e-16,2.3993930055966794e-13,Inf
3,593,1100.0,2.067814016782025e-16,2.339669416172155e-13,Inf
3,594,1100.0,2.359001590873326e-16,2.6986021639890203e-13,Inf
3,595,1100.0,2.067328393616991e-16,2.3421488121072776e-13,Inf
3,596,1100.0,2.0959065674681434e-16,2.3557251344455e-13,Inf
3,597,1100.0,2.0665825903060868e-16,2.3155624149313294e-13,Inf
3,598,1100.0,2.0627666013404766e-16,2.314726905290033e-13,Inf
3,599,1100.0,2.0613807768533792e-16,2.3239850814419054e-13,Inf
3,600,1100.0,2.0309953221251243e-16,2.2719012874721505e-13,Inf
3,601,1100.0,2.0808367525110562e-16,2.359794127425748e-13,Inf
3,602,1100.0,2.067283839528546e-16,2.337406968008925e-13,Inf
3,603,1100.0,2.0594160739171982e-16,2.3294488593571786e-13,Inf
3,604,1100.0,2.0348684144945801e-16,2.2631264176202143e-13,Inf
3,605,1100.0,2.1305590464078854e-16,2.433672474302851e-13,Inf
3,606,1100.0,2.0663678145240921e-16,2.345895695603733e-13,Inf
3,607,1100.0,2.1666227316698726e-16,2.433325544809442e-13,Inf
3,608,1100.0,2.0440934245011976e-16,2.276894757959912e-13,Inf
3,609,1100.0,2.0390067956741382e-16,2.2908342006380255e-13,Inf
3,610,1100.0,2.072134170214567e-16,2.338981807074899e-13,Inf
3,611,1100.0,2.0595385587429476e-16,2.34124172308594e-13,Inf
3,612,1100.0,2.0821241753501462e-16,2.3643468302866986e-13,Inf
3,613,1100.0,2.0752334001919856e-16,2.3547779504417603e-13,Inf
3,614,1100.0,2.0578155828860303e-16,2.320463176452503e-13,Inf
3,615,1100.0,2.0617964038091864e-16,2.3432518962436695e-13,Inf
3,616,1100.0,2.199300802623416e-16,2.443296604502055e-13,Inf
3,617,1100.0,2.1196177260691242e-16,2.424932738550475e-13,Inf
3,618,1100.0,2.0991507386982123e-16,2.40074951459083e-13,Inf
3,619,1100.0,2.2110673490374157e-16,2.450394698885772e-13,Inf
3,620,1100.0,2.236131934522438e-16,2.465673782112613e-13,Inf
3,621,1100.0,2.0910774229132496e-16,2.3726859099282613e-13,Inf
3,622,1100.0,2.0973176224744977e-16,2.390456809040103e-13,Inf
3,623,1100.0,2.0829552889237842e-16,2.367740363427306e-13,Inf
3,624,1100.0,2.0865688198203067e-16,2.371627909019844e-13,Inf
3,625,1100.0,2.067283488800735e-16,2.3080453668661406e-13,Inf
3,626,1100.0,2.062910508140763e-16,2.329479388714248e-13,Inf
3,627,1100.0,2.0623922547362037e-16,2.311805652333349e-13,Inf
3,628,1100.0,2.0630099933630611e-16,2.322550980520939e-13,Inf
3,629,1100.0,2.0798897048247427e-16,2.301179140540723e-13,Inf
3,630,1100.0,2.227681172491961e-16,2.460541684130034e-13,Inf
3,631,1100.0,2.07709963683244e-16,2.3651316236308906e-13,Inf
3,632,1100.0,2.0900897121104665e-16,2.36817070500182e-13,Inf
3,633,1100.0,2.0764349937286635e-16,2.32806426775582e-13,Inf
3,634,1100.0,2.052396719849762e-16,2.300457747320252e-13,Inf
3,635,1100.0,2.0615806377772919e-16,2.2878881070214354e-13,Inf
3,636,1100.0,2.0521105335412519e-16,2.3003733893828834e-13,Inf
3,637,1100.0,2.0870482182573607e-16,2.3577055026798575e-13,Inf
3,638,1100.0,2.034544296744716e-16,2.2669881939589937e-13,Inf
3,639,1100.0,2.0596814134648145e-16,2.3030432372743595e-13,Inf
3,640,1100.0,2.0110376805787195e-16,2.2520508891519495e-13,Inf
3,641,1100.0,2.06343559207001e-16,2.2941174812075483e-13,Inf
3,642,1100.0,2.2010568601472157e-16,2.4438134899207617e-13,Inf
3,643,1100.0,2.078161227594751e-16,2.344590508969514e-13,Inf
3,644,1100.0,2.2169308049073705e-16,2.4531869591467175e-13,Inf
3,645,1100.0,2.0705346947091597e-16,2.329439652854991e-13,Inf
3,646,1100.0,2.147860418187058e-16,2.410031815945283e-13,Inf
3,647,1100.0,2.0740370019877116e-16,2.341410526745276e-13,Inf
3,648,1100.0,2.0532138767135015e-16,2.311286344478082e-13,Inf
3,649,1100.0,2.0778172612179579e-16,2.3432881048704345e-13,Inf
3,650,1100.0,2.0772558539058548e-16,2.317996491521856e-13,Inf
3,651,1100.0,2.0872674033482288e-16,2.359237307457474e-13,Inf
3,652,1100.0,2.0884499605751887e-16,2.359846924528326e-13,Inf
3,653,1100.0,2.1036431454574366e-16,2.377776704448954e-13,Inf
3,654,1100.0,2.100869888279341e-16,2.375049120627609e-13,Inf
3,655,1100.0,2.059925669139891e-16,2.3209502209279997e-13,Inf
3,656,1100.0,2.0341986779454023e-16,2.2628765195686345e-13,Inf
3,657,1100.0,2.0561839220414824e-16,2.3254483147552294e-13,Inf
3,658,1100.0,2.03176106338877e-16,2.2719167121741748e-13,Inf
3,659,1100.0,2.0655694903899358e-16,2.2998078283902894e-13,Inf
3,660,1100.0,2.0665439447671416e-16,2.34857469852778e-13,Inf
3,661,1100.0,2.0651179967696772e-16,2.3256407843837e-13,Inf
3,662,1100.0,2.0727991259829217e-16,2.356518634806961e-13,Inf
3,663,1100.0,2.0644440314534882e-16,2.319750954858266e-13,Inf
3,664,1100.0,2.0678045343518365e-16,2.312583771210557e-13,Inf
3,665,1100.0,2.0850956601904972e-16,2.3578015367542934e-13,Inf
3,666,1100.0,2.0887693961112008e-16,2.37176142856237e-13,Inf
3,667,1100.0,2.0647894582645047e-16,2.312550076065448e-13,Inf
3,668,1100.0,2.0930971110085174e-16,2.403609047465939e-13,Inf
3,669,1100.0,2.0567141178580575e-16,2.3328311137747165e-13,Inf
3,670,1100.0,2.0764859789605786e-16,2.3490991874246774e-13,Inf
3,671,1100.0,2.0768556355557915e-16,2.352536660067558e-13,Inf
3,672,1100.0,2.0906992744608656e-16,2.399943044616294e-13,Inf
3,673,1100.0,2.0784687153630759e-16,2.345819833803436e-13,Inf
3,674,1100.0,2.0732841087292158e-16,2.3274580230065e-13,Inf
3,675,1100.0,2.0369833166359725e-16,2.2719334710892286e-13,Inf
3,676,1100.0,2.1449143348597062e-16,2.4465402558005846e-13,Inf
3,677,1100.0,2.2894360659956327e-16,2.5008737404435466e-13,Inf
3,678,1100.0,2.0779788329610574e-16,2.342589148260848e-13,Inf
3,679,1100.0,2.0776020464001596e-16,2.344556042986877e-13,Inf
3,680,1100.0,2.0606363599020284e-16,2.306385937642528e-13,Inf
3,681,1100.0,2.085263208862822e-16,2.3569006320113676e-13,Inf
3,682,1100.0,2.1781712069080213e-16,2.430562484664595e-13,Inf
3,683,1100.0,2.0754160242794419e-16,2.3586525857244586e-13,Inf
3,684,1100.0,2.078715824407369e-16,2.345208299302826e-13,Inf
3,685,1100.0,2.0964417927528692e-16,2.371084301707168e-13,Inf
3,686,1100.0,2.0713262454538675e-16,2.3227020174213435e-13,Inf
3,687,1100.0,2.0686722334858108e-16,2.324508998862465e-13,Inf
3,688,1100.0,2.0365660543909463e-16,2.2622730007689588e-13,Inf
3,689,1100.0,2.0655493296638844e-16,2.324239368425451e-13,Inf
3,690,1100.0,2.0668000373321603e-16,2.2981507961929593e-13,Inf
3,691,1100.0,2.0703447359611288e-16,2.321693159952091e-13,Inf
3,692,1100.0,2.1196114273068639e-16,2.39375068980896e-13,Inf
3,693,1100.0,2.072565845702104e-16,2.332878677176587e-13,Inf
3,694,1100.0,2.0544785167690116e-16,2.3117977957671975e-13,Inf
3,695,1100.0,2.062628549371418e-16,2.325880956531764e-13,Inf
3,696,1100.0,2.1652372135142516e-16,2.4218424074630435e-13,Inf
3,697,1100.0,2.0836755846422381e-16,2.3673500041913864e-13,Inf
3,698,1100.0,2.0879569922724975e-16,2.3710958293542164e-13,Inf
3,699,1100.0,2.0483261511630032e-16,2.2873759758552393e-13,Inf
3,700,1100.0,2.1224836667022812e-16,2.427566405523152e-13,Inf
3,701,1100.0,2.237682430272707e-16,2.465670993653285e-13,Inf
3,702,1100.0,2.0779647912874315e-16,2.3431757704198174e-13,Inf
3,703,1100.0,2.367371167743932e-16,2.590001295184996e-13,Inf
3,704,1100.0,2.035836114748214e-16,2.2723430312254066e-13,Inf
3,705,1100.0,2.0737844708148929e-16,2.327469314235749e-13,Inf
3,706,1100.0,2.2219834458524124e-16,2.4703462509627027e-13,Inf
3,707,1100.0,2.080463224888291e-16,2.359728758776773e-13,Inf
3,708,1100.0,2.0861984050946753e-16,2.3712400431012837e-13,Inf
3,709,1100.0,2.228379152428452e-16,2.460966618529808e-13,Inf
3,710,1100.0,2.39409197165225e-16,2.6595149468220544e-13,Inf
3,711,1100.0,2.1037141111562686e-16,2.3867568288545167e-13,Inf
3,712,1100.0,2.296858489221643e-16,2.511870864429268e-13,Inf
3,713,1100.0,2.3454221865027364e-16,2.562162439336627e-13,Inf
3,714,1100.0,2.419983440174831e-16,2.687712901356e-13,Inf
3,715,1100.0,2.461205101483611e-16,2.7874440173136677e-13,Inf
3,716,1100.0,2.433338575508804e-16,2.72378446205212e-13,Inf
3,717,1100.0,2.330170305603158e-16,2.546793913938545e-13,Inf
3,718,1100.0,2.436204050998269e-16,2.7315116842070575e-13,Inf
3,719,1100.0,2.4623899956412044e-16,2.803002111039102e-13,Inf
3,720,1100.0,2.434401435629848e-16,2.727236773569564e-13,Inf
3,721,1100.0,2.296318363659192e-16,2.4969783307799867e-13,Inf
3,722,1100.0,2.1300253690495043e-16,2.395317390004019e-13,Inf
3,723,1100.0,2.2133564600444689e-16,2.4380315885978496e-13,Inf
3,724,1100.0,2.0815781645268836e-16,2.3674210125010463e-13,Inf
3,725,1100.0,2.082384014906015e-16,2.3577407713764376e-13,Inf
3,726,1100.0,2.0607653596717524e-16,2.286311479204682e-13,Inf
3,727,1100.0,2.0688105524144876e-16,2.3311108063981174e-13,Inf
3,728,1100.0,2.0607130651922578e-16,2.3213193367955855e-13,Inf
3,729,1100.0,2.1663662685780226e-16,2.4145258736117525e-13,Inf
3,730,1100.0,2.0728726218204524e-16,2.3224225301408047e-13,Inf
3,731,1100.0,2.273592880051569e-16,2.4757813224318216e-13,Inf
3,732,1100.0,2.0731394504224182e-16,2.2383970619796438e-13,Inf
3,733,1100.0,2.066767754661973e-16,2.349479708846072e-13,Inf
3,734,1100.0,2.0740589893612e-16,2.340576840049517e-13,Inf
3,735,1100.0,2.1516428168424106e-16,2.4128457305746304e-13,Inf
3,736,1100.0,2.1910857813321824e-16,2.438328750829707e-13,Inf
3,737,1100.0,2.062097938025832e-16,2.317015087518992e-13,Inf
3,738,1100.0,2.0658273118270582e-16,2.3173430274954424e-13,Inf
3,739,1100.0,2.0664155695026242e-16,2.316913132664884e-13,Inf
3,740,1100.0,2.1070314608256198e-16,2.3820228490057164e-13,Inf
3,741,1100.0,2.1129824693124709e-16,2.393467512321945e-13,Inf
3,742,1100.0,2.045483870932669e-16,2.285510830401609e-13,Inf
3,743,1100.0,2.058413387122516e-16,2.2917042702931937e-13,Inf
3,744,1100.0,2.0629186061985703e-16,2.337461894480565e-13,Inf
3,745,1100.0,2.071185486940151e-16,2.3172134055269724e-13,Inf
3,746,1100.0,2.0402355555669664e-16,2.301437942235767e-13,Inf
3,747,1100.0,2.3563287264251336e-16,2.575987633314382e-13,Inf
3,748,1100.0,2.1213042318074839e-16,2.392998407638179e-13,Inf
3,749,1100.0,2.0674564748446501e-16,2.3401476050091777e-13,Inf
3,750,1100.0,2.0650461607459782e-16,2.3386051305194744e-13,Inf
3,751,1100.0,2.051170145967495e-16,2.277771716903874e-13,Inf
3,752,1100.0,2.058345215210047e-16,2.343296844195488e-13,Inf
3,753,1100.0,2.0262114865740757e-16,2.2544888378550646e-13,Inf
3,754,1100.0,2.0706197566238392e-16,2.3377549275347906e-13,Inf
3,755,1100.0,2.1018057354070168e-16,2.377917401547523e-13,Inf
3,756,1100.0,2.0873189373950933e-16,2.372732634660481e-13,Inf
3,757,1100.0,2.1864928352689125e-16,2.4247947496863064e-13,Inf
3,758,1100.0,2.069194024315335e-16,2.3356682440101013e-13,Inf
3,759,1100.0,2.062709707502516e-16,2.3103409586622186e-13,Inf
3,760,1100.0,2.3836660619066936e-16,2.6436256172734885e-13,Inf
3,761,1100.0,2.1351509485514508e-16,2.410314348691725e-13,Inf
3,762,1100.0,2.0692139312164918e-16,2.342441315829743e-13,Inf
3,763,1100.0,2.092433065332707e-16,2.380760817543165e-13,Inf
3,764,1100.0,2.0838001565884602e-16,2.3717363506777756e-13,Inf
3,765,1100.0,2.1360336652463812e-16,2.401916604721467e-13,Inf
3,766,1100.0,2.0759787497571654e-16,2.3367492418056105e-13,Inf
3,767,1100.0,2.1058831909459085e-16,2.379397839188879e-13,Inf
3,768,1100.0,2.0929513072665977e-16,2.366255984058673e-13,Inf
3,769,1100.0,2.0733967853173973e-16,2.337233312289659e-13,Inf
3,770,1100.0,2.111161879010455e-16,2.3839248376624765e-13,Inf
3,771,1100.0,2.1483183453660895e-16,2.410355557894062e-13,Inf
3,772,1100.0,2.0725299293664262e-16,2.331995631506547e-13,Inf
3,773,1100.0,2.0916135802625047e-16,2.364460761428704e-13,Inf
3,774,1100.0,2.0885346776427945e-16,2.2697349049505074e-13,Inf
3,775,1100.0,2.1807772315518823e-16,2.4308233717823073e-13,Inf
3,776,1100.0,2.058455980809065e-16,2.313291986053617e-13,Inf
3,777,1100.0,2.1048064733039382e-16,2.379510464392399e-13,Inf
3,778,1100.0,2.06637730630853e-16,2.323864147572478e-13,Inf
3,779,1100.0,2.0802057603586003e-16,2.352922891663061e-13,Inf
3,780,1100.0,2.126160019987233e-16,2.395529478901169e-13,Inf
4,1,400.0,8.56105156204326e-16,7.694916418627496e-13,Inf
4,2,400.0,9.34048077885492e-16,8.255201440801406e-13,Inf
4,3,400.0,9.338274759376323e-16,8.252562794880376e-13,Inf
4,4,400.0,8.90031611947889e-16,7.881186888895533e-13,Inf
4,5,400.0,8.991873822342616e-16,7.937679175527308e-13,Inf
4,6,400.0,8.783101658297261e-16,7.83637747779226e-13,Inf
4,7,400.0,8.840047509956356e-16,7.842975180382731e-13,Inf
4,8,400.0,9.062044572979412e-16,8.069928605570356e-13,Inf
4,9,400.0,8.403320486220947e-16,8.081879694613942e-13,Inf
4,10,400.0,8.915034729509888e-16,7.890180309218206e-13,Inf
4,11,400.0,9.246324122230997e-16,8.135742019012893e-13,Inf
4,12,400.0,8.708505314056462e-16,7.744038525842368e-13,Inf
4,13,400.0,7.849550965820157e-16,7.529371060606406e-13,Inf
4,14,400.0,8.428038245392598e-16,7.592550111525794e-13,Inf
4,15,400.0,7.683512872021483e-16,7.346713606490817e-13,Inf
4,16,400.0,9.075918614027405e-16,7.992612370848881e-13,Inf
4,17,400.0,9.925801793157263e-16,7.555945397342401e-13,Inf
4,18,400.0,8.149375217965891e-16,7.439575640456906e-13,Inf
4,19,400.0,8.515722937667889e-16,7.620192877890467e-13,Inf
4,20,400.0,8.332508027121067e-16,7.599504572666262e-13,Inf
4,21,400.0,8.412938516999621e-16,7.590358272000395e-13,Inf
4,22,400.0,8.227775814149877e-16,7.529822477116339e-13,Inf
4,23,400.0,8.180653521026799e-16,7.480223111144571e-13,Inf
4,24,400.0,8.204085967025351e-16,7.545702580190611e-13,Inf
4,25,400.0,8.286794766378109e-16,7.583290444188597e-13,Inf
4,26,400.0,8.29704318316518e-16,7.546706226307976e-13,Inf
4,27,400.0,7.55715715591564e-16,7.455799673164317e-13,Inf
4,28,400.0,7.500735592654531e-16,7.44119988785674e-13,Inf
4,29,400.0,8.315444861822533e-16,7.525680834810755e-13,Inf
4,30,400.0,8.358379096238831e-16,7.537605484368016e-13,Inf
4,31,400.0,8.147811306582011e-16,7.48619209773084e-13,Inf
4,32,400.0,7.621182649497505e-16,7.487734428276383e-13,Inf
4,33,400.0,7.4962624462142585e-16,7.438578103304692e-13,Inf
4,34,400.0,8.206918780835965e-16,7.505230875658555e-13,Inf
4,35,400.0,7.485524769704762e-16,7.447461143908717e-13,Inf
4,36,400.0,8.419044715167639e-16,7.576262611366352e-13,Inf
4,37,400.0,8.353478676567858e-16,7.512084471514504e-13,Inf
4,38,400.0,8.385140350280767e-16,7.554431777027267e-13,Inf
4,39,400.0,8.277985414023454e-16,7.485894623489267e-13,Inf
4,40,400.0,8.326496335888997e-16,7.529440574022395e-13,Inf
4,41,400.0,8.304990166223971e-16,7.515245569945474e-13,Inf
4,42,400.0,8.248004087317659e-16,7.479761212741148e-13,Inf
4,43,400.0,7.578470720129324e-16,7.470649374342471e-13,Inf
4,44,400.0,7.527666255224622e-16,7.444622377940562e-13,Inf
4,45,400.0,7.481205441021374e-16,7.444618212332861e-13,Inf
4,46,400.0,7.53463853091334e-16,7.451817000223626e-13,Inf
4,47,400.0,8.179523788022277e-16,7.479569710797647e-13,Inf
4,48,400.0,7.535812260782227e-16,7.453300191134326e-13,Inf
4,49,400.0,7.742588758089614e-16,7.551714493971973e-13,Inf
4,50,400.0,7.825685494195978e-16,7.600827198953094e-13,Inf
4,51,400.0,7.598886644841308e-16,7.485125996676623e-13,Inf
4,52,400.0,7.661663025226307e-16,7.495359963808354e-13,Inf
4,53,400.0,7.580111191376359e-16,7.474231528496367e-13,Inf
4,54,400.0,7.620496130043388e-16,7.461267956557435e-13,Inf
4,55,400.0,7.782681879876555e-16,7.567888991447536e-13,Inf
4,56,400.0,8.394508465885699e-16,7.582788334567375e-13,Inf
4,57,400.0,8.421369223713029e-16,7.576260474060783e-13,Inf
4,58,400.0,8.611523677862431e-16,7.709329038035621e-13,Inf
4,59,400.0,8.362889447809028e-16,7.515378642039479e-13,Inf
4,60,400.0,8.955678629636945e-16,7.916372522427852e-13,Inf
4,61,400.0,8.365898011230363e-16,7.549532126802801e-13,Inf
4,62,400.0,7.99855499256323e-16,7.682971365601393e-13,Inf
4,63,400.0,8.179523788054589e-16,7.47956971079755e-13,Inf
4,64,400.0,7.531470627496738e-16,7.456050819625142e-13,Inf
4,65,400.0,7.592054906977104e-16,7.489966926613052e-13,Inf
4,66,400.0,8.202641510635498e-16,7.869998711540663e-13,Inf
4,67,400.0,8.083680187205801e-16,7.779858156403391e-13,Inf
4,68,400.0,7.703067147375541e-16,7.525048591435097e-13,Inf
4,69,400.0,8.052980161878291e-16,7.749382368889612e-13,Inf
4,70,400.0,8.33056776720235e-16,7.534205247752332e-13,Inf
4,71,400.0,7.603341803431367e-16,7.487621283685615e-13,Inf
4,72,400.0,8.198949177618595e-16,7.490908863305893e-13,Inf
4,73,400.0,8.391566995277719e-16,7.510077348629639e-13,Inf
4,74,400.0,8.428390377665702e-16,8.101008417502774e-13,Inf
4,75,400.0,8.2594535037919675e-16,7.517799680084496e-13,Inf
4,76,400.0,8.307735086601506e-16,7.519472188693326e-13,Inf
4,77,400.0,8.740548672330017e-16,7.776445857830773e-13,Inf
4,78,400.0,7.517479391176441e-16,7.446403058068569e-13,Inf
4,79,400.0,7.521715998922829e-16,7.474396038671639e-13,Inf
4,80,400.0,8.373522004784565e-16,7.502701203920344e-13,Inf
4,81,400.0,8.417012582624731e-16,7.576044046793325e-13,Inf
4,82,400.0,9.120876242857415e-16,8.101034541694006e-13,Inf
4,83,400.0,8.747643028761909e-16,7.813269340678581e-13,Inf
4,84,400.0,8.950857182191521e-16,7.948177712311272e-13,Inf
4,85,400.0,8.265638250255471e-16,7.482841727317234e-13,Inf
4,86,400.0,8.925959459764034e-16,7.932102285796182e-13,Inf
4,87,400.0,8.85728754307809e-16,7.887372623524038e-13,Inf
4,88,400.0,8.408927936226367e-16,7.581335874348334e-13,Inf
4,89,400.0,9.269823213072903e-16,8.267440097984064e-13,Inf
4,90,400.0,8.617881419845268e-16,7.729231767231716e-13,Inf
4,91,400.0,8.581854071973278e-16,7.707296914801113e-13,Inf
4,92,400.0,8.46936494514902e-16,7.644010035730293e-13,Inf
4,93,400.0,9.328260417609692e-16,8.33302519204441e-13,Inf
4,94,400.0,8.279072605969178e-16,7.525111540361901e-13,Inf
4,95,400.0,8.657243743943073e-16,7.504910363301939e-13,Inf
4,96,400.0,8.380557920356879e-16,7.521077893261091e-13,Inf
4,97,400.0,8.588166564494734e-16,7.463706569013481e-13,Inf
4,98,400.0,8.385416735395669e-16,7.524609545891443e-13,Inf
4,99,400.0,8.375359856059908e-16,7.519214707470032e-13,Inf
4,100,400.0,8.402131410439175e-16,7.628180081356257e-13,Inf
4,101,400.0,8.218094829368967e-16,7.459407613388367e-13,Inf
4,102,400.0,8.240515524103118e-16,7.516804976281418e-13,Inf
4,103,400.0,8.320504332040182e-16,7.561729569907199e-13,Inf
4,104,400.0,8.355837875258681e-16,7.605726709736477e-13,Inf
4,105,400.0,8.220234805681172e-16,7.460463837950725e-13,Inf
4,106,400.0,8.186284087014489e-16,7.45500027308569e-13,Inf
4,107,400.0,8.23989949155243e-16,7.475247596812217e-13,Inf
4,108,400.0,8.180391221957623e-16,7.480056853262599e-13,Inf
4,109,400.0,8.187162696256846e-16,7.489707430667541e-13,Inf
4,110,400.0,8.190712709585874e-16,7.486825583252169e-13,Inf
4,111,400.0,8.245879718061844e-16,7.517177580918607e-13,Inf
4,112,400.0,8.609687411478065e-16,7.525647276672945e-13,Inf
4,113,400.0,8.860845123849564e-16,7.63964697765354e-13,Inf
4,114,400.0,8.185727235133038e-16,7.486161366218608e-13,Inf
4,115,400.0,8.188658780704578e-16,7.488387128101494e-13,Inf
4,116,400.0,8.576632725094691e-16,7.474605887058731e-13,Inf
4,117,400.0,8.669775693914539e-16,7.552126893650923e-13,Inf
4,118,400.0,8.1953216580800945e-16,7.496697956751676e-13,Inf
4,119,400.0,8.183593933360583e-16,7.47969385848379e-13,Inf
4,120,400.0,8.579609837041185e-16,7.477825705006813e-13,Inf
4,121,400.0,8.658196255375436e-16,7.5463465141151e-13,Inf
4,122,400.0,8.564312288533964e-16,7.484249864810797e-13,Inf
4,123,400.0,8.57348342393609e-16,7.474733870094736e-13,Inf
4,124,400.0,8.577397623595386e-16,7.480812800326498e-13,Inf
4,125,400.0,8.680780089061064e-16,7.554216310255715e-13,Inf
4,126,400.0,8.55644873594573e-16,7.490888206243605e-13,Inf
4,127,400.0,8.871619518971076e-16,7.644460047974684e-13,Inf
4,128,400.0,8.372109844983183e-16,7.603087160929294e-13,Inf
4,129,400.0,8.355261335283116e-16,7.565077412385234e-13,Inf
4,130,400.0,8.604053457668779e-16,7.495324653093818e-13,Inf
4,131,400.0,8.618545720905015e-16,7.529341448323342e-13,Inf
4,132,400.0,8.550111151094263e-16,7.485608817152052e-13,Inf
4,133,400.0,8.910530685547291e-16,7.420587778753823e-13,Inf
4,134,400.0,8.355295668803845e-16,7.567771932252065e-13,Inf
4,135,400.0,8.554995916307521e-16,7.693848670854201e-13,Inf
4,136,400.0,8.190235694915324e-16,7.494406163923618e-13,Inf
4,137,400.0,8.313813688344078e-16,7.50196970899377e-13,Inf
4,138,400.0,8.91166865533201e-16,7.510670468522347e-13,Inf
4,139,400.0,9.12466703091748e-16,7.603193143493502e-13,Inf
4,140,400.0,8.986286657196885e-16,7.567398623136297e-13,Inf
4,141,400.0,8.857185759440756e-16,7.462849424722218e-13,Inf
4,142,400.0,8.126987726972387e-16,7.454274684830464e-13,Inf
4,143,400.0,8.274246565215662e-16,7.492743188247261e-13,Inf
4,144,400.0,8.289950014157521e-16,7.457154384019544e-13,Inf
4,145,400.0,8.275055905965783e-16,7.447499627183454e-13,Inf
4,146,400.0,8.248320786469119e-16,7.447617789211628e-13,Inf
4,147,400.0,8.2916976801925e-16,7.543637103317001e-13,Inf
4,148,400.0,8.953535146466684e-16,7.551532385115723e-13,Inf
4,149,400.0,8.231900117393956e-16,7.462420537023468e-13,Inf
4,150,400.0,8.322260831265504e-16,7.538422367642657e-13,Inf
4,151,400.0,8.864725578869642e-16,7.474032013113132e-13,Inf
4,152,400.0,8.250039363114583e-16,7.513855351967442e-13,Inf
4,153,400.0,8.305640739381347e-16,7.499488313177965e-13,Inf
4,154,400.0,8.220597069656622e-16,7.47871334016917e-13,Inf
4,155,400.0,8.177063440425993e-16,7.478246371373772e-13,Inf
4,156,400.0,8.217597070462683e-16,7.460398196368822e-13,Inf
4,157,400.0,8.305888629093499e-16,7.527887256875557e-13,Inf
4,158,400.0,8.214261078323368e-16,7.46916864223031e-13,Inf
4,159,400.0,8.225906763302038e-16,7.493591433771759e-13,Inf
4,160,400.0,8.408735986638778e-16,7.508581140003162e-13,Inf
4,161,400.0,8.306875533500199e-16,7.526231390911545e-13,Inf
4,162,400.0,8.165017588149813e-16,7.472836615668362e-13,Inf
4,163,400.0,8.211788374781307e-16,7.423764216589107e-13,Inf
4,164,400.0,8.197923269481127e-16,7.465280126618488e-13,Inf
4,165,400.0,8.238853323855368e-16,7.446307638287536e-13,Inf
4,166,400.0,8.175878084210479e-16,7.465894964048885e-13,Inf
4,167,400.0,8.322935095844976e-16,7.497984653439328e-13,Inf
4,168,400.0,8.244569160014997e-16,7.44263174267669e-13,Inf
4,169,400.0,8.72736121041593e-16,7.795727270516511e-13,Inf
4,170,400.0,8.497406555548857e-16,7.671132713374989e-13,Inf
4,171,400.0,8.400574302518898e-16,7.627691706704227e-13,Inf
4,172,400.0,8.1687805889512805e-16,7.477221002257031e-13,Inf
4,173,400.0,8.322858683743422e-16,7.569989135683117e-13,Inf
4,174,400.0,8.357254836972766e-16,7.55715678365593e-13,Inf
4,175,400.0,8.255366517121013e-16,7.523293370495047e-13,Inf
4,176,400.0,8.175026509330803e-16,7.487531064836385e-13,Inf
4,177,400.0,8.673959420973719e-16,7.758594630035817e-13,Inf
4,178,400.0,8.169773432579401e-16,7.489405334773675e-13,Inf
4,179,400.0,8.223096371902137e-16,7.51536974445878e-13,Inf
4,180,400.0,8.928176457157207e-16,7.503758450262142e-13,Inf
4,181,400.0,8.899447552532286e-16,7.493321194580906e-13,Inf
4,182,400.0,8.445625840905357e-16,7.640655664473397e-13,Inf
4,183,400.0,9.041320834134346e-16,7.537839989624513e-13,Inf
4,184,400.0,8.180503782401246e-16,7.468310765115669e-13,Inf
4,185,400.0,8.330817145096435e-16,7.573987278796008e-13,Inf
4,186,400.0,8.183512988180025e-16,7.4818967277507e-13,Inf
4,187,400.0,8.286067862447835e-16,7.503619281654929e-13,Inf
4,188,400.0,9.327307849017856e-16,8.330256538572018e-13,Inf
4,189,400.0,9.289988468713565e-16,8.290790630221091e-13,Inf
4,190,400.0,9.868307876245838e-16,8.787873972020542e-13,Inf
4,191,400.0,9.064114432034523e-16,8.045716128007466e-13,Inf
4,192,400.0,8.358308904309301e-16,7.557625518162857e-13,Inf
4,193,400.0,8.220580007376277e-16,7.502515982155974e-13,Inf
4,194,400.0,8.182922993433251e-16,7.476062950500819e-13,Inf
4,195,400.0,8.644021675700213e-16,7.745845419455157e-13,Inf
4,196,400.0,8.311562111376256e-16,7.501330005977348e-13,Inf
4,197,400.0,8.253128075199707e-16,7.50255276839876e-13,Inf
4,198,400.0,8.42454464713844e-16,7.590296041484865e-13,Inf
4,199,400.0,8.705297264785924e-16,7.786001482204009e-13,Inf
4,200,400.0,8.846509329516388e-16,7.879157200744053e-13,Inf
4,201,400.0,8.395563048368348e-16,7.574607381883814e-13,Inf
4,202,400.0,8.279812968031083e-16,7.486662091509001e-13,Inf
4,203,400.0,8.880520305705755e-16,7.905583526293976e-13,Inf
4,204,400.0,8.725723862648125e-16,7.799171723216645e-13,Inf
4,205,400.0,8.848763968764999e-16,7.880963769726854e-13,Inf
4,206,400.0,8.613895515808391e-16,7.726726844728353e-13,Inf
4,207,400.0,8.7494692142703e-16,7.814426213709174e-13,Inf
4,208,400.0,8.989212583271698e-16,7.976658160058105e-13,Inf
4,209,400.0,8.236655148052305e-16,7.50854510605762e-13,Inf
4,210,400.0,8.644021675667901e-16,7.745845419456143e-13,Inf
4,211,400.0,7.6497330415669e-16,7.361491786020014e-13,Inf
4,212,400.0,7.893000196585041e-16,7.486781696593885e-13,Inf
4,213,400.0,8.576462656986932e-16,7.474972168507646e-13,Inf
4,214,400.0,7.598611330892987e-16,7.344990009412697e-13,Inf
4,215,400.0,7.668456233211449e-16,7.366021592406159e-13,Inf
4,216,400.0,7.636106726507459e-16,7.35600325083792e-13,Inf
4,217,400.0,8.27113781451864e-16,7.522248755168907e-13,Inf
4,218,400.0,7.694588657701632e-16,7.370173314746384e-13,Inf
4,219,400.0,7.583636194124084e-16,7.358591232197752e-13,Inf
4,220,400.0,7.822024932507857e-16,7.401678570430265e-13,Inf
4,221,400.0,9.960474344652388e-16,7.16188873363725e-13,Inf
4,222,400.0,9.930194694903247e-16,7.152538851217419e-13,Inf
4,223,400.0,9.154424657386421e-16,7.834419672994849e-13,Inf
4,224,400.0,9.498123587106486e-16,8.108036378172438e-13,Inf
4,225,400.0,8.788637487903319e-16,7.855560840758619e-13,Inf
4,226,400.0,8.705192252623885e-16,7.56924886283416e-13,Inf
4,227,400.0,8.576265320967216e-16,7.473233814788736e-13,Inf
4,228,400.0,9.101748098901695e-16,7.798841792256825e-13,Inf
4,229,400.0,8.755626956291796e-16,7.836236967037054e-13,Inf
4,230,400.0,9.240409686500954e-16,7.884925275542007e-13,Inf
4,231,400.0,8.67221954048545e-16,7.77677792200278e-13,Inf
4,232,400.0,8.680374515233522e-16,7.761835912099588e-13,Inf
4,233,400.0,8.449737112145067e-16,7.641184827507236e-13,Inf
4,234,400.0,9.160082692782096e-16,8.145013757681776e-13,Inf
4,235,400.0,8.523037216900045e-16,7.68120900130467e-13,Inf
4,236,400.0,8.702126827385526e-16,7.567641241948556e-13,Inf
4,237,400.0,8.227941556038408e-16,7.512707074068182e-13,Inf
4,238,400.0,9.170384776885751e-16,7.846849621332495e-13,Inf
4,239,400.0,8.202033166050057e-16,7.474239873459929e-13,Inf
4,240,400.0,8.426721238083471e-16,7.624734541770234e-13,Inf
4,241,400.0,8.581897508390466e-16,7.462789483628623e-13,Inf
4,242,400.0,8.476012190491169e-16,7.654201724798968e-13,Inf
4,243,400.0,8.605410787124711e-16,7.520989551598854e-13,Inf
4,244,400.0,9.130643837487426e-16,8.115652589385723e-13,Inf
4,245,400.0,8.917635507429518e-16,7.927753368793927e-13,Inf
4,246,400.0,9.14572943075314e-16,8.140199895577113e-13,Inf
4,247,400.0,9.242189372438952e-16,8.234738293061356e-13,Inf
4,248,400.0,8.884152036659861e-16,7.908353482786327e-13,Inf
4,249,400.0,9.092592663516842e-16,8.076354658168939e-13,Inf
4,250,400.0,9.126232248955923e-16,8.106714097782101e-13,Inf
4,251,400.0,9.106160961872953e-16,8.087172518462116e-13,Inf
4,252,400.0,9.389376919345653e-16,8.417834087339667e-13,Inf
4,253,400.0,8.239231239832841e-16,7.477714091590803e-13,Inf
4,254,400.0,7.609678212329271e-16,7.350086474182269e-13,Inf
4,255,400.0,8.575143339840568e-16,7.462345846207688e-13,Inf
4,256,400.0,8.573590523662888e-16,7.481339691382155e-13,Inf
4,257,400.0,8.701478772928492e-16,7.462385523619357e-13,Inf
4,258,400.0,8.641195078830448e-16,7.499575429625787e-13,Inf
4,259,400.0,8.683105576102958e-16,7.513059671702743e-13,Inf
4,260,400.0,7.684762830105797e-16,7.368365604766108e-13,Inf
4,261,400.0,7.750949656736995e-16,7.398312364084047e-13,Inf
4,262,400.0,8.566017329208808e-16,7.487906038931163e-13,Inf
4,263,400.0,8.286108735057489e-16,7.489608953701281e-13,Inf
4,264,400.0,9.2592729676769e-16,8.256223716775911e-13,Inf
4,265,400.0,8.712712528682953e-16,7.790793864554179e-13,Inf
4,266,400.0,9.325138325458742e-16,8.33682022606883e-13,Inf
4,267,400.0,9.2423167288496e-16,8.234911334395881e-13,Inf
4,268,400.0,9.387365921267396e-16,8.416491119762013e-13,Inf
4,269,400.0,8.696343624635147e-16,7.7801144910776e-13,Inf
4,270,400.0,9.023970804570395e-16,8.003356974348464e-13,Inf
4,271,400.0,7.986614392816143e-16,7.448917066268802e-13,Inf
4,272,400.0,7.619691135287281e-16,7.352113612893905e-13,Inf
4,273,400.0,7.680278457984507e-16,7.360070944682225e-13,Inf
4,274,400.0,7.628432682839331e-16,7.353117358751804e-13,Inf
4,275,400.0,7.750349355093606e-16,7.414767082473315e-13,Inf
4,276,400.0,7.581931113091873e-16,7.349899998667757e-13,Inf
4,277,400.0,7.569023723385644e-16,7.35108853843953e-13,Inf
4,278,400.0,7.596810939299476e-16,7.358038454759892e-13,Inf
4,279,400.0,9.957678255172967e-16,7.159330868779395e-13,Inf
4,280,400.0,8.178497532145835e-16,7.20256383209637e-13,Inf
4,281,400.0,7.750988984909972e-16,7.395387104365886e-13,Inf
4,282,400.0,8.102803157954583e-16,7.189283558454304e-13,Inf
4,283,400.0,7.750325236704142e-16,7.385754164066303e-13,Inf
4,284,400.0,8.295245368594707e-16,7.49552735792043e-13,Inf
4,285,400.0,8.320690519765505e-16,7.569165877248736e-13,Inf
4,286,400.0,8.481381769815736e-16,7.658826834477338e-13,Inf
4,287,400.0,8.322660858588545e-16,7.539277488319771e-13,Inf
4,288,400.0,8.056401524743689e-16,7.374376261445922e-13,Inf
4,289,400.0,8.665464941090775e-16,7.771982810490864e-13,Inf
4,290,400.0,8.269743290272542e-16,7.51620807356223e-13,Inf
4,291,400.0,1.046922391126594e-15,7.544866590994658e-13,Inf
4,292,400.0,8.605492407459132e-16,7.524551356409679e-13,Inf
4,293,400.0,8.911394992578363e-16,7.667037765671475e-13,Inf
4,294,400.0,8.641423063669006e-16,7.543251023883641e-13,Inf
4,295,400.0,8.576642053365555e-16,7.475086635181236e-13,Inf
4,296,400.0,8.715992850888497e-16,7.574339747334348e-13,Inf
4,297,400.0,8.6525255000422035e-16,7.515938110800405e-13,Inf
4,298,400.0,8.57436717662627e-16,7.462788558435606e-13,Inf
4,299,400.0,8.598089351196981e-16,7.717037988763097e-13,Inf
4,300,400.0,8.322195471072416e-16,7.565672320954332e-13,Inf
4,301,400.0,8.2007388960942e-16,7.505060813714729e-13,Inf
4,302,400.0,8.364546895581041e-16,7.56734784193924e-13,Inf
4,303,400.0,8.382649428958132e-16,7.580601434738719e-13,Inf
4,304,400.0,8.319811076847875e-16,7.556042377593374e-13,Inf
4,305,400.0,8.404691761651201e-16,7.593951288736543e-13,Inf
4,306,400.0,8.261898495426415e-16,7.526464918733964e-13,Inf
4,307,400.0,8.547316740953044e-16,7.691299709103903e-13,Inf
4,308,400.0,8.353245939221252e-16,7.561226064288026e-13,Inf
4,309,400.0,8.314689384392027e-16,7.55235517451532e-13,Inf
4,310,400.0,8.237323167062723e-16,7.476865740419476e-13,Inf
4,311,400.0,8.292702942741984e-16,7.474249459108816e-13,Inf
4,312,400.0,8.188616909403582e-16,7.451967909867285e-13,Inf
4,313,400.0,8.291395044953223e-16,7.514668113361492e-13,Inf
4,314,400.0,8.236228647621553e-16,7.477386202027578e-13,Inf
4,315,400.0,8.306373281807654e-16,7.53542482624834e-13,Inf
4,316,400.0,8.231397229580133e-16,7.451108268335427e-13,Inf
4,317,400.0,8.226075090905465e-16,7.468611119505592e-13,Inf
4,318,400.0,8.221740835424806e-16,7.462582268272855e-13,Inf
4,319,400.0,8.43442337539014e-16,7.597031784466967e-13,Inf
4,320,400.0,8.313736331770285e-16,7.520703114608106e-13,Inf
4,321,400.0,8.202543501235891e-16,7.45971555951802e-13,Inf
4,322,400.0,8.189386034764896e-16,7.475071619123664e-13,Inf
4,323,400.0,8.390964919364228e-16,7.572348828020354e-13,Inf
4,324,400.0,8.390051166028765e-16,7.571902444306213e-13,Inf
4,325,400.0,8.283175811260876e-16,7.509217893338433e-13,Inf
4,326,400.0,8.209342777172437e-16,7.462239802481374e-13,Inf
4,327,400.0,8.258928058665905e-16,7.495792568673214e-13,Inf
4,328,400.0,8.383898664648814e-16,7.568921019086191e-13,Inf
4,329,400.0,8.496816617315321e-16,7.635581272747569e-13,Inf
4,330,400.0,8.252620747946311e-16,7.464554074943256e-13,Inf
4,331,400.0,8.402162570559032e-16,7.580011156513078e-13,Inf
4,332,400.0,8.184088018486348e-16,7.482433530644162e-13,Inf
4,333,400.0,9.158585411151986e-16,8.023707518404526e-13,Inf
4,334,400.0,8.383580071544557e-16,7.524166581302272e-13,Inf
4,335,400.0,8.766148853271167e-16,7.825304858482433e-13,Inf
4,336,400.0,8.418118892200751e-16,7.574761578128836e-13,Inf
4,337,400.0,8.399551624133981e-16,7.53149230724473e-13,Inf
4,338,400.0,8.39647468127801e-16,7.57505384578494e-13,Inf
4,339,400.0,8.582158638291544e-16,7.630957786423269e-13,Inf
4,340,400.0,8.4867428814927045e-16,7.571344325710744e-13,Inf
4,341,400.0,8.671913708225417e-16,7.689170767622536e-13,Inf
4,342,400.0,8.181742711647678e-16,7.480913020922425e-13,Inf
4,343,400.0,8.325340067608971e-16,7.500678758891225e-13,Inf
4,344,400.0,8.498429407253961e-16,7.580353114412884e-13,Inf
4,345,400.0,8.327858668139736e-16,7.501717744683527e-13,Inf
4,346,400.0,8.500521913706451e-16,7.581188077327563e-13,Inf
4,347,400.0,9.335630147152705e-16,7.66862451653753e-13,Inf
4,348,400.0,8.224508090486673e-16,7.46276489755591e-13,Inf
4,349,400.0,8.80810961401204e-16,7.772520903746014e-13,Inf
4,350,400.0,8.89389918597007e-16,7.436029462689351e-13,Inf
4,351,400.0,8.273441217033714e-16,7.472612164961411e-13,Inf
4,352,400.0,8.293664023603935e-16,7.530574910668498e-13,Inf
4,353,400.0,8.900790789092403e-16,7.438210493363969e-13,Inf
4,354,400.0,8.459742791068862e-16,7.637409539079004e-13,Inf
4,355,400.0,8.618559740840916e-16,7.729648433816778e-13,Inf
4,356,400.0,8.292887482697677e-16,7.481641864398512e-13,Inf
4,357,400.0,8.252447068031955e-16,7.480674580995003e-13,Inf
4,358,400.0,8.257428352814989e-16,7.488878181685714e-13,Inf
4,359,400.0,8.872627397382311e-16,7.432650506140797e-13,Inf
4,360,400.0,8.244350353165389e-16,7.481175001587149e-13,Inf
4,361,400.0,8.426707877824108e-16,7.578057738292954e-13,Inf
4,362,400.0,8.400892689344989e-16,7.564606347737728e-13,Inf
4,363,400.0,8.631901466769366e-16,7.69406736088101e-13,Inf
4,364,400.0,8.214381700352918e-16,7.464720720605092e-13,Inf
4,365,400.0,8.455113794495403e-16,7.624599594459219e-13,Inf
4,366,400.0,8.322099714609067e-16,7.523907706224942e-13,Inf
4,367,400.0,8.333729341200926e-16,7.530110375365551e-13,Inf
4,368,400.0,8.363573224771673e-16,7.541641040323977e-13,Inf
4,369,400.0,8.229813279035055e-16,7.458865042196658e-13,Inf
4,370,400.0,8.313168637101967e-16,7.489976123577798e-13,Inf
4,371,400.0,8.398483958206669e-16,7.53191651417986e-13,Inf
4,372,400.0,8.378842457917175e-16,7.522971740560523e-13,Inf
4,373,400.0,8.551681584344909e-16,7.611866212883776e-13,Inf
4,374,400.0,8.615509184432562e-16,7.658746617467023e-13,Inf
4,375,400.0,8.211149615410977e-16,7.47446531213822e-13,Inf
4,376,400.0,8.194949618154586e-16,7.4500008661192e-13,Inf
4,377,400.0,8.18657729678918e-16,7.48410946226605e-13,Inf
4,378,400.0,8.335745991604641e-16,7.539049816021149e-13,Inf
4,379,400.0,8.304132268550177e-16,7.52180138640528e-13,Inf
4,380,400.0,8.221410847746053e-16,7.469950570144782e-13,Inf
4,381,400.0,8.289459895265858e-16,7.493481745479442e-13,Inf
4,382,400.0,8.280460117791634e-16,7.507704674244476e-13,Inf
4,383,400.0,8.210118397937199e-16,7.450782340425645e-13,Inf
4,384,400.0,8.275490551120577e-16,7.505386277452692e-13,Inf
4,385,400.0,8.304366947897141e-16,7.566890487755424e-13,Inf
4,386,400.0,8.380055017485784e-16,7.543172100877842e-13,Inf
4,387,400.0,8.454589029434589e-16,7.59305049259042e-13,Inf
4,388,400.0,8.297372258392633e-16,7.49540842930558e-13,Inf
4,389,400.0,8.325520593606118e-16,7.548384085679323e-13,Inf
4,390,400.0,8.352698966558189e-16,7.522126269705405e-13,Inf
4,391,400.0,8.225743231342835e-16,7.464133937778147e-13,Inf
4,392,400.0,8.268511211600233e-16,7.540554999525703e-13,Inf
4,393,400.0,8.140849072801306e-16,7.463538177655092e-13,Inf
4,394,400.0,8.326677132303118e-16,7.532893949819084e-13,Inf
4,395,400.0,8.117946256493363e-16,7.476364595002677e-13,Inf
4,396,400.0,8.231309293140123e-16,7.522920204565956e-13,Inf
4,397,400.0,8.292925802905841e-16,7.494464126274413e-13,Inf
4,398,400.0,8.260659736592113e-16,7.465456615512495e-13,Inf
4,399,400.0,8.229873050944559e-16,7.469961254406523e-13,Inf
4,400,400.0,8.194037519277283e-16,7.474619247363863e-13,Inf
4,401,400.0,8.2200001617801895e-16,7.465335300345367e-13,Inf
4,402,400.0,8.291840787446792e-16,7.481131729268555e-13,Inf
4,403,400.0,8.247940557746352e-16,7.48326888429384e-13,Inf
4,404,400.0,9.291491911288275e-16,7.568070596201051e-13,Inf
4,405,400.0,9.24650701089508e-16,7.544272378600038e-13,Inf
4,406,400.0,8.191410102781507e-16,7.486657604477543e-13,Inf
4,407,400.0,8.42454464713844e-16,7.590296041484865e-13,Inf
4,408,400.0,8.297980676034924e-16,7.532262939034094e-13,Inf
4,409,400.0,8.299264834741769e-16,7.500880815472902e-13,Inf
4,410,400.0,8.253571010352137e-16,7.480916045605593e-13,Inf
4,411,400.0,8.310336889578861e-16,7.518578385302817e-13,Inf
4,412,400.0,9.006442322776943e-16,7.467276807263398e-13,Inf
4,413,400.0,8.399176034440422e-16,7.565076607602072e-13,Inf
4,414,400.0,8.334584612220846e-16,7.548785897304971e-13,Inf
4,415,400.0,8.23378480137376e-16,7.507449808290304e-13,Inf
4,416,400.0,8.400126082942511e-16,7.576840998984636e-13,Inf
4,417,400.0,8.398721042645888e-16,7.595627929083436e-13,Inf
4,418,400.0,8.346328450030949e-16,7.512968933191365e-13,Inf
4,419,400.0,7.58042744481964e-16,7.464655121507218e-13,Inf
4,420,400.0,8.243202593956615e-16,7.461808820977546e-13,Inf
4,421,400.0,7.640073601060474e-16,7.54013029954469e-13,Inf
4,422,400.0,8.222657324143157e-16,7.469949551833701e-13,Inf
4,423,400.0,9.22828973664566e-16,7.53655967755189e-13,Inf
4,424,400.0,8.866638969474059e-16,7.424012536500561e-13,Inf
4,425,400.0,9.145582047265886e-16,7.510600929651442e-13,Inf
4,426,400.0,8.93767848306049e-16,7.48613288074516e-13,Inf
4,427,400.0,9.261367979000305e-16,7.552591098628582e-13,Inf
4,428,400.0,9.288162412258274e-16,7.566061399917331e-13,Inf
4,429,400.0,8.881348073907349e-16,7.429320869541855e-13,Inf
4,430,400.0,9.047631085836448e-16,7.483364055902368e-13,Inf
4,431,400.0,8.940223357884813e-16,7.448605089429711e-13,Inf
4,432,400.0,8.94239817413969e-16,7.448837849779741e-13,Inf
4,433,400.0,8.327406117238868e-16,7.544351988545376e-13,Inf
4,434,400.0,8.872087268152477e-16,7.42058178240936e-13,Inf
4,435,400.0,8.869093333517211e-16,7.42011857044322e-13,Inf
4,436,400.0,8.147747948586057e-16,7.407516062179584e-13,Inf
4,437,400.0,9.242525599450593e-16,7.543367341574507e-13,Inf
4,438,400.0,8.428038245392598e-16,7.592550111525794e-13,Inf
4,439,400.0,8.173127166999686e-16,7.396438603785383e-13,Inf
4,440,400.0,8.869550826111381e-16,7.420889398063313e-13,Inf
4,441,400.0,8.177446158800845e-16,7.478487651344547e-13,Inf
4,442,400.0,8.281567675408715e-16,7.487469660994077e-13,Inf
4,443,400.0,8.532858904521538e-16,7.596530322494626e-13,Inf
4,444,400.0,8.203036905068562e-16,7.483305222337939e-13,Inf
4,445,400.0,8.6111258968194295e-16,7.725025713994254e-13,Inf
4,446,400.0,8.218651723708049e-16,7.501581275165733e-13,Inf
4,447,400.0,8.224737264655855e-16,7.504876825897362e-13,Inf
4,448,400.0,8.211239820199946e-16,7.457395792131e-13,Inf
4,449,400.0,8.271052354547525e-16,7.48085855795254e-13,Inf
4,450,400.0,8.542594067693865e-16,7.682605404704093e-13,Inf
4,451,400.0,9.1780988177738e-16,8.164914513425165e-13,Inf
4,452,400.0,8.477982986816174e-16,7.647355560010169e-13,Inf
4,453,400.0,8.468520759738712e-16,7.643572801831717e-13,Inf
4,454,400.0,8.573922505557777e-16,7.702607740490723e-13,Inf
4,455,400.0,8.363901834096108e-16,7.561532585153947e-13,Inf
4,456,400.0,9.3406176739505e-16,7.613098564744081e-13,Inf
4,457,400.0,9.246656482561016e-16,7.543992404947162e-13,Inf
4,458,400.0,9.375434091218077e-16,7.701647983423728e-13,Inf
4,459,400.0,8.864133530259256e-16,7.427724690880472e-13,Inf
4,460,400.0,9.122757136992921e-16,7.50761866850927e-13,Inf
4,461,400.0,9.304974091773878e-16,7.626153065722553e-13,Inf
4,462,400.0,1.1390448668563818e-15,7.633174039526532e-13,Inf
4,463,400.0,9.277510282703104e-16,7.559929962652129e-13,Inf
4,464,400.0,9.342974076997036e-16,7.675796167892473e-13,Inf
4,465,400.0,9.018817243301238e-16,7.472421226526496e-13,Inf
4,466,400.0,9.794258478204785e-16,7.904785857010066e-13,Inf
4,467,400.0,8.92835473309384e-16,7.476526213153129e-13,Inf
4,468,400.0,9.32452699568833e-16,7.602714248966832e-13,Inf
4,469,400.0,8.939545835086145e-16,7.450008340698959e-13,Inf
4,470,400.0,8.873798108332768e-16,7.425033241557689e-13,Inf
4,471,400.0,9.124210422243343e-16,7.506363983679319e-13,Inf
4,472,400.0,8.923182766474443e-16,7.456793435870425e-13,Inf
4,473,400.0,8.95090012856882e-16,7.510967385904478e-13,Inf
4,474,400.0,8.925886943069242e-16,7.459097464252532e-13,Inf
4,475,400.0,8.876581326397182e-16,7.437310648486213e-13,Inf
4,476,400.0,8.928655969396219e-16,7.465686651300726e-13,Inf
4,477,400.0,8.195486079581573e-16,7.488417361092247e-13,Inf
4,478,400.0,9.172562060368363e-16,7.519354714005017e-13,Inf
4,479,400.0,8.37489956875849e-16,7.550916090627841e-13,Inf
4,480,400.0,8.238666562047313e-16,7.477551747697769e-13,Inf
4,481,400.0,8.326367576308612e-16,7.543916518652754e-13,Inf
4,482,400.0,8.32767510209228e-16,7.527427985175912e-13,Inf
4,483,400.0,8.789785888370938e-16,7.795828772866603e-13,Inf
4,484,400.0,8.900762223346989e-16,7.442881589451352e-13,Inf
4,485,400.0,8.207209012275775e-16,7.494032708886275e-13,Inf
4,486,400.0,8.180374252928968e-16,7.480049421163525e-13,Inf
4,487,400.0,8.317628957008242e-16,7.553695970708646e-13,Inf
4,488,400.0,8.249093195155853e-16,7.513469231275606e-13,Inf
4,489,400.0,8.226283373982042e-16,7.484610918849261e-13,Inf
4,490,400.0,8.237069021183265e-16,7.474213772731336e-13,Inf
4,491,400.0,8.271636372591256e-16,7.521840027618539e-13,Inf
4,492,400.0,8.315487994347781e-16,7.499307883639529e-13,Inf
4,493,400.0,8.941713652520622e-16,7.943118403856045e-13,Inf
4,494,400.0,8.3158397403016895e-16,7.539552931393037e-13,Inf
4,495,400.0,8.627518543729626e-16,7.73390909405102e-13,Inf
4,496,400.0,8.288993724125345e-16,7.486645625537506e-13,Inf
4,497,400.0,8.230046545034082e-16,7.475774086452051e-13,Inf
4,498,400.0,8.190346015476632e-16,7.486253815959378e-13,Inf
4,499,400.0,8.301039358781938e-16,7.497741998840311e-13,Inf
4,500,400.0,8.230834628211813e-16,7.505574312284633e-13,Inf
4,501,400.0,8.17646265682065e-16,7.477934728479369e-13,Inf
4,502,400.0,8.183502187947723e-16,7.4816339254472e-13,Inf
4,503,400.0,8.265901391627155e-16,7.520450256648102e-13,Inf
4,504,400.0,8.206310262736466e-16,7.495524255071667e-13,Inf
4,505,400.0,8.22224533895501e-16,7.502821889295256e-13,Inf
4,506,400.0,8.238578634783839e-16,7.509282396373237e-13,Inf
4,507,400.0,8.34039189574982e-16,7.548637103261742e-13,Inf
4,508,400.0,8.373221194221708e-16,7.540886021776585e-13,Inf
4,509,400.0,8.318998642377639e-16,7.503286657285628e-13,Inf
4,510,400.0,8.362166647437762e-16,7.530840247383263e-13,Inf
4,511,400.0,8.174139440841902e-16,7.479400327671045e-13,Inf
4,512,400.0,8.266526768572267e-16,7.471652602736761e-13,Inf
4,513,400.0,8.190462895709445e-16,7.460173177628835e-13,Inf
4,514,400.0,8.204610625974402e-16,7.494447196276065e-13,Inf
4,515,400.0,8.179822659525144e-16,7.479730346108284e-13,Inf
4,516,400.0,8.208596672764559e-16,7.496571030398207e-13,Inf
4,517,400.0,8.180458717666097e-16,7.475079318372156e-13,Inf
4,518,400.0,8.288198376104638e-16,7.490983514947335e-13,Inf
4,519,400.0,8.349610090781777e-16,7.516289158726903e-13,Inf
4,520,400.0,8.2721548874301255e-16,7.520517243540915e-13,Inf
4,521,400.0,8.223192882941613e-16,7.471530747262027e-13,Inf
4,522,400.0,8.196400691924715e-16,7.455575305689782e-13,Inf
4,523,400.0,8.388380343166299e-16,7.548942750739158e-13,Inf
4,524,400.0,8.197876581177845e-16,7.456413299641265e-13,Inf
4,525,400.0,8.206081322956666e-16,7.452851733300439e-13,Inf
4,526,400.0,8.178972855845955e-16,7.450659971716892e-13,Inf
4,527,400.0,8.163481978298226e-16,7.444513241836217e-13,Inf
4,528,400.0,8.181176077773872e-16,7.453252312271151e-13,Inf
4,529,400.0,8.460279338315838e-16,7.638725698037802e-13,Inf
4,530,400.0,9.022614951761104e-16,7.474018664646925e-13,Inf
4,531,400.0,8.392772503228541e-16,7.52959417634059e-13,Inf
4,532,400.0,8.511157778855138e-16,7.587605572044808e-13,Inf
4,533,400.0,8.348946853973899e-16,7.515444420796103e-13,Inf
4,534,400.0,8.240628146973027e-16,7.478052185398902e-13,Inf
4,535,400.0,8.207218799244138e-16,7.475136397701055e-13,Inf
4,536,400.0,8.21523380731006e-16,7.454321925344692e-13,Inf
4,537,400.0,8.191654086811763e-16,7.474826106959718e-13,Inf
4,538,400.0,8.283189736071006e-16,7.48294177765944e-13,Inf
4,539,400.0,8.216594136943612e-16,7.443567298060349e-13,Inf
4,540,400.0,8.160878290447674e-16,7.415993665385131e-13,Inf
4,541,400.0,8.335760969099036e-16,7.547876343022754e-13,Inf
4,542,400.0,8.24227042635287e-16,7.474814774475079e-13,Inf
4,543,400.0,8.185735020647436e-16,7.432764402348502e-13,Inf
4,544,400.0,8.198920504792066e-16,7.443791022678917e-13,Inf
4,545,400.0,8.209217995199888e-16,7.464932664883744e-13,Inf
4,546,400.0,8.167764162630078e-16,7.400467644526564e-13,Inf
4,547,400.0,8.245491528727345e-16,7.476813117752487e-13,Inf
4,548,400.0,8.246945246373508e-16,7.478617568306869e-13,Inf
4,549,400.0,8.622124900687064e-16,7.688563950807714e-13,Inf
4,550,400.0,8.267789118242209e-16,7.49495930884283e-13,Inf
4,551,400.0,8.276621497366413e-16,7.475125615401948e-13,Inf
4,552,400.0,8.215212986786301e-16,7.500477829931351e-13,Inf
4,553,400.0,8.243146056484864e-16,7.476578633820529e-13,Inf
4,554,400.0,8.434078728875398e-16,7.582601101970461e-13,Inf
4,555,400.0,8.319634155742611e-16,7.514566888601e-13,Inf
4,556,400.0,8.270821169327791e-16,7.521385432609636e-13,Inf
4,557,400.0,8.245878899734649e-16,7.534246544337302e-13,Inf
4,558,400.0,8.373078325525012e-16,7.549740393306378e-13,Inf
4,559,400.0,8.190279719761658e-16,7.472150047790833e-13,Inf
4,560,400.0,8.332942468356452e-16,7.529394509911671e-13,Inf
4,561,400.0,8.186975561797463e-16,7.484328074199675e-13,Inf
4,562,400.0,8.261408766149745e-16,7.503321513333135e-13,Inf
4,563,400.0,8.284939128231591e-16,7.505123496680315e-13,Inf
4,564,400.0,8.308119813700465e-16,7.485447290126013e-13,Inf
4,565,400.0,8.285980485938014e-16,7.490155683989746e-13,Inf
4,566,400.0,8.385590734129989e-16,7.569934319858209e-13,Inf
4,567,400.0,8.292481703593634e-16,7.491359014244771e-13,Inf
4,568,400.0,8.230018575892685e-16,7.453668048915712e-13,Inf
4,569,400.0,8.516750170037507e-16,7.646772845959756e-13,Inf
4,570,400.0,8.237683596538982e-16,7.454651234063793e-13,Inf
4,571,400.0,8.250174620489485e-16,7.479157028645437e-13,Inf
4,572,400.0,8.385014014307265e-16,7.616712758642828e-13,Inf
4,573,400.0,8.362394268446097e-16,7.533519192512443e-13,Inf
4,574,400.0,8.268952988215129e-16,7.474535113864118e-13,Inf
4,575,400.0,8.368771649861563e-16,7.588336113201375e-13,Inf
4,576,400.0,8.41332063234042e-16,7.583407691070347e-13,Inf
4,577,400.0,8.172548477517751e-16,7.471223327347715e-13,Inf
4,578,400.0,8.173930460316359e-16,7.479515129371927e-13,Inf
4,579,400.0,8.242867516726025e-16,7.484065231601266e-13,Inf
4,580,400.0,8.230938710312651e-16,7.474717300504765e-13,Inf
4,581,400.0,8.182652396902426e-16,7.481477093538966e-13,Inf
4,582,400.0,8.307187048975716e-16,7.503326423369604e-13,Inf
4,583,400.0,8.2091681868424205e-16,7.461998242589093e-13,Inf
4,584,400.0,8.370538265990453e-16,7.562973344251641e-13,Inf
4,585,400.0,8.486400953074068e-16,7.629677563418692e-13,Inf
4,586,400.0,8.425562638349652e-16,7.593152539848906e-13,Inf
4,587,400.0,8.349663721327597e-16,7.547079809550269e-13,Inf
4,588,400.0,7.627497273560002e-16,7.463319248284186e-13,Inf
4,589,400.0,8.139764356548994e-16,7.430372662824131e-13,Inf
4,590,400.0,8.222895765320139e-16,7.490682768007689e-13,Inf
4,591,400.0,7.60508212565347e-16,7.44813332334164e-13,Inf
4,592,400.0,8.187820682374227e-16,7.484773129732072e-13,Inf
4,593,400.0,7.578581090579963e-16,7.45044926478384e-13,Inf
4,594,400.0,8.151482700911112e-16,7.827852455407628e-13,Inf
4,595,400.0,7.578754960228872e-16,7.449353889420586e-13,Inf
4,596,400.0,8.136750150818841e-16,7.422607118896519e-13,Inf
4,597,400.0,7.606659100739539e-16,7.457324285994846e-13,Inf
4,598,400.0,7.601163510529913e-16,7.452455015960588e-13,Inf
4,599,400.0,7.588151505320599e-16,7.450522791984845e-13,Inf
4,600,400.0,7.65889623406413e-16,7.515416598167408e-13,Inf
4,601,400.0,7.589610070439021e-16,7.444019863134537e-13,Inf
4,602,400.0,7.578708341977447e-16,7.451319613486595e-13,Inf
4,603,400.0,7.578273248141795e-16,7.44752394493078e-13,Inf
4,604,400.0,7.668014670112548e-16,7.533739668926016e-13,Inf
4,605,400.0,7.661315151317771e-16,7.492048621849137e-13,Inf
4,606,400.0,7.579768785810218e-16,7.449190757399041e-13,Inf
4,607,400.0,8.183346390967353e-16,7.527269670881003e-13,Inf
4,608,400.0,7.656274925069331e-16,7.501735662601921e-13,Inf
4,609,400.0,7.624201550705481e-16,7.494040192575134e-13,Inf
4,610,400.0,7.562523252195905e-16,7.446329901560575e-13,Inf
4,611,400.0,7.574560168078036e-16,7.43980289852519e-13,Inf
4,612,400.0,7.59430613840315e-16,7.442273483824867e-13,Inf
4,613,400.0,7.584891595412257e-16,7.438627850091762e-13,Inf
4,614,400.0,7.586139707979076e-16,7.446183192154145e-13,Inf
4,615,400.0,7.576529549245646e-16,7.442539271163073e-13,Inf
4,616,400.0,8.267755666153509e-16,7.521031069010642e-13,Inf
4,617,400.0,7.64969940110074e-16,7.485048575109844e-13,Inf
4,618,400.0,7.628902054554891e-16,7.465058579813493e-13,Inf
4,619,400.0,8.286983735498241e-16,7.528037088650193e-13,Inf
4,620,400.0,8.325324611286861e-16,7.543481179942787e-13,Inf
4,621,400.0,7.601524174492489e-16,7.449115606259561e-13,Inf
4,622,400.0,7.618482379715513e-16,7.459324607678544e-13,Inf
4,623,400.0,8.199409869786149e-16,7.47428820260627e-13,Inf
4,624,400.0,8.193453132653503e-16,7.474667856612284e-13,Inf
4,625,400.0,7.6323624291643695e-16,7.470007126844798e-13,Inf
4,626,400.0,7.584088195951509e-16,7.451954336136339e-13,Inf
4,627,400.0,7.613882032187141e-16,7.458777892686103e-13,Inf
4,628,400.0,7.591141801685952e-16,7.451822770246853e-13,Inf
4,629,400.0,7.639732685841152e-16,7.476192644569679e-13,Inf
4,630,400.0,8.312718684065209e-16,7.538259937533816e-13,Inf
4,631,400.0,8.1400641982442465e-16,7.482001273364359e-13,Inf
4,632,400.0,8.219590323061108e-16,7.493006799972615e-13,Inf
4,633,400.0,8.262881102856014e-16,7.5068478509169e-13,Inf
4,634,400.0,8.341748123698445e-16,7.543273436192234e-13,Inf
4,635,400.0,8.376539589676767e-16,7.579496492989384e-13,Inf
4,636,400.0,8.335243003721351e-16,7.538797881451038e-13,Inf
4,637,400.0,8.254189427638682e-16,7.506912623729311e-13,Inf
4,638,400.0,8.518423178433935e-16,7.626463672784056e-13,Inf
4,639,400.0,7.596733307591194e-16,7.470404089553399e-13,Inf
4,640,400.0,7.641803728216904e-16,7.544501906819518e-13,Inf
4,641,400.0,8.505817964914056e-16,7.589920405741741e-13,Inf
4,642,400.0,8.336549540248704e-16,7.543774251245359e-13,Inf
4,643,400.0,8.299794071715458e-16,7.51331811316912e-13,Inf
4,644,400.0,8.357372413103581e-16,7.552773564163415e-13,Inf
4,645,400.0,8.374587441233943e-16,7.533658279463827e-13,Inf
4,646,400.0,8.274017661625014e-16,7.517182864225142e-13,Inf
4,647,400.0,8.301197882453337e-16,7.509596149114933e-13,Inf
4,648,400.0,8.361018649606768e-16,7.528048302305669e-13,Inf
4,649,400.0,8.309651600071229e-16,7.515197665221095e-13,Inf
4,650,400.0,8.428013684299948e-16,7.549932023915674e-13,Inf
4,651,400.0,8.246537265224201e-16,7.503306457474492e-13,Inf
4,652,400.0,8.248731227576019e-16,7.505198585013021e-13,Inf
4,653,400.0,8.231783198451675e-16,7.502977431927669e-13,Inf
4,654,400.0,8.23076705298414e-16,7.503273549930211e-13,Inf
4,655,400.0,8.370316380122573e-16,7.522026855397802e-13,Inf
4,656,400.0,8.537626198390963e-16,7.6361631369032e-13,Inf
4,657,400.0,8.31381368837639e-16,7.501969708996468e-13,Inf
4,658,400.0,8.4465094628945375e-16,7.578834254867372e-13,Inf
4,659,400.0,8.441355493495759e-16,7.542353541577211e-13,Inf
4,660,400.0,8.241080999859443e-16,7.478225021800852e-13,Inf
4,661,400.0,8.370700631043381e-16,7.52795190499629e-13,Inf
4,662,400.0,8.228116806400393e-16,7.478754350483425e-13,Inf
4,663,400.0,8.389503911187253e-16,7.530771442564826e-13,Inf
4,664,400.0,8.405604085062804e-16,7.531911284489394e-13,Inf
4,665,400.0,7.573450671562524e-16,7.444995038154578e-13,Inf
4,666,400.0,7.586731845446754e-16,7.451794493967769e-13,Inf
4,667,400.0,7.58716407730211e-16,7.469783552726039e-13,Inf
4,668,400.0,7.617212469453214e-16,7.465489651993263e-13,Inf
4,669,400.0,8.288752167579381e-16,7.491457380350023e-13,Inf
4,670,400.0,7.570551081981374e-16,7.447162412163637e-13,Inf
4,671,400.0,7.568166650501394e-16,7.438682362408255e-13,Inf
4,672,400.0,7.61325566941076e-16,7.462971438282444e-13,Inf
4,673,400.0,7.568165228429287e-16,7.449097707914183e-13,Inf
4,674,400.0,7.570452700124309e-16,7.455660805528968e-13,Inf
4,675,400.0,7.640771949100416e-16,7.522096144147303e-13,Inf
4,676,400.0,7.673773600249516e-16,7.503015359759591e-13,Inf
4,677,400.0,8.406353431534007e-16,7.579995504270687e-13,Inf
4,678,400.0,7.566809438143217e-16,7.451746877135766e-13,Inf
4,679,400.0,7.566738738337715e-16,7.448357977114743e-13,Inf
4,680,400.0,7.594529849722932e-16,7.470907656227613e-13,Inf
4,681,400.0,7.575029339428479e-16,7.450469982064069e-13,Inf
4,682,400.0,8.237617281469274e-16,7.508912895511254e-13,Inf
4,683,400.0,8.217951072648648e-16,7.474916096806161e-13,Inf
4,684,400.0,8.297800630093338e-16,7.513397466840544e-13,Inf
4,685,400.0,8.229895676983875e-16,7.502303534543623e-13,Inf
4,686,400.0,8.41147928144485e-16,7.544888537289646e-13,Inf
4,687,400.0,8.394353240435434e-16,7.538334793351916e-13,Inf
4,688,400.0,8.549864899910582e-16,7.644630543263601e-13,Inf
4,689,400.0,8.380620989033489e-16,7.53140680041191e-13,Inf
4,690,400.0,8.483050271111802e-16,7.577762175284013e-13,Inf
4,691,400.0,8.409448199098203e-16,7.542920238879405e-13,Inf
4,692,400.0,8.182949093017217e-16,7.481663185422813e-13,Inf
4,693,400.0,8.357118444550967e-16,7.524919505212511e-13,Inf
4,694,400.0,8.360421775754601e-16,7.527131966899751e-13,Inf
4,695,400.0,8.354262126629429e-16,7.51832445476059e-13,Inf
4,696,400.0,8.28841437716407e-16,7.522596731577449e-13,Inf
4,697,400.0,8.215268711714659e-16,7.48787096842091e-13,Inf
4,698,400.0,8.214074387536524e-16,7.492521790032435e-13,Inf
4,699,400.0,8.465177868363789e-16,7.576607212682363e-13,Inf
4,700,400.0,7.640516952485085e-16,7.487333228963412e-13,Inf
4,701,400.0,8.383683732494141e-16,7.56413002586629e-13,Inf
4,702,400.0,7.566403624691791e-16,7.450445286363268e-13,Inf
4,703,400.0,8.625637350968994e-16,7.699117704375861e-13,Inf
4,704,400.0,8.48210726627881e-16,7.610623731530957e-13,Inf
4,705,400.0,8.389637055503431e-16,7.5233761856206e-13,Inf
4,706,400.0,8.253142383647158e-16,7.567656689915981e-13,Inf
4,707,400.0,8.242733410747761e-16,7.490201197586392e-13,Inf
4,708,400.0,8.194037519277283e-16,7.474619247363863e-13,Inf
4,709,400.0,8.313758681253396e-16,7.53869059059571e-13,Inf
4,710,400.0,8.693393386461973e-16,7.778150587632968e-13,Inf
4,711,400.0,8.171551560186673e-16,7.492061448048611e-13,Inf
4,712,400.0,8.473484942691828e-16,7.609622339261218e-13,Inf
4,713,400.0,8.577151158475657e-16,7.667527715162026e-13,Inf
4,714,400.0,8.835742879820089e-16,7.846582800470581e-13,Inf
4,715,400.0,9.093826737536196e-16,8.030807326817762e-13,Inf
4,716,400.0,8.923182448300713e-16,7.911256311862762e-13,Inf
4,717,400.0,8.544115018030916e-16,7.648756921823203e-13,Inf
4,718,400.0,8.942457338782302e-16,7.926178524005511e-13,Inf
4,719,400.0,9.128558688547991e-16,8.060168853353831e-13,Inf
4,720,400.0,8.931517574165093e-16,7.917585234085039e-13,Inf
4,721,400.0,8.3627758968489335e-16,7.592421897254842e-13,Inf
4,722,400.0,8.157983097428415e-16,7.491518457216286e-13,Inf
4,723,400.0,8.248684122742061e-16,7.535424572616427e-13,Inf
4,724,400.0,8.159861885969209e-16,7.492681953020631e-13,Inf
4,725,400.0,8.234041969693628e-16,7.493668099476355e-13,Inf
4,726,400.0,8.389317244634216e-16,7.588856879232541e-13,Inf
4,727,400.0,8.214369137321183e-16,7.48615101320955e-13,Inf
4,728,400.0,8.337890190124572e-16,7.509022773447312e-13,Inf
4,729,400.0,8.196498777159982e-16,7.50760655749366e-13,Inf
4,730,400.0,8.27595883822787e-16,7.509030352163018e-13,Inf
4,731,400.0,8.325456114715811e-16,7.570093836560532e-13,Inf
4,732,400.0,8.427869140142459e-16,7.649468416960309e-13,Inf
4,733,400.0,8.216167694253944e-16,7.500884192943949e-13,Inf
4,734,400.0,8.308656385052001e-16,7.511280354379142e-13,Inf
4,735,400.0,8.273033471792441e-16,7.515909360283602e-13,Inf
4,736,400.0,8.255707587275141e-16,7.516221635425509e-13,Inf
4,737,400.0,8.35012764525103e-16,7.517134907470117e-13,Inf
4,738,400.0,8.39832961341295e-16,7.532715813158097e-13,Inf
4,739,400.0,8.400725826238987e-16,7.533567799101333e-13,Inf
4,740,400.0,8.224546602044977e-16,7.49787512461984e-13,Inf
4,741,400.0,8.167972199878917e-16,7.49711436615139e-13,Inf
4,742,400.0,8.459684325426179e-16,7.572629539653027e-13,Inf
4,743,400.0,8.478962114077216e-16,7.569905004019987e-13,Inf
4,744,400.0,8.269388235305377e-16,7.49123526828429e-13,Inf
4,745,400.0,8.403711837227155e-16,7.521267915483004e-13,Inf
4,746,400.0,8.384019301024778e-16,7.545467544716253e-13,Inf
4,747,400.0,8.600346676908501e-16,7.682614288562108e-13,Inf
4,748,400.0,8.228546088775254e-16,7.497443104662469e-13,Inf
4,749,400.0,8.301717748504662e-16,7.492270976257868e-13,Inf
4,750,400.0,8.30013155549233e-16,7.48944438418622e-13,Inf
4,751,400.0,8.498586915981212e-16,7.612187409416517e-13,Inf
4,752,400.0,8.187904299348164e-16,7.483658828384378e-13,Inf
4,753,400.0,8.544986023447804e-16,7.646704537172241e-13,Inf
4,754,400.0,8.310969750505188e-16,7.508248864297065e-13,Inf
4,755,400.0,8.22003034372666e-16,7.496462181850762e-13,Inf
4,756,400.0,8.131877777029653e-16,7.485465290485072e-13,Inf
4,757,400.0,8.218865259769256e-16,7.52013103201405e-13,Inf
4,758,400.0,8.218114395227758e-16,7.491519423943091e-13,Inf
4,759,400.0,8.313535384364025e-16,7.526121963403668e-13,Inf
4,760,400.0,8.587812875377244e-16,7.771032275544131e-13,Inf
4,761,400.0,8.166796338404365e-16,7.506397422088553e-13,Inf
4,762,400.0,8.295966940441204e-16,7.492749686048338e-13,Inf
4,763,400.0,8.159419067882223e-16,7.477616452078367e-13,Inf
4,764,400.0,8.19238009431736e-16,7.48296644312275e-13,Inf
4,765,400.0,8.260357534104006e-16,7.511743602716849e-13,Inf
4,766,400.0,8.35024806794944e-16,7.523518393128971e-13,Inf
4,767,400.0,8.235492192986379e-16,7.504613298662837e-13,Inf
4,768,400.0,8.238548741219671e-16,7.503732502677751e-13,Inf
4,769,400.0,8.329397831604471e-16,7.51508916812114e-13,Inf
4,770,400.0,8.239002798687854e-16,7.505353600541294e-13,Inf
4,771,400.0,8.274401204369357e-16,7.517329921713359e-13,Inf
4,772,400.0,8.3624195757138205e-16,7.528508480109247e-13,Inf
4,773,400.0,8.240464634820923e-16,7.5035031932932e-13,Inf
4,774,400.0,8.356815488294526e-16,7.605871641820605e-13,Inf
4,775,400.0,8.290138705364354e-16,7.508173814294018e-13,Inf
4,776,400.0,8.356917176644531e-16,7.52431756184691e-13,Inf
4,777,400.0,8.228176251088879e-16,7.500496923550435e-13,Inf
4,778,400.0,8.386580543879343e-16,7.533855967196474e-13,Inf
4,779,400.0,8.249331676140902e-16,7.499867195783968e-13,Inf
4,780,400.0,8.243796916053527e-16,7.50477199948398e-13,Inf
