ID,Resource,Zone,Village,technology,Total_MW,Start_MW,Change_in_MW,Electricity_GWh
1,pltd_bel1,1,1,diesel,0.0,0.2773,-0.2773,0.0
2,plts_bel1,1,1,solar,0.7481814296294477,0.0,0.7481814296294477,0.18263826951427264
3,batt_bel1,1,1,battery,0.20813776877248433,0.0,0.20813776877248433,0.062149507219273294
4,pltd_bel2,1,2,diesel,0.033786957119999995,0.846,-0.81221304288,0.010514807497600014
5,plts_bel2,1,2,solar,2.319470777899349,0.0,2.319470777899349,0.5615183365296248
6,batt_bel2,1,2,battery,0.9925517069649924,0.0,0.9925517069649924,0.2710835759729307
7,pltd_bel3,1,3,diesel,0.0,0.842,-0.842,0.0
8,plts_bel3,1,3,solar,2.2264729706449615,0.0,2.2264729706449615,0.5546126358092833
9,batt_bel3,1,3,battery,0.6319043877756199,0.0,0.6319043877756199,0.18872711899073916
10,pltd_bel4,1,4,diesel,0.015540261866666683,0.3891,-0.3735597381333333,0.004836264495999995
11,plts_bel4,1,4,solar,1.0597155947822932,0.0,1.0597155947822932,0.2582661965263454
12,batt_bel4,1,4,battery,0.4565187678318011,0.0,0.4565187678318011,0.12468548196688244
13,pltd_bel5,1,5,diesel,0.0,0.4381,-0.4381,0.0
14,plts_bel5,1,5,solar,1.1725778936763736,0.0,1.1725778936763736,0.28856860544681073
15,batt_bel5,1,5,battery,0.3288034784164566,0.0,0.3288034784164566,0.09819362718086316
16,pltd_bel6,1,6,diesel,0.01538002517333341,0.3851,-0.3697199748266666,0.004786357643200015
17,plts_bel6,1,6,solar,1.0617269081155738,0.0,1.0617269081155738,0.2556074287907283
18,batt_bel6,1,6,battery,0.4517860003019448,0.0,0.4517860003019448,0.12339947972445939
19,pltd_bel7,1,7,diesel,0.0,0.3586,-0.3586,0.0
20,plts_bel7,1,7,solar,0.9539658134919895,0.0,0.9539658134919895,0.2362110934924256
21,batt_bel7,1,7,battery,0.2691577650236925,0.0,0.2691577650236925,0.08037368934888965
22,pltd_bel8,1,8,diesel,0.028311831573333397,0.7089,-0.6805881684266666,0.008810805315199996
23,plts_bel8,1,8,solar,1.9191143728914706,0.0,1.9191143728914706,0.47052124171178855
24,batt_bel8,1,8,battery,0.8315436009950917,0.0,0.8315436009950917,0.22714860509663537
25,pltd_bel9,1,9,diesel,0.0,0.6833,-0.6833,0.0
26,plts_bel9,1,9,solar,1.8471212126039784,0.0,1.8471212126039784,0.4501035416933972
27,batt_bel9,1,9,battery,0.5128570002867647,0.0,0.5128570002867647,0.15316695587299153
28,pltd_bel10,1,10,diesel,0.01584755530666667,0.3968,-0.38095244469333334,0.004931817307200022
29,plts_bel10,1,10,solar,1.0940037016490307,0.0,1.0940037016490307,0.26337800508745923
30,batt_bel10,1,10,battery,0.46552030427652163,0.0,0.46552030427652163,0.12715086096640413
31,pltd_bel11,1,11,diesel,0.0,0.6602,-0.6602,0.0
32,plts_bel11,1,11,solar,1.7784844862196396,0.0,1.7784844862196396,0.434882140508371
33,batt_bel11,1,11,battery,0.4955806022355279,0.0,0.4955806022355279,0.14798191175966996
34,pltd_bel12,1,12,diesel,0.011344434880000047,0.284,-0.27265556511999994,0.0035305446624000034
35,plts_bel12,1,12,solar,0.7789634611096176,0.0,0.7789634611096176,0.18853544239800407
36,batt_bel12,1,12,battery,0.3332143339623987,0.0,0.3332143339623987,0.09101708431201806
37,pltd_bel13,1,13,diesel,0.0,0.2672,-0.2672,0.0
38,plts_bel13,1,13,solar,1.0639222778609252,0.0,1.0639222778609252,0.27664190000859756
39,batt_bel13,1,13,battery,0.3029524137387339,0.0,0.3029524137387339,0.09389776906115137
40,pltd_bel14,1,14,diesel,0.008206641919999993,0.2055,-0.19729335807999998,0.0025539964016000065
41,plts_bel14,1,14,solar,0.5665375861880292,0.0,0.5665375861880292,0.13639217317692454
42,batt_bel14,1,14,battery,0.2410726474020482,0.0,0.2410726474020482,0.06584600528166143
43,pltd_bel15,1,15,diesel,0.0,0.1749,-0.1749,0.0
44,plts_bel15,1,15,solar,0.7024562574011575,0.0,0.7024562574011575,0.1811156245781958
45,batt_bel15,1,15,battery,0.19834884926494473,0.0,0.19834884926494473,0.06147607050550046
46,pltd_bel16,1,16,diesel,0.01924670000000003,0.4908,-0.4715533,0.006062724500000012
47,plts_bel16,1,16,solar,1.3102335377696326,0.0,1.3102335377696326,0.3257462939760128
48,batt_bel16,1,16,battery,0.57569111807832,0.0,0.57569111807832,0.15729891177407096
49,pltd_bel17,1,17,diesel,0.0,0.2234,-0.2234,0.0
50,plts_bel17,1,17,solar,0.8929023690783535,0.0,0.8929023690783535,0.23131798492631003
51,batt_bel17,1,17,battery,0.2533678828311196,0.0,0.2533678828311196,0.07852098001893916
52,pltd_bel18,1,18,diesel,0.005086600000000009,0.1297,-0.1246134,0.0016022720000000053
53,plts_bel18,1,18,solar,0.3429776190261034,0.0,0.3429776190261034,0.08608839794651402
54,batt_bel18,1,18,battery,0.1521544747479411,0.0,0.1521544747479411,0.04156981574693656
55,pltd_bel19,1,19,diesel,0.0,0.203,-0.203,0.0
56,plts_bel19,1,19,solar,0.5589382841846593,0.0,0.5589382841846593,0.1337315738740216
57,batt_bel19,1,19,battery,0.15235880733649326,0.0,0.15235880733649326,0.04550518545163979
58,pltd_bel20,1,20,diesel,0.001751009244775169,0.0444,-0.04264899075522483,0.0005491509707013938
59,plts_bel20,1,20,solar,0.12342782661717043,0.0,0.12342782661717043,0.02944621209352321
60,batt_bel20,1,20,battery,0.05204962624013243,0.0,0.05204962624013243,0.01421827630506711
61,pltd_bel21,1,21,diesel,0.0,0.1664,-0.1664,0.0
62,plts_bel21,1,21,solar,0.45269066296028576,0.0,0.45269066296028576,0.10958337201159193
63,batt_bel21,1,21,battery,0.12486976021286479,0.0,0.12486976021286479,0.03729011377220971
64,pltd_bel22,1,22,diesel,0.004707250373333334,0.1183,-0.11359274962666667,0.0014685072892000025
65,plts_bel22,1,22,solar,0.332299491044073,0.0,0.332299491044073,0.0785227249431754
66,batt_bel22,1,22,battery,0.13878698902792863,0.0,0.13878698902792863,0.03791079867892293
67,pltd_bel23,1,23,diesel,0.0,0.1143,-0.1143,0.0
68,plts_bel23,1,23,solar,0.30841862065026043,0.0,0.30841862065026043,0.07528794611948682
69,batt_bel23,1,23,battery,0.08579992114896995,0.0,0.08579992114896995,0.02561970209592213
70,pltd_bel24,1,24,diesel,0.0026822427733333154,0.0672,-0.06451775722666668,0.0008346984911999997
71,plts_bel24,1,24,solar,0.1854934025067245,0.0,0.1854934025067245,0.04457806530088043
72,batt_bel24,1,24,battery,0.0787916003176786,0.0,0.0787916003176786,0.02152112952094326
73,pltd_bel25,1,25,diesel,0.0,0.049,-0.049,0.0
74,plts_bel25,1,25,solar,0.1360379897755054,0.0,0.1360379897755054,0.03226581690612983
75,batt_bel25,1,25,battery,0.03676816568819732,0.0,0.03676816568819732,0.010978870993152968
76,pltd_bel26,1,26,diesel,0.005475033173333365,0.1371,-0.13162496682666663,0.001703985483200006
77,plts_bel26,1,26,solar,0.38334768150025017,0.0,0.38334768150025017,0.09099615460614198
78,batt_bel26,1,26,battery,0.16084480690485353,0.0,0.16084480690485353,0.043929929336061824
79,pltd_bel27,1,27,diesel,0.0,0.1254,-0.1254,0.0
80,plts_bel27,1,27,solar,0.3507365144484083,0.0,0.3507365144484083,0.08259339854679205
81,batt_bel27,1,27,battery,0.09409875929338629,0.0,0.09409875929338629,0.02810580607555222
82,pltd_bel28,1,28,diesel,0.0036647063994603877,0.093,-0.08933529360053961,0.0011509861719433431
83,plts_bel28,1,28,solar,0.26184215045366,0.0,0.26184215045366,0.06175492482129206
84,batt_bel28,1,28,battery,0.10914334334664187,0.0,0.10914334334664187,0.029819136874551448
85,pltd_bel29,1,29,diesel,0.0,0.0662,-0.0662,0.0
86,plts_bel29,1,29,solar,0.18003488662668918,0.0,0.18003488662668918,0.04363066262047698
87,batt_bel29,1,29,battery,0.04972261101904809,0.0,0.04972261101904809,0.014847479481586637
88,pltd_bel30,1,30,diesel,0.002584666666666667,0.0508,-0.04821533333333333,0.0009639927137166304
89,plts_bel30,1,30,solar,0.14916458238700817,0.0,0.14916458238700817,0.03332817016319537
90,batt_bel30,1,30,battery,0.0584614677890071,0.0,0.0584614677890071,0.01597814618052465
91,pltd_bel31,1,31,diesel,0.0,0.1035,-0.1035,0.0
92,plts_bel31,1,31,solar,0.2945879104540127,0.0,0.2945879104540127,0.06818508208335744
93,batt_bel31,1,31,battery,0.0776874990781539,0.0,0.0776874990781539,0.02320353848016752
94,pltd_bel32,1,32,diesel,0.007893555555555551,0.1553,-0.14740644444444445,0.002960141333333332
95,plts_bel32,1,32,solar,0.43539636869777226,0.0,0.43539636869777226,0.10181447391971045
96,batt_bel32,1,32,battery,0.17791423286666824,0.0,0.17791423286666824,0.04880720420340443
97,pltd_bel33,1,33,diesel,0.0,0.0918,-0.0918,0.0
98,plts_bel33,1,33,solar,0.2553276869120064,0.0,0.2553276869120064,0.06047344346543583
99,batt_bel33,1,33,battery,0.06889267365430138,0.0,0.06889267365430138,0.020578471762662108
100,pltd_bel34,1,34,diesel,0.002952750186666663,0.0739,-0.07094724981333334,0.0009189197696000006
101,plts_bel34,1,34,solar,0.2067400334582839,0.0,0.2067400334582839,0.049076686005427535
102,batt_bel34,1,34,battery,0.08674203253669466,0.0,0.08674203253669466,0.023692735041557982
103,pltd_bel35,1,35,diesel,0.0,0.0758,-0.0758,0.0
104,plts_bel35,1,35,solar,0.20842021045737225,0.0,0.20842021045737225,0.04992147575342327
105,batt_bel35,1,35,battery,0.05688756088605962,0.0,0.05688756088605962,0.0169874890995928
106,pltd_bel36,1,36,diesel,0.0021583321599999883,0.0444,-0.04224166784000001,0.0008355618767999986
107,plts_bel36,1,36,solar,0.12394416703839024,0.0,0.12394416703839024,0.02911379704773901
108,batt_bel36,1,36,battery,0.05107913730878369,0.0,0.05107913730878369,0.013950699417511854
109,pltd_bel37,1,37,diesel,0.0,0.0776,-0.0776,0.0
110,plts_bel37,1,37,solar,0.2153686792525698,0.0,0.2153686792525698,0.051138345266334
111,batt_bel37,1,37,battery,0.05826639155138768,0.0,0.05826639155138768,0.017400932978027916
112,pltd_bel38,1,38,diesel,0.008002803067988314,0.1587,-0.1506971969320117,0.0029991117466826814
113,plts_bel38,1,38,solar,0.44397298166367777,0.0,0.44397298166367777,0.10403674219729664
114,batt_bel38,1,38,battery,0.18177269443402955,0.0,0.18177269443402955,0.04987991089004807
115,pltd_bel39,1,39,diesel,0.0,0.0712,-0.0712,0.0
116,plts_bel39,1,39,solar,0.19203219680762104,0.0,0.19203219680762104,0.046876902749829676
117,batt_bel39,1,39,battery,0.05342136032021531,0.0,0.05342136032021531,0.015951459111040487
118,pltd_bel40,1,40,diesel,0.003242111111111106,0.0638,-0.06055788888888889,0.0012121301111111084
119,plts_bel40,1,40,solar,0.17872505812702996,0.0,0.17872505812702996,0.041816404295277665
120,batt_bel40,1,40,battery,0.07306672002734826,0.0,0.07306672002734826,0.02004485585626969
121,pltd_bel41,1,41,diesel,0.0,0.069,-0.069,0.0
122,plts_bel41,1,41,solar,0.18937689180605782,0.0,0.18937689180605782,0.04545666559550511
123,batt_bel41,1,41,battery,0.05179141939572449,0.0,0.05179141939572449,0.015468409625231392
124,pltd_bel42,1,42,diesel,0.0031004531199999687,0.0776,-0.07449954688000003,0.0009648995775999964
125,plts_bel42,1,42,solar,0.21404402814133525,0.0,0.21404402814133525,0.051530470600476705
126,batt_bel42,1,42,battery,0.09108040751798119,0.0,0.09108040751798119,0.024877355616693506
127,pltd_bel43,1,43,diesel,0.0,0.1365,-0.1365,0.0
128,plts_bel43,1,43,solar,0.3717520367735381,0.0,0.3717520367735381,0.08989886194238213
129,batt_bel43,1,43,battery,0.1024398256811827,0.0,0.1024398256811827,0.0305913533281798
130,pltd_bel44,1,44,diesel,0.004269680959999993,0.1069,-0.10263031904,0.0013288185008000027
131,plts_bel44,1,44,solar,0.29886245070661566,0.0,0.29886245070661566,0.07095663800281142
132,batt_bel44,1,44,battery,0.12541465848879135,0.0,0.12541465848879135,0.03425617474385896
133,pltd_bel45,1,45,diesel,0.0,0.081,-0.081,0.0
134,plts_bel45,1,45,solar,0.22296968819508514,0.0,0.22296968819508514,0.053371451572380026
135,batt_bel45,1,45,battery,0.06081581306183211,0.0,0.06081581306183211,0.018162176685302435
136,pltd_bel46,1,46,diesel,0.004357297688888941,0.1094,-0.10504270231111106,0.0013582622573333311
137,plts_bel46,1,46,solar,0.30307267077248984,0.0,0.30307267077248984,0.07259219370440079
138,batt_bel46,1,46,battery,0.12829690500940294,0.0,0.12829690500940294,0.03504496127004181
139,pltd_bel47,1,47,diesel,0.0,0.1131,-0.1131,0.0
140,plts_bel47,1,47,solar,0.30509308644555255,0.0,0.30509308644555255,0.07447615129498926
141,batt_bel47,1,47,battery,0.08487489574374832,0.0,0.08487489574374832,0.02534341628176376
142,pltd_bel48,1,48,diesel,0.004301400000000017,0.1097,-0.1053986,0.0013549410000000047
143,plts_bel48,1,48,solar,0.3030464392809394,0.0,0.3030464392809394,0.07279680744086212
144,batt_bel48,1,48,battery,0.1286591434373915,0.0,0.1286591434373915,0.03515120523141732
145,pltd_bel49,1,49,diesel,0.0,0.1999,-0.1999,0.0
146,plts_bel49,1,49,solar,0.5239323658499856,0.0,0.5239323658499856,0.1317023458143352
147,batt_bel49,1,49,battery,0.15008675379287106,0.0,0.15008675379287106,0.044816360997743075
148,pltd_bel50,1,50,diesel,0.009375423573333326,0.2348,-0.2254245764266667,0.002917770475199987
149,plts_bel50,1,50,solar,0.6266722703036331,0.0,0.6266722703036331,0.15581866942389647
150,batt_bel50,1,50,battery,0.27539660257820575,0.0,0.27539660257820575,0.07522599258981263
151,pltd_bel51,1,51,diesel,0.0,0.1473,-0.1473,0.0
152,plts_bel51,1,51,solar,0.3962219003517978,0.0,0.3962219003517978,0.0970011437790216
153,batt_bel51,1,51,battery,0.11053623013044209,0.0,0.11053623013044209,0.03300862894919564
154,pltd_bel52,1,52,diesel,0.006398293013333326,0.1602,-0.15380170698666668,0.0019912297663999914
155,plts_bel52,1,52,solar,0.43115492289382745,0.0,0.43115492289382745,0.1063328472695558
156,batt_bel52,1,52,battery,0.1879454943293938,0.0,0.1879454943293938,0.051335157583548056
157,pltd_bel53,1,53,diesel,0.0,0.1374,-0.1374,0.0
158,plts_bel53,1,53,solar,0.36671833088179023,0.0,0.36671833088179023,0.09050725756028465
159,batt_bel53,1,53,battery,0.103118747858485,0.0,0.103118747858485,0.030797859597818594
160,pltd_bel54,1,54,diesel,0.0050447352533333325,0.1263,-0.12125526474666666,0.001569967201600003
161,plts_bel54,1,54,solar,0.33837369141638807,0.0,0.33837369141638807,0.08383950266488273
162,batt_bel54,1,54,battery,0.14819802409047983,0.0,0.14819802409047983,0.04047629099343078
163,pltd_bel55,1,55,diesel,0.0,0.2064,-0.2064,0.0
164,plts_bel55,1,55,solar,0.551988842483958,0.0,0.551988842483958,0.13596368372527862
165,batt_bel55,1,55,battery,0.1549021010273687,0.0,0.1549021010273687,0.04626494986117075
166,pltd_bel56,1,56,diesel,0.006302068855746493,0.1596,-0.1532979311442535,0.001975939229853385
167,plts_bel56,1,56,solar,0.4455894877144534,0.0,0.4455894877144534,0.10592325349330964
168,batt_bel56,1,56,battery,0.18719229914930308,0.0,0.18719229914930308,0.05114165176973822
169,pltd_bel57,1,57,diesel,0.0,0.1731,-0.1731,0.0
170,plts_bel57,1,57,solar,0.4738170943078461,0.0,0.4738170943078461,0.11404739554622316
171,batt_bel57,1,57,battery,0.12992948923041314,0.0,0.12992948923041314,0.038808870207833523
172,pltd_bel58,1,58,diesel,0.00989245301333333,0.2477,-0.23780754698666667,0.003078633566400005
173,plts_bel58,1,58,solar,0.676137958924622,0.0,0.676137958924622,0.1644062798624238
174,batt_bel58,1,58,battery,0.29056993477590987,0.0,0.29056993477590987,0.079368566956748
175,pltd_bel59,1,59,diesel,0.0,0.0783,-0.0783,0.0
176,plts_bel59,1,59,solar,0.21342768254933692,0.0,0.21342768254933692,0.051543980530687136
177,batt_bel59,1,59,battery,0.058728876716794554,0.0,0.058728876716794554,0.017538711382640633
178,pltd_bel60,1,60,diesel,0.01688126016000003,0.4227,-0.40581873984,0.005253555316800006
179,plts_bel60,1,60,solar,1.1618880456656173,0.0,1.1618880456656173,0.2805551564220123
180,batt_bel60,1,60,battery,0.4958157069090448,0.0,0.4958157069090448,0.13544582532116306
181,pltd_bel61,1,61,diesel,0.0,0.0558,-0.0558,0.0
182,plts_bel61,1,61,solar,0.15261917422237983,0.0,0.15261917422237983,0.036731039803109225
183,batt_bel61,1,61,battery,0.04185666951627037,0.0,0.04185666951627037,0.0124989904983832
184,pltd_bel62,1,62,diesel,0.011442905173333367,0.2865,-0.2750570948266666,0.003561219043200007
185,plts_bel62,1,62,solar,0.7824407182962113,0.0,0.7824407182962113,0.19017218725675172
186,batt_bel62,1,62,battery,0.3360857473773392,0.0,0.3360857473773392,0.09181140668410934
187,pltd_bel63,1,63,diesel,0.0,0.1131,-0.1131,0.0
188,plts_bel63,1,63,solar,0.30509308644555255,0.0,0.30509308644555255,0.07447615129498926
189,batt_bel63,1,63,battery,0.08487489574374832,0.0,0.08487489574374832,0.02534341628176376
190,pltd_bel64,1,64,diesel,0.00422028426666666,0.1057,-0.10147971573333334,0.0013134328479999973
191,plts_bel64,1,64,solar,0.28697364897001415,0.0,0.28697364897001415,0.07013884474586751
192,batt_bel64,1,64,battery,0.12397934614904896,0.0,0.12397934614904896,0.03386186084537407
193,pltd_bel65,1,65,diesel,0.0,0.0518,-0.0518,0.0
194,plts_bel65,1,65,solar,0.14073423893428655,0.0,0.14073423893428655,0.0340929256755265
195,batt_bel65,1,65,battery,0.03884356809069622,0.0,0.03884356809069622,0.01160126577451576
196,pltd_bel66,1,66,diesel,0.017543399999999966,0.4473,-0.4297566,0.0055261709999999895
197,plts_bel66,1,66,solar,1.234490151779188,0.0,1.234490151779188,0.29691340975914915
198,batt_bel66,1,66,battery,0.5247934253914771,0.0,0.5247934253914771,0.14337409315197844
199,pltd_bel67,1,67,diesel,0.0,0.3611,-0.3611,0.0
200,plts_bel67,1,67,solar,0.9521929635791321,0.0,0.9521929635791321,0.23783571142531215
201,batt_bel67,1,67,battery,0.27102629552333457,0.0,0.27102629552333457,0.08093192724989717
202,pltd_bel68,1,68,diesel,0.007271663786666727,0.1821,-0.1748283362133333,0.0022630086976000155
203,plts_bel68,1,68,solar,0.4887216652211707,0.0,0.4887216652211707,0.12085134076655248
204,batt_bel68,1,68,battery,0.21360763274241656,0.0,0.21360763274241656,0.05834409033892374
205,pltd_bel69,1,69,diesel,0.0,0.3444,-0.3444,0.0
206,plts_bel69,1,69,solar,0.9325158016685429,0.0,0.9325158016685429,0.22687885650802164
207,batt_bel69,1,69,battery,0.2585381219678064,0.0,0.2585381219678064,0.07720852263280416
208,pltd_bel70,1,70,diesel,0.002488282267785862,0.0632,-0.06071171773221414,0.000781418638117517
209,plts_bel70,1,70,solar,0.17645882777041794,0.0,0.17645882777041794,0.04191955432605692
210,batt_bel70,1,70,battery,0.07408201201659068,0.0,0.07408201201659068,0.020240658158592082
211,pltd_bel71,1,71,diesel,0.0,0.1485,-0.1485,0.0
212,plts_bel71,1,71,solar,0.40465446979786995,0.0,0.40465446979786995,0.09781243099238948
213,batt_bel71,1,71,battery,0.1114394136049051,0.0,0.1114394136049051,0.03328211761431275
214,pltd_bel72,1,72,diesel,0.005104748266666663,0.1288,-0.12369525173333333,0.001596617567999996
215,plts_bel72,1,72,solar,0.3550415465209584,0.0,0.3550415465209584,0.08547511504449913
216,batt_bel72,1,72,battery,0.15107736270929661,0.0,0.15107736270929661,0.04126877567720869
217,pltd_bel73,1,73,diesel,0.0,0.0986,-0.0986,0.0
218,plts_bel73,1,73,solar,0.2721845084039327,0.0,0.2721845084039327,0.06493843325783044
219,batt_bel73,1,73,battery,0.07399851008772722,0.0,0.07399851008772722,0.022096998181169752
220,pltd_bel74,1,74,diesel,0.028410101866672595,0.7113,-0.6828898981333275,0.008841514696000634
221,plts_bel74,1,74,solar,1.968043162017125,0.0,1.968043162017125,0.4721590823112521
222,batt_bel74,1,74,battery,0.8346519777155279,0.0,0.8346519777155279,0.22794954405038617
223,pltd_bel75,1,75,diesel,0.0,0.1528,-0.1528,0.0
224,plts_bel75,1,75,solar,0.41233158930341124,0.0,0.41233158930341124,0.10065409933221997
225,batt_bel75,1,75,battery,0.1147075287944599,0.0,0.1147075287944599,0.03425140177858711
226,pltd_bel76,1,76,diesel,0.002732064365714293,0.0687,-0.0659679356342857,0.0008527187584000013
227,plts_bel76,1,76,solar,0.1904215426892587,0.0,0.1904215426892587,0.045600455823812745
228,batt_bel76,1,76,battery,0.08059901923318899,0.0,0.08059901923318899,0.02201629991656816
229,pltd_bel77,1,77,diesel,0.0,0.3149,-0.3149,0.0
230,plts_bel77,1,77,solar,0.7981701567725106,0.0,0.7981701567725106,0.2073965335357691
231,batt_bel77,1,77,battery,0.23631497729970807,0.0,0.23631497729970807,0.07057625692106104
232,pltd_bel78,1,78,diesel,0.003914600000000004,0.0998,-0.0958854,0.0012330500000000007
233,plts_bel78,1,78,solar,0.2794040897895949,0.0,0.2794040897895949,0.06625342103888923
234,batt_bel78,1,78,battery,0.11709364745000064,0.0,0.11709364745000064,0.03199219629762922
235,pltd_bel79,1,79,diesel,0.0,0.0662,-0.0662,0.0
236,plts_bel79,1,79,solar,0.18010500988731146,0.0,0.18010500988731146,0.04363051068720516
237,batt_bel79,1,79,battery,0.04971000833845744,0.0,0.04971000833845744,0.014846642265953416
238,pltd_bel80,1,80,diesel,0.00429573818666668,0.1078,-0.10350426181333333,0.001339156509600006
239,plts_bel80,1,80,solar,0.28635851132794876,0.0,0.28635851132794876,0.07157000156221455
240,batt_bel80,1,80,battery,0.1264858700201205,0.0,0.1264858700201205,0.03455282840093656
241,pltd_bel81,1,81,diesel,0.0,0.1673,-0.1673,0.0
242,plts_bel81,1,81,solar,0.4501536358178023,0.0,0.4501536358178023,0.11019184808165955
243,batt_bel81,1,81,battery,0.12555267449248278,0.0,0.12555267449248278,0.03749675478331136
244,pltd_kup82,1,82,diesel,0.02666312960000005,0.6676,-0.6409368703999999,0.00829778560800005
245,plts_kup82,1,82,solar,1.7747718803825447,0.0,1.7747718803825447,0.4431204756568485
246,batt_kup82,1,82,battery,0.7832287259749707,0.0,0.7832287259749707,0.213922118594843
247,pltd_kup83,1,83,diesel,0.0,0.3666,-0.3666,0.0
248,plts_kup83,1,83,solar,0.9538796713653159,0.0,0.9538796713653159,0.24148875622526597
249,batt_kup83,1,83,battery,0.2751331451995363,0.0,0.2751331451995363,0.0821742661163092
250,pltd_kup84,1,84,diesel,0.019292323626666767,0.4831,-0.4638076763733332,0.006004052980800005
251,plts_kup84,1,84,solar,1.284191748325246,0.0,1.284191748325246,0.3206335546027818
252,batt_kup84,1,84,battery,0.5667301927187788,0.0,0.5667301927187788,0.1547900044136956
253,pltd_kup85,1,85,diesel,0.0,0.0739,-0.0739,0.0
254,plts_kup85,1,85,solar,0.19237974140574882,0.0,0.19237974140574882,0.04870377875703034
255,batt_kup85,1,85,battery,0.05548953841992965,0.0,0.05548953841992965,0.016573188442426112
256,pltd_kup86,1,86,diesel,0.018690168106666624,0.468,-0.4493098318933334,0.005816569651200002
257,plts_kup86,1,86,solar,1.2440595505310639,0.0,1.2440595505310639,0.31061360392966675
258,batt_kup86,1,86,battery,0.5490188458228548,0.0,0.5490188458228548,0.149952696148734
259,pltd_kup87,1,87,diesel,0.0,0.4279,-0.4279,0.0
260,plts_kup87,1,87,solar,1.1133928547154204,0.0,1.1133928547154204,0.28187187938545843
261,batt_kup87,1,87,battery,0.32114273064488613,0.0,0.32114273064488613,0.09591585203028671
262,pltd_kup88,1,88,diesel,0.007899061333333356,0.1978,-0.18990093866666666,0.002458287440000009
263,plts_kup88,1,88,solar,0.5257978550221062,0.0,0.5257978550221062,0.13127980137798903
264,batt_kup88,1,88,battery,0.23204109520227173,0.0,0.23204109520227173,0.06337704788246018
265,pltd_kup89,1,89,diesel,0.0,0.9427,-0.9427,0.0
266,plts_kup89,1,89,solar,2.452828997319399,0.0,2.452828997319399,0.620969962540566
267,batt_kup89,1,89,battery,0.7074827742458009,0.0,0.7074827742458009,0.2113043911662452
268,pltd_kup90,1,90,diesel,0.012070461760000038,0.3022,-0.29012953824,0.003756430484800004
269,plts_kup90,1,90,solar,0.803438254177974,0.0,0.803438254177974,0.20060042253434052
270,batt_kup90,1,90,battery,0.3545677368973,0.0,0.3545677368973,0.09684244310547226
271,pltd_kup91,1,91,diesel,0.0,0.2862,-0.2862,0.0
272,plts_kup91,1,91,solar,0.7446668019123939,0.0,0.7446668019123939,0.18852342197279082
273,batt_kup91,1,91,battery,0.21478888346013794,0.0,0.21478888346013794,0.06415098124589945
274,pltd_kup92,1,92,diesel,0.0095621815470942,0.2412,-0.2316378184529058,0.0029906080624448866
275,plts_kup92,1,92,solar,0.6412769245353674,0.0,0.6412769245353674,0.16011231703112994
276,batt_kup92,1,92,battery,0.2830033824800332,0.0,0.2830033824800332,0.07730382300551224
277,pltd_kup93,1,93,diesel,0.0,1.0783,-1.0783,0.0
278,plts_kup93,1,93,solar,2.805525943971039,0.0,2.805525943971039,0.7102604145002392
279,batt_kup93,1,93,battery,0.8092140600245273,0.0,0.8092140600245273,0.241688541902277
280,pltd_kup94,1,94,diesel,0.006324192853333314,0.1583,-0.15197580714666667,0.001968133249599991
281,plts_kup94,1,94,solar,0.42096568847673255,0.0,0.42096568847673255,0.10510560486693633
282,batt_kup94,1,94,battery,0.18577744848057848,0.0,0.18577744848057848,0.05074110204841351
283,pltd_kup95,1,95,diesel,0.0,0.053,-0.053,0.0
284,plts_kup95,1,95,solar,0.1344762638358129,0.0,0.1344762638358129,0.03490390597414611
285,batt_kup95,1,95,battery,0.03976913212891892,0.0,0.03976913212891892,0.011877074795034406
286,pltd_kup96,1,96,diesel,0.0021401746383855223,0.0542,-0.05205982536161448,0.0006711993370304796
287,plts_kup96,1,96,solar,0.14157345387844192,0.0,0.14157345387844192,0.03598959221018932
288,batt_kup96,1,96,battery,0.06360923123429982,0.0,0.06360923123429982,0.017377419539950204
289,pltd_kup97,1,97,diesel,0.0,0.101,-0.101,0.0
290,plts_kup97,1,97,solar,0.25790152790038756,0.0,0.25790152790038756,0.06656108321152965
291,batt_kup97,1,97,battery,0.07583385120166707,0.0,0.07583385120166707,0.022648403280217798
292,pltd_kup98,1,98,diesel,0.002091436266761655,0.0524,-0.050308563733238346,0.0006509408080099758
293,plts_kup98,1,98,solar,0.13639461546083156,0.0,0.13639461546083156,0.034762648180037034
294,batt_kup98,1,98,battery,0.061441051590371096,0.0,0.061441051590371096,0.01678234860086561
295,pltd_kup99,1,99,diesel,0.0,0.0558,-0.0558,0.0
296,plts_kup99,1,99,solar,0.1417818402770381,0.0,0.1417818402770381,0.03673102437141947
297,batt_kup99,1,99,battery,0.04185023213494941,0.0,0.04185023213494941,0.012498905463342778
298,pltd_kup100,1,100,diesel,0.008981885973333317,0.2249,-0.21591811402666666,0.0027952490272000006
299,plts_kup100,1,100,solar,0.5870003407834357,0.0,0.5870003407834357,0.1492741486939967
300,batt_kup100,1,100,battery,0.26381572406510895,0.0,0.26381572406510895,0.07206179464076097
301,pltd_kup101,1,101,diesel,0.0,0.1201,-0.1201,0.0
302,plts_kup101,1,101,solar,0.3078370575977962,0.0,0.3078370575977962,0.0791436761601486
303,batt_kup101,1,101,battery,0.09017548399653891,0.0,0.09017548399653891,0.02693220642399721
304,pltd_kup102,1,102,diesel,0.005856719146666656,0.1466,-0.14074328085333335,0.0018226655103999916
305,plts_kup102,1,102,solar,0.38699372594610365,0.0,0.38699372594610365,0.09733537207005294
306,batt_kup102,1,102,battery,0.17202201998275118,0.0,0.17202201998275118,0.046990720531870894
307,pltd_kup103,1,103,diesel,0.0,0.1784,-0.1784,0.0
308,plts_kup103,1,103,solar,0.4597525681834481,0.0,0.4597525681834481,0.11749767654345293
309,batt_kup103,1,103,battery,0.1338878499782882,0.0,0.1338878499782882,0.03998493086965224
310,pltd_kup104,1,104,diesel,0.00834419687740327,0.2095,-0.20115580312259673,0.0026015076721273493
311,plts_kup104,1,104,solar,0.5508644380409932,0.0,0.5508644380409932,0.13905047097788628
312,batt_kup104,1,104,battery,0.2457772187093561,0.0,0.2457772187093561,0.06713214672685008
313,pltd_kup105,1,105,diesel,0.0,0.1201,-0.1201,0.0
314,plts_kup105,1,105,solar,0.306961716801534,0.0,0.306961716801534,0.0791438166582528
315,batt_kup105,1,105,battery,0.09017943900976415,0.0,0.09017943900976415,0.02693298062724709
316,pltd_kup106,1,106,diesel,0.0031374903466666656,0.0786,-0.07546250965333334,0.0009764674863999974
317,plts_kup106,1,106,solar,0.20568324306131153,0.0,0.20568324306131153,0.05214385361522758
318,batt_kup106,1,106,battery,0.09216136582668968,0.0,0.09216136582668968,0.02517335273709375
319,pltd_kup107,1,107,diesel,0.0,0.0801,-0.0801,0.0
320,plts_kup107,1,107,solar,0.20449302889106147,0.0,0.20449302889106147,0.052762146153509895
321,batt_kup107,1,107,battery,0.06012911517247766,0.0,0.06012911517247766,0.017954668616736825
322,pltd_kup108,1,108,diesel,0.00455230165333338,0.114,-0.10944769834666662,0.0014167196736000114
323,plts_kup108,1,108,solar,0.303030168776721,0.0,0.303030168776721,0.0756597320137237
324,batt_kup108,1,108,battery,0.13373127696225107,0.0,0.13373127696225107,0.03652572351660659
325,pltd_kup109,1,109,diesel,0.0,0.1325,-0.1325,0.0
326,plts_kup109,1,109,solar,0.3356021881838604,0.0,0.3356021881838604,0.08726113311756305
327,batt_kup109,1,109,battery,0.09942066687093105,0.0,0.09942066687093105,0.029693900283237852
328,pltd_kup110,1,110,diesel,0.003666663786666644,0.0918,-0.08813333621333336,0.0011411046975999977
329,plts_kup110,1,110,solar,0.2411401162460258,0.0,0.2411401162460258,0.06093702642284088
330,batt_kup110,1,110,battery,0.10770195195515317,0.0,0.10770195195515317,0.029419349299096165
331,pltd_kup111,1,111,diesel,0.0,0.1593,-0.1593,0.0
332,plts_kup111,1,111,solar,0.41356663798140336,0.0,0.41356663798140336,0.10491590069629513
333,batt_kup111,1,111,battery,0.11954560892769983,0.0,0.11954560892769983,0.03570223587854286
334,pltd_kup112,1,112,diesel,0.007050163306666702,0.1765,-0.1694498366933333,0.0021940481472000044
335,plts_kup112,1,112,solar,0.47794464496599215,0.0,0.47794464496599215,0.11717017065784387
336,batt_kup112,1,112,battery,0.20710011044394244,0.0,0.20710011044394244,0.05656453070696068
337,pltd_kup113,1,113,diesel,0.0,0.2535,-0.2535,0.0
338,plts_kup113,1,113,solar,0.6522254503279145,0.0,0.6522254503279145,0.1670125012734876
339,batt_kup113,1,113,battery,0.1902991260946845,0.0,0.1902991260946845,0.05682966147578094
340,pltd_kup114,1,114,diesel,0.0049618485333333085,0.1269,-0.1219381514666667,0.0015663600960000002
341,plts_kup114,1,114,solar,0.33509184288769384,0.0,0.33509184288769384,0.08424789622512563
342,batt_kup114,1,114,battery,0.14891120706128977,0.0,0.14891120706128977,0.04068221776953608
343,pltd_kup115,1,115,diesel,0.0,0.1279,-0.1279,0.0
344,plts_kup115,1,115,solar,0.328292306225562,0.0,0.328292306225562,0.08421695663296588
345,batt_kup115,1,115,battery,0.09594917908284373,0.0,0.09594917908284373,0.028656969446239
346,pltd_kup116,1,116,diesel,0.005229613973333348,0.1309,-0.12567038602666664,0.0016274244671999948
347,plts_kup116,1,116,solar,0.3462357200171893,0.0,0.3462357200171893,0.08690624952797359
348,batt_kup116,1,116,battery,0.15359998229115585,0.0,0.15359998229115585,0.04195482466090438
349,pltd_kup117,1,117,diesel,0.0,0.1922,-0.1922,0.0
350,plts_kup117,1,117,solar,0.49990845086786745,0.0,0.49990845086786745,0.12662921016539502
351,batt_kup117,1,117,battery,0.14430046841090835,0.0,0.14430046841090835,0.04308776726556207
352,pltd_kup118,1,118,diesel,0.005364599999999989,0.1368,-0.1314354,0.001689799999999996
353,plts_kup118,1,118,solar,0.3616761282518312,0.0,0.3616761282518312,0.09079170616471091
354,batt_kup118,1,118,battery,0.16047797484826365,0.0,0.16047797484826365,0.04384133864720903
355,pltd_kup119,1,119,diesel,0.0,0.1152,-0.1152,0.0
356,plts_kup119,1,119,solar,0.2984956232603673,0.0,0.2984956232603673,0.07589621355967682
357,batt_kup119,1,119,battery,0.08647758729677563,0.0,0.08647758729677563,0.025825502052802467
358,pltd_kup120,1,120,diesel,0.005536825280000035,0.1386,-0.13306317471999995,0.0017230876544000037
359,plts_kup120,1,120,solar,0.3627090785157109,0.0,0.3627090785157109,0.09201855138755928
360,batt_kup120,1,120,battery,0.16264715550630635,0.0,0.16264715550630635,0.04442295156454641
361,pltd_kup121,1,121,diesel,0.0,0.1913,-0.1913,0.0
362,plts_kup121,1,121,solar,0.4859668106722611,0.0,0.4859668106722611,0.12602052457008223
363,batt_kup121,1,121,battery,0.14357662102593624,0.0,0.14357662102593624,0.042882748933057074
364,pltd_kup122,1,122,diesel,0.005708977935238063,0.1433,-0.13759102206476195,0.0017792716831999927
365,plts_kup122,1,122,solar,0.3741962916670094,0.0,0.3741962916670094,0.09508570841762644
366,batt_kup122,1,122,battery,0.1680469636252252,0.0,0.1680469636252252,0.04590424005559566
367,pltd_kup123,1,123,diesel,0.0,0.134,-0.134,0.0
368,plts_kup123,1,123,solar,0.3498483425494542,0.0,0.3498483425494542,0.08827541306412252
369,batt_kup123,1,123,battery,0.1005907155021692,0.0,0.1005907155021692,0.03003955740542518
370,pltd_kup124,1,124,diesel,0.005598201920000015,0.1402,-0.13460179807999997,0.0017422092015999997
371,plts_kup124,1,124,solar,0.374634203148494,0.0,0.374634203148494,0.09304108337559626
372,batt_kup124,1,124,battery,0.16446308526196285,0.0,0.16446308526196285,0.04491713419100844
373,pltd_kup125,1,125,diesel,0.0,0.1953,-0.1953,0.0
374,plts_kup125,1,125,solar,0.505648621704955,0.0,0.505648621704955,0.12865804434440348
375,batt_kup125,1,125,battery,0.14657527518141308,0.0,0.14657527518141308,0.043777815689354245
376,pltd_kup126,1,126,diesel,0.0059800519466666644,0.1497,-0.14371994805333332,0.001861018454399996
377,plts_kup126,1,126,solar,0.39920703423773574,0.0,0.39920703423773574,0.09937977331196789
378,batt_kup126,1,126,battery,0.17565656793883053,0.0,0.17565656793883053,0.04797573057717302
379,pltd_kup127,1,127,diesel,0.0,0.2585,-0.2585,0.0
380,plts_kup127,1,127,solar,0.6768198070779257,0.0,0.6768198070779257,0.17025916630095128
381,batt_kup127,1,127,battery,0.19399090569867186,0.0,0.19399090569867186,0.05793536530392633
382,pltd_kup128,1,128,diesel,0.008816574251970325,0.2234,-0.21458342574802966,0.00276527729645689
383,plts_kup128,1,128,solar,0.5837049987150228,0.0,0.5837049987150228,0.14825232012029743
384,batt_kup128,1,128,battery,0.262076443156027,0.0,0.262076443156027,0.07158288875184894
385,pltd_kup129,1,129,diesel,0.0,0.1944,-0.1944,0.0
386,plts_kup129,1,129,solar,0.5126575053888737,0.0,0.5126575053888737,0.12804995119201562
387,batt_kup129,1,129,battery,0.14592015503128525,0.0,0.14592015503128525,0.0435735932976694
388,pltd_kup130,1,130,diesel,0.006225819946666652,0.1559,-0.14967418005333336,0.0019375040944000015
389,plts_kup130,1,130,solar,0.4100153888489031,0.0,0.4100153888489031,0.10346980056163
390,batt_kup130,1,130,battery,0.18287504122390916,0.0,0.18287504122390916,0.04995120883374872
391,pltd_kup131,1,131,diesel,0.0,0.1805,-0.1805,0.0
392,plts_kup131,1,131,solar,0.4628790920551682,0.0,0.4628790920551682,0.11891882299480372
393,batt_kup131,1,131,battery,0.1355191753541521,0.0,0.1355191753541521,0.04046836221094981
394,pltd_kup132,1,132,diesel,0.005881412373333357,0.1473,-0.14141858762666662,0.001830326299200001
395,plts_kup132,1,132,solar,0.39994957926051405,0.0,0.39994957926051405,0.09774443223155617
396,batt_kup132,1,132,battery,0.17275313913471887,0.0,0.17275313913471887,0.047189084237187644
397,pltd_kup133,1,133,diesel,0.0,0.1226,-0.1226,0.0
398,plts_kup133,1,133,solar,0.3091083221491225,0.0,0.3091083221491225,0.08076703713767308
399,batt_kup133,1,133,battery,0.09201809037677616,0.0,0.09201809037677616,0.027482900810719302
400,pltd_kup134,1,134,diesel,0.0076342039822221664,0.1916,-0.18396579601777782,0.002379804418133329
401,plts_kup134,1,134,solar,0.49672856342647176,0.0,0.49672856342647176,0.1271904364826193
402,batt_kup134,1,134,battery,0.22481598184466695,0.0,0.22481598184466695,0.061407083564216716
403,pltd_kup135,1,135,diesel,0.0,0.2844,-0.2844,0.0
404,plts_kup135,1,135,solar,0.7125397784850785,0.0,0.7125397784850785,0.18730504655446117
405,batt_kup135,1,135,battery,0.21343049005323803,0.0,0.21343049005323803,0.06373417653447895
406,pltd_kup136,1,136,diesel,0.005536825280000007,0.1386,-0.13306317471999998,0.001723087654400001
407,plts_kup136,1,136,solar,0.3561570208892996,0.0,0.3561570208892996,0.0920184246232972
408,batt_kup136,1,136,battery,0.16265850565614115,0.0,0.16265850565614115,0.044422253040643934
409,pltd_kup137,1,137,diesel,0.0,0.0613,-0.0613,0.0
410,plts_kup137,1,137,solar,0.15951362182808018,0.0,0.15951362182808018,0.04038323416738154
411,batt_kup137,1,137,battery,0.04600885603010828,0.0,0.04600885603010828,0.013741580443175427
412,pltd_kup138,1,138,diesel,0.002334854573350205,0.0591,-0.056765145426649795,0.0007322757302017713
413,plts_kup138,1,138,solar,0.16550789443930103,0.0,0.16550789443930103,0.03926144152323062
414,batt_kup138,1,138,battery,0.06939854244906725,0.0,0.06939854244906725,0.018957549923850292
415,pltd_kup139,1,139,diesel,0.0,0.2061,-0.2061,0.0
416,plts_kup139,1,139,solar,0.5395391738196748,0.0,0.5395391738196748,0.13576143670454088
417,batt_kup139,1,139,battery,0.15470532922098854,0.0,0.15470532922098854,0.04619843350731407
418,pltd_kup140,1,140,diesel,0.0015871817600000035,0.0397,-0.03811281824,0.0004939740848000019
419,plts_kup140,1,140,solar,0.10864558792906563,0.0,0.10864558792906563,0.026378760035461135
420,batt_kup140,1,140,battery,0.046624700101867395,0.0,0.046624700101867395,0.012735003391855603
421,pltd_kup141,1,141,diesel,0.0,0.0887,-0.0887,0.0
422,plts_kup141,1,141,solar,0.2540092384048084,0.0,0.2540092384048084,0.058444274438694814
423,batt_kup141,1,141,battery,0.06659978182125684,0.0,0.06659978182125684,0.01988842968822455
424,pltd_kup142,1,142,diesel,0.006229679893354839,0.1217,-0.11547032010664517,0.002321008748602166
425,plts_kup142,1,142,solar,0.35717453890523915,0.0,0.35717453890523915,0.07978656114985344
426,batt_kup142,1,142,battery,0.139965077324403,0.0,0.139965077324403,0.03824968961413047
427,pltd_kup143,1,143,diesel,0.0,0.1577,-0.1577,0.0
428,plts_kup143,1,143,solar,0.4107105025695244,0.0,0.4107105025695244,0.1039015429400383
429,batt_kup143,1,143,battery,0.11839816693462578,0.0,0.11839816693462578,0.035356767159169356
430,pltd_kup144,1,144,diesel,0.004710768575999998,0.1183,-0.113589231424,0.0014688767004800015
431,plts_kup144,1,144,solar,0.3246652485999311,0.0,0.3246652485999311,0.07852258238328369
432,batt_kup144,1,144,battery,0.13879764647439688,0.0,0.13879764647439688,0.03790964370323955
433,pltd_kup145,1,145,diesel,0.0,0.1205,-0.1205,0.0
434,plts_kup145,1,145,solar,0.3129173408532921,0.0,0.3129173408532921,0.07934582428548755
435,batt_kup145,1,145,battery,0.09040520838141988,0.0,0.09040520838141988,0.026999103573198683
436,pltd_kup146,1,146,diesel,0.004220776879147077,0.106,-0.10177922312085291,0.0013159905723104473
437,plts_kup146,1,146,solar,0.28702546137132334,0.0,0.28702546137132334,0.0703433048483164
438,batt_kup146,1,146,battery,0.12433303487100761,0.0,0.12433303487100761,0.033961789539766356
439,pltd_kup147,1,147,diesel,0.0,0.0462,-0.0462,0.0
440,plts_kup147,1,147,solar,0.12584917374229032,0.0,0.12584917374229032,0.030439794068751216
441,batt_kup147,1,147,battery,0.03468267283845436,0.0,0.03468267283845436,0.010358448566347874
442,pltd_kup148,1,148,diesel,0.0017462509866666613,0.0441,-0.04235374901333334,0.0005461523536000006
443,plts_kup148,1,148,solar,0.12109290441954718,0.0,0.12109290441954718,0.02924164913454451
444,batt_kup148,1,148,battery,0.05168440951956525,0.0,0.05168440951956525,0.014118698596129653
445,pltd_kup149,1,149,diesel,0.0,0.0872,-0.0872,0.0
446,plts_kup149,1,149,solar,0.25049418726512507,0.0,0.25049418726512507,0.05742929934915163
447,batt_kup149,1,149,battery,0.06544520126247835,0.0,0.06544520126247835,0.019541719288554284
448,pltd_kup150,1,150,diesel,0.008579709760000007,0.1676,-0.15902029024,0.0032013775248000017
449,plts_kup150,1,150,solar,0.4755634920117327,0.0,0.4755634920117327,0.1098832539657034
450,batt_kup150,1,150,battery,0.1927787213977798,0.0,0.1927787213977798,0.05267839027579476
451,pltd_kup151,1,151,diesel,0.0,0.1001,-0.1001,0.0
452,plts_kup151,1,151,solar,0.2806915537920124,0.0,0.2806915537920124,0.06595263479842942
453,batt_kup151,1,151,battery,0.07515912201206465,0.0,0.07515912201206465,0.02244222325384547
454,pltd_kup152,1,152,diesel,0.005980051946666679,0.1497,-0.14371994805333332,0.0018610184544000084
455,plts_kup152,1,152,solar,0.39803346523590777,0.0,0.39803346523590777,0.09937999634943417
456,batt_kup152,1,152,battery,0.17565740515630204,0.0,0.17565740515630204,0.04797695960654463
457,pltd_kup153,1,153,diesel,0.0,0.0625,-0.0625,0.0
458,plts_kup153,1,153,solar,0.1627197657416909,0.0,0.1627197657416909,0.04119491695004202
459,batt_kup153,1,153,battery,0.04693436743919741,0.0,0.04693436743919741,0.014017866026794064
460,pltd_kup154,1,154,diesel,0.004072571093333365,0.102,-0.09792742890666663,0.0012674449648000048
461,plts_kup154,1,154,solar,0.2800216146193425,0.0,0.2800216146193425,0.06768498486434453
462,batt_kup154,1,154,battery,0.11963350913708908,0.0,0.11963350913708908,0.03267712806893191
463,pltd_kup155,1,155,diesel,0.0,0.1248,-0.1248,0.0
464,plts_kup155,1,155,solar,0.3503374585603335,0.0,0.3503374585603335,0.08218748615845317
465,batt_kup155,1,155,battery,0.09366099255065473,0.0,0.09366099255065473,0.02796804351897624
466,pltd_kup156,1,156,diesel,0.004056444444444444,0.0798,-0.07574355555555555,0.0015119102222222204
467,plts_kup156,1,156,solar,0.22780583986072606,0.0,0.22780583986072606,0.05231563505142039
468,batt_kup156,1,156,battery,0.09178859310964725,0.0,0.09178859310964725,0.025082688418764397
469,pltd_kup157,1,157,diesel,0.0,0.1593,-0.1593,0.0
470,plts_kup157,1,157,solar,0.4314027877653302,0.0,0.4314027877653302,0.1049157774956075
471,batt_kup157,1,157,battery,0.11953157258728772,0.0,0.11953157258728772,0.035701556991420316
472,pltd_kup158,1,158,diesel,0.0032763640995151183,0.0832,-0.07992363590048487,0.0010290382304490888
473,plts_kup158,1,158,solar,0.2192730988928526,0.0,0.2192730988928526,0.05521137542429311
474,batt_kup158,1,158,battery,0.09759471468913633,0.0,0.09759471468913633,0.026659791440916167
475,pltd_kup159,1,159,diesel,0.0,0.0721,-0.0721,0.0
476,plts_kup159,1,159,solar,0.1965249549836062,0.0,0.1965249549836062,0.047486089042742784
477,batt_kup159,1,159,battery,0.05410619848534412,0.0,0.05410619848534412,0.016159236495947176
478,pltd_kup160,1,160,diesel,0.00678815575503459,0.1756,-0.16881184424496543,0.0021589213542786284
479,plts_kup160,1,160,solar,0.44403555345501194,0.0,0.44403555345501194,0.11661121949412652
480,batt_kup160,1,160,battery,0.20657717634940814,0.0,0.20657717634940814,0.0562840161586508
481,pltd_kup161,1,161,diesel,0.0,0.1651,-0.1651,0.0
482,plts_kup161,1,161,solar,0.42709469917595305,0.0,0.42709469917595305,0.10877111128309434
483,batt_kup161,1,161,battery,0.12393138924843179,0.0,0.12393138924843179,0.03701126063290277
484,pltd_kup162,1,162,diesel,0.004650997653333351,0.1165,-0.11184900234666666,0.0014473477536000017
485,plts_kup162,1,162,solar,0.3162427563547639,0.0,0.3162427563547639,0.07729595586828054
486,batt_kup162,1,162,battery,0.1366214220162108,0.0,0.1366214220162108,0.03731738267682104
487,pltd_kup163,1,163,diesel,0.0,0.0989,-0.0989,0.0
488,plts_kup163,1,163,solar,0.2644846432087617,0.0,0.2644846432087617,0.06514087492060144
489,batt_kup163,1,163,battery,0.07422857978254073,0.0,0.07422857978254073,0.022165512843731083
490,pltd_kup164,1,164,diesel,0.003519007039999984,0.0881,-0.08458099296000002,0.0010951017391999977
491,plts_kup164,1,164,solar,0.24545692603716243,0.0,0.24545692603716243,0.05848288874678961
492,batt_kup164,1,164,battery,0.10337501213149577,0.0,0.10337501213149577,0.02823358128217196
493,pltd_kup165,1,165,diesel,0.0,0.0998,-0.0998,0.0
494,plts_kup165,1,165,solar,0.27116035220197626,0.0,0.27116035220197626,0.06574944370396286
495,batt_kup165,1,165,battery,0.0749248841865882,0.0,0.0749248841865882,0.022372973327045496
496,pltd_kup166,1,166,diesel,0.0038758407466666744,0.097,-0.09312415925333332,0.0012062442784000012
497,plts_kup166,1,166,solar,0.2641070223020088,0.0,0.2641070223020088,0.0644129084310539
498,batt_kup166,1,166,battery,0.11384288826364675,0.0,0.11384288826364675,0.031096624190636638
499,pltd_kup167,1,167,diesel,0.0,0.0582,-0.0582,0.0
500,plts_kup167,1,167,solar,0.14961331063743544,0.0,0.14961331063743544,0.03835355171787933
501,batt_kup167,1,167,battery,0.043701357817333406,0.0,0.043701357817333406,0.013050869278730894
502,pltd_kup168,1,168,diesel,0.004192800000000019,0.1069,-0.10270719999999997,0.0013207460000000065
503,plts_kup168,1,168,solar,0.29805782674240594,0.0,0.29805782674240594,0.07095655248131782
504,batt_kup168,1,168,battery,0.1253975923599509,0.0,0.1253975923599509,0.034263775985595116
505,pltd_kup169,1,169,diesel,0.0,0.3466,-0.3466,0.0
506,plts_kup169,1,169,solar,0.9009397900653916,0.0,0.9009397900653916,0.22829814280257027
507,batt_kup169,1,169,battery,0.26012850832339257,0.0,0.26012850832339257,0.07768602390166339
508,pltd_kup170,1,170,diesel,0.010101737876931954,0.2557,-0.24559826212306804,0.003166632477077862
509,plts_kup170,1,170,solar,0.6885871207657484,0.0,0.6885871207657484,0.16972269806905085
510,batt_kup170,1,170,battery,0.2999685720640114,0.0,0.2999685720640114,0.08194553919508811
511,pltd_kup171,1,171,diesel,0.0,0.2255,-0.2255,0.0
512,plts_kup171,1,171,solar,0.5935322703708392,0.0,0.5935322703708392,0.14854640767351585
513,batt_kup171,1,171,battery,0.169268038153249,0.0,0.169268038153249,0.05054947486760309
514,pltd_kup172,1,172,diesel,0.003839003520000004,0.0961,-0.09226099648,0.0011946623696000001
515,plts_kup172,1,172,solar,0.25902859833294545,0.0,0.25902859833294545,0.06379949318096141
516,batt_kup172,1,172,battery,0.11277431427825299,0.0,0.11277431427825299,0.030799909419239442
517,pltd_kup173,1,173,diesel,0.0,0.1827,-0.1827,0.0
518,plts_kup173,1,173,solar,0.469665996867354,0.0,0.469665996867354,0.1203389489157459
519,batt_kup173,1,173,battery,0.13712738164334934,0.0,0.13712738164334934,0.04095141592114154
520,pltd_kup174,1,174,diesel,0.007234867520000021,0.1811,-0.17386513248,0.0022515570896000023
521,plts_kup174,1,174,solar,0.48157200529489097,0.0,0.48157200529489097,0.12023755292592875
522,batt_kup174,1,174,battery,0.21252388661838162,0.0,0.21252388661838162,0.0580462333147367
523,pltd_kup175,1,175,diesel,0.0,0.1506,-0.1506,0.0
524,plts_kup175,1,175,solar,0.38925984472791414,0.0,0.38925984472791414,0.09923354510467348
525,batt_kup175,1,175,battery,0.11305906751392583,0.0,0.11305906751392583,0.033766605087211125
526,pltd_kup176,1,176,diesel,0.0038642958506666645,0.097,-0.09313570414933334,0.001205032064319994
527,plts_kup176,1,176,solar,0.25583449396070995,0.0,0.25583449396070995,0.06441300254366907
528,batt_kup176,1,176,battery,0.11384525556842218,0.0,0.11384525556842218,0.031098355004439783
529,pltd_kup177,1,177,diesel,0.0,0.3189,-0.3189,0.0
530,plts_kup177,1,177,solar,0.8236935860767292,0.0,0.8236935860767292,0.21003395699113958
531,batt_kup177,1,177,battery,0.23933693310529436,0.0,0.23933693310529436,0.0714707929199254
532,pltd_kup178,1,178,diesel,0.004847928000000001,0.1214,-0.11655207199999999,0.0015087164400000026
533,plts_kup178,1,178,solar,0.33071067066161103,0.0,0.33071067066161103,0.08056734754454692
534,batt_kup178,1,178,battery,0.1423936514497488,0.0,0.1423936514497488,0.03889480757109728
535,pltd_kup179,1,179,diesel,0.0,0.1041,-0.1041,0.0
536,plts_kup179,1,179,solar,0.28008540483073985,0.0,0.28008540483073985,0.06859112309645728
537,batt_kup179,1,179,battery,0.07816498668395162,0.0,0.07816498668395162,0.02334200981276967
538,pltd_kup180,1,180,diesel,0.005315211946666728,0.1331,-0.12778478805333326,0.001654136254400005
539,plts_kup180,1,180,solar,0.36233530248538776,0.0,0.36233530248538776,0.08833771493960542
540,batt_kup180,1,180,battery,0.15613717468678845,0.0,0.15613717468678845,0.04264539668363405
541,pltd_kup181,1,181,diesel,0.0,0.1254,-0.1254,0.0
542,plts_kup181,1,181,solar,0.3346221948014165,0.0,0.3346221948014165,0.0825933240051765
543,batt_kup181,1,181,battery,0.09411817461201233,0.0,0.09411817461201233,0.028105395320191406
544,pltd_kup182,1,182,diesel,0.008826551194584009,0.2212,-0.212373448805416,0.0027484608754313245
545,plts_kup182,1,182,solar,0.6133729383097541,0.0,0.6133729383097541,0.1468207253553521
546,batt_kup182,1,182,battery,0.2594865115199068,0.0,0.2594865115199068,0.07088038338568273
547,pltd_kup183,1,183,diesel,0.0,0.1593,-0.1593,0.0
548,plts_kup183,1,183,solar,0.4144255358759728,0.0,0.4144255358759728,0.10491563712193261
549,batt_kup183,1,183,battery,0.11953799818906288,0.0,0.11953799818906288,0.03570078347398269
550,pltd_kup184,1,184,diesel,0.00359275338666664,0.09,-0.08640724661333336,0.0011180561055999956
551,plts_kup184,1,184,solar,0.2455743708544872,0.0,0.2455743708544872,0.059709900870616485
552,batt_kup184,1,184,battery,0.10553760695621608,0.0,0.10553760695621608,0.028825353139776275
553,pltd_kup185,1,185,diesel,0.0,0.1947,-0.1947,0.0
554,plts_kup185,1,185,solar,0.528725963738614,0.0,0.528725963738614,0.1282528455336901
555,batt_kup185,1,185,battery,0.1461346623586425,0.0,0.1461346623586425,0.043643985242938034
556,pltd_kup186,1,186,diesel,0.005709282986666643,0.1115,-0.10579071701333335,0.0021207454115200006
557,plts_kup186,1,186,solar,0.31422522532379793,0.0,0.31422522532379793,0.07312047891685204
558,batt_kup186,1,186,battery,0.12827333249148712,0.0,0.12827333249148712,0.03505197879697016
559,pltd_kup187,1,187,diesel,0.0,0.0687,-0.0687,0.0
560,plts_kup187,1,187,solar,0.18672536945098372,0.0,0.18672536945098372,0.04525416301895818
561,batt_kup187,1,187,battery,0.05156834827164126,0.0,0.05156834827164126,0.015400176469050815
562,pltd_kup188,1,188,diesel,0.04281800384000008,1.0721,-1.02928199616,0.013325487403199977
563,plts_kup188,1,188,solar,2.8501181656700756,0.0,2.8501181656700756,0.7116100318494794
564,batt_kup188,1,188,battery,1.2577922877566006,0.0,1.2577922877566006,0.34353888326736765
565,pltd_kup189,1,189,diesel,0.0,0.9883,-0.9883,0.0
566,plts_kup189,1,189,solar,2.5714655326471303,0.0,2.5714655326471303,0.6510045572795042
567,batt_kup189,1,189,battery,0.7417033801965444,0.0,0.7417033801965444,0.22152499484226829
568,pltd_kup190,1,190,diesel,0.12574800906666656,3.1485,-3.022751990933333,0.039002586952000776
569,plts_kup190,1,190,solar,8.370174621574442,0.0,8.370174621574442,2.0898433206560076
570,batt_kup190,1,190,battery,3.6938627356884597,0.0,3.6938627356884597,1.0088987413295398
571,pltd_kup191,1,191,diesel,0.0,0.5887,-0.5887,0.0
572,plts_kup191,1,191,solar,1.5318165417266913,0.0,1.5318165417266913,0.38780202842292955
573,batt_kup191,1,191,battery,0.44182998789954125,0.0,0.44182998789954125,0.1319617193721844
574,pltd_kup192,1,192,diesel,0.0071164000000000045,0.1815,-0.1743836,0.0022416589999999987
575,plts_kup192,1,192,solar,0.48239099470676683,0.0,0.48239099470676683,0.12044207386309128
576,batt_kup192,1,192,battery,0.21288562618268866,0.0,0.21288562618268866,0.05815867603724261
577,pltd_kup193,1,193,diesel,0.0,0.1402,-0.1402,0.0
578,plts_kup193,1,193,solar,0.3647196132276123,0.0,0.3647196132276123,0.09233416793884582
579,batt_kup193,1,193,battery,0.10519847332275956,0.0,0.10519847332275956,0.03141977832968171
580,pltd_kup194,1,194,diesel,0.004183523946666663,0.1047,-0.10051647605333333,0.0013019220143999993
581,plts_kup194,1,194,solar,0.27845956802045013,0.0,0.27845956802045013,0.06952505706526535
582,batt_kup194,1,194,battery,0.1228874971140026,0.0,0.1228874971140026,0.03356410264732245
583,pltd_kup195,1,195,diesel,0.0,0.3145,-0.3145,0.0
584,plts_kup195,1,195,solar,0.8184138137964687,0.0,0.8184138137964687,0.2071935694870623
585,batt_kup195,1,195,battery,0.236060164495712,0.0,0.236060164495712,0.0705042465280242
586,pltd_kup196,1,196,diesel,0.002460865386666661,0.0616,-0.05913913461333334,0.0007658558655999984
587,plts_kup196,1,196,solar,0.1637997071563916,0.0,0.1637997071563916,0.04089716747470719
588,batt_kup196,1,196,battery,0.07228709094016642,0.0,0.07228709094016642,0.019743642948151133
589,pltd_kup197,1,197,diesel,0.0,0.0829,-0.0829,0.0
590,plts_kup197,1,197,solar,0.20957773330626375,0.0,0.20957773330626375,0.054588125376629264
591,batt_kup197,1,197,battery,0.06219290287614686,0.0,0.06219290287614686,0.018575467877467427
592,pltd_kup198,1,198,diesel,0.008145434559999979,0.2039,-0.19575456544000003,0.0025349836287999975
593,plts_kup198,1,198,solar,0.5421771861318285,0.0,0.5421771861318285,0.13536940812414133
594,batt_kup198,1,198,battery,0.23926959136670847,0.0,0.23926959136670847,0.0653512920552704
595,pltd_kup199,1,199,diesel,0.0,0.3453,-0.3453,0.0
596,plts_kup199,1,199,solar,0.8985699654190906,0.0,0.8985699654190906,0.22748628558133088
597,batt_kup199,1,199,battery,0.2591795256601206,0.0,0.2591795256601206,0.07740939425545905
598,pltd_kup200,1,200,diesel,0.016807580479999962,0.4208,-0.40399241952000003,0.005230691950400009
599,plts_kup200,1,200,solar,1.1187529661501634,0.0,1.1187529661501634,0.2793273534654554
600,batt_kup200,1,200,battery,0.4937199149465454,0.0,0.4937199149465454,0.13484884704153763
601,pltd_kup201,1,201,diesel,0.0,0.1932,-0.1932,0.0
602,plts_kup201,1,201,solar,0.5025898647763762,0.0,0.5025898647763762,0.12723806259813836
603,batt_kup201,1,201,battery,0.14496520555350173,0.0,0.14496520555350173,0.04329679077515812
604,pltd_kup202,1,202,diesel,0.002817596479523099,0.0705,-0.0676824035204769,0.0008769526303499268
605,plts_kup202,1,202,solar,0.18755080045210112,0.0,0.18755080045210112,0.04682717952299212
606,batt_kup202,1,202,battery,0.08276879677187647,0.0,0.08276879677187647,0.0226063915425693
607,pltd_kup203,1,203,diesel,0.0,0.4439,-0.4439,0.0
608,plts_kup203,1,203,solar,1.155076891962011,0.0,1.155076891962011,0.2924248103381842
609,batt_kup203,1,203,battery,0.3331659500297569,0.0,0.3331659500297569,0.0995068966343684
610,pltd_kup204,1,204,diesel,0.014199140480000002,0.3555,-0.34130085952,0.004418904750399982
611,plts_kup204,1,204,solar,0.9451250864108299,0.0,0.9451250864108299,0.23597637502060392
612,batt_kup204,1,204,battery,0.4170957557868317,0.0,0.4170957557868317,0.11392058957146937
613,pltd_kup205,1,205,diesel,0.0,0.4224,-0.4224,0.0
614,plts_kup205,1,205,solar,1.0989630845475058,0.0,1.0989630845475058,0.2782187695068525
615,batt_kup205,1,205,battery,0.31698011947426574,0.0,0.31698011947426574,0.09467253738671763
616,pltd_kup206,1,206,diesel,0.01199638208000004,0.3004,-0.28840361791999997,0.0037333921184000032
617,plts_kup206,1,206,solar,0.7985246960908321,0.0,0.7985246960908321,0.19937352000169017
618,batt_kup206,1,206,battery,0.35239854379624125,0.0,0.35239854379624125,0.09625011795341389
619,pltd_kup207,1,207,diesel,0.0,0.3675,-0.3675,0.0
620,plts_kup207,1,207,solar,0.9562831088167638,0.0,0.9562831088167638,0.24209722198697417
621,batt_kup207,1,207,battery,0.27582630645082495,0.0,0.27582630645082495,0.08238115890783569
622,pltd_kup208,1,208,diesel,0.020400067199999997,0.5108,-0.49039993280000005,0.006348720055999977
623,plts_kup208,1,208,solar,1.357901458084324,0.0,1.357901458084324,0.33903726034674136
624,batt_kup208,1,208,battery,0.5992591813392396,0.0,0.5992591813392396,0.16367461903177355
625,pltd_kup209,1,209,diesel,0.0,0.1454,-0.1454,0.0
626,plts_kup209,1,209,solar,0.3783462384557618,0.0,0.3783462384557618,0.09578394978940526
627,batt_kup209,1,209,battery,0.10912946375105059,0.0,0.10912946375105059,0.032593705652035156
628,pltd_kup210,1,210,diesel,0.012562572266666638,0.3145,-0.3019374277333334,0.003909581087999996
629,plts_kup210,1,210,solar,0.8361983909764715,0.0,0.8361983909764715,0.2087798037975134
630,batt_kup210,1,210,battery,0.36902468121441,0.0,0.36902468121441,0.10079114082746475
631,pltd_kup211,1,211,diesel,0.0,0.1097,-0.1097,0.0
632,plts_kup211,1,211,solar,0.28742962887916285,0.0,0.28742962887916285,0.0722439425847074
633,batt_kup211,1,211,battery,0.08232013361426306,0.0,0.08232013361426306,0.02458341570114804
634,pltd_kup212,1,212,diesel,0.008805484157952466,0.2218,-0.21299451584204754,0.002751302836585011
635,plts_kup212,1,212,solar,0.5912099760783175,0.0,0.5912099760783175,0.14722979606703887
636,batt_kup212,1,212,battery,0.2602161035968286,0.0,0.2602161035968286,0.07108341718907726
637,pltd_kup213,1,213,diesel,0.0,0.1266,-0.1266,0.0
638,plts_kup213,1,213,solar,0.3231653696509918,0.0,0.3231653696509918,0.08340484539018948
639,batt_kup213,1,213,battery,0.09502533404743886,0.0,0.09502533404743886,0.02838017436885648
640,pltd_kup214,1,214,diesel,0.003781599999999985,0.0964,-0.09261840000000002,0.0011912039999999958
641,plts_kup214,1,214,solar,0.24574662870247962,0.0,0.24574662870247962,0.06400397716113382
642,batt_kup214,1,214,battery,0.11311777976824977,0.0,0.11311777976824977,0.030906203075414453
643,pltd_kup215,1,215,diesel,0.0,0.1183,-0.1183,0.0
644,plts_kup215,1,215,solar,0.31170202540803227,0.0,0.31170202540803227,0.07792575571362839
645,batt_kup215,1,215,battery,0.08878621428365477,0.0,0.08878621428365477,0.026516983046973027
646,pltd_kup216,1,216,diesel,0.0042327770666666705,0.106,-0.10176722293333333,0.0013172505920000014
647,plts_kup216,1,216,solar,0.2831396691244949,0.0,0.2831396691244949,0.07034330500256167
648,batt_kup216,1,216,battery,0.1243339234455755,0.0,0.1243339234455755,0.03396053037003266
649,pltd_kup217,1,217,diesel,0.0,0.1562,-0.1562,0.0
650,plts_kup217,1,217,solar,0.40639984466772655,0.0,0.40639984466772655,0.10288613539533603
651,batt_kup217,1,217,battery,0.117220344144454,0.0,0.117220344144454,0.0350101424180497
652,pltd_kup218,1,218,diesel,0.002552056160000015,0.0644,-0.06184794383999998,0.0007982438967999969
653,plts_kup218,1,218,solar,0.1683635039758688,0.0,0.1683635039758688,0.04273772584596308
654,batt_kup218,1,218,battery,0.07554580400976028,0.0,0.07554580400976028,0.020635189254392346
655,pltd_kup219,1,219,diesel,0.0,0.0838,-0.0838,0.0
656,plts_kup219,1,219,solar,0.21872215305640721,0.0,0.21872215305640721,0.055197597433927145
657,batt_kup219,1,219,battery,0.06289986856030172,0.0,0.06289986856030172,0.018783894193202734
658,pltd_kup220,1,220,diesel,0.006324192853333319,0.1583,-0.15197580714666667,0.0019681332495999925
659,plts_kup220,1,220,solar,0.4129090328744366,0.0,0.4129090328744366,0.10510538355788557
660,batt_kup220,1,220,battery,0.18577872543795415,0.0,0.18577872543795415,0.05073988254333197
661,pltd_kup221,1,221,diesel,0.0,0.1045,-0.1045,0.0
662,plts_kup221,1,221,solar,0.4150577493552874,0.0,0.4150577493552874,0.1081470775010986
663,batt_kup221,1,221,battery,0.11844105924452551,0.0,0.11844105924452551,0.03670904689471834
664,pltd_kup222,1,222,diesel,0.0040998051200000765,0.0968,-0.09270019487999992,0.0007591365376026635
665,plts_kup222,1,222,solar,0.40184456599425267,0.0,0.40184456599425267,0.10215248849805923
666,batt_kup222,1,222,battery,0.1672313865099652,0.0,0.1672313865099652,0.0470148247255044
667,pltd_kup223,1,223,diesel,0.0,0.4042,-0.4042,0.0
668,plts_kup223,1,223,solar,1.0204524986975738,0.0,1.0204524986975738,0.2662458532541846
669,batt_kup223,1,223,battery,0.3033607891716573,0.0,0.3033607891716573,0.09059921395274613
670,pltd_kup224,1,224,diesel,0.028643961813333382,0.7172,-0.6885560381866666,0.008914355990400033
671,plts_kup224,1,224,solar,1.85058691134376,0.0,1.85058691134376,0.4760415585405591
672,batt_kup224,1,224,battery,0.841324354734735,0.0,0.841324354734735,0.2298101997383064
673,pltd_kup225,1,225,diesel,0.0,0.3703,-0.3703,0.0
674,plts_kup225,1,225,solar,0.9352540559837539,0.0,0.9352540559837539,0.24392248803625569
675,batt_kup225,1,225,battery,0.2779675287944699,0.0,0.2779675287944699,0.08299864544978325
676,pltd_kup226,1,226,diesel,0.008145434560000095,0.2039,-0.19575456543999992,0.0025349836288000136
677,plts_kup226,1,226,solar,0.5339688130195467,0.0,0.5339688130195467,0.1353695436071172
678,batt_kup226,1,226,battery,0.23925655693431283,0.0,0.23925655693431283,0.0653520386229188
679,pltd_kup227,1,227,diesel,0.0,0.1263,-0.1263,0.0
680,plts_kup227,1,227,solar,0.3233266961461883,0.0,0.3233266961461883,0.08320204671133402
681,batt_kup227,1,227,battery,0.09480783649250389,0.0,0.09480783649250389,0.028313086815580174
682,pltd_kup228,1,228,diesel,0.014509313258666614,0.3728,-0.3582906867413334,0.004593516892159986
683,plts_kup228,1,228,solar,0.9737979573284389,0.0,0.9737979573284389,0.24742705838892637
684,batt_kup228,1,228,battery,0.43733825796478437,0.0,0.43733825796478437,0.11948505301140297
685,pltd_kup229,1,229,diesel,0.0,0.3561,-0.3561,0.0
686,plts_kup229,1,229,solar,0.8977704644094198,0.0,0.8977704644094198,0.2345888587829216
687,batt_kup229,1,229,battery,0.26733078582822434,0.0,0.26733078582822434,0.07982457241840667
688,pltd_kup230,1,230,diesel,0.017926919253333295,0.4489,-0.43097308074666674,0.00557908952159997
689,plts_kup230,1,230,solar,1.1587830318718864,0.0,1.1587830318718864,0.2979359893824171
690,batt_kup230,1,230,battery,0.52658595958843,0.0,0.52658595958843,0.143834394137761
691,pltd_kup231,1,231,diesel,0.0,0.3102,-0.3102,0.0
692,plts_kup231,1,231,solar,0.7861810200263893,0.0,0.7861810200263893,0.2043517180630513
693,batt_kup231,1,231,battery,0.23283029428872024,0.0,0.23283029428872024,0.06953518782660593
694,pltd_kup232,1,232,diesel,0.01277182613333334,0.3198,-0.30702817386666664,0.003974756743999986
695,plts_kup232,1,232,solar,0.829821476668844,0.0,0.829821476668844,0.21225647896029096
696,batt_kup232,1,232,battery,0.37517492466877345,0.0,0.37517492466877345,0.10247167364135354
697,pltd_kup233,1,233,diesel,0.0,0.2187,-0.2187,0.0
698,plts_kup233,1,233,solar,0.5531646815614012,0.0,0.5531646815614012,0.1440812557451898
699,batt_kup233,1,233,battery,0.1641542563233338,0.0,0.1641542563233338,0.04902882067922306
700,pltd_kup234,1,234,diesel,0.02683244470044606,0.6725,-0.6456675552995539,0.008356212693546883
701,plts_kup234,1,234,solar,1.7452210733685323,0.0,1.7452210733685323,0.4463929086946766
702,batt_kup234,1,234,battery,0.7888736958186104,0.0,0.7888736958186104,0.21550883716566197
703,pltd_kup235,1,235,diesel,0.0,0.2409,-0.2409,0.0
704,plts_kup235,1,235,solar,0.618880424397817,0.0,0.618880424397817,0.158692328215403
705,batt_kup235,1,235,battery,0.1808441532901921,0.0,0.1808441532901921,0.05400195227032775
706,pltd_kup236,1,236,diesel,0.008069521276829429,0.2024,-0.19433047872317058,0.0025142657340670904
707,plts_kup236,1,236,solar,0.5277058060005873,0.0,0.5277058060005873,0.13434710925699989
708,batt_kup236,1,236,battery,0.23746473209018656,0.0,0.23746473209018656,0.06485878075502624
709,pltd_kup237,1,237,diesel,0.0,0.098,-0.098,0.0
710,plts_kup237,1,237,solar,0.2589653687139539,0.0,0.2589653687139539,0.06453271967745251
711,batt_kup237,1,237,battery,0.0735185649568557,0.0,0.0735185649568557,0.021960948305962475
712,pltd_kup238,1,238,diesel,0.016499733226666712,0.4131,-0.3966002667733333,0.0051349969888000255
713,plts_kup238,1,238,solar,1.071983751311903,0.0,1.071983751311903,0.2742158889178499
714,batt_kup238,1,238,battery,0.48475225149282375,0.0,0.48475225149282375,0.1323847732564349
715,pltd_kup239,1,239,diesel,0.0,0.0946,-0.0946,0.0
716,plts_kup239,1,239,solar,0.24608337671143177,0.0,0.24608337671143177,0.06229964884847427
717,batt_kup239,1,239,battery,0.07097905176862455,0.0,0.07097905176862455,0.021199282925446823
718,pltd_kup240,1,240,diesel,0.00797297173333331,0.1996,-0.1916270282666667,0.0024813360319999966
719,plts_kup240,1,240,solar,0.5168434003433192,0.0,0.5168434003433192,0.13250654489317157
720,batt_kup240,1,240,battery,0.23419749008758634,0.0,0.23419749008758634,0.06396866884808113
721,pltd_kup241,1,241,diesel,0.0,0.1038,-0.1038,0.0
722,plts_kup241,1,241,solar,0.2631031409423021,0.0,0.2631031409423021,0.06838829418389213
723,batt_kup241,1,241,battery,0.07791915010369564,0.0,0.07791915010369564,0.023270744075734456
724,pltd_kup242,1,242,diesel,0.00884318795001253,0.2234,-0.21455681204998744,0.00276807173475132
725,plts_kup242,1,242,solar,0.5764608356329965,0.0,0.5764608356329965,0.1482525989509034
726,batt_kup242,1,242,battery,0.26204545569594273,0.0,0.26204545569594273,0.07158163078637296
727,pltd_kup243,1,243,diesel,0.0,0.1685,-0.1685,0.0
728,plts_kup243,1,243,solar,0.4292981423114815,0.0,0.4292981423114815,0.11100310549970901
729,batt_kup243,1,243,battery,0.12647961909892688,0.0,0.12647961909892688,0.037771313597354805
730,pltd_kup244,1,244,diesel,0.027524274240000084,0.6892,-0.66167572576,0.008565816795200035
731,plts_kup244,1,244,solar,1.832101920434068,0.0,1.832101920434068,0.4574344297445676
732,batt_kup244,1,244,battery,0.8085289998322343,0.0,0.8085289998322343,0.2208323699639282
733,pltd_kup245,1,245,diesel,0.0,0.464,-0.464,0.0
734,plts_kup245,1,245,solar,1.2071762097101733,0.0,1.2071762097101733,0.3056145236960341
735,batt_kup245,1,245,battery,0.3481924390121482,0.0,0.3481924390121482,0.10399480786668802
736,pltd_kup246,1,246,diesel,0.029013108799999958,0.7264,-0.6973868912000001,0.009029136423999997
737,plts_kup246,1,246,solar,1.931200702310754,0.0,1.931200702310754,0.4821771734923085
738,batt_kup246,1,246,battery,0.8522631734118227,0.0,0.8522631734118227,0.23277725265340915
739,pltd_kup247,1,247,diesel,0.0,0.8829,-0.8829,0.0
740,plts_kup247,1,247,solar,2.29732562087321,0.0,2.29732562087321,0.5816019813432418
741,batt_kup247,1,247,battery,0.6626316406408558,0.0,0.6626316406408558,0.19790858369348943
742,pltd_kup248,1,248,diesel,0.017828787519999997,0.4464,-0.42857121248,0.005548485689599979
743,plts_kup248,1,248,solar,1.1867297297185286,0.0,1.1867297297185286,0.29629966653457795
744,batt_kup248,1,248,battery,0.523718713506282,0.0,0.523718713506282,0.1430424388186479
745,pltd_kup249,1,249,diesel,0.0,0.6322,-0.6322,0.0
746,plts_kup249,1,249,solar,1.644839470643527,0.0,1.644839470643527,0.4164154556175744
747,batt_kup249,1,249,battery,0.4744304373341197,0.0,0.4744304373341197,0.14169846689267496
748,pltd_kup250,1,250,diesel,0.026995259840000032,0.6759,-0.6489047401599999,0.00840118228320001
749,plts_kup250,1,250,solar,1.796884675733518,0.0,1.796884675733518,0.44864153941903534
750,batt_kup250,1,250,battery,0.7929877466535591,0.0,0.7929877466535591,0.21658748199460806
751,pltd_kup251,1,251,diesel,0.0,0.6476,-0.6476,0.0
752,plts_kup251,1,251,solar,1.6849194095715847,0.0,1.6849194095715847,0.42656228534030827
753,batt_kup251,1,251,battery,0.4859907676466244,0.0,0.4859907676466244,0.1451513255106573
754,pltd_kup252,1,252,diesel,0.05137767066651427,1.2865,-1.2351223293334856,0.01599007241998402
755,plts_kup252,1,252,solar,3.4201421294446663,0.0,3.4201421294446663,0.8539321281743232
756,batt_kup252,1,252,battery,1.5093517587694767,0.0,1.5093517587694767,0.4122471822593608
757,pltd_kup253,1,253,diesel,0.0,0.081,-0.081,0.0
758,plts_kup253,1,253,solar,0.21081652929347855,0.0,0.21081652929347855,0.05337132447527765
759,batt_kup253,1,253,battery,0.060807880227005576,0.0,0.060807880227005576,0.01816147632731112
760,pltd_kup254,1,254,diesel,0.003953412190476148,0.0992,-0.09524658780952384,0.0012320432799999908
761,plts_kup254,1,254,solar,0.2574484783120676,0.0,0.2574484783120676,0.06584455306232823
762,batt_kup254,1,254,battery,0.11637667870777027,0.0,0.11637667870777027,0.031788532125954436
763,pltd_kup255,1,255,diesel,0.0,0.1155,-0.1155,0.0
764,plts_kup255,1,255,solar,0.30380608805804066,0.0,0.30380608805804066,0.07609977938548246
765,batt_kup255,1,255,battery,0.08670999736823959,0.0,0.08670999736823959,0.025896199738752422
766,pltd_kup256,1,256,diesel,0.005364675306666674,0.1343,-0.12893532469333333,0.0016695919071999976
767,plts_kup256,1,256,solar,0.3637118581205668,0.0,0.3637118581205668,0.08915542105879536
768,batt_kup256,1,256,battery,0.15757257567681526,0.0,0.15757257567681526,0.04303977043762032
769,pltd_kup257,1,257,diesel,0.0,0.0795,-0.0795,0.0
770,plts_kup257,1,257,solar,0.20988400311393127,0.0,0.20988400311393127,0.05235598434477816
771,batt_kup257,1,257,battery,0.05966046229394234,0.0,0.05966046229394234,0.017814914483289642
772,pltd_kup258,1,258,diesel,0.0020324503822222208,0.0511,-0.049067549617777775,0.0006346322901333317
773,plts_kup258,1,258,solar,0.1360231195484298,0.0,0.1360231195484298,0.03394465152040053
774,batt_kup258,1,258,battery,0.06000171904460174,0.0,0.06000171904460174,0.01638883591082376
775,pltd_kup259,1,259,diesel,0.0,0.045,-0.045,0.0
776,plts_kup259,1,259,solar,0.1145471956212142,0.0,0.1145471956212142,0.0296279528795748
777,batt_kup259,1,259,battery,0.033758006839175486,0.0,0.033758006839175486,0.010081907263490248
778,pltd_kup260,1,260,diesel,0.0026206661333333515,0.0656,-0.06297933386666665,0.0008155839440000043
779,plts_kup260,1,260,solar,0.17369733465081857,0.0,0.17369733465081857,0.04355535366021109
780,batt_kup260,1,260,battery,0.07697098205412559,0.0,0.07697098205412559,0.021026574100288214
781,pltd_kup261,1,261,diesel,0.0,0.0453,-0.0453,0.0
782,plts_kup261,1,261,solar,0.11417322170318604,0.0,0.11417322170318604,0.029831088028031087
783,batt_kup261,1,261,battery,0.033989924902759164,0.0,0.033989924902759164,0.010150848904462969
784,pltd_kup262,1,262,diesel,0.005655351509333285,0.142,-0.13634464849066671,0.0017634839084799902
785,plts_kup262,1,262,solar,0.38410102360483045,0.0,0.38410102360483045,0.09426786442053876
786,batt_kup262,1,262,battery,0.16661950957962543,0.0,0.16661950957962543,0.04551089013803038
787,pltd_kup263,1,263,diesel,0.0,0.0684,-0.0684,0.0
788,plts_kup263,1,263,solar,0.17794997123783407,0.0,0.17794997123783407,0.045050668878432024
789,batt_kup263,1,263,battery,0.05132692725086742,0.0,0.05132692725086742,0.015329873798859793
790,pltd_kup264,1,264,diesel,0.03652617892054776,0.9218,-0.8852738210794522,0.011426594786657522
791,plts_kup264,1,264,solar,2.4504470999945296,0.0,2.4504470999945296,0.6118211645270089
792,batt_kup264,1,264,battery,1.081412647756468,0.0,1.081412647756468,0.29539476683613064
793,pltd_kup265,1,265,diesel,0.0,0.349,-0.349,0.0
794,plts_kup265,1,265,solar,0.9081897125938498,0.0,0.9081897125938498,0.22992166695087946
795,batt_kup265,1,265,battery,0.26195487164166475,0.0,0.26195487164166475,0.07823823459390902
796,pltd_kup266,1,266,diesel,0.04270894325377707,1.0869,-1.044191056746223,0.0134357450416466
797,plts_kup266,1,266,solar,2.8894302778574423,0.0,2.8894302778574423,0.7214253857971378
798,batt_kup266,1,266,battery,1.2751411873847647,0.0,1.2751411873847647,0.3483508792675817
799,pltd_kup267,1,267,diesel,0.0,0.8832,-0.8832,0.0
800,plts_kup267,1,267,solar,2.29812583696245,0.0,2.29812583696245,0.5818045678894314
801,batt_kup267,1,267,battery,0.6628614539895277,0.0,0.6628614539895277,0.19797727955738706
802,pltd_kup268,1,268,diesel,0.05124674122666673,1.2831,-1.231853258773333,0.015948499828800027
803,plts_kup268,1,268,solar,3.411132607675768,0.0,3.411132607675768,0.8516826569609316
804,batt_kup268,1,268,battery,1.505375211515476,0.0,1.505375211515476,0.41116075785175094
805,pltd_kup269,1,269,diesel,0.0,0.3407,-0.3407,0.0
806,plts_kup269,1,269,solar,0.8865460435029832,0.0,0.8865460435029832,0.22444225179422403
807,batt_kup269,1,269,battery,0.255711563445691,0.0,0.255711563445691,0.07637355832442208
808,pltd_kup270,1,270,diesel,0.021482938026666728,0.5379,-0.5164170619733334,0.006685679492800027
809,plts_kup270,1,270,solar,1.4299732288059306,0.0,1.4299732288059306,0.35703198074821935
810,batt_kup270,1,270,battery,0.6310647165171087,0.0,0.6310647165171087,0.17236179552603412
811,pltd_kup271,1,271,diesel,0.0,0.033,-0.033,0.0
812,plts_kup271,1,271,solar,0.08365860379737393,0.0,0.08365860379737393,0.02171395871346512
813,batt_kup271,1,271,battery,0.02474179862259854,0.0,0.02474179862259854,0.007389108993990068
814,pltd_kup272,1,272,diesel,0.004060303999999984,0.1017,-0.09763969600000001,0.0012636019199999985
815,plts_kup272,1,272,solar,0.26344603832269664,0.0,0.26344603832269664,0.06748023723213156
816,batt_kup272,1,272,battery,0.11926731118112198,0.0,0.11926731118112198,0.03257658127580817
817,pltd_kup273,1,273,diesel,0.0,0.1291,-0.1291,0.0
818,plts_kup273,1,273,solar,0.33078941601216805,0.0,0.33078941601216805,0.08502796391249731
819,batt_kup273,1,273,battery,0.09688664807322438,0.0,0.09688664807322438,0.028933544309490657
820,pltd_kup274,1,274,diesel,0.0028854406857143004,0.0724,-0.06951455931428571,0.0008992382720000021
821,plts_kup274,1,274,solar,0.18951368763415846,0.0,0.18951368763415846,0.04805421799761069
822,batt_kup274,1,274,battery,0.0849271736129543,0.0,0.0849271736129543,0.02320006794400058
823,pltd_kup275,1,275,diesel,0.0,0.0428,-0.0428,0.0
824,plts_kup275,1,275,solar,0.10849195724304138,0.0,0.10849195724304138,0.02820756170892758
825,batt_kup275,1,275,battery,0.0321422025006397,0.0,0.0321422025006397,0.00959862625023636
826,pltd_kup276,1,276,diesel,0.003189600000000008,0.0813,-0.07811039999999998,0.0010047030000000033
827,plts_kup276,1,276,solar,0.2108934858416554,0.0,0.2108934858416554,0.05398427958418587
828,batt_kup276,1,276,battery,0.09542039827859171,0.0,0.09542039827859171,0.026068016958690883
829,pltd_kup277,1,277,diesel,0.0,0.0872,-0.0872,0.0
830,plts_kup277,1,277,solar,0.2204064376104364,0.0,0.2204064376104364,0.05742963035922557
831,batt_kup277,1,277,battery,0.06544616917014913,0.0,0.06544616917014913,0.019543543291982532
832,pltd_kup278,1,278,diesel,0.0031498498133333153,0.0789,-0.07575015018666668,0.0009802152304000007
833,plts_kup278,1,278,solar,0.20588046227063508,0.0,0.20588046227063508,0.05234853736064298
834,batt_kup278,1,278,battery,0.09253440394294254,0.0,0.09253440394294254,0.025272945194393118
835,pltd_kup279,1,279,diesel,0.0,0.1039,-0.1039,0.0
836,plts_kup279,1,279,solar,0.4100159539041018,0.0,0.4100159539041018,0.10753846854258219
837,batt_kup279,1,279,battery,0.1177727226190947,0.0,0.1177727226190947,0.036500480726878025
838,pltd_kup280,1,280,diesel,0.00228827946666667,0.0573,-0.05501172053333333,0.0007121883440000024
839,plts_kup280,1,280,solar,0.14514262585865664,0.0,0.14514262585865664,0.038034390968436936
840,batt_kup280,1,280,battery,0.06722864328182575,0.0,0.06722864328182575,0.01836188928415778
841,pltd_kup281,1,281,diesel,0.0,0.0502,-0.0502,0.0
842,plts_kup281,1,281,solar,0.12726115982566907,0.0,0.12726115982566907,0.03307751704403219
843,batt_kup281,1,281,battery,0.03769067086554389,0.0,0.03769067086554389,0.01125525221138567
844,pltd_kup282,1,282,diesel,0.0031742866133333066,0.0795,-0.07632571338666669,0.000987870094399994
845,plts_kup282,1,282,solar,0.20489321902425395,0.0,0.20489321902425395,0.05275726710156897
846,batt_kup282,1,282,battery,0.09325190522634827,0.0,0.09325190522634827,0.02546895404862069
847,pltd_kup283,1,283,diesel,0.0,0.1466,-0.1466,0.0
848,plts_kup283,1,283,solar,0.3694062767860583,0.0,0.3694062767860583,0.09659471745418996
849,batt_kup283,1,283,battery,0.1100575608234336,0.0,0.1100575608234336,0.032867725804720256
850,pltd_kup284,1,284,diesel,0.0025483753775843816,0.0647,-0.062151624622415615,0.0008003424146463604
851,plts_kup284,1,284,solar,0.17199023951341377,0.0,0.17199023951341377,0.042942122210293664
852,batt_kup284,1,284,battery,0.07590189862985992,0.0,0.07590189862985992,0.02073460876499268
853,pltd_kup285,1,285,diesel,0.0,0.1697,-0.1697,0.0
854,plts_kup285,1,285,solar,0.45301337325415864,0.0,0.45301337325415864,0.1118152976614604
855,batt_kup285,1,285,battery,0.1274171466864529,0.0,0.1274171466864529,0.03804917173843549
856,pltd_kup286,1,286,diesel,0.00916646207999996,0.2295,-0.22033353792000004,0.002852688518399983
857,plts_kup286,1,286,solar,0.6207552341192882,0.0,0.6207552341192882,0.15234184240385837
858,batt_kup286,1,286,battery,0.26928427157210033,0.0,0.26928427157210033,0.07354486929036108
859,pltd_kup287,1,287,diesel,0.0,0.0591,-0.0591,0.0
860,plts_kup287,1,287,solar,0.15566317804184712,0.0,0.15566317804184712,0.03896299158604407
861,batt_kup287,1,287,battery,0.044403671241135124,0.0,0.044403671241135124,0.013259118218930364
862,pltd_kup288,1,288,diesel,0.003186876799999971,0.0798,-0.07661312320000002,0.0009918520639999975
863,plts_kup288,1,288,solar,0.21095413868466506,0.0,0.21095413868466506,0.05296172694195953
864,batt_kup288,1,288,battery,0.09361742683408457,0.0,0.09361742683408457,0.025568256220339564
865,pltd_kup289,1,289,diesel,0.0,0.3062,-0.3062,0.0
866,plts_kup289,1,289,solar,0.8087947552579352,0.0,0.8087947552579352,0.20171470603293745
867,batt_kup289,1,289,battery,0.22987721119682425,0.0,0.22987721119682425,0.06864353611899895
868,pltd_kup290,1,290,diesel,0.0032358170666666897,0.081,-0.07776418293333331,0.0010070497920000004
869,plts_kup290,1,290,solar,0.21688486489017372,0.0,0.21688486489017372,0.05377991734396354
870,batt_kup290,1,290,battery,0.09506357536757938,0.0,0.09506357536757938,0.02596372300963244
871,pltd_kup291,1,291,diesel,0.0,0.2935,-0.2935,0.0
872,plts_kup291,1,291,solar,1.1738065523422565,0.0,1.1738065523422565,0.3038759783486648
873,batt_kup291,1,291,battery,0.3327992668238529,0.0,0.3327992668238529,0.10314120877276295
874,pltd_kup292,1,292,diesel,0.0068655205333332985,0.1719,-0.1650344794666667,0.002136636655999992
875,plts_kup292,1,292,solar,0.4594412767270169,0.0,0.4594412767270169,0.11410308119679305
876,batt_kup292,1,292,battery,0.20169318791409024,0.0,0.20169318791409024,0.055085132876328415
877,pltd_kup293,1,293,diesel,0.0,0.2726,-0.2726,0.0
878,plts_kup293,1,293,solar,0.7071259319800354,0.0,0.7071259319800354,0.179593581401307
879,batt_kup293,1,293,battery,0.20462866448882744,0.0,0.20462866448882744,0.06110913993011883
880,pltd_kup294,1,294,diesel,0.007419330773333361,0.1858,-0.17838066922666662,0.002308970731199996
881,plts_kup294,1,294,solar,0.4982332686805407,0.0,0.4982332686805407,0.12330514486167145
882,batt_kup294,1,294,battery,0.217930468628678,0.0,0.217930468628678,0.059528257548218846
883,pltd_kup295,1,295,diesel,0.0,0.1294,-0.1294,0.0
884,plts_kup295,1,295,solar,0.33571296655382726,0.0,0.33571296655382726,0.08523134508943217
885,batt_kup295,1,295,battery,0.09712375500016367,0.0,0.09712375500016367,0.029003224503225
886,pltd_kup296,1,296,diesel,0.008342005866666646,0.2089,-0.20055799413333336,0.0025961256159999875
887,plts_kup296,1,296,solar,0.5546575669051752,0.0,0.5546575669051752,0.138641572529737
888,batt_kup296,1,296,battery,0.24503818549081474,0.0,0.24503818549081474,0.06693245868848817
889,pltd_kup297,1,297,diesel,0.0,0.0468,-0.0468,0.0
890,plts_kup297,1,297,solar,0.12347098454794236,0.0,0.12347098454794236,0.03084571891334224
891,batt_kup297,1,297,battery,0.03514982958969688,0.0,0.03514982958969688,0.01049658834539629
892,pltd_kup298,1,298,diesel,0.00456512778666666,0.1143,-0.10973487221333333,0.0014207264176000001
893,plts_kup298,1,298,solar,0.3076123349736581,0.0,0.3076123349736581,0.07586432005137987
894,batt_kup298,1,298,battery,0.13409138601270176,0.0,0.13409138601270176,0.03662559861552452
895,pltd_kup299,1,299,diesel,0.0,0.2933,-0.2933,0.0
896,plts_kup299,1,299,solar,0.763103151322148,0.0,0.763103151322148,0.19319085668384137
897,batt_kup299,1,299,battery,0.2201059546808975,0.0,0.2201059546808975,0.06573927460158384
898,pltd_kup300,1,300,diesel,0.0072226106666666585,0.1808,-0.17357738933333333,0.0022477641199999967
899,plts_kup300,1,300,solar,0.47973502784605243,0.0,0.47973502784605243,0.1200333225316349
900,batt_kup300,1,300,battery,0.21217656301639595,0.0,0.21217656301639595,0.057949429819946614
901,pltd_kup301,1,301,diesel,0.0,0.1343,-0.1343,0.0
902,plts_kup301,1,301,solar,0.35048946132927805,0.0,0.35048946132927805,0.08847840079267012
903,batt_kup301,1,301,battery,0.10082721450203773,0.0,0.10082721450203773,0.030107069534760184
904,pltd_kup302,1,302,diesel,0.007189200000000068,0.1833,-0.17611079999999993,0.0022645350000000102
905,plts_kup302,1,302,solar,0.48565997821204526,0.0,0.48565997821204526,0.12166877901061382
906,batt_kup302,1,302,battery,0.21501196788794172,0.0,0.21501196788794172,0.058749862016820045
907,pltd_kup303,1,303,diesel,0.0,0.1947,-0.1947,0.0
908,plts_kup303,1,303,solar,0.5060046762969683,0.0,0.5060046762969683,0.12825275486171164
909,batt_kup303,1,303,battery,0.14615928948389675,0.0,0.14615928948389675,0.0436434856024266
910,pltd_kup304,1,304,diesel,0.007111816853333345,0.1781,-0.17098818314666667,0.002213219769599997
911,plts_kup304,1,304,solar,0.469992725151021,0.0,0.469992725151021,0.11819276444270618
912,batt_kup304,1,304,battery,0.20888326989319383,0.0,0.20888326989319383,0.057059252649062205
913,pltd_kup305,1,305,diesel,0.0,0.2036,-0.2036,0.0
914,plts_kup305,1,305,solar,0.5342860634241783,0.0,0.5342860634241783,0.1341374316544235
915,batt_kup305,1,305,battery,0.15284207081559711,0.0,0.15284207081559711,0.045642955679062444
916,pltd_kup306,1,306,diesel,0.005981000000000021,0.1525,-0.14651899999999998,0.0018839520000000047
917,plts_kup306,1,306,solar,0.40570127845904413,0.0,0.40570127845904413,0.10122052602781209
918,batt_kup306,1,306,battery,0.17889889473392936,0.0,0.17889889473392936,0.048877753143240936
919,pltd_kup307,1,307,diesel,0.0,0.2708,-0.2708,0.0
920,plts_kup307,1,307,solar,0.7011922276131827,0.0,0.7011922276131827,0.17837713221319065
921,batt_kup307,1,307,battery,0.20323630034293438,0.0,0.20323630034293438,0.060701098049769475
922,pltd_kup308,1,308,diesel,0.007296377493333316,0.1827,-0.1754036225066667,0.0022707276368000013
923,plts_kup308,1,308,solar,0.49577908585294617,0.0,0.49577908585294617,0.12126021353428729
924,batt_kup308,1,308,battery,0.21431469389340316,0.0,0.21431469389340316,0.05854131755734567
925,pltd_kup309,1,309,diesel,0.0,0.1738,-0.1738,0.0
926,plts_kup309,1,309,solar,0.45011804269115485,0.0,0.45011804269115485,0.11445313514003362
927,batt_kup309,1,309,battery,0.13044217466424682,0.0,0.13044217466424682,0.038945680594560286
928,pltd_tim310,1,310,diesel,0.004929300000000003,0.1257,-0.12077070000000001,0.0015527154999999972
929,plts_tim310,1,310,solar,0.3453663088579711,0.0,0.3453663088579711,0.08343007323630199
930,batt_tim310,1,310,battery,0.14745279651268878,0.0,0.14745279651268878,0.0402859008333724
931,pltd_tim311,1,311,diesel,0.0,0.0702,-0.0702,0.0
932,plts_tim311,1,311,solar,0.19007155334273276,0.0,0.19007155334273276,0.0462684339726294
933,batt_tim311,1,311,battery,0.05272145975357758,0.0,0.05272145975357758,0.01574454970334325
934,pltd_tim312,1,312,diesel,0.004466344640000013,0.1118,-0.10733365535999999,0.001389998187200007
935,plts_tim312,1,312,solar,0.3136346978830743,0.0,0.3136346978830743,0.07422819733896964
936,batt_tim312,1,312,battery,0.13117907163465314,0.0,0.13117907163465314,0.035834523513997296
937,pltd_tim313,1,313,diesel,0.0,0.1673,-0.1673,0.0
938,plts_tim313,1,313,solar,0.4570641493089971,0.0,0.4570641493089971,0.11019158467464911
939,batt_tim313,1,313,battery,0.1255626005488976,0.0,0.1255626005488976,0.03749530330093132
940,pltd_tim314,1,314,diesel,0.0050710845705224826,0.1285,-0.12342891542947752,0.0015904438799048647
941,plts_tim314,1,314,solar,0.35594694942178245,0.0,0.35594694942178245,0.08527041054053014
942,batt_tim314,1,314,battery,0.15070454047185208,0.0,0.15070454047185208,0.04117113748405801
943,pltd_tim315,1,315,diesel,0.0,0.1664,-0.1664,0.0
944,plts_tim315,1,315,solar,0.45369686966709305,0.0,0.45369686966709305,0.10958303823942378
945,batt_tim315,1,315,battery,0.12487371685998433,0.0,0.12487371685998433,0.03728827454849147
946,pltd_tim316,1,316,diesel,0.0032973167999999996,0.0826,-0.0793026832,0.0010262122639999984
947,plts_tim316,1,316,solar,0.2311387434772047,0.0,0.2311387434772047,0.054802119193096556
948,batt_tim316,1,316,battery,0.0968490497515265,0.0,0.0968490497515265,0.02645611908129252
949,pltd_tim317,1,317,diesel,0.0,0.1155,-0.1155,0.0
950,plts_tim317,1,317,solar,0.3129499063414475,0.0,0.3129499063414475,0.07609965318516221
951,batt_tim317,1,317,battery,0.08672270447921014,0.0,0.08672270447921014,0.02589550432240408
952,pltd_tim318,1,318,diesel,0.003977944198095227,0.0998,-0.09582205580190477,0.0012397011407999973
953,plts_tim318,1,318,solar,0.27611916859715996,0.0,0.27611916859715996,0.06625375033992259
954,batt_tim318,1,318,battery,0.11709533219767806,0.0,0.11709533219767806,0.03198735974273164
955,pltd_tim319,1,319,diesel,0.0,0.2086,-0.2086,0.0
956,plts_tim319,1,319,solar,0.557988962894689,0.0,0.557988962894689,0.13738536409690846
957,batt_tim319,1,319,battery,0.15654897552939223,0.0,0.15654897552939223,0.046752249075672554
958,pltd_tim320,1,320,diesel,0.006471793173333345,0.162,-0.15552820682666665,0.0020141092832000012
959,plts_tim320,1,320,solar,0.44282122668460683,0.0,0.44282122668460683,0.1075592257899858
960,batt_tim320,1,320,battery,0.1900857303579331,0.0,0.1900857303579331,0.05192445276786752
961,pltd_tim321,1,321,diesel,0.0,0.1183,-0.1183,0.0
962,plts_tim321,1,321,solar,0.32496499192360284,0.0,0.32496499192360284,0.07792582514729934
963,batt_tim321,1,321,battery,0.08880953427853813,0.0,0.08880953427853813,0.026517365655430693
964,pltd_tim322,1,322,diesel,0.0040358107733333495,0.101,-0.09696418922666666,0.0012559831311999986
965,plts_tim322,1,322,solar,0.27621510794184334,0.0,0.27621510794184334,0.0670714996403857
966,batt_tim322,1,322,battery,0.11855746627668343,0.0,0.11855746627668343,0.032380805095508614
967,pltd_tim323,1,323,diesel,0.0,0.1916,-0.1916,0.0
968,plts_tim323,1,323,solar,0.5126576083271801,0.0,0.5126576083271801,0.12622409556579833
969,batt_tim323,1,323,battery,0.14383109651797374,0.0,0.14383109651797374,0.04295409227403461
970,pltd_tim324,1,324,diesel,0.0076408107733333015,0.1913,-0.18365918922666669,0.0023778731311999914
971,plts_tim324,1,324,solar,0.5229559730712051,0.0,0.5229559730712051,0.12698608995271726
972,batt_tim324,1,324,battery,0.2244640554914097,0.0,0.2244640554914097,0.06130641109783552
973,pltd_tim325,1,325,diesel,0.0,0.1583,-0.1583,0.0
974,plts_tim325,1,325,solar,0.4191768832099199,0.0,0.4191768832099199,0.10430629891042362
975,batt_tim325,1,325,battery,0.11885969735513742,0.0,0.11885969735513742,0.03549309470431355
976,pltd_tim326,1,326,diesel,0.004454277546666691,0.1115,-0.10704572245333331,0.0013862111424000013
977,plts_tim326,1,326,solar,0.3032732340429086,0.0,0.3032732340429086,0.07402375476526739
978,batt_tim326,1,326,battery,0.1308287380044796,0.0,0.1308287380044796,0.03573600487662545
979,pltd_tim327,1,327,diesel,0.0,0.1482,-0.1482,0.0
980,plts_tim327,1,327,solar,0.39191389505271407,0.0,0.39191389505271407,0.097610074701863
981,batt_tim327,1,327,battery,0.11121092568792149,0.0,0.11121092568792149,0.0332146905554261
982,pltd_tim328,1,328,diesel,0.007928907002273953,0.2009,-0.19297109299772605,0.002486880235238761
983,plts_tim328,1,328,solar,0.5454766873163476,0.0,0.5454766873163476,0.13332516557602875
984,batt_tim328,1,328,battery,0.23565426638393167,0.0,0.23565426638393167,0.06437718736600327
985,pltd_tim329,1,329,diesel,0.0,0.2468,-0.2468,0.0
986,plts_tim329,1,329,solar,0.6643552280655832,0.0,0.6643552280655832,0.16254752790871504
987,batt_tim329,1,329,battery,0.18519745801831386,0.0,0.18519745801831386,0.055309065496981724
988,pltd_tim330,1,330,diesel,0.0031072537766448157,0.0789,-0.07579274622335518,0.0009757426465477046
989,plts_tim330,1,330,solar,0.2134893092212846,0.0,0.2134893092212846,0.0523483567512844
990,batt_tim330,1,330,battery,0.09252022204629443,0.0,0.09252022204629443,0.025276422545425743
991,pltd_tim331,1,331,diesel,0.0,0.2086,-0.2086,0.0
992,plts_tim331,1,331,solar,0.5561028822306977,0.0,0.5561028822306977,0.137384994613941
993,batt_tim331,1,331,battery,0.15652915567932602,0.0,0.15652915567932602,0.04675021307057057
994,pltd_tim332,1,332,diesel,0.004712661439999988,0.118,-0.11328733856,0.0014666324511999973
995,plts_tim332,1,332,solar,0.32253140618155796,0.0,0.32253140618155796,0.07831816851292193
996,batt_tim332,1,332,battery,0.13843746994140024,0.0,0.13843746994140024,0.03781043460438019
997,pltd_tim333,1,333,diesel,0.0,0.5995,-0.5995,0.0
998,plts_tim333,1,333,solar,1.612223245691363,0.0,1.612223245691363,0.39490441069262516
999,batt_tim333,1,333,battery,0.449984500002313,0.0,0.449984500002313,0.1343758454208207
1000,pltd_tim334,1,334,diesel,0.006911100000000036,0.1762,-0.16928889999999996,0.0021769755000000013
1001,plts_tim334,1,334,solar,0.48167028435919784,0.0,0.48167028435919784,0.11696623498186824
1002,batt_tim334,1,334,battery,0.20673877154914033,0.0,0.20673877154914033,0.05648254661883667
1003,pltd_tim335,1,335,diesel,0.0,0.3762,-0.3762,0.0
1004,plts_tim335,1,335,solar,1.0063554114786457,0.0,1.0063554114786457,0.2477799989082971
1005,batt_tim335,1,335,battery,0.2823415179694834,0.0,0.2823415179694834,0.08431911140092867
1006,pltd_tim336,1,336,diesel,0.007862167680000016,0.1969,-0.18903783232,0.002446734606400004
1007,plts_tim336,1,336,solar,0.5419453082270442,0.0,0.5419453082270442,0.13066621197418424
1008,batt_tim336,1,336,battery,0.23093670514873932,0.0,0.23093670514873932,0.06307949509509425
1009,pltd_tim337,1,337,diesel,0.0,0.1821,-0.1821,0.0
1010,plts_tim337,1,337,solar,0.4874947811672683,0.0,0.4874947811672683,0.11993307606694638
1011,batt_tim337,1,337,battery,0.13665162026601085,0.0,0.13665162026601085,0.040813871243902566
1012,pltd_tim338,1,338,diesel,0.0077269882666667405,0.1935,-0.18577301173333327,0.0024047787680000145
1013,plts_tim338,1,338,solar,0.5288508587078614,0.0,0.5288508587078614,0.12841736397906398
1014,batt_tim338,1,338,battery,0.2269934541826662,0.0,0.2269934541826662,0.061997343856217114
1015,pltd_tim339,1,339,diesel,0.0,0.2511,-0.2511,0.0
1016,plts_tim339,1,339,solar,0.6682606445083682,0.0,0.6682606445083682,0.16538916343066506
1017,batt_tim339,1,339,battery,0.1884496468318984,0.0,0.1884496468318984,0.056279094571060354
1018,pltd_tim340,1,340,diesel,0.00827277248000004,0.2076,-0.19932722751999996,0.0025788391104000176
1019,plts_tim340,1,340,solar,0.5412191977552981,0.0,0.5412191977552981,0.13782340174801413
1020,batt_tim340,1,340,battery,0.24362484172186383,0.0,0.24362484172186383,0.06653924479271979
1021,pltd_tim341,1,341,diesel,0.0,0.2908,-0.2908,0.0
1022,plts_tim341,1,341,solar,0.7296570832590846,0.0,0.7296570832590846,0.19156767299283972
1023,batt_tim341,1,341,battery,0.218283533285814,0.0,0.218283533285814,0.06518893997096045
1024,pltd_tim342,1,342,diesel,0.0045310000000000055,0.1155,-0.110969,0.0014272580000000011
1025,plts_tim342,1,342,solar,0.31579410443296585,0.0,0.31579410443296585,0.07668227745891022
1026,batt_tim342,1,342,battery,0.13554511817345927,0.0,0.13554511817345927,0.037029404830869896
1027,pltd_tim343,1,343,diesel,0.0,0.1602,-0.1602,0.0
1028,plts_tim343,1,343,solar,0.4128823400241167,0.0,0.4128823400241167,0.10552380785162876
1029,batt_tim343,1,343,battery,0.12023169783615917,0.0,0.12023169783615917,0.03590605051569612
1030,pltd_tim344,1,344,diesel,0.00866200234666664,0.2169,-0.20823799765333337,0.002695777246399989
1031,plts_tim344,1,344,solar,0.5676747288403899,0.0,0.5676747288403899,0.14395839105441205
1032,batt_tim344,1,344,battery,0.25443731970064365,0.0,0.25443731970064365,0.06950042942843303
1033,pltd_tim345,1,345,diesel,0.0,0.1611,-0.1611,0.0
1034,plts_tim345,1,345,solar,0.4190615371944883,0.0,0.4190615371944883,0.10613387165448437
1035,batt_tim345,1,345,battery,0.12094459306387703,0.0,0.12094459306387703,0.0361174290127318
1036,pltd_tim346,1,346,diesel,0.008598593831984119,0.2172,-0.2086014061680159,0.0026915763523583268
1037,plts_tim346,1,346,solar,0.569584270586244,0.0,0.569584270586244,0.14416270675854054
1038,batt_tim346,1,346,battery,0.254780946671638,0.0,0.254780946671638,0.06960596346293275
1039,pltd_tim347,1,347,diesel,0.0,0.2976,-0.2976,0.0
1040,plts_tim347,1,347,solar,0.7455958514837205,0.0,0.7455958514837205,0.19603206127210013
1041,batt_tim347,1,347,battery,0.22335938121599008,0.0,0.22335938121599008,0.06670569471813335
1042,pltd_tim348,1,348,diesel,0.004737098240000009,0.1186,-0.11386290175999998,0.0014742733152000034
1043,plts_tim348,1,348,solar,0.3091732515350786,0.0,0.3091732515350786,0.0787269487751656
1044,batt_tim348,1,348,battery,0.13914466881069573,0.0,0.13914466881069573,0.038006837570868875
1045,pltd_tim349,1,349,diesel,0.0,0.3561,-0.3561,0.0
1046,plts_tim349,1,349,solar,0.9085796368736808,0.0,0.9085796368736808,0.23458944733110845
1047,batt_tim349,1,349,battery,0.2673110234482948,0.0,0.2673110234482948,0.0798278155641288
1048,pltd_tim350,1,350,diesel,0.0030759958400000155,0.077,-0.07392400415999999,0.0009572355632000022
1049,plts_tim350,1,350,solar,0.2087154758224771,0.0,0.2087154758224771,0.05112139090282131
1050,batt_tim350,1,350,battery,0.09035151083837473,0.0,0.09035151083837473,0.02467917506797156
1051,pltd_tim351,1,351,diesel,0.0,0.0844,-0.0844,0.0
1052,plts_tim351,1,351,solar,0.2260901195686642,0.0,0.2260901195686642,0.05560351877414335
1053,batt_tim351,1,351,battery,0.06335602668141418,0.0,0.06335602668141418,0.018921397495019095
1054,pltd_tim352,1,352,diesel,0.006484296213333307,0.1624,-0.1559157037866667,0.002017949102399991
1055,plts_tim352,1,352,solar,0.4437969556489494,0.0,0.4437969556489494,0.107764345082966
1056,batt_tim352,1,352,battery,0.1904871084519753,0.0,0.1904871084519753,0.052026528344360515
1057,pltd_tim353,1,353,diesel,0.0,0.0746,-0.0746,0.0
1058,plts_tim353,1,353,solar,0.19758440560874582,0.0,0.19758440560874582,0.049109683047850315
1059,batt_tim353,1,353,battery,0.05596139135989849,0.0,0.05596139135989849,0.016710597794998457
1060,pltd_tim354,1,354,diesel,0.009449682773333317,0.2366,-0.22715031722666668,0.0029408486912000003
1061,plts_tim354,1,354,solar,0.6467472964307939,0.0,0.6467472964307939,0.15704544017079103
1062,batt_tim354,1,354,battery,0.2775976274288955,0.0,0.2775976274288955,0.07581842830201305
1063,pltd_tim355,1,355,diesel,0.0,0.3025,-0.3025,0.0
1064,plts_tim355,1,355,solar,0.8093699323192031,0.0,0.8093699323192031,0.19927917975995907
1065,batt_tim355,1,355,battery,0.22707583337798595,0.0,0.22707583337798595,0.06781451446894102
1066,pltd_tim356,1,356,diesel,0.002719315946666681,0.0681,-0.06538068405333332,0.0008462631744000007
1067,plts_tim356,1,356,solar,0.18536121998184119,0.0,0.18536121998184119,0.04519126930152697
1068,batt_tim356,1,356,battery,0.07987571307655267,0.0,0.07987571307655267,0.02181623814338927
1069,pltd_tim357,1,357,diesel,0.0,0.0764,-0.0764,0.0
1070,plts_tim357,1,357,solar,0.20440166843947916,0.0,0.20440166843947916,0.05032679767514874
1071,batt_tim357,1,357,battery,0.05734588139611941,0.0,0.05734588139611941,0.017126009522496495
1072,pltd_tim358,1,358,diesel,0.005216951893333318,0.1306,-0.12538304810666667,0.0016235959488000002
1073,plts_tim358,1,358,solar,0.3549336187012724,0.0,0.3549336187012724,0.08670177687099796
1074,batt_tim358,1,358,battery,0.15323607357172367,0.0,0.15323607357172367,0.04185602743409487
1075,pltd_tim359,1,359,diesel,0.0,0.086,-0.086,0.0
1076,plts_tim359,1,359,solar,0.22696837420932583,0.0,0.22696837420932583,0.05661771488326474
1077,batt_tim359,1,359,battery,0.06451646835669114,0.0,0.06451646835669114,0.01926504972132339
1078,pltd_tim360,1,360,diesel,0.005106209280000007,0.1279,-0.12279379072,0.0015891339744000042
1079,plts_tim360,1,360,solar,0.34820413710423587,0.0,0.34820413710423587,0.08486175676769539
1080,batt_tim360,1,360,battery,0.15000424720308944,0.0,0.15000424720308944,0.04096946157883819
1081,pltd_tim361,1,361,diesel,0.0,0.195,-0.195,0.0
1082,plts_tim361,1,361,solar,0.5137193348569922,0.0,0.5137193348569922,0.1284561361442183
1083,batt_tim361,1,361,battery,0.14634793459898804,0.0,0.14634793459898804,0.043712857794561875
1084,pltd_tim362,1,362,diesel,0.0074685941333333524,0.187,-0.17953140586666666,0.0023243003840000133
1085,plts_tim362,1,362,solar,0.5060105376864175,0.0,0.5060105376864175,0.12412325869952405
1086,batt_tim362,1,362,battery,0.2194044840544946,0.0,0.2194044840544946,0.05992445369983585
1087,pltd_tim363,1,363,diesel,0.0,0.2773,-0.2773,0.0
1088,plts_tim363,1,363,solar,0.7314980951168687,0.0,0.7314980951168687,0.18263751839639927
1089,batt_tim363,1,363,battery,0.20808474068812627,0.0,0.20808474068812627,0.0621453682468255
1090,pltd_tim364,1,364,diesel,0.004404814186666645,0.1103,-0.10589518581333335,0.0013708114895999973
1091,plts_tim364,1,364,solar,0.2976733064845782,0.0,0.2976733064845782,0.07320602708690349
1092,batt_tim364,1,364,battery,0.12939345559354332,0.0,0.12939345559354332,0.035341975197607886
1093,pltd_tim365,1,365,diesel,0.0,0.2277,-0.2277,0.0
1094,plts_tim365,1,365,solar,0.6090889293617503,0.0,0.6090889293617503,0.14996695256058928
1095,batt_tim365,1,365,battery,0.1708851754029227,0.0,0.1708851754029227,0.05103360292241371
1096,pltd_tim366,1,366,diesel,0.006091787135430651,0.1547,-0.14860821286456935,0.0019132246492202158
1097,plts_tim366,1,366,solar,0.41475386701565065,0.0,0.41475386701565065,0.10265218450278257
1098,batt_tim366,1,366,battery,0.18145247489001642,0.0,0.18145247489001642,0.04956681073590466
1099,pltd_tim367,1,367,diesel,0.0,0.1642,-0.1642,0.0
1100,plts_tim367,1,367,solar,0.4380450867306976,0.0,0.4380450867306976,0.10816244325161327
1101,batt_tim367,1,367,battery,0.12324033770320676,0.0,0.12324033770320676,0.03680788200107715
1102,pltd_tim368,1,368,diesel,0.0018826285866666752,0.0471,-0.045217371413333325,0.0005858960016000047
1103,plts_tim368,1,368,solar,0.12670808950891024,0.0,0.12670808950891024,0.03128625730869629
1104,batt_tim368,1,368,battery,0.0552914443424883,0.0,0.0552914443424883,0.01510340907444522
1105,pltd_tim369,1,369,diesel,0.0,0.0881,-0.0881,0.0
1106,plts_tim369,1,369,solar,0.23329495419251584,0.0,0.23329495419251584,0.05803781225227061
1107,batt_tim369,1,369,battery,0.06612306022234163,0.0,0.06612306022234163,0.01974825468178297
1108,pltd_tim370,1,370,diesel,0.0028791166933333336,0.0721,-0.06922088330666666,0.0008960192528000028
1109,plts_tim370,1,370,solar,0.19294429682213987,0.0,0.19294429682213987,0.04784982097734377
1110,batt_tim370,1,370,battery,0.08456488312235608,0.0,0.08456488312235608,0.02310110615360478
1111,pltd_tim371,1,371,diesel,0.0,0.1839,-0.1839,0.0
1112,plts_tim371,1,371,solar,0.487089156592352,0.0,0.487089156592352,0.12115076338427616
1113,batt_tim371,1,371,battery,0.138042155641943,0.0,0.138042155641943,0.041227809982105214
1114,pltd_tim372,1,372,diesel,0.007075020586666655,0.1771,-0.17002497941333336,0.002201866161599997
1115,plts_tim372,1,372,solar,0.47613676416034506,0.0,0.47613676416034506,0.11757891354025451
1116,batt_tim372,1,372,battery,0.2078093239163803,0.0,0.2078093239163803,0.05676174244042736
1117,pltd_tim373,1,373,diesel,0.0,0.2388,-0.2388,0.0
1118,plts_tim373,1,373,solar,0.6320160540484827,0.0,0.6320160540484827,0.15727188611511092
1119,batt_tim373,1,373,battery,0.17920693838580956,0.0,0.17920693838580956,0.05351653911319952
1120,pltd_tim374,1,374,diesel,0.010901377493333324,0.273,-0.2620986225066667,0.0033926176367999835
1121,plts_tim374,1,374,solar,0.7229161735746618,0.0,0.7229161735746618,0.1811745905495896
1122,batt_tim374,1,374,battery,0.3202116804763808,0.0,0.3202116804763808,0.08746574820416754
1123,pltd_tim375,1,375,diesel,0.0,0.0909,-0.0909,0.0
1124,plts_tim375,1,375,solar,0.2431419745586885,0.0,0.2431419745586885,0.05986524989436242
1125,batt_tim375,1,375,battery,0.06821581313012504,0.0,0.06821581313012504,0.02037215310539294
1126,pltd_tim376,1,376,diesel,0.004257347200000023,0.1066,-0.10234265279999998,0.001324884456000001
1127,plts_tim376,1,376,solar,0.2852344796978047,0.0,0.2852344796978047,0.07075194898749303
1128,batt_tim376,1,376,battery,0.12503087183020214,0.0,0.12503087183020214,0.034155642370914736
1129,pltd_tim377,1,377,diesel,0.0,0.1205,-0.1205,0.0
1130,plts_tim377,1,377,solar,0.3222637720810182,0.0,0.3222637720810182,0.07934623909568232
1131,batt_tim377,1,377,battery,0.09041371600302721,0.0,0.09041371600302721,0.027001389350166084
1132,pltd_tim378,1,378,diesel,0.00708713386666668,0.1774,-0.17031286613333332,0.002205546056000005
1133,plts_tim378,1,378,solar,0.4621849864814169,0.0,0.4621849864814169,0.11778376006953213
1134,batt_tim378,1,378,battery,0.20816268759260564,0.0,0.20816268759260564,0.05686181945215104
1135,pltd_tim379,1,379,diesel,0.0,0.1713,-0.1713,0.0
1136,plts_tim379,1,379,solar,0.439349958782697,0.0,0.439349958782697,0.11282963865496794
1137,batt_tim379,1,379,battery,0.1285550741979683,0.0,0.1285550741979683,0.03839393092164618
1138,pltd_tim380,1,380,diesel,0.004905200000000025,0.1251,-0.12019479999999996,0.0015451240000000112
1139,plts_tim380,1,380,solar,0.3252122454794977,0.0,0.3252122454794977,0.08302116919277741
1140,batt_tim380,1,380,battery,0.1467446032410164,0.0,0.1467446032410164,0.04008904342686712
1141,pltd_tim381,1,381,diesel,0.0,0.0555,-0.0555,0.0
1142,plts_tim381,1,381,solar,0.14795913610829514,0.0,0.14795913610829514,0.03652755968587147
1143,batt_tim381,1,381,battery,0.04162080810997203,0.0,0.04162080810997203,0.012429999435687575
1144,pltd_tim382,1,382,diesel,0.006275185919999963,0.1571,-0.15082481408000004,0.001952823521599993
1145,plts_tim382,1,382,solar,0.4132741670049996,0.0,0.4132741670049996,0.10428764713082495
1146,batt_tim382,1,382,battery,0.18433239397076223,0.0,0.18433239397076223,0.05034583730346656
1147,pltd_tim383,1,383,diesel,0.0,0.0946,-0.0946,0.0
1148,plts_tim383,1,383,solar,0.2487300842860223,0.0,0.2487300842860223,0.062299722687221164
1149,batt_tim383,1,383,battery,0.0709955894650451,0.0,0.0709955894650451,0.021199689807708214
1150,pltd_tim384,1,384,diesel,0.006385902826666681,0.1599,-0.1535140971733333,0.0019872687967999974
1151,plts_tim384,1,384,solar,0.4412540955109177,0.0,0.4412540955109177,0.10612823999253618
1152,batt_tim384,1,384,battery,0.18758092199823975,0.0,0.18758092199823975,0.051235312984987985
1153,pltd_tim385,1,385,diesel,0.0,0.0379,-0.0379,0.0
1154,plts_tim385,1,385,solar,0.09922323315556393,0.0,0.09922323315556393,0.024960358396859752
1155,batt_tim385,1,385,battery,0.028439686570991794,0.0,0.028439686570991794,0.008493350666050737
1156,pltd_tim386,1,386,diesel,0.0018703922133333157,0.0468,-0.04492960778666669,0.0005820911823999982
1157,plts_tim386,1,386,solar,0.12800178586655458,0.0,0.12800178586655458,0.0310818804001185
1158,batt_tim386,1,386,battery,0.054941321345609626,0.0,0.054941321345609626,0.015005694355753043
1159,pltd_tim387,1,387,diesel,0.0,0.2046,-0.2046,0.0
1160,plts_tim387,1,387,solar,0.5386117175778599,0.0,0.5386117175778599,0.13474686327798713
1161,batt_tim387,1,387,battery,0.15351442537563276,0.0,0.15351442537563276,0.04585115918820392
1162,pltd_tim388,1,388,diesel,0.002632989653333356,0.0659,-0.06326701034666664,0.0008194469136000042
1163,plts_tim388,1,388,solar,0.17728974999853267,0.0,0.17728974999853267,0.04375998546870045
1164,batt_tim388,1,388,battery,0.07734131844906356,0.0,0.07734131844906356,0.02112620672121809
1165,pltd_tim389,1,389,diesel,0.0,0.0428,-0.0428,0.0
1166,plts_tim389,1,389,solar,0.11219181053684524,0.0,0.11219181053684524,0.02820762401896735
1167,batt_tim389,1,389,battery,0.03214236067803245,0.0,0.03214236067803245,0.009598969604517994
1168,pltd_tim390,1,390,diesel,0.0025712130133333194,0.0644,-0.06182878698666668,0.0008002553663999925
1169,plts_tim390,1,390,solar,0.17268372936386875,0.0,0.17268372936386875,0.042737613344845986
1170,batt_tim390,1,390,battery,0.075549586792876,0.0,0.075549586792876,0.020632557856761644
1171,pltd_tim391,1,391,diesel,0.0,0.0927,-0.0927,0.0
1172,plts_tim391,1,391,solar,0.24452243807290125,0.0,0.24452243807290125,0.061082878738313494
1173,batt_tim391,1,391,battery,0.06959071254258965,0.0,0.06959071254258965,0.02078607821424828
1174,pltd_tim392,1,392,diesel,0.008582777777777766,0.1688,-0.16021722222222223,0.0032184856666666625
1175,plts_tim392,1,392,solar,0.50281289369241,0.0,0.50281289369241,0.11069083025144513
1176,batt_tim392,1,392,battery,0.19414806685548863,0.0,0.19414806685548863,0.05306949702098415
1177,pltd_tim393,1,393,diesel,0.0,0.1275,-0.1275,0.0
1178,plts_tim393,1,393,solar,0.36695216346855947,0.0,0.36695216346855947,0.08401384460698183
1179,batt_tim393,1,393,battery,0.09572800243101505,0.0,0.09572800243101505,0.028590006719536872
1180,pltd_tim394,1,394,diesel,0.0025846666666666726,0.0508,-0.048215333333333325,0.0009594744771665029
1181,plts_tim394,1,394,solar,0.15167684297096723,0.0,0.15167684297096723,0.03332834055205124
1182,batt_tim394,1,394,battery,0.05846559006867616,0.0,0.05846559006867616,0.015979085094115764
1183,pltd_tim395,1,395,diesel,0.0,0.1054,-0.1054,0.0
1184,plts_tim395,1,395,solar,0.3091141209968198,0.0,0.3091141209968198,0.06940254973750278
1185,batt_tim395,1,395,battery,0.07907815842155948,0.0,0.07907815842155948,0.02361626678269758
1186,pltd_tim396,1,396,diesel,0.007768111111111093,0.1528,-0.1450318888888889,0.002913082666666663
1187,plts_tim396,1,396,solar,0.4531720607672689,0.0,0.4531720607672689,0.10018752518914614
1188,batt_tim396,1,396,battery,0.17576453698872962,0.0,0.17576453698872962,0.04803458374019062
1189,pltd_tim397,1,397,diesel,0.0,0.0653,-0.0653,0.0
1190,plts_tim397,1,397,solar,0.17473023115227468,0.0,0.17473023115227468,0.043021238809203555
1191,batt_tim397,1,397,battery,0.04902208473759528,0.0,0.04902208473759528,0.014639936188215368
1192,pltd_tim398,1,398,diesel,0.0034572406400000216,0.0866,-0.08314275935999997,0.0010759742672
1193,plts_tim398,1,398,solar,0.23504177428801237,0.0,0.23504177428801237,0.05746042795076656
1194,batt_tim398,1,398,battery,0.10155590552745264,0.0,0.10155590552745264,0.02773921828441992
1195,pltd_tim399,1,399,diesel,0.0,0.1128,-0.1128,0.0
1196,plts_tim399,1,399,solar,0.3030785644880267,0.0,0.3030785644880267,0.07427291793913901
1197,batt_tim399,1,399,battery,0.08463613442514721,0.0,0.08463613442514721,0.025274550643797352
1198,pltd_tim400,1,400,diesel,0.003937294293333323,0.0986,-0.09466270570666667,0.0012253739007999985
1199,plts_tim400,1,400,solar,0.26947776528383316,0.0,0.26947776528383316,0.06543557051385346
1200,batt_tim400,1,400,battery,0.11566508882171883,0.0,0.11566508882171883,0.03159098959741322
1201,pltd_tim401,1,401,diesel,0.0,0.1066,-0.1066,0.0
1202,plts_tim401,1,401,solar,0.2862693014226602,0.0,0.2862693014226602,0.0702145311448621
1203,batt_tim401,1,401,battery,0.08000641532060858,0.0,0.08000641532060858,0.02389358074616743
1204,pltd_tim402,1,402,diesel,0.0027193159466666825,0.0681,-0.0653806840533333,0.0008462631744000022
1205,plts_tim402,1,402,solar,0.1850217174367133,0.0,0.1850217174367133,0.04519126795058437
1206,batt_tim402,1,402,battery,0.07986521456128445,0.0,0.07986521456128445,0.0218162306991326
1207,pltd_tim403,1,403,diesel,0.0,0.1291,-0.1291,0.0
1208,plts_tim403,1,403,solar,0.3464507149961733,0.0,0.3464507149961733,0.08502787459836485
1209,batt_tim403,1,403,battery,0.09689546278221049,0.0,0.09689546278221049,0.028933052151406288
1210,pltd_tim404,1,404,diesel,0.008575611021186593,0.2175,-0.2089243889788134,0.0026916901572246006
1211,plts_tim404,1,404,solar,0.6058899675911613,0.0,0.6058899675911613,0.14436705129409694
1212,batt_tim404,1,404,battery,0.25516680903291444,0.0,0.25516680903291444,0.06970743624462207
1213,pltd_tim405,1,405,diesel,0.0,0.2006,-0.2006,0.0
1214,plts_tim405,1,405,solar,0.5328347636510203,0.0,0.5328347636510203,0.13210806742495756
1215,batt_tim405,1,405,battery,0.15053933115067666,0.0,0.15053933115067666,0.04495368945603861
1216,pltd_tim406,1,406,diesel,0.004856900000000014,0.1238,-0.11894309999999998,0.001529923500000003
1217,plts_tim406,1,406,solar,0.33853165999040585,0.0,0.33853165999040585,0.08220349986803424
1218,batt_tim406,1,406,battery,0.14530502930797584,0.0,0.14530502930797584,0.039695626876980354
1219,pltd_tim407,1,407,diesel,0.0,0.2039,-0.2039,0.0
1220,plts_tim407,1,407,solar,0.5456265982638467,0.0,0.5456265982638467,0.13434156201685274
1221,batt_tim407,1,407,battery,0.15308108427796102,0.0,0.15308108427796102,0.04571645561369884
1222,pltd_tim408,1,408,diesel,0.006457318935966882,0.1636,-0.15714268106403312,0.0020252244882765246
1223,plts_tim408,1,408,solar,0.44716526838133663,0.0,0.44716526838133663,0.10858228689493689
1224,batt_tim408,1,408,battery,0.19193307201664125,0.0,0.19193307201664125,0.05242942067236521
1225,pltd_tim409,1,409,diesel,0.0,0.0591,-0.0591,0.0
1226,plts_tim409,1,409,solar,0.15659440389379561,0.0,0.15659440389379561,0.0389628173726693
1227,batt_tim409,1,409,battery,0.044392505961587024,0.0,0.044392505961587024,0.013258158230646487
1228,pltd_tim410,1,410,diesel,0.003039399573333335,0.0761,-0.07306060042666666,0.0009458959551999988
1229,plts_tim410,1,410,solar,0.20800283033513464,0.0,0.20800283033513464,0.050508011584952765
1230,batt_tim410,1,410,battery,0.08927897716743105,0.0,0.08927897716743105,0.024384224913966954
1231,pltd_tim411,1,411,diesel,0.0,0.1587,-0.1587,0.0
1232,plts_tim411,1,411,solar,0.42422416564366383,0.0,0.42422416564366383,0.10450982917197794
1233,batt_tim411,1,411,battery,0.11906961146902019,0.0,0.11906961146902019,0.035562979249753365
1234,pltd_tim412,1,412,diesel,0.005868986239999978,0.147,-0.14113101376,0.0018265085552000011
1235,plts_tim412,1,412,solar,0.40304622220713343,0.0,0.40304622220713343,0.09753955135734123
1236,batt_tim412,1,412,battery,0.1723780212350034,0.0,0.1723780212350034,0.047087518340982515
1237,pltd_tim413,1,413,diesel,0.0,0.1916,-0.1916,0.0
1238,plts_tim413,1,413,solar,0.5100112373778751,0.0,0.5100112373778751,0.12622370116109155
1239,batt_tim413,1,413,battery,0.14382377950588435,0.0,0.14382377950588435,0.042951918939949506
1240,pltd_tim414,1,414,diesel,0.0068655205333332985,0.1719,-0.1650344794666667,0.002136636655999988
1241,plts_tim414,1,414,solar,0.4744874390558859,0.0,0.4744874390558859,0.11410295093805405
1242,batt_tim414,1,414,battery,0.2016762896049499,0.0,0.2016762896049499,0.055084415096401995
1243,pltd_tim415,1,415,diesel,0.0,0.1445,-0.1445,0.0
1244,plts_tim415,1,415,solar,0.3865519202944762,0.0,0.3865519202944762,0.0951749583656885
1245,batt_tim415,1,415,battery,0.10845046256074461,0.0,0.10845046256074461,0.03238792782759611
1246,pltd_tim416,1,416,diesel,0.007656978382976141,0.1947,-0.18704302161702388,0.002407549730212495
1247,plts_tim416,1,416,solar,0.5322187205843706,0.0,0.5322187205843706,0.12923528324282188
1248,batt_tim416,1,416,battery,0.2284391346549263,0.0,0.2284391346549263,0.06240474607658733
1249,pltd_tim417,1,417,diesel,0.0,0.0345,-0.0345,0.0
1250,plts_tim417,1,417,solar,0.09231043012460453,0.0,0.09231043012460453,0.022728231015215535
1251,batt_tim417,1,417,battery,0.02589872016078766,0.0,0.02589872016078766,0.007734415406760597
1252,pltd_tim418,1,418,diesel,0.0022638990933333517,0.0567,-0.054436100906666646,0.0007045254047999995
1253,plts_tim418,1,418,solar,0.15494994754006342,0.0,0.15494994754006342,0.03762552197195942
1254,batt_tim418,1,418,battery,0.06650807206040582,0.0,0.06650807206040582,0.018164875711518046
1255,pltd_tim419,1,419,diesel,0.0,0.0628,-0.0628,0.0
1256,plts_tim419,1,419,solar,0.16842700719956352,0.0,0.16842700719956352,0.041398549920018145
1257,batt_tim419,1,419,battery,0.04717746271397852,0.0,0.04717746271397852,0.014088316538433447
1258,pltd_tim420,1,420,diesel,0.0032850701866666884,0.0823,-0.07901492981333332,0.0010223783696000025
1259,plts_tim420,1,420,solar,0.226800515468792,0.0,0.226800515468792,0.05459777036694665
1260,batt_tim420,1,420,battery,0.09648864082777613,0.0,0.09648864082777613,0.026357974589928987
1261,pltd_tim421,1,421,diesel,0.0,0.0373,-0.0373,0.0
1262,plts_tim421,1,421,solar,0.10014211127843796,0.0,0.10014211127843796,0.024554445117027875
1263,batt_tim421,1,421,battery,0.027977939911122362,0.0,0.027977939911122362,0.00835527461362233
1264,pltd_tim422,1,422,diesel,0.0047618478933333505,0.1192,-0.11443815210666665,0.0014819750287999977
1265,plts_tim422,1,422,solar,0.3276412089882101,0.0,0.3276412089882101,0.07913560534124643
1266,batt_tim422,1,422,battery,0.13986293501313724,0.0,0.13986293501313724,0.03820254707035995
1267,pltd_tim423,1,423,diesel,0.0,0.1953,-0.1953,0.0
1268,plts_tim423,1,423,solar,0.5199306384606188,0.0,0.5199306384606188,0.12865829229286782
1269,batt_tim423,1,423,battery,0.1465941611194451,0.0,0.1465941611194451,0.04377918198882358
1270,pltd_tim424,1,424,diesel,0.004134024640000018,0.1035,-0.09936597535999997,0.0012865605872000004
1271,plts_tim424,1,424,solar,0.2851826290008485,0.0,0.2851826290008485,0.06870715296048328
1272,batt_tim424,1,424,battery,0.12142325960462853,0.0,0.12142325960462853,0.03316911855962978
1273,pltd_tim425,1,425,diesel,0.0,0.1802,-0.1802,0.0
1274,plts_tim425,1,425,solar,0.4618436247909641,0.0,0.4618436247909641,0.1187148716405693
1275,batt_tim425,1,425,battery,0.13527321529419,0.0,0.13527321529419,0.04039677443604789
1276,pltd_tim426,1,426,diesel,0.001957318918095235,0.0499,-0.04794268108190476,0.0006165094863999994
1277,plts_tim426,1,426,solar,0.1292781552536117,0.0,0.1292781552536117,0.03312678987088793
1278,batt_tim426,1,426,battery,0.05854277785551775,0.0,0.05854277785551775,0.015996598281305365
1279,pltd_tim427,1,427,diesel,0.0,0.2086,-0.2086,0.0
1280,plts_tim427,1,427,solar,0.5473332325948703,0.0,0.5473332325948703,0.13738545791375928
1281,batt_tim427,1,427,battery,0.15655720502480067,0.0,0.15655720502480067,0.04675276604561092
1282,pltd_tim428,1,428,diesel,0.008643921499390224,0.2169,-0.2082560785006098,0.002693878757435969
1283,plts_tim428,1,428,solar,0.5890732553214525,0.0,0.5890732553214525,0.14395828997751875
1284,batt_tim428,1,428,battery,0.25444839003762587,0.0,0.25444839003762587,0.06950177094159975
1285,pltd_tim429,1,429,diesel,0.0,0.1245,-0.1245,0.0
1286,plts_tim429,1,429,solar,0.32298638496552246,0.0,0.32298638496552246,0.08198402167946053
1287,batt_tim429,1,429,battery,0.09339767637816872,0.0,0.09339767637816872,0.02789728712952732
1288,pltd_tim430,1,430,diesel,0.006299822720000017,0.1577,-0.15140017728,0.0019605553856000047
1289,plts_tim430,1,430,solar,0.4281258726386841,0.0,0.4281258726386841,0.10469674758479607
1290,batt_tim430,1,430,battery,0.18504098926943996,0.0,0.18504098926943996,0.05054415895145338
1291,pltd_tim431,1,431,diesel,0.0,0.1337,-0.1337,0.0
1292,plts_tim431,1,431,solar,0.356354298491356,0.0,0.356354298491356,0.08807310741385804
1293,batt_tim431,1,431,battery,0.10036546484104189,0.0,0.10036546484104189,0.029971792228446818
1294,pltd_tim432,1,432,diesel,0.005377157866666667,0.1346,-0.12922284213333332,0.0016733595760000006
1295,plts_tim432,1,432,solar,0.35733248047617217,0.0,0.35733248047617217,0.0893600247534274
1296,batt_tim432,1,432,battery,0.15793618187589292,0.0,0.15793618187589292,0.043138877284032234
1297,pltd_tim433,1,433,diesel,0.0,0.1722,-0.1722,0.0
1298,plts_tim433,1,433,solar,0.4607322756004425,0.0,0.4607322756004425,0.11343928938341805
1299,batt_tim433,1,433,battery,0.12926251181538587,0.0,0.12926251181538587,0.03860334178987686
1300,pltd_tim434,1,434,diesel,0.0032863000000000024,0.0838,-0.0805137,0.0010351075000000006
1301,plts_tim434,1,434,solar,0.22353019913014208,0.0,0.22353019913014208,0.055620310342502366
1302,batt_tim434,1,434,battery,0.09831033012033341,0.0,0.09831033012033341,0.026858208064414076
1303,pltd_tim435,1,435,diesel,0.0,0.0869,-0.0869,0.0
1304,plts_tim435,1,435,solar,0.23680096996100086,0.0,0.23680096996100086,0.05722721680853515
1305,batt_tim435,1,435,battery,0.06520645140402541,0.0,0.06520645140402541,0.019474566372032317
1306,pltd_tim436,1,436,diesel,0.004518599999999976,0.1152,-0.11068140000000003,0.0014233869999999964
1307,plts_tim436,1,436,solar,0.31766832129515854,0.0,0.31766832129515854,0.07647773072304966
1308,batt_tim436,1,436,battery,0.1351745300062362,0.0,0.1351745300062362,0.0369298562968048
1309,pltd_tim437,1,437,diesel,0.0,0.2039,-0.2039,0.0
1310,plts_tim437,1,437,solar,0.5307282877497018,0.0,0.5307282877497018,0.13434091627361594
1311,batt_tim437,1,437,battery,0.15305535354156596,0.0,0.15305535354156596,0.04571289729940451
1312,pltd_tim438,1,438,diesel,0.008206641920000025,0.2055,-0.19729335807999995,0.0025539964016000126
1313,plts_tim438,1,438,solar,0.5616938442277599,0.0,0.5616938442277599,0.13639247182290593
1314,batt_tim438,1,438,battery,0.24109056479061047,0.0,0.24109056479061047,0.06584765094545494
1315,pltd_tim439,1,439,diesel,0.0,0.0961,-0.0961,0.0
1316,plts_tim439,1,439,solar,0.2517294603507001,0.0,0.2517294603507001,0.06331459110027153
1317,batt_tim439,1,439,battery,0.0721393321410142,0.0,0.0721393321410142,0.02154426945878788
1318,pltd_tim440,1,440,diesel,0.003445229973333336,0.0863,-0.08285477002666666,0.0010721791472
1319,plts_tim440,1,440,solar,0.24009059073070851,0.0,0.24009059073070851,0.05725603841974386
1320,batt_tim440,1,440,battery,0.10119285824455487,0.0,0.10119285824455487,0.02764114030118029
1321,pltd_tim441,1,441,diesel,0.0,0.1109,-0.1109,0.0
1322,plts_tim441,1,441,solar,0.2967157863776666,0.0,0.2967157863776666,0.07305593668613446
1323,batt_tim441,1,441,battery,0.08324681498387564,0.0,0.08324681498387564,0.024861108197553456
1324,pltd_tim442,1,442,diesel,0.0027871316114285796,0.0699,-0.06711286838857142,0.0008685668192000022
1325,plts_tim442,1,442,solar,0.1911608976361558,0.0,0.1911608976361558,0.0464183758251401
1326,batt_tim442,1,442,battery,0.0820499276257422,0.0,0.0820499276257422,0.022410509956832483
1327,pltd_tim443,1,443,diesel,0.0,0.2252,-0.2252,0.0
1328,plts_tim443,1,443,solar,0.6023399839556861,0.0,0.6023399839556861,0.1483423637606577
1329,batt_tim443,1,443,battery,0.1690026923685982,0.0,0.1690026923685982,0.05047614272279078
1330,pltd_tim444,1,444,diesel,0.0038859938666666975,0.0977,-0.0938140061333333,0.0012123573560000047
1331,plts_tim444,1,444,solar,0.2679749370733998,0.0,0.2679749370733998,0.06482197898322062
1332,batt_tim444,1,444,battery,0.11458032313941158,0.0,0.11458032313941158,0.03129590912445537
1333,pltd_tim445,1,445,diesel,0.0,0.2991,-0.2991,0.0
1334,plts_tim445,1,445,solar,0.8003044440540056,0.0,0.8003044440540056,0.19704711875364575
1335,batt_tim445,1,445,battery,0.2245327273212141,0.0,0.2245327273212141,0.06705501921540258
1336,pltd_tim446,1,446,diesel,0.00538911210666669,0.1349,-0.12951088789333332,0.0016770997712000021
1337,plts_tim446,1,446,solar,0.37183136020018037,0.0,0.37183136020018037,0.08956455174598528
1338,batt_tim446,1,446,battery,0.15829457113267237,0.0,0.15829457113267237,0.043237448651989835
1339,pltd_tim447,1,447,diesel,0.0,0.1359,-0.1359,0.0
1340,plts_tim447,1,447,solar,0.3653023000120046,0.0,0.3653023000120046,0.08949292642430094
1341,batt_tim447,1,447,battery,0.1019765335671693,0.0,0.1019765335671693,0.03045284615057505
1342,pltd_tim448,1,448,diesel,0.004358398364444454,0.1097,-0.10534160163555555,0.0013609258282666686
1343,plts_tim448,1,448,solar,0.30075124093471384,0.0,0.30075124093471384,0.07279691809642108
1344,batt_tim448,1,448,battery,0.1286772017010374,0.0,0.1286772017010374,0.03514583016138704
1345,pltd_tim449,1,449,diesel,0.0,0.1405,-0.1405,0.0
1346,plts_tim449,1,449,solar,0.37814992960175925,0.0,0.37814992960175925,0.09253661549293098
1347,batt_tim449,1,449,battery,0.10543343300744937,0.0,0.10543343300744937,0.03148770828917173
1348,pltd_tim450,1,450,diesel,0.010618443946666643,0.2659,-0.25528155605333336,0.0033045156143999897
1349,plts_tim450,1,450,solar,0.7302359406860257,0.0,0.7302359406860257,0.17647149042772622
1350,batt_tim450,1,450,battery,0.31193443933469756,0.0,0.31193443933469756,0.08519571473213321
1351,pltd_tim451,1,451,diesel,0.0,0.7631,-0.7631,0.0
1352,plts_tim451,1,451,solar,2.0561838572216686,0.0,2.0561838572216686,0.5026596405776665
1353,batt_tim451,1,451,battery,0.5727139605183938,0.0,0.5727139605183938,0.17103941309985016
1354,pltd_tim452,1,452,diesel,0.009621976320000027,0.2409,-0.23127802367999997,0.0029944645136000037
1355,plts_tim452,1,452,solar,0.6630740486982141,0.0,0.6630740486982141,0.15990771012728822
1356,batt_tim452,1,452,battery,0.2826559767682063,0.0,0.2826559767682063,0.07719749151072806
1357,pltd_tim453,1,453,diesel,0.0,0.2409,-0.2409,0.0
1358,plts_tim453,1,453,solar,0.6445275441620364,0.0,0.6445275441620364,0.15869247819136464
1359,batt_tim453,1,453,battery,0.18082743200605442,0.0,0.18082743200605442,0.05400277870033217
1360,pltd_tim454,1,454,diesel,0.011295417706666644,0.2828,-0.27150458229333335,0.0035152758592000015
1361,plts_tim454,1,454,solar,0.7730644546205675,0.0,0.7730644546205675,0.18771822152657558
1362,batt_tim454,1,454,battery,0.33181517105625435,0.0,0.33181517105625435,0.09062664553203438
1363,pltd_tim455,1,455,diesel,0.0,0.1805,-0.1805,0.0
1364,plts_tim455,1,455,solar,0.485825634241193,0.0,0.485825634241193,0.11891845544702227
1365,batt_tim455,1,455,battery,0.13551015595171992,0.0,0.13551015595171992,0.040466336869529045
1366,pltd_tim456,1,456,diesel,0.009609396373333318,0.2406,-0.23099060362666668,0.002990511619200002
1367,plts_tim456,1,456,solar,0.6212649919820965,0.0,0.6212649919820965,0.15970327773170528
1368,batt_tim456,1,456,battery,0.2822848401704995,0.0,0.2822848401704995,0.07709850078780119
1369,pltd_tim457,1,457,diesel,0.0,0.1953,-0.1953,0.0
1370,plts_tim457,1,457,solar,0.5005063478172245,0.0,0.5005063478172245,0.1286585601495827
1371,batt_tim457,1,457,battery,0.14658927754227272,0.0,0.14658927754227272,0.043780657990929714
1372,pltd_tim458,1,458,diesel,0.012402679146666677,0.3105,-0.29809732085333335,0.003859857310400007
1373,plts_tim458,1,458,solar,0.8285931171184031,0.0,0.8285931171184031,0.206121315189653
1374,batt_tim458,1,458,battery,0.3643010929305569,0.0,0.3643010929305569,0.099506914057584
1375,pltd_tim459,1,459,diesel,0.0,0.0967,-0.0967,0.0
1376,plts_tim459,1,459,solar,0.25366084396644173,0.0,0.25366084396644173,0.06372082157642121
1377,batt_tim459,1,459,battery,0.07261890084504954,0.0,0.07261890084504954,0.021684093395071304
1378,pltd_tim460,1,460,diesel,0.006840893973333306,0.1713,-0.1644591060266667,0.0021289688671999973
1379,plts_tim460,1,460,solar,0.44608891477900087,0.0,0.44608891477900087,0.1136941416334013
1380,batt_tim460,1,460,battery,0.20094759483936162,0.0,0.20094759483936162,0.05488808945643829
1381,pltd_tim461,1,461,diesel,0.0,0.2659,-0.2659,0.0
1382,plts_tim461,1,461,solar,0.6665231010861796,0.0,0.6665231010861796,0.17513027785659585
1383,batt_tim461,1,461,battery,0.1995500462456981,0.0,0.1995500462456981,0.059594968105617
1384,pltd_tim462,1,462,diesel,0.010655470933333345,0.2668,-0.2561445290666666,0.0033161524480000166
1385,plts_tim462,1,462,solar,0.6845859107210354,0.0,0.6845859107210354,0.1770846442250034
1386,batt_tim462,1,462,battery,0.3130275156813006,0.0,0.3130275156813006,0.08549082857311274
1387,pltd_tim463,1,463,diesel,0.0,0.2092,-0.2092,0.0
1388,plts_tim463,1,463,solar,0.529892956126154,0.0,0.529892956126154,0.1377912447392298
1389,batt_tim463,1,463,battery,0.15701614488990756,0.0,0.15701614488990756,0.04688921953174681
1390,pltd_tim464,1,464,diesel,0.011701371199999972,0.293,-0.2812986288,0.003641550975999991
1391,plts_tim464,1,464,solar,0.7827497697556178,0.0,0.7827497697556178,0.19446657902059564
1392,batt_tim464,1,464,battery,0.34372545209100885,0.0,0.34372545209100885,0.09388506848124069
1393,pltd_tim465,1,465,diesel,0.0,0.1528,-0.1528,0.0
1394,plts_tim465,1,465,solar,0.4049358997223012,0.0,0.4049358997223012,0.1006537827734532
1395,batt_tim465,1,465,battery,0.11467966164174226,0.0,0.11467966164174226,0.03424965740788255
1396,pltd_tim466,1,466,diesel,0.018823999999999987,0.48,-0.461176,0.005929524999999984
1397,plts_tim466,1,466,solar,1.298730044884891,0.0,1.298730044884891,0.31858994260601003
1398,batt_tim466,1,466,battery,0.5631134674704864,0.0,0.5631134674704864,0.15384642650603442
1399,pltd_tim467,1,467,diesel,0.0,0.0518,-0.0518,0.0
1400,plts_tim467,1,467,solar,0.13894802012957178,0.0,0.13894802012957178,0.03409284201107226
1401,batt_tim467,1,467,battery,0.03884481083949699,0.0,0.03884481083949699,0.011600804748512692
1402,pltd_tim468,1,468,diesel,0.009520800000000013,0.2428,-0.23327919999999996,0.002999010000000007
1403,plts_tim468,1,468,solar,0.6532933504053055,0.0,0.6532933504053055,0.16113536157392935
1404,batt_tim468,1,468,battery,0.2848294988885037,0.0,0.2848294988885037,0.07781180892300663
1405,pltd_tim469,1,469,diesel,0.0,0.1319,-0.1319,0.0
1406,plts_tim469,1,469,solar,0.34440903166169057,0.0,0.34440903166169057,0.08685472276779711
1407,batt_tim469,1,469,battery,0.0989512317624412,0.0,0.0989512317624412,0.029554010918381855
1408,pltd_tim470,1,470,diesel,0.0033345694933333532,0.0835,-0.08016543050666665,0.0010377397968000031
1409,plts_tim470,1,470,solar,0.22448664859582065,0.0,0.22448664859582065,0.05541578948379619
1410,batt_tim470,1,470,battery,0.09794882779871233,0.0,0.09794882779871233,0.026753592442035214
1411,pltd_tim471,1,471,diesel,0.0,0.1741,-0.1741,0.0
1412,plts_tim471,1,471,solar,0.4590568603479185,0.0,0.4590568603479185,0.11465661215891407
1413,batt_tim471,1,471,battery,0.13062481657981273,0.0,0.13062481657981273,0.039015888917349535
1414,pltd_tim472,1,472,diesel,0.0025035493333333382,0.0632,-0.060696450666666665,0.0007830216800000028
1415,plts_tim472,1,472,solar,0.1685930530632584,0.0,0.1685930530632584,0.041919710141824454
1416,batt_tim472,1,472,battery,0.07408947381436881,0.0,0.07408947381436881,0.020239913726511873
1417,pltd_tim473,1,473,diesel,0.0,0.0419,-0.0419,0.0
1418,plts_tim473,1,473,solar,0.11057906685285013,0.0,0.11057906685285013,0.027598411968387828
1419,batt_tim473,1,473,battery,0.0314473042732741,0.0,0.0314473042732741,0.009391358867470395
1420,pltd_tim474,1,474,diesel,0.002411678933333315,0.0604,-0.05798832106666669,0.0007505202879999953
1421,plts_tim474,1,474,solar,0.16139182892644724,0.0,0.16139182892644724,0.040079245444492304
1422,batt_tim474,1,474,battery,0.07083669333799691,0.0,0.07083669333799691,0.019348779671754364
1423,pltd_tim475,1,475,diesel,0.0,0.1118,-0.1118,0.0
1424,plts_tim475,1,475,solar,0.2927544638395434,0.0,0.2927544638395434,0.07366428341273235
1425,batt_tim475,1,475,battery,0.08394358811917581,0.0,0.08394358811917581,0.025067345055538783
1426,pltd_tim476,1,476,diesel,0.002263899093333326,0.0567,-0.05443610090666667,0.000704525404799996
1427,plts_tim476,1,476,solar,0.1541984998242429,0.0,0.1541984998242429,0.037625295604508495
1428,batt_tim476,1,476,battery,0.06649883353911484,0.0,0.06649883353911484,0.01816362833254368
1429,pltd_tim477,1,477,diesel,0.0,0.1229,-0.1229,0.0
1430,plts_tim477,1,477,solar,0.3326783368388109,0.0,0.3326783368388109,0.08096964890385502
1431,batt_tim477,1,477,battery,0.09226105724646637,0.0,0.09226105724646637,0.027552352813951096
1432,pltd_tim478,1,478,diesel,0.007271663786666697,0.1821,-0.17482833621333332,0.002263008697600012
1433,plts_tim478,1,478,solar,0.4952010991098405,0.0,0.4952010991098405,0.1208509058081289
1434,batt_tim478,1,478,battery,0.2135908935383094,0.0,0.2135908935383094,0.058341693536777095
1435,pltd_tim479,1,479,diesel,0.0,0.1778,-0.1778,0.0
1436,plts_tim479,1,479,solar,0.47521945337254307,0.0,0.47521945337254307,0.11709141208205574
1437,batt_tim479,1,479,battery,0.13340580369554944,0.0,0.13340580369554944,0.03984491966049459
1438,pltd_tim480,1,480,diesel,0.003210526138606854,0.0813,-0.07808947386139314,0.0010069002445537204
1439,plts_tim480,1,480,solar,0.2223196245163154,0.0,0.2223196245163154,0.053984418216856
1440,batt_tim480,1,480,battery,0.09542449223379444,0.0,0.09542449223379444,0.026066583637913185
1441,pltd_tim481,1,481,diesel,0.0,0.1719,-0.1719,0.0
1442,plts_tim481,1,481,solar,0.4599060076290253,0.0,0.4599060076290253,0.11323584964959454
1443,batt_tim481,1,481,battery,0.1290305857806327,0.0,0.1290305857806327,0.03853395608986594
1444,pltd_tim482,1,482,diesel,0.006582833173333376,0.1648,-0.15821716682666662,0.0020486654832000115
1445,plts_tim482,1,482,solar,0.4493173605650588,0.0,0.4493173605650588,0.10940009108067603
1446,batt_tim482,1,482,battery,0.19337821021176105,0.0,0.19337821021176105,0.05281588659677506
1447,pltd_tim483,1,483,diesel,0.0,0.3549,-0.3549,0.0
1448,plts_tim483,1,483,solar,0.9538915753194646,0.0,0.9538915753194646,0.23377822105277388
1449,batt_tim483,1,483,battery,0.2663598270958479,0.0,0.2663598270958479,0.07955466267622285
1450,pltd_tim484,1,484,diesel,0.00472484138666666,0.1183,-0.11357515861333334,0.0014703543456000012
1451,plts_tim484,1,484,solar,0.318705277778326,0.0,0.318705277778326,0.0785226976328557
1452,batt_tim484,1,484,battery,0.13879913247257153,0.0,0.13879913247257153,0.03790880113128214
1453,pltd_tim485,1,485,diesel,0.0,0.1392,-0.1392,0.0
1454,plts_tim485,1,485,solar,0.3708872619260873,0.0,0.3708872619260873,0.09172516723128464
1455,batt_tim485,1,485,battery,0.10452893021675388,0.0,0.10452893021675388,0.03121333218101205
1456,pltd_tim486,1,486,diesel,0.0045523016533333275,0.114,-0.10944769834666668,0.001416719673600011
1457,plts_tim486,1,486,solar,0.30696090724993813,0.0,0.30696090724993813,0.07565956658748078
1458,batt_tim486,1,486,battery,0.13372118619038553,0.0,0.13372118619038553,0.036524811949080756
1459,pltd_tim487,1,487,diesel,0.0,0.1762,-0.1762,0.0
1460,plts_tim487,1,487,solar,0.45782414026515567,0.0,0.45782414026515567,0.11607673252282756
1461,batt_tim487,1,487,battery,0.1322413186838662,0.0,0.1322413186838662,0.039497060505997765
1462,pltd_tim488,1,488,diesel,0.005859800000000021,0.1494,-0.14354019999999998,0.0018458160000000042
1463,plts_tim488,1,488,solar,0.40842784808066007,0.0,0.40842784808066007,0.09917590530263969
1464,batt_tim488,1,488,battery,0.17530584580984648,0.0,0.17530584580984648,0.04789151657392082
1465,pltd_tim489,1,489,diesel,0.0,0.1124,-0.1124,0.0
1466,plts_tim489,1,489,solar,0.29389595327305473,0.0,0.29389595327305473,0.07407000931150141
1467,batt_tim489,1,489,battery,0.08438128409563733,0.0,0.08438128409563733,0.025204697143586037
1468,pltd_tim490,1,490,diesel,0.003211246933333318,0.0804,-0.07718875306666668,0.0009994159279999987
1469,plts_tim490,1,490,solar,0.21899114214015236,0.0,0.21899114214015236,0.05337085765587217
1470,batt_tim490,1,490,battery,0.09434021777672401,0.0,0.09434021777672401,0.02576632031112893
1471,pltd_tim491,1,491,diesel,0.0,0.1571,-0.1571,0.0
1472,plts_tim491,1,491,solar,0.416876522309927,0.0,0.416876522309927,0.10349576643596957
1473,batt_tim491,1,491,battery,0.11793367130196779,0.0,0.11793367130196779,0.03521975338154066
1474,pltd_tim492,1,492,diesel,0.0024238588800000113,0.0607,-0.058276141119999986,0.0007543331824000019
1475,plts_tim492,1,492,solar,0.16431921191057045,0.0,0.16431921191057045,0.04028356778599056
1476,batt_tim492,1,492,battery,0.0712019484301106,0.0,0.0712019484301106,0.01944712537790216
1477,pltd_tim493,1,493,diesel,0.0,0.4772,-0.4772,0.0
1478,plts_tim493,1,493,solar,1.2718680869381749,0.0,1.2718680869381749,0.3143427064340046
1479,batt_tim493,1,493,battery,0.3582155223802504,0.0,0.3582155223802504,0.10697214516237993
1480,pltd_tim494,1,494,diesel,0.006742613439999963,0.1688,-0.16205738656000004,0.0020983704111999864
1481,plts_tim494,1,494,solar,0.4614809972130886,0.0,0.4614809972130886,0.11205848530290285
1482,batt_tim494,1,494,battery,0.19807691815009829,0.0,0.19807691815009829,0.054099643685004126
1483,pltd_tim495,1,495,diesel,0.0,0.3035,-0.3035,0.0
1484,plts_tim495,1,495,solar,0.8197656702955377,0.0,0.8197656702955377,0.1998877261696465
1485,batt_tim495,1,495,battery,0.2277707144236676,0.0,0.2277707144236676,0.06801784008065638
1486,pltd_tim496,1,496,diesel,0.005906049173333348,0.1479,-0.14199395082666666,0.0018379041632000015
1487,plts_tim496,1,496,solar,0.3961274121978664,0.0,0.3961274121978664,0.09815362769768876
1488,batt_tim496,1,496,battery,0.173489832995173,0.0,0.173489832995173,0.0473871579834392
1489,pltd_tim497,1,497,diesel,0.0,0.0847,-0.0847,0.0
1490,plts_tim497,1,497,solar,0.22906226145263156,0.0,0.22906226145263156,0.05580598063318171
1491,batt_tim497,1,497,battery,0.06359107707671786,0.0,0.06359107707671786,0.0189897148640951
1492,pltd_tim498,1,498,diesel,0.0049131246671401466,0.1245,-0.11958687533285986,0.001540923090049717
1493,plts_tim498,1,498,solar,0.3468091099218757,0.0,0.3468091099218757,0.0826120999740033
1494,batt_tim498,1,498,battery,0.14600573080088325,0.0,0.14600573080088325,0.039887457370864396
1495,pltd_tim499,1,499,diesel,0.0,0.0635,-0.0635,0.0
1496,plts_tim499,1,499,solar,0.16978788722415497,0.0,0.16978788722415497,0.041804358610472755
1497,batt_tim499,1,499,battery,0.04763568991193781,0.0,0.04763568991193781,0.014226124843125892
1498,pltd_tim500,1,500,diesel,0.005770726186666704,0.1445,-0.13872927381333328,0.0017959122496000064
1499,plts_tim500,1,500,solar,0.40497229936203166,0.0,0.40497229936203166,0.09590339116710456
1500,batt_tim500,1,500,battery,0.16949553889937197,0.0,0.16949553889937197,0.04629696368163252
1501,pltd_tim501,1,501,diesel,0.0,0.1097,-0.1097,0.0
1502,plts_tim501,1,501,solar,0.29341891001202186,0.0,0.29341891001202186,0.07224419561239197
1503,batt_tim501,1,501,battery,0.0823220297892155,0.0,0.0823220297892155,0.024584809989118186
1504,pltd_tim502,1,502,diesel,0.004601867626666663,0.1152,-0.11059813237333334,0.0014321301007999992
1505,plts_tim502,1,502,solar,0.3163175253660347,0.0,0.3163175253660347,0.07647746480353086
1506,batt_tim502,1,502,battery,0.13515608510630828,0.0,0.13515608510630828,0.03691964786865654
1507,pltd_tim503,1,503,diesel,0.0,0.1547,-0.1547,0.0
1508,plts_tim503,1,503,solar,0.4318128287976635,0.0,0.4318128287976635,0.10187190076886186
1509,batt_tim503,1,503,battery,0.11608355784153623,0.0,0.11608355784153623,0.034665660777532775
1510,pltd_tim504,1,504,diesel,0.0069077450666667015,0.1349,-0.1279922549333333,0.002566001702400002
1511,plts_tim504,1,504,solar,0.3807230369812544,0.0,0.3807230369812544,0.08847212715224605
1512,batt_tim504,1,504,battery,0.15521559302588434,0.0,0.15521559302588434,0.04241337061735586
1513,pltd_tim505,1,505,diesel,0.0,0.1411,-0.1411,0.0
1514,plts_tim505,1,505,solar,0.389818652539646,0.0,0.389818652539646,0.09294274612295662
1515,batt_tim505,1,505,battery,0.10590260085604244,0.0,0.10590260085604244,0.0316272906150422
1516,pltd_tim506,1,506,diesel,0.005832169493333324,0.146,-0.14016783050666667,0.0018149847968000068
1517,plts_tim506,1,506,solar,0.39916471150188315,0.0,0.39916471150188315,0.09692657484059586
1518,batt_tim506,1,506,battery,0.17132952235203247,0.0,0.17132952235203247,0.04679423591856675
1519,pltd_tim507,1,507,diesel,0.0,0.1793,-0.1793,0.0
1520,plts_tim507,1,507,solar,0.49699230966756136,0.0,0.49699230966756136,0.11810604765709476
1521,batt_tim507,1,507,battery,0.1345796449904183,0.0,0.1345796449904183,0.040187907693782575
1522,pltd_tim508,1,508,diesel,0.0018949316266666557,0.0474,-0.04550506837333334,0.0005897778208
1523,plts_tim508,1,508,solar,0.12968569635010008,0.0,0.12968569635010008,0.03149081940121923
1524,batt_tim508,1,508,battery,0.055663648738227836,0.0,0.055663648738227836,0.015203108556751825
1525,pltd_tim509,1,509,diesel,0.0,0.0607,-0.0607,0.0
1526,plts_tim509,1,509,solar,0.1623676410934934,0.0,0.1623676410934934,0.0399773812253627
1527,batt_tim509,1,509,battery,0.04555305818431485,0.0,0.04555305818431485,0.013604145460592356
1528,pltd_tim510,1,510,diesel,0.002017761813333335,0.0505,-0.048482238186666665,0.0006279519903999993
1529,plts_tim510,1,510,solar,0.13810748216637017,0.0,0.13810748216637017,0.03353578687049946
1530,batt_tim510,1,510,battery,0.05927868805226383,0.0,0.05927868805226383,0.016190446493914795
1531,pltd_tim511,1,511,diesel,0.0,0.1263,-0.1263,0.0
1532,plts_tim511,1,511,solar,0.34749606837831565,0.0,0.34749606837831565,0.0832022346376663
1533,batt_tim511,1,511,battery,0.09481845511242258,0.0,0.09481845511242258,0.028314122367973503
1534,pltd_tim512,1,512,diesel,0.002781015679999991,0.0696,-0.06681898432000001,0.0008654186463999986
1535,plts_tim512,1,512,solar,0.19380471656618234,0.0,0.19380471656618234,0.046213681753398704
1536,batt_tim512,1,512,battery,0.08168798823470802,0.0,0.08168798823470802,0.022310103307224122
1537,pltd_tim513,1,513,diesel,0.0,0.0955,-0.0955,0.0
1538,plts_tim513,1,513,solar,0.26172939206215035,0.0,0.26172939206215035,0.06290864852551752
1539,batt_tim513,1,513,battery,0.07167725080921392,0.0,0.07167725080921392,0.02140572339582035
1540,pltd_tim514,1,514,diesel,0.0067976666666666645,0.1337,-0.12690233333333334,0.0025490709999999995
1541,plts_tim514,1,514,solar,0.37362153844491935,0.0,0.37362153844491935,0.08767333263913832
1542,batt_tim514,1,514,battery,0.1532038578361093,0.0,0.1532038578361093,0.042026840636501826
1543,pltd_tim515,1,515,diesel,0.0,0.1134,-0.1134,0.0
1544,plts_tim515,1,515,solar,0.30330697843506904,0.0,0.30330697843506904,0.0746787883567862
1545,batt_tim515,1,515,battery,0.08509484845672852,0.0,0.08509484845672852,0.025413007674374
1546,pltd_tim516,1,516,diesel,0.0068442222222222255,0.1346,-0.12775577777777777,0.002550955111111108
1547,plts_tim516,1,516,solar,0.3774377963816197,0.0,0.3774377963816197,0.0882697889294941
1548,batt_tim516,1,516,battery,0.1548502972013732,0.0,0.1548502972013732,0.042319837517733036
1549,pltd_tim517,1,517,diesel,0.0,0.1057,-0.1057,0.0
1550,plts_tim517,1,517,solar,0.2914295423377331,0.0,0.2914295423377331,0.0696050318919442
1551,batt_tim517,1,517,battery,0.07930727954902828,0.0,0.07930727954902828,0.023685004571234076
1552,pltd_tim518,1,518,diesel,0.002694591999999971,0.0675,-0.06480540800000004,0.0008385571599999948
1553,plts_tim518,1,518,solar,0.18442453850873838,0.0,0.18442453850873838,0.044782606129110815
1554,batt_tim518,1,518,battery,0.07915916772963683,0.0,0.07915916772963683,0.021620159957704412
1555,pltd_tim519,1,519,diesel,0.0,0.0555,-0.0555,0.0
1556,plts_tim519,1,519,solar,0.1483563465145325,0.0,0.1483563465145325,0.03652758752834492
1557,batt_tim519,1,519,battery,0.04162247917802246,0.0,0.04162247917802246,0.012430152859317324
1558,pltd_tim520,1,520,diesel,0.008165032660059565,0.1596,-0.15143496733994044,0.003043427494626372
1559,plts_tim520,1,520,solar,0.4575545141360802,0.0,0.4575545141360802,0.10463075674401381
1560,batt_tim520,1,520,battery,0.18353634247191042,0.0,0.18353634247191042,0.05015805124343646
1561,pltd_tim521,1,521,diesel,0.0,0.1282,-0.1282,0.0
1562,plts_tim521,1,521,solar,0.34109980595035927,0.0,0.34109980595035927,0.0844194731742513
1563,batt_tim521,1,521,battery,0.09619051292797616,0.0,0.09619051292797616,0.02872651388687195
1564,pltd_tim522,1,522,diesel,0.004331103786666664,0.1084,-0.10406889621333333,0.0013478328975999995
1565,plts_tim522,1,522,solar,0.29951127354333074,0.0,0.29951127354333074,0.07197914430274409
1566,batt_tim522,1,522,battery,0.1272223053798257,0.0,0.1272223053798257,0.03474966394772936
1567,pltd_tim523,1,523,diesel,0.0,0.0453,-0.0453,0.0
1568,plts_tim523,1,523,solar,0.12115928725395912,0.0,0.12115928725395912,0.029831258143091
1569,batt_tim523,1,523,battery,0.0339928042098262,0.0,0.0339928042098262,0.010151786309324382
1570,pltd_tim524,1,524,diesel,0.004244864639999961,0.1063,-0.10205513536000005,0.0013211027871999953
1571,plts_tim524,1,524,solar,0.2901796572873262,0.0,0.2901796572873262,0.07054733156190142
1572,batt_tim524,1,524,battery,0.12468493257081326,0.0,0.12468493257081326,0.034056807017444415
1573,pltd_tim525,1,525,diesel,0.0,0.098,-0.098,0.0
1574,plts_tim525,1,525,solar,0.26479668365452397,0.0,0.26479668365452397,0.06453264650538289
1575,batt_tim525,1,525,battery,0.07353870975915273,0.0,0.07353870975915273,0.02196054509737032
1576,pltd_tim526,1,526,diesel,0.00321046635045302,0.0813,-0.07808953364954697,0.001006893966797566
1577,plts_tim526,1,526,solar,0.22099177976453982,0.0,0.22099177976453982,0.05398419690321836
1578,batt_tim526,1,526,battery,0.09543050727725981,0.0,0.09543050727725981,0.02606537038583693
1579,pltd_tim527,1,527,diesel,0.0,0.0795,-0.0795,0.0
1580,plts_tim527,1,527,solar,0.20579668110097785,0.0,0.20579668110097785,0.05235632204553755
1581,batt_tim527,1,527,battery,0.05966510161882651,0.0,0.05966510161882651,0.017816775355097677
1582,pltd_tim528,1,528,diesel,0.0030204000000000025,0.077,-0.07397959999999999,0.0009513979999999975
1583,plts_tim528,1,528,solar,0.20250190660391193,0.0,0.20250190660391193,0.05112161217905846
1584,batt_tim528,1,528,battery,0.09036524463103378,0.0,0.09036524463103378,0.024686231955436747
1585,pltd_tim529,1,529,diesel,0.0,0.2375,-0.2375,0.0
1586,plts_tim529,1,529,solar,0.6354625067527685,0.0,0.6354625067527685,0.15646052819262943
1587,batt_tim529,1,529,battery,0.17828459655278397,0.0,0.17828459655278397,0.053243277978091766
1588,pltd_tim530,1,530,diesel,0.005893725653333348,0.1476,-0.14170627434666666,0.0018341461935999974
1589,plts_tim530,1,530,solar,0.39670493152483016,0.0,0.39670493152483016,0.0979483799756185
1590,batt_tim530,1,530,battery,0.1731144282854516,0.0,0.1731144282854516,0.04728436285954794
1591,pltd_tim531,1,531,diesel,0.0,0.1827,-0.1827,0.0
1592,plts_tim531,1,531,solar,0.48052363403024184,0.0,0.48052363403024184,0.12033849471746152
1593,batt_tim531,1,531,battery,0.13713367857546252,0.0,0.13713367857546252,0.040948913099345174
1594,pltd_tim532,1,532,diesel,0.008871292159999999,0.2221,-0.21322870784,0.002760865676800006
1595,plts_tim532,1,532,solar,0.6040607041493081,0.0,0.6040607041493081,0.14743413499007385
1596,batt_tim532,1,532,battery,0.2605917103886284,0.0,0.2605917103886284,0.0711756587268317
1597,pltd_tim533,1,533,diesel,0.0,0.0558,-0.0558,0.0
1598,plts_tim533,1,533,solar,0.14918314716067954,0.0,0.14918314716067954,0.036731158414796156
1599,batt_tim533,1,533,battery,0.041854724925840234,0.0,0.041854724925840234,0.01249964409819983
1600,pltd_tim534,1,534,diesel,0.0031536000000000094,0.0804,-0.07724639999999999,0.0009933630000000032
1601,plts_tim534,1,534,solar,0.21979311340231314,0.0,0.21979311340231314,0.05337087275682575
1602,batt_tim534,1,534,battery,0.09434009590531243,0.0,0.09434009590531243,0.025772456451675297
1603,pltd_tim535,1,535,diesel,0.0,0.1121,-0.1121,0.0
1604,plts_tim535,1,535,solar,0.3097742845580652,0.0,0.3097742845580652,0.07386679334029507
1605,batt_tim535,1,535,battery,0.08417579161360339,0.0,0.08417579161360339,0.0251362358855842
1606,pltd_tim536,1,536,diesel,0.00425776215470015,0.0844,-0.08014223784529985,0.0016032535505529127
1607,plts_tim536,1,536,solar,0.2361199736915311,0.0,0.2361199736915311,0.055351263115438414
1608,batt_tim536,1,536,battery,0.09670262811757732,0.0,0.09670262811757732,0.02653638643278684
1609,pltd_tim537,1,537,diesel,0.0,0.0998,-0.0998,0.0
1610,plts_tim537,1,537,solar,0.2670415629886358,0.0,0.2670415629886358,0.06574969183955956
1611,batt_tim537,1,537,battery,0.07492034610577923,0.0,0.07492034610577923,0.02237434065757304
1612,pltd_tim538,1,538,diesel,0.0033045555555555597,0.065,-0.06169544444444444,0.0012316057777777786
1613,plts_tim538,1,538,solar,0.18127773697772687,0.0,0.18127773697772687,0.04262477079995391
1614,batt_tim538,1,538,battery,0.07447879751371139,0.0,0.07447879751371139,0.020432771033079347
1615,pltd_tim539,1,539,diesel,0.0,0.0875,-0.0875,0.0
1616,plts_tim539,1,539,solar,0.23827591557419173,0.0,0.23827591557419173,0.057633034734690745
1617,batt_tim539,1,539,battery,0.06566747982254349,0.0,0.06566747982254349,0.019612425569285465
1618,pltd_tim540,1,540,diesel,0.004934085013333325,0.1235,-0.11856591498666667,0.0015355569263999953
1619,plts_tim540,1,540,solar,0.3479783433054629,0.0,0.3479783433054629,0.08199894590402104
1620,batt_tim540,1,540,battery,0.14493120457601855,0.0,0.14493120457601855,0.03958736139888274
1621,pltd_tim541,1,541,diesel,0.0,0.1747,-0.1747,0.0
1622,plts_tim541,1,541,solar,0.46732557747585385,0.0,0.46732557747585385,0.11506266052333286
1623,batt_tim541,1,541,battery,0.13111281160100766,0.0,0.13111281160100766,0.03915594367544888
1624,pltd_tim542,1,542,diesel,0.006796133333333364,0.1707,-0.16390386666666662,0.0021192499999999983
1625,plts_tim542,1,542,solar,0.46228590182929186,0.0,0.46228590182929186,0.11328534480113418
1626,batt_tim542,1,542,battery,0.20026057598922226,0.0,0.20026057598922226,0.054693837904166535
1627,pltd_tim543,1,543,diesel,0.0,0.1392,-0.1392,0.0
1628,plts_tim543,1,543,solar,0.3596959554439658,0.0,0.3596959554439658,0.09172505844909049
1629,batt_tim543,1,543,battery,0.10450800590396915,0.0,0.10450800590396915,0.031212732745508946
1630,pltd_tim544,1,544,diesel,0.006004319466666677,0.1503,-0.1442956805333333,0.001868613544000004
1631,plts_tim544,1,544,solar,0.40760717617553544,0.0,0.40760717617553544,0.09978925044514225
1632,batt_tim544,1,544,battery,0.17636734251911396,0.0,0.17636734251911396,0.04817587564850274
1633,pltd_tim545,1,545,diesel,0.0,0.1322,-0.1322,0.0
1634,plts_tim545,1,545,solar,0.3630627543913792,0.0,0.3630627543913792,0.08705751084959301
1635,batt_tim545,1,545,battery,0.09919017994176096,0.0,0.09919017994176096,0.029624434494111465
1636,pltd_tim546,1,546,diesel,0.004023364159999994,0.1007,-0.09667663584,0.0012521212367999968
1637,plts_tim546,1,546,solar,0.27063288523564294,0.0,0.27063288523564294,0.06686697983368181
1638,batt_tim546,1,546,battery,0.11819635037705228,0.0,0.11819635037705228,0.032281988440467604
1639,pltd_tim547,1,547,diesel,0.0,0.1713,-0.1713,0.0
1640,plts_tim547,1,547,solar,0.45535732322863404,0.0,0.45535732322863404,0.11282989469302528
1641,batt_tim547,1,547,battery,0.12855782323009513,0.0,0.12855782323009513,0.03839534179802483
1642,pltd_tim548,1,548,diesel,0.004158897386666682,0.1041,-0.09994110261333332,0.0012943102256000006
1643,plts_tim548,1,548,solar,0.28021904201735665,0.0,0.28021904201735665,0.06911631091800607
1644,batt_tim548,1,548,battery,0.12217270499867008,0.0,0.12217270499867008,0.03336820217674616
1645,pltd_tim549,1,549,diesel,0.0,0.2742,-0.2742,0.0
1646,plts_tim549,1,549,solar,0.7328123767157855,0.0,0.7328123767157855,0.18061011086518022
1647,batt_tim549,1,549,battery,0.20580267593084392,0.0,0.20580267593084392,0.061462255496768654
1648,pltd_tim550,1,550,diesel,0.005290682773333325,0.1325,-0.12720931722666667,0.001646590691199997
1649,plts_tim550,1,550,solar,0.3562369790378419,0.0,0.3562369790378419,0.08792901056172495
1650,batt_tim550,1,550,battery,0.1554064400219507,0.0,0.1554064400219507,0.042449859872888566
1651,pltd_tim551,1,551,diesel,0.0,0.0841,-0.0841,0.0
1652,plts_tim551,1,551,solar,0.22247129519317518,0.0,0.22247129519317518,0.05539997990604063
1653,batt_tim551,1,551,battery,0.06311807618225729,0.0,0.06311807618225729,0.01885084835724473
1654,pltd_tim552,1,552,diesel,0.0055245222400000255,0.1383,-0.13277547775999998,0.0017193458352000026
1655,plts_tim552,1,552,solar,0.37811137367476383,0.0,0.37811137367476383,0.09181437281107742
1656,batt_tim552,1,552,battery,0.16229313153038422,0.0,0.16229313153038422,0.04432617544667457
1657,pltd_tim553,1,553,diesel,0.0,0.1014,-0.1014,0.0
1658,plts_tim553,1,553,solar,0.2677125109017544,0.0,0.2677125109017544,0.0667649301787929
1659,batt_tim553,1,553,battery,0.07606743537717654,0.0,0.07606743537717654,0.022720033006056687
1660,pltd_tim554,1,554,diesel,0.00784180000000001,0.1999,-0.19205819999999998,0.002470124999999998
1661,plts_tim554,1,554,solar,0.5423627558986425,0.0,0.5423627558986425,0.1327108685214078
1662,batt_tim554,1,554,battery,0.23456791565707114,0.0,0.23456791565707114,0.0640815474931144
1663,pltd_tim555,1,555,diesel,0.0,0.0558,-0.0558,0.0
1664,plts_tim555,1,555,solar,0.14892221178209797,0.0,0.14892221178209797,0.03673112741609205
1665,batt_tim555,1,555,battery,0.0418619259445755,0.0,0.0418619259445755,0.01249947328242395
1666,pltd_tim556,1,556,diesel,0.007977988522666658,0.1571,-0.14912201147733334,0.002994339794879998
1667,plts_tim556,1,556,solar,0.43826059508954435,0.0,0.43826059508954435,0.10302609066073143
1668,batt_tim556,1,556,battery,0.1799939642672102,0.0,0.1799939642672102,0.04938680220019197
1669,pltd_tim557,1,557,diesel,0.0,0.1482,-0.1482,0.0
1670,plts_tim557,1,557,solar,0.4206681153871597,0.0,0.4206681153871597,0.09761014682197501
1671,batt_tim557,1,557,battery,0.11120988606297763,0.0,0.11120988606297763,0.03321508796692478
1672,pltd_tim558,1,558,diesel,0.007013413226666707,0.1756,-0.1685865867733333,0.0021825733887999993
1673,plts_tim558,1,558,solar,0.4766676079464779,0.0,0.4766676079464779,0.11655697594676392
1674,batt_tim558,1,558,battery,0.20602992850455798,0.0,0.20602992850455798,0.0562694287761804
1675,pltd_tim559,1,559,diesel,0.0,0.0995,-0.0995,0.0
1676,plts_tim559,1,559,solar,0.2707199885909038,0.0,0.2707199885909038,0.06554715678961137
1677,batt_tim559,1,559,battery,0.07468493726635146,0.0,0.07468493726635146,0.022305619976087702
1678,pltd_tim560,1,560,diesel,0.0063490296533333405,0.159,-0.15265097034666666,0.0019758231136000007
1679,plts_tim560,1,560,solar,0.43387168008109506,0.0,0.43387168008109506,0.10551472305102234
1680,batt_tim560,1,560,battery,0.18648551243499262,0.0,0.18648551243499262,0.05093890423005453
1681,pltd_tim561,1,561,diesel,0.0,0.1208,-0.1208,0.0
1682,plts_tim561,1,561,solar,0.32309004005245096,0.0,0.32309004005245096,0.07954967882952223
1683,batt_tim561,1,561,battery,0.09064564203948107,0.0,0.09064564203948107,0.02707077505017979
1684,pltd_tim562,1,562,diesel,0.0031374903466666673,0.0786,-0.07546250965333334,0.000976467486399996
1685,plts_tim562,1,562,solar,0.22021012403322252,0.0,0.22021012403322252,0.052144028120641395
1686,batt_tim562,1,562,battery,0.09217065894554213,0.0,0.09217065894554213,0.025174314334634275
1687,pltd_tim563,1,563,diesel,0.0,0.1408,-0.1408,0.0
1688,plts_tim563,1,563,solar,0.3737683257578727,0.0,0.3737683257578727,0.09273909797238274
1689,batt_tim563,1,563,battery,0.10565808341836128,0.0,0.10565808341836128,0.03155644786865089
1690,pltd_tim564,1,564,diesel,0.0028175964800000067,0.0705,-0.06768240351999999,0.0008769526304000015
1691,plts_tim564,1,564,solar,0.19442261393558796,0.0,0.19442261393558796,0.0468270317219446
1692,batt_tim564,1,564,battery,0.08277240395908418,0.0,0.08277240395908418,0.022605577097815518
1693,pltd_tim565,1,565,diesel,0.0,0.069,-0.069,0.0
1694,plts_tim565,1,565,solar,0.19392418340335904,0.0,0.19392418340335904,0.04545675942582769
1695,batt_tim565,1,565,battery,0.05179527839667945,0.0,0.05179527839667945,0.015468926669404737
1696,pltd_tim566,1,566,diesel,0.008016945280000052,0.2015,-0.19348305471999996,0.002501115254400008
1697,plts_tim566,1,566,solar,0.5427228798607976,0.0,0.5427228798607976,0.133734154157224
1698,batt_tim566,1,566,battery,0.23634674675931416,0.0,0.23634674675931416,0.0645674113619694
1699,pltd_tim567,1,567,diesel,0.0,0.0567,-0.0567,0.0
1700,plts_tim567,1,567,solar,0.15184592960183793,0.0,0.15184592960183793,0.037339157042579306
1701,batt_tim567,1,567,battery,0.04254145020334168,0.0,0.04254145020334168,0.012705814286713095
1702,pltd_tim568,1,568,diesel,0.0033347999999999807,0.085,-0.08166520000000002,0.0010504269999999957
1703,plts_tim568,1,568,solar,0.23449330099305554,0.0,0.23449330099305554,0.05643800233669935
1704,batt_tim568,1,568,battery,0.09974718120797846,0.0,0.09974718120797846,0.027252257981014737
1705,pltd_tim569,1,569,diesel,0.0,0.2557,-0.2557,0.0
1706,plts_tim569,1,569,solar,0.67988344893769,0.0,0.67988344893769,0.16843323782630504
1707,batt_tim569,1,569,battery,0.19191761481347144,0.0,0.19191761481347144,0.05731546285536864
1708,pltd_tim570,1,570,diesel,0.0032358170666666407,0.081,-0.07776418293333336,0.001007049791999997
1709,plts_tim570,1,570,solar,0.22259054049059368,0.0,0.22259054049059368,0.05377975892558024
1710,batt_tim570,1,570,battery,0.09504931064447388,0.0,0.09504931064447388,0.025962850058332772
1711,pltd_tim571,1,571,diesel,0.0,0.0767,-0.0767,0.0
1712,plts_tim571,1,571,solar,0.21926012759152502,0.0,0.21926012759152502,0.05052998737233456
1713,batt_tim571,1,571,battery,0.057581339680918754,0.0,0.057581339680918754,0.017194634582968563
1714,pltd_tim572,1,572,diesel,0.0109002222222222,0.2144,-0.2034997777777778,0.004087547333333332
1715,plts_tim572,1,572,solar,0.6455420103209965,0.0,0.6455420103209965,0.14058633232686243
1716,batt_tim572,1,572,battery,0.2466374051857267,0.0,0.2466374051857267,0.06740595447808616
1717,pltd_tim573,1,573,diesel,0.0,0.0487,-0.0487,0.0
1718,plts_tim573,1,573,solar,0.13681847372958544,0.0,0.13681847372958544,0.03206324513635988
1719,batt_tim573,1,573,battery,0.036539394041712164,0.0,0.036539394041712164,0.010910873720149733
1720,pltd_tim574,1,574,diesel,0.0035553333333333257,0.0699,-0.06634466666666668,0.0013312426666666642
1721,plts_tim574,1,574,solar,0.20641949958097008,0.0,0.20641949958097008,0.04585166851842703
1722,batt_tim574,1,574,battery,0.0804403118103568,0.0,0.0804403118103568,0.02198266228383212
1723,pltd_tim575,1,575,diesel,0.0,0.037,-0.037,0.0
1724,plts_tim575,1,575,solar,0.11026313479110922,0.0,0.11026313479110922,0.024351922055393885
1725,batt_tim575,1,575,battery,0.027751671771533173,0.0,0.027751671771533173,0.008286311409410064
1726,pltd_tim576,1,576,diesel,0.010267362240000022,0.2006,-0.19033263775999998,0.00383102519336226
1727,plts_tim576,1,576,solar,0.5652488744199552,0.0,0.5652488744199552,0.1314962420354651
1728,batt_tim576,1,576,battery,0.23066555089011123,0.0,0.23066555089011123,0.06303971258731088
1729,pltd_tim577,1,577,diesel,0.0,0.1084,-0.1084,0.0
1730,plts_tim577,1,577,solar,0.31501124793426827,0.0,0.31501124793426827,0.0714322025905715
1731,batt_tim577,1,577,battery,0.0814032178579116,0.0,0.0814032178579116,0.024306506275089967
1732,pltd_tim578,1,578,diesel,0.006607978239999997,0.1291,-0.12249202176,0.0024437514540799963
1733,plts_tim578,1,578,solar,0.37948690335421154,0.0,0.37948690335421154,0.08463383969637035
1734,batt_tim578,1,578,battery,0.14847837990598828,0.0,0.14847837990598828,0.04057111724709095
1735,pltd_tim579,1,579,diesel,0.0,0.1325,-0.1325,0.0
1736,plts_tim579,1,579,solar,0.35407272604506757,0.0,0.35407272604506757,0.08726136496289731
1737,batt_tim579,1,579,battery,0.0994428938078766,0.0,0.0994428938078766,0.02969517784763206
1738,pltd_tim580,1,580,diesel,0.004749278186666712,0.1189,-0.1141507218133333,0.0014780372096000023
1739,plts_tim580,1,580,solar,0.31765763133201047,0.0,0.31765763133201047,0.07893121746484712
1740,batt_tim580,1,580,battery,0.1395130281308167,0.0,0.1395130281308167,0.038103961883151356
1741,pltd_tim581,1,581,diesel,0.0,0.1165,-0.1165,0.0
1742,plts_tim581,1,581,solar,0.3115501119703556,0.0,0.3115501119703556,0.07670837312880355
1743,batt_tim581,1,581,battery,0.0874083772046074,0.0,0.0874083772046074,0.026103797761844363
1744,pltd_tim582,1,582,diesel,0.0022270156799999996,0.0558,-0.05357298432,0.0006930646464000001
1745,plts_tim582,1,582,solar,0.14829547754152356,0.0,0.14829547754152356,0.03701209127019888
1746,batt_tim582,1,582,battery,0.06541207165754515,0.0,0.06541207165754515,0.01786893624875838
1747,pltd_tim583,1,583,diesel,0.0,0.1084,-0.1084,0.0
1748,plts_tim583,1,583,solar,0.28411265472638597,0.0,0.28411265472638597,0.0714325128118031
1749,batt_tim583,1,583,battery,0.08139764608180194,0.0,0.08139764608180194,0.024308215723373314
1750,pltd_tim584,1,584,diesel,0.007367153893333367,0.1852,-0.17783284610666664,0.0022984591588000023
1751,plts_tim584,1,584,solar,0.5061141430719112,0.0,0.5061141430719112,0.12289639610105621
1752,batt_tim584,1,584,battery,0.21723507043485304,0.0,0.21723507043485304,0.05933484973139494
1753,pltd_tim585,1,585,diesel,0.0,0.2397,-0.2397,0.0
1754,plts_tim585,1,585,solar,0.6090120818425753,0.0,0.6090120818425753,0.1578807793065347
1755,batt_tim585,1,585,battery,0.1798707345163235,0.0,0.1798707345163235,0.05372239280371735
1756,pltd_tim586,1,586,diesel,0.008453408367625505,0.2135,-0.2050465916323745,0.002645909878600666
1757,plts_tim586,1,586,solar,0.5579535095598598,0.0,0.5579535095598598,0.14170880710761544
1758,batt_tim586,1,586,battery,0.2504610697279599,0.0,0.2504610697279599,0.06842053926648853
1759,pltd_tim587,1,587,diesel,0.0,0.1808,-0.1808,0.0
1760,plts_tim587,1,587,solar,0.47573470817495306,0.0,0.47573470817495306,0.11912054563710942
1761,batt_tim587,1,587,battery,0.13574346586999145,0.0,0.13574346586999145,0.04053353193782146
1762,pltd_tim588,1,588,diesel,0.005303232000000009,0.1328,-0.12749676799999998,0.001650456360000006
1763,plts_tim588,1,588,solar,0.359744627914272,0.0,0.359744627914272,0.08813332167985025
1764,batt_tim588,1,588,battery,0.1557872217836913,0.0,0.1557872217836913,0.04254777880292464
1765,pltd_tim589,1,589,diesel,0.0,0.1066,-0.1066,0.0
1766,plts_tim589,1,589,solar,0.2722748241644991,0.0,0.2722748241644991,0.07021423165554104
1767,batt_tim589,1,589,battery,0.07999795446980411,0.0,0.07999795446980411,0.023891930435220882
1768,pltd_tim590,1,590,diesel,0.006902527039999992,0.1728,-0.16589747296000001,0.0021481103391999897
1769,plts_tim590,1,590,solar,0.444524423130707,0.0,0.444524423130707,0.11471691404844538
1770,batt_tim590,1,590,battery,0.20276914755512077,0.0,0.20276914755512077,0.05538301241733745
1771,pltd_tim591,1,591,diesel,0.0,0.1152,-0.1152,0.0
1772,plts_tim591,1,591,solar,0.30783160981952845,0.0,0.30783160981952845,0.07589625279893651
1773,batt_tim591,1,591,battery,0.08647679750153654,0.0,0.08647679750153654,0.025825718277473087
1774,pltd_tim592,1,592,diesel,0.004847928000000001,0.1214,-0.11655207199999999,0.0015087164400000035
1775,plts_tim592,1,592,solar,0.3310034269170924,0.0,0.3310034269170924,0.08056737351474728
1776,batt_tim592,1,592,battery,0.14241255690161797,0.0,0.14241255690161797,0.03889495067772202
1777,pltd_tim593,1,593,diesel,0.0,0.0832,-0.0832,0.0
1778,plts_tim593,1,593,solar,0.21276091796590044,0.0,0.21276091796590044,0.054791723473188045
1779,batt_tim593,1,593,battery,0.06243930429899228,0.0,0.06243930429899228,0.01864510905537992
1780,pltd_tim594,1,594,diesel,0.016339886293333328,0.4091,-0.3927601137066667,0.0050851660608000095
1781,plts_tim594,1,594,solar,1.0843246998718892,0.0,1.0843246998718892,0.27155781430883436
1782,batt_tim594,1,594,battery,0.4800196756370354,0.0,0.4800196756370354,0.13110243021392268
1783,pltd_tim595,1,595,diesel,0.0,0.0853,-0.0853,0.0
1784,plts_tim595,1,595,solar,0.22752279407686532,0.0,0.22752279407686532,0.05621196352286559
1785,batt_tim595,1,595,battery,0.06403822659308833,0.0,0.06403822659308833,0.019128174495790632
1786,pltd_tim596,1,596,diesel,0.004407938636190482,0.1106,-0.10619206136380951,0.001373785556799998
1787,plts_tim596,1,596,solar,0.28287011036582627,0.0,0.28287011036582627,0.07341020128618816
1788,batt_tim596,1,596,battery,0.12974084405546943,0.0,0.12974084405546943,0.035440420259799384
1789,pltd_tim597,1,597,diesel,0.0,0.0669,-0.0669,0.0
1790,plts_tim597,1,597,solar,0.1823068174582015,0.0,0.1823068174582015,0.04403628467975555
1791,batt_tim597,1,597,battery,0.050173254119388985,0.0,0.050173254119388985,0.014984567954069631
1792,pltd_tim598,1,598,diesel,0.00270099072,0.0678,-0.06509900928,0.0008417210255999998
1793,plts_tim598,1,598,solar,0.1866338227241887,0.0,0.1866338227241887,0.04498713902144135
1794,batt_tim598,1,598,battery,0.07951986170398681,0.0,0.07951986170398681,0.02171967674880076
1795,pltd_tim599,1,599,diesel,0.0,0.0733,-0.0733,0.0
1796,plts_tim599,1,599,solar,0.1998346005746769,0.0,0.1998346005746769,0.04829810454673389
1797,batt_tim599,1,599,battery,0.0550415466585996,0.0,0.0550415466585996,0.01643612117939813
1798,pltd_tim600,1,600,diesel,0.001685508480000005,0.0422,-0.040514491519999994,0.0005245983904000026
1799,plts_tim600,1,600,solar,0.11735278614940906,0.0,0.11735278614940906,0.028014476606453193
1800,batt_tim600,1,600,battery,0.04950813961141527,0.0,0.04950813961141527,0.013524463576409846
1801,pltd_tim601,1,601,diesel,0.0,0.1017,-0.1017,0.0
1802,plts_tim601,1,601,solar,0.2757171352621336,0.0,0.2757171352621336,0.06696706010729986
1803,batt_tim601,1,601,battery,0.07631311578870913,0.0,0.07631311578870913,0.022786829882933544
1804,pltd_tim602,1,602,diesel,0.0032106424422687556,0.0813,-0.07808935755773125,0.00100691245643822
1805,plts_tim602,1,602,solar,0.21557282698986,0.0,0.21557282698986,0.053984372090173365
1806,batt_tim602,1,602,battery,0.09541340547593434,0.0,0.09541340547593434,0.02606631724878784
1807,pltd_tim603,1,603,diesel,0.0,0.0776,-0.0776,0.0
1808,plts_tim603,1,603,solar,0.20505432597181808,0.0,0.20505432597181808,0.05113858037584208
1809,batt_tim603,1,603,battery,0.05826352475826815,0.0,0.05826352475826815,0.017402228529379848
1810,pltd_tim604,1,604,diesel,0.0015381184000000051,0.0385,-0.036961881599999996,0.0004787214320000004
1811,plts_tim604,1,604,solar,0.10320992414924338,0.0,0.10320992414924338,0.025560669217311878
1812,batt_tim604,1,604,battery,0.04518163542517545,0.0,0.04518163542517545,0.012339705546728964
1813,pltd_tim605,1,605,diesel,0.0,0.1605,-0.1605,0.0
1814,plts_tim605,1,605,solar,0.40492243396021466,0.0,0.40492243396021466,0.10572751507266817
1815,batt_tim605,1,605,battery,0.12047512921618517,0.0,0.12047512921618517,0.03597691018185279
1816,pltd_tim606,1,606,diesel,0.003511518415238062,0.0881,-0.08458848158476194,0.0010943154335999936
1817,plts_tim606,1,606,solar,0.23061808293833114,0.0,0.23061808293833114,0.058483075048206316
1818,batt_tim606,1,606,battery,0.1033652769826637,0.0,0.1033652769826637,0.028235394186203574
1819,pltd_tim607,1,607,diesel,0.0,0.1488,-0.1488,0.0
1820,plts_tim607,1,607,solar,0.3743772205753923,0.0,0.3743772205753923,0.09801614937150818
1821,batt_tim607,1,607,battery,0.11168054217121552,0.0,0.11168054217121552,0.033353347349248066
1822,pltd_tim608,1,608,diesel,0.0017874142577777908,0.045,-0.043212585742222205,0.0005581044970666675
1823,plts_tim608,1,608,solar,0.12122553211371208,0.0,0.12122553211371208,0.02985490250727901
1824,batt_tim608,1,608,battery,0.05276941885001185,0.0,0.05276941885001185,0.014413565673252075
1825,pltd_tim609,1,609,diesel,0.0,0.0496,-0.0496,0.0
1826,plts_tim609,1,609,solar,0.1326675257820456,0.0,0.1326675257820456,0.03267144783722601
1827,batt_tim609,1,609,battery,0.037225315726961965,0.0,0.037225315726961965,0.011116934102985586
1828,pltd_tim610,1,610,diesel,0.0033345694933333316,0.0835,-0.08016543050666668,0.0010377397968
1829,plts_tim610,1,610,solar,0.2277788675138707,0.0,0.2277788675138707,0.05541582958296647
1830,batt_tim610,1,610,battery,0.09795468555297607,0.0,0.09795468555297607,0.026753813405171446
1831,pltd_tim611,1,611,diesel,0.0,0.0887,-0.0887,0.0
1832,plts_tim611,1,611,solar,0.23822149090150482,0.0,0.23822149090150482,0.05844430769181159
1833,batt_tim611,1,611,battery,0.06660627370819003,0.0,0.06660627370819003,0.019888612926753493
1834,pltd_tim612,1,612,diesel,0.004269680960000007,0.1069,-0.10263031903999999,0.0013288185008000011
1835,plts_tim612,1,612,solar,0.294370829211313,0.0,0.294370829211313,0.07095673290881735
1836,batt_tim612,1,612,battery,0.1254243378474114,0.0,0.1254243378474114,0.03425669771549579
1837,pltd_tim613,1,613,diesel,0.0,0.1001,-0.1001,0.0
1838,plts_tim613,1,613,solar,0.2688271654146419,0.0,0.2688271654146419,0.0659529814541666
1839,batt_tim613,1,613,battery,0.07516452763449735,0.0,0.07516452763449735,0.022444133471397138
1840,pltd_tim614,1,614,diesel,0.002869760675735902,0.0727,-0.0698302393242641,0.0009000348709522713
1841,plts_tim614,1,614,solar,0.1991431505186341,0.0,0.1991431505186341,0.04825879274217753
1842,batt_tim614,1,614,battery,0.08529809811497613,0.0,0.08529809811497613,0.02330159017708852
1843,pltd_tim615,1,615,diesel,0.0,0.089,-0.089,0.0
1844,plts_tim615,1,615,solar,0.2363775482133913,0.0,0.2363775482133913,0.05864716073212811
1845,batt_tim615,1,615,battery,0.06682414115945917,0.0,0.06682414115945917,0.01995600003433094
1846,pltd_tim616,1,616,diesel,0.0062011062399999865,0.1553,-0.14909889376000002,0.0019298761552000018
1847,plts_tim616,1,616,solar,0.4234158553901353,0.0,0.4234158553901353,0.10306084678771453
1848,batt_tim616,1,616,battery,0.1821729393825512,0.0,0.1821729393825512,0.0497539981125187
1849,pltd_tim617,1,617,diesel,0.0,0.1528,-0.1528,0.0
1850,plts_tim617,1,617,solar,0.40337360575686504,0.0,0.40337360575686504,0.10065397719395285
1851,batt_tim617,1,617,battery,0.1147011643819011,0.0,0.1147011643819011,0.03425072874584434
1852,pltd_tim618,1,618,diesel,0.0053521722666666945,0.134,-0.1286478277333333,0.0016656820880000028
1853,plts_tim618,1,618,solar,0.3602989683030335,0.0,0.3602989683030335,0.0889515980638146
1854,batt_tim618,1,618,battery,0.1572348613646566,0.0,0.1572348613646566,0.042944452274061636
1855,pltd_tim619,1,619,diesel,0.0,0.1605,-0.1605,0.0
1856,plts_tim619,1,619,solar,0.4283881594717035,0.0,0.4283881594717035,0.10572756859975765
1857,batt_tim619,1,619,battery,0.12046031673817686,0.0,0.12046031673817686,0.03597720513871203
1858,pltd_tim620,1,620,diesel,0.006853443200000002,0.1716,-0.1647465568,0.0021328415360000017
1859,plts_tim620,1,620,solar,0.4679405924515146,0.0,0.4679405924515146,0.11389837923751565
1860,batt_tim620,1,620,battery,0.20132980888898322,0.0,0.20132980888898322,0.05498595044989373
1861,pltd_tim621,1,621,diesel,0.0,0.1112,-0.1112,0.0
1862,plts_tim621,1,621,solar,0.29609541976817866,0.0,0.29609541976817866,0.07325803374835624
1863,batt_tim621,1,621,battery,0.08346914766218855,0.0,0.08346914766218855,0.02492741538417146
1864,pltd_tim622,1,622,diesel,0.004908947306666651,0.1248,-0.11989105269333335,0.001543004467199996
1865,plts_tim622,1,622,solar,0.3350517623037069,0.0,0.3350517623037069,0.08281658187093321
1866,batt_tim622,1,622,battery,0.1463705812882991,0.0,0.1463705812882991,0.039988021082004936
1867,pltd_tim623,1,623,diesel,0.0,0.0958,-0.0958,0.0
1868,plts_tim623,1,623,solar,0.25571567258721395,0.0,0.25571567258721395,0.06311144628467669
1869,batt_tim623,1,623,battery,0.07190554862846799,0.0,0.07190554862846799,0.021475583131187193
1870,pltd_tim624,1,624,diesel,0.0039201605866666985,0.0989,-0.09497983941333331,0.0012261088615999987
1871,plts_tim624,1,624,solar,0.2696751609090831,0.0,0.2696751609090831,0.06563993822864223
1872,batt_tim624,1,624,battery,0.1160265462761769,0.0,0.1160265462761769,0.03169158322123065
1873,pltd_tim625,1,625,diesel,0.0,0.0604,-0.0604,0.0
1874,plts_tim625,1,625,solar,0.16027971986874553,0.0,0.16027971986874553,0.0397747588350761
1875,batt_tim625,1,625,battery,0.04531720254860428,0.0,0.04531720254860428,0.013534634914117303
1876,pltd_tim626,1,626,diesel,0.0030393995733333234,0.0761,-0.07306060042666668,0.0009458959551999961
1877,plts_tim626,1,626,solar,0.20745525018064326,0.0,0.20745525018064326,0.050507951958216
1878,batt_tim626,1,626,battery,0.08926707998871491,0.0,0.08926707998871491,0.0243838963458028
1879,pltd_tim627,1,627,diesel,0.0,0.0647,-0.0647,0.0
1880,plts_tim627,1,627,solar,0.1735116980619774,0.0,0.1735116980619774,0.04261627756568152
1881,batt_tim627,1,627,battery,0.0485564536297058,0.0,0.0485564536297058,0.014501243169224022
1882,pltd_tim628,1,628,diesel,0.0028576745600000036,0.0721,-0.06924232543999999,0.0008937678288000019
1883,plts_tim628,1,628,solar,0.19746439911322747,0.0,0.19746439911322747,0.04784969369489113
1884,batt_tim628,1,628,battery,0.08458019248434834,0.0,0.08458019248434834,0.023102656198256334
1885,pltd_tim629,1,629,diesel,0.0,0.0564,-0.0564,0.0
1886,plts_tim629,1,629,solar,0.15063123019872926,0.0,0.15063123019872926,0.03713662349319471
1887,batt_tim629,1,629,battery,0.042318369349436336,0.0,0.042318369349436336,0.012636793290623454
1888,pltd_tim630,1,630,diesel,0.006705853119999997,0.1679,-0.16119414688,0.0020869295776000008
1889,plts_tim630,1,630,solar,0.45785953806126856,0.0,0.45785953806126856,0.11144462886048902
1890,batt_tim630,1,630,battery,0.19699179325576238,0.0,0.19699179325576238,0.05380135228905317
1891,pltd_tim631,1,631,diesel,0.0,0.0986,-0.0986,0.0
1892,plts_tim631,1,631,solar,0.2721718448592347,0.0,0.2721718448592347,0.06493846028360631
1893,batt_tim631,1,631,battery,0.07399114497013094,0.0,0.07399114497013094,0.022097147104455404
1894,pltd_tim632,1,632,diesel,0.003769500000000017,0.0961,-0.09233049999999998,0.0011873645000000028
1895,plts_tim632,1,632,solar,0.2582761489562301,0.0,0.2582761489562301,0.06379959910222265
1896,batt_tim632,1,632,battery,0.11275997633834417,0.0,0.11275997633834417,0.030807790959122623
1897,pltd_tim633,1,633,diesel,0.0,0.0656,-0.0656,0.0
1898,plts_tim633,1,633,solar,0.17444887140238147,0.0,0.17444887140238147,0.04322452267879072
1899,batt_tim633,1,633,battery,0.049252118327038436,0.0,0.049252118327038436,0.014709080177919737
1900,pltd_tim634,1,634,diesel,0.002474777777777775,0.0487,-0.04622522222222222,0.00090537349149585
1901,plts_tim634,1,634,solar,0.13668220840338888,0.0,0.13668220840338888,0.03191448677171472
1902,batt_tim634,1,634,battery,0.05599434369211724,0.0,0.05599434369211724,0.015301448492053013
1903,pltd_tim635,1,635,diesel,0.0,0.0413,-0.0413,0.0
1904,plts_tim635,1,635,solar,0.11066592385144822,0.0,0.11066592385144822,0.027192476677821535
1905,batt_tim635,1,635,battery,0.030986888387017478,0.0,0.030986888387017478,0.00925316152674575
1906,pltd_tim636,1,636,diesel,0.0025055555555555525,0.0493,-0.046794444444444444,0.0009270695555555539
1907,plts_tim636,1,636,solar,0.13939601014476793,0.0,0.13939601014476793,0.032318517437030465
1908,batt_tim636,1,636,battery,0.05669547845541194,0.0,0.05669547845541194,0.015494794293636626
1909,pltd_tim637,1,637,diesel,0.0,0.0826,-0.0826,0.0
1910,plts_tim637,1,637,solar,0.21913266043569457,0.0,0.21913266043569457,0.05438574611595746
1911,batt_tim637,1,637,battery,0.061970259563595274,0.0,0.061970259563595274,0.018506679909807283
1912,pltd_tim638,1,638,diesel,0.0013378024533333413,0.0336,-0.032262197546666656,0.00041699725760000074
1913,plts_tim638,1,638,solar,0.08988966761695648,0.0,0.08988966761695648,0.0222889876277738
1914,batt_tim638,1,638,battery,0.039391265909230797,0.0,0.039391265909230797,0.010760961451695238
1915,pltd_tim639,1,639,diesel,0.0,0.0579,-0.0579,0.0
1916,plts_tim639,1,639,solar,0.15091448252316506,0.0,0.15091448252316506,0.03815130191344214
1917,batt_tim639,1,639,battery,0.04347959557902663,0.0,0.04347959557902663,0.012982794668863491
1918,pltd_tim640,1,640,diesel,0.0014119481447619033,0.0354,-0.0339880518552381,0.00044009855520000065
1919,plts_tim640,1,640,solar,0.09438904651942663,0.0,0.09438904651942663,0.023515704247007052
1920,batt_tim640,1,640,battery,0.041564423767814634,0.0,0.041564423767814634,0.011352388503828454
1921,pltd_tim641,1,641,diesel,0.0,0.0416,-0.0416,0.0
1922,plts_tim641,1,641,solar,0.1083811796572618,0.0,0.1083811796572618,0.0273958142492691
1923,batt_tim641,1,641,battery,0.031218482904804765,0.0,0.031218482904804765,0.009322601436076603
1924,pltd_tim642,1,642,diesel,0.006053639253333324,0.1516,-0.1455463607466667,0.0018838861216000033
1925,plts_tim642,1,642,solar,0.4063265458021902,0.0,0.4063265458021902,0.10060679038041319
1926,batt_tim642,1,642,battery,0.17781325462256217,0.0,0.17781325462256217,0.04856817054755209
1927,pltd_tim643,1,643,diesel,0.0,0.0724,-0.0724,0.0
1928,plts_tim643,1,643,solar,0.18944640411740418,0.0,0.18944640411740418,0.04768850974429604
1929,batt_tim643,1,643,battery,0.05433331356643921,0.0,0.05433331356643921,0.016226709903464663
1930,pltd_tim644,1,644,diesel,0.0062219000000000085,0.1587,-0.1524781,0.001959898500000004
1931,plts_tim644,1,644,solar,0.4285549536928917,0.0,0.4285549536928917,0.10531052800815346
1932,batt_tim644,1,644,battery,0.1861388175764634,0.0,0.1861388175764634,0.05085384173242901
1933,pltd_tim645,1,645,diesel,0.0,0.0601,-0.0601,0.0
1934,plts_tim645,1,645,solar,0.15894804630126114,0.0,0.15894804630126114,0.03957157844872494
1935,batt_tim645,1,645,battery,0.045092569300235336,0.0,0.045092569300235336,0.013466061160161325
1936,pltd_tim646,1,646,diesel,0.0048931999999999795,0.1248,-0.11990680000000001,0.001541350999999994
1937,plts_tim646,1,646,solar,0.33343599054848483,0.0,0.33343599054848483,0.08281681564317997
1938,batt_tim646,1,646,battery,0.14637159313023695,0.0,0.14637159313023695,0.03999096273168953
1939,pltd_tim647,1,647,diesel,0.0,0.0718,-0.0718,0.0
1940,plts_tim647,1,647,solar,0.1882911531238664,0.0,0.1882911531238664,0.047282770574930334
1941,batt_tim647,1,647,battery,0.05386901482711861,0.0,0.05386901482711861,0.016089284688939023
1942,pltd_tim648,1,648,diesel,0.0020549683199999986,0.0514,-0.049345031680000005,0.0006394746735999992
1943,plts_tim648,1,648,solar,0.14029815751660102,0.0,0.14029815751660102,0.03414911177740535
1944,batt_tim648,1,648,battery,0.06036266034094868,0.0,0.06036266034094868,0.016485912776894075
1945,pltd_tim649,1,649,diesel,0.0,0.0712,-0.0712,0.0
1946,plts_tim649,1,649,solar,0.187494401134352,0.0,0.187494401134352,0.04687690018504796
1947,batt_tim649,1,649,battery,0.053420837491387596,0.0,0.053420837491387596,0.01595144497802478
1948,pltd_tim650,1,650,diesel,0.0021164218666666675,0.053,-0.05088357813333333,0.0006586182960000018
1949,plts_tim650,1,650,solar,0.14229991250564708,0.0,0.14229991250564708,0.03517151746669856
1950,batt_tim650,1,650,battery,0.062165874082359046,0.0,0.062165874082359046,0.016979212504870233
1951,pltd_tim651,1,651,diesel,0.0,0.085,-0.085,0.0
1952,plts_tim651,1,651,solar,0.2249277283148919,0.0,0.2249277283148919,0.05600916365659989
1953,batt_tim651,1,651,battery,0.06381913108713931,0.0,0.06381913108713931,0.019058303149389038
1954,pltd_tim652,1,652,diesel,0.0033835866666666863,0.0847,-0.08131641333333331,0.0010529526000000026
1955,plts_tim652,1,652,solar,0.22782617616060732,0.0,0.22782617616060732,0.05623377745411477
1956,batt_tim652,1,652,battery,0.09938766562569959,0.0,0.09938766562569959,0.027148258256528314
1957,pltd_tim653,1,653,diesel,0.0,0.0995,-0.0995,0.0
1958,plts_tim653,1,653,solar,0.2621346869525767,0.0,0.2621346869525767,0.06554709303411614
1959,batt_tim653,1,653,battery,0.07467709169759548,0.0,0.07467709169759548,0.02230526865674426
1960,pltd_tim654,1,654,diesel,0.003875840746666671,0.097,-0.09312415925333334,0.0012062442783999947
1961,plts_tim654,1,654,solar,0.2625071672164101,0.0,0.2625071672164101,0.0644127114645005
1962,batt_tim654,1,654,battery,0.1138577975988122,0.0,0.1138577975988122,0.03109553882285795
1963,pltd_tim655,1,655,diesel,0.0,0.0591,-0.0591,0.0
1964,plts_tim655,1,655,solar,0.15496624226080355,0.0,0.15496624226080355,0.03896297633214313
1965,batt_tim655,1,655,battery,0.0443968098816465,0.0,0.0443968098816465,0.013259034163823728
1966,pltd_tim656,1,656,diesel,0.0012919246933333357,0.0323,-0.031008075306666667,0.00040216309279999943
1967,plts_tim656,1,656,solar,0.08701455343513019,0.0,0.08701455343513019,0.021470838904184022
1968,batt_tim656,1,656,battery,0.03794728509161306,0.0,0.03794728509161306,0.010365259045880726
1969,pltd_tim657,1,657,diesel,0.0,0.0613,-0.0613,0.0
1970,plts_tim657,1,657,solar,0.16362525486128235,0.0,0.16362525486128235,0.04038323650058004
1971,batt_tim657,1,657,battery,0.04600995332454732,0.0,0.04600995332454732,0.013741593300071263
1972,pltd_tim658,1,658,diesel,0.0015132918400000003,0.0379,-0.03638670816,0.00047094864320000086
1973,plts_tim658,1,658,solar,0.10300715516003651,0.0,0.10300715516003651,0.025151896224337673
1974,batt_tim658,1,658,battery,0.04445971776804705,0.0,0.04445971776804705,0.012142885686744065
1975,pltd_tim659,1,659,diesel,0.0,0.0484,-0.0484,0.0
1976,plts_tim659,1,659,solar,0.13012734027955114,0.0,0.13012734027955114,0.03186006568842863
1977,batt_tim659,1,659,battery,0.03629799667883616,0.0,0.03629799667883616,0.010841687970611934
1978,pltd_tim660,1,660,diesel,0.0031989131733333323,0.0801,-0.07690108682666667,0.0009954818831999978
1979,plts_tim660,1,660,solar,0.21842919617729326,0.0,0.21842919617729326,0.053166348514369396
1980,batt_tim660,1,660,battery,0.09397833607398838,0.0,0.09397833607398838,0.02566677911785635
1981,pltd_tim661,1,661,diesel,0.0,0.0598,-0.0598,0.0
1982,plts_tim661,1,661,solar,0.1576547072593076,0.0,0.1576547072593076,0.03936877675419945
1983,batt_tim661,1,661,battery,0.04485542030874054,0.0,0.04485542030874054,0.013396179739286614
1984,pltd_tim662,1,662,diesel,0.0037034702933333315,0.0927,-0.08899652970666667,0.0011525643807999977
1985,plts_tim662,1,662,solar,0.24913160567552092,0.0,0.24913160567552092,0.061550381084556904
1986,batt_tim662,1,662,battery,0.10878426970552278,0.0,0.10878426970552278,0.029715056689310453
1987,pltd_tim663,1,663,diesel,0.0,0.057,-0.057,0.0
1988,plts_tim663,1,663,solar,0.15069032057249002,0.0,0.15069032057249002,0.03754274536291723
1989,batt_tim663,1,663,battery,0.04277623168367311,0.0,0.04277623168367311,0.012775710176908565
1990,pltd_tim664,1,664,diesel,0.002135537006632778,0.0542,-0.05206446299336722,0.0006707123856964413
1991,plts_tim664,1,664,solar,0.14570747293334224,0.0,0.14570747293334224,0.035989540709380874
1992,batt_tim664,1,664,battery,0.0636163629625257,0.0,0.0636163629625257,0.017377622700371076
1993,pltd_tim665,1,665,diesel,0.0,0.0986,-0.0986,0.0
1994,plts_tim665,1,665,solar,0.25803742538711644,0.0,0.25803742538711644,0.06493873062262327
1995,batt_tim665,1,665,battery,0.07400196047499615,0.0,0.07400196047499615,0.02209863678508036
1996,pltd_tim666,1,666,diesel,0.004294307520000003,0.1075,-0.10320569248,0.0013364302895999942
1997,plts_tim666,1,666,solar,0.2855966885981576,0.0,0.2855966885981576,0.07136540808708408
1998,batt_tim666,1,666,battery,0.12613202050326963,0.0,0.12613202050326963,0.03445228426318622
1999,pltd_tim667,1,667,diesel,0.0,0.0619,-0.0619,0.0
2000,plts_tim667,1,667,solar,0.16268631191181984,0.0,0.16268631191181984,0.040789232718729584
2001,batt_tim667,1,667,battery,0.046479873840504365,0.0,0.046479873840504365,0.01388012637716615
2002,pltd_tim668,1,668,diesel,0.005450832320000017,0.1365,-0.13104916768,0.0016963483935999917
2003,plts_tim668,1,668,solar,0.3701942518177067,0.0,0.3701942518177067,0.09058696980220526
2004,batt_tim668,1,668,battery,0.1601029031250631,0.0,0.1601029031250631,0.043731240828968725
2005,pltd_tim669,1,669,diesel,0.0,0.0672,-0.0672,0.0
2006,plts_tim669,1,669,solar,0.17924758530094462,0.0,0.17924758530094462,0.0442388776445461
2007,batt_tim669,1,669,battery,0.05040334731704835,0.0,0.05040334731704835,0.015053607770467547
2008,pltd_tim670,1,670,diesel,0.003609568883809537,0.0906,-0.08699043111619047,0.0011249667328000078
2009,plts_tim670,1,670,solar,0.24577216919660133,0.0,0.24577216919660133,0.06011903867140771
2010,batt_tim670,1,670,battery,0.10626089701685033,0.0,0.10626089701685033,0.029025041977352884
2011,pltd_tim671,1,671,diesel,0.0,0.0974,-0.0974,0.0
2012,plts_tim671,1,671,solar,0.25673017866925785,0.0,0.25673017866925785,0.06412668018036033
2013,batt_tim671,1,671,battery,0.07307300578994999,0.0,0.07307300578994999,0.02182155957675559
2014,pltd_tim672,1,672,diesel,0.005327791893333345,0.1334,-0.12807220810666664,0.0016580891488000005
2015,plts_tim672,1,672,solar,0.36182125216049216,0.0,0.36182125216049216,0.08854212443351096
2016,batt_tim672,1,672,battery,0.15647830624194342,0.0,0.15647830624194342,0.04274426120877632
2017,pltd_tim673,1,673,diesel,0.0,0.0872,-0.0872,0.0
2018,plts_tim673,1,673,solar,0.22925009559861062,0.0,0.22925009559861062,0.05742953314844619
2019,batt_tim673,1,673,battery,0.06544703338207138,0.0,0.06544703338207138,0.01954300762008371
2020,pltd_tim674,1,674,diesel,0.0029162924800000154,0.073,-0.07008370751999998,0.0009075807104
2021,plts_tim674,1,674,solar,0.19359282258632207,0.0,0.19359282258632207,0.04846303225108193
2022,batt_tim674,1,674,battery,0.0856596340601263,0.0,0.0856596340601263,0.023396005641916077
2023,pltd_tim675,1,675,diesel,0.0,0.0413,-0.0413,0.0
2024,plts_tim675,1,675,solar,0.10713964587225641,0.0,0.10713964587225641,0.02719238496924546
2025,batt_tim675,1,675,battery,0.03098529890116506,0.0,0.03098529890116506,0.009252656174279724
2026,pltd_tim676,1,676,diesel,0.006791753706666685,0.1701,-0.16330824629333332,0.002113617139200003
2027,plts_tim676,1,676,solar,0.4666433517522654,0.0,0.4666433517522654,0.11287641312775698
2028,batt_tim676,1,676,battery,0.19948275218586675,0.0,0.19948275218586675,0.05449377928354423
2029,pltd_tim677,1,677,diesel,0.0,0.1969,-0.1969,0.0
2030,plts_tim677,1,677,solar,0.5254128085330241,0.0,0.5254128085330241,0.12967356246692902
2031,batt_tim677,1,677,battery,0.147743345611828,0.0,0.147743345611828,0.044125666927249604
2032,pltd_tim678,1,678,diesel,0.003346390400000015,0.0838,-0.08045360959999999,0.0010414169920000005
2033,plts_tim678,1,678,solar,0.22288254573278501,0.0,0.22288254573278501,0.0556204124715306
2034,batt_tim678,1,678,battery,0.09831710676136618,0.0,0.09831710676136618,0.02685246134591339
2035,pltd_tim679,1,679,diesel,0.0,0.0866,-0.0866,0.0
2036,plts_tim679,1,679,solar,0.22438560963420276,0.0,0.22438560963420276,0.05702392276453463
2037,batt_tim679,1,679,battery,0.06497688516838857,0.0,0.06497688516838857,0.019404749150404382
2038,pltd_tim680,1,680,diesel,0.0023623848533333254,0.0591,-0.05673761514666668,0.0007351664095999979
2039,plts_tim680,1,680,solar,0.15733900894937725,0.0,0.15733900894937725,0.039261419237436486
2040,batt_tim680,1,680,battery,0.06939112857413819,0.0,0.06939112857413819,0.018954536440440647
2041,pltd_tim681,1,681,diesel,0.0,0.0952,-0.0952,0.0
2042,plts_tim681,1,681,solar,0.24684524289920257,0.0,0.24684524289920257,0.06270540588700428
2043,batt_tim681,1,681,battery,0.07144057440318603,0.0,0.07144057440318603,0.021336806606513326
2044,pltd_tim682,1,682,diesel,0.0057150000000000265,0.1457,-0.13998499999999997,0.0018002040000000082
2045,plts_tim682,1,682,solar,0.3973718215673436,0.0,0.3973718215673436,0.09672167980104263
2046,batt_tim682,1,682,battery,0.17096782449448605,0.0,0.17096782449448605,0.04670467005991207
2047,pltd_tim683,1,683,diesel,0.0,0.0884,-0.0884,0.0
2048,plts_tim683,1,683,solar,0.23598295766624428,0.0,0.23598295766624428,0.05824134909749362
2049,batt_tim683,1,683,battery,0.06635734733201294,0.0,0.06635734733201294,0.019818484089313942
2050,pltd_tim684,1,684,diesel,0.0029034663466666914,0.0727,-0.06979653365333331,0.0009035739664000022
2051,plts_tim684,1,684,solar,0.19831078596999394,0.0,0.19831078596999394,0.04825860622271571
2052,batt_tim684,1,684,battery,0.08529214653232017,0.0,0.08529214653232017,0.02329702328168977
2053,pltd_tim685,1,685,diesel,0.0,0.0943,-0.0943,0.0
2054,plts_tim685,1,685,solar,0.24799811906769145,0.0,0.24799811906769145,0.06209694342809266
2055,batt_tim685,1,685,battery,0.07076205187891885,0.0,0.07076205187891885,0.02112993201521892
2056,pltd_tim686,1,686,diesel,0.0022143690666666773,0.0555,-0.05328563093333332,0.000689069752
2057,plts_tim686,1,686,solar,0.14749640299045952,0.0,0.14749640299045952,0.03680777618626216
2058,batt_tim686,1,686,battery,0.06506342884974352,0.0,0.06506342884974352,0.017770129086882133
2059,pltd_tim687,1,687,diesel,0.0,0.0573,-0.0573,0.0
2060,plts_tim687,1,687,solar,0.153532063187249,0.0,0.153532063187249,0.03774518219350714
2061,batt_tim687,1,687,battery,0.043009765468118355,0.0,0.043009765468118355,0.012843581045471642
2062,pltd_tim688,1,688,diesel,0.001267487893539082,0.0317,-0.03043251210646092,0.00039442422882160337
2063,plts_tim688,1,688,solar,0.08573345053982522,0.0,0.08573345053982522,0.021061968920178864
2064,batt_tim688,1,688,battery,0.037224887782896975,0.0,0.037224887782896975,0.010168014519111935
2065,pltd_tim689,1,689,diesel,0.0,0.0585,-0.0585,0.0
2066,plts_tim689,1,689,solar,0.1579499087224291,0.0,0.1579499087224291,0.03855708903826867
2067,batt_tim689,1,689,battery,0.04393999068071756,0.0,0.04393999068071756,0.013120484137959658
2068,pltd_tim690,1,690,diesel,0.0017437200000000068,0.0437,-0.04195628,0.000543359600000002
2069,plts_tim690,1,690,solar,0.1204900071127038,0.0,0.1204900071127038,0.02903696121016796
2070,batt_tim690,1,690,battery,0.05131932343192573,0.0,0.05131932343192573,0.014018636714363044
2071,pltd_tim691,1,691,diesel,0.0,0.0555,-0.0555,0.0
2072,plts_tim691,1,691,solar,0.1494509604262446,0.0,0.1494509604262446,0.03652760813969929
2073,batt_tim691,1,691,battery,0.04162188222195653,0.0,0.04162188222195653,0.012430266436468006
2074,pltd_tim692,1,692,diesel,0.0046632083200000155,0.1168,-0.11213679167999999,0.0014512618736000071
2075,plts_tim692,1,692,solar,0.31840166435683115,0.0,0.31840166435683115,0.07750000773365803
2076,batt_tim692,1,692,battery,0.1369910075461895,0.0,0.1369910075461895,0.03741414000249499
2077,pltd_tim693,1,693,diesel,0.0,0.0635,-0.0635,0.0
2078,plts_tim693,1,693,solar,0.16908724077784504,0.0,0.16908724077784504,0.04180418252136604
2079,batt_tim693,1,693,battery,0.04763788001680714,0.0,0.04763788001680714,0.01422515451877749
2080,pltd_tim694,1,694,diesel,0.002042875025242641,0.0518,-0.04975712497475736,0.0006406338776504757
2081,plts_tim694,1,694,solar,0.1411392792463418,0.0,0.1411392792463418,0.03435385249904047
2082,batt_tim694,1,694,battery,0.06072506235764751,0.0,0.06072506235764751,0.01658736284102042
2083,pltd_tim695,1,695,diesel,0.0,0.0619,-0.0619,0.0
2084,plts_tim695,1,695,solar,0.16722065039191422,0.0,0.16722065039191422,0.0407892637027176
2085,batt_tim695,1,695,battery,0.04647539872303223,0.0,0.04647539872303223,0.013880297111850137
2086,pltd_tim696,1,696,diesel,0.005450832320000017,0.1365,-0.13104916768,0.001696348393599991
2087,plts_tim696,1,696,solar,0.36993771463087316,0.0,0.36993771463087316,0.09058753918789779
2088,batt_tim696,1,696,battery,0.16012556090426888,0.0,0.16012556090426888,0.04373437838137858
2089,pltd_tim697,1,697,diesel,0.0,0.0974,-0.0974,0.0
2090,plts_tim697,1,697,solar,0.2642838158120672,0.0,0.2642838158120672,0.06412645934979794
2091,batt_tim697,1,697,battery,0.07307387705283773,0.0,0.07307387705283773,0.021820342708782376
2092,pltd_tim698,1,698,diesel,0.003925047679999978,0.0983,-0.09437495232000002,0.0012215610063999929
2093,plts_tim698,1,698,solar,0.269425991366146,0.0,0.269425991366146,0.06523095519472545
2094,batt_tim698,1,698,battery,0.1152886705952074,0.0,0.1152886705952074,0.0314916852020351
2095,pltd_tim699,1,699,diesel,0.0,0.0413,-0.0413,0.0
2096,plts_tim699,1,699,solar,0.11037897356955925,0.0,0.11037897356955925,0.02719243410952348
2097,batt_tim699,1,699,battery,0.030980573628520393,0.0,0.030980573628520393,0.009252926957686697
2098,pltd_tim700,1,700,diesel,0.0061274625066666775,0.1534,-0.14727253749333333,0.0019069535632000047
2099,plts_tim700,1,700,solar,0.4125441811118628,0.0,0.4125441811118628,0.10183416215427567
2100,batt_tim700,1,700,battery,0.180005950803702,0.0,0.180005950803702,0.049163241630673385
2101,pltd_tim701,1,701,diesel,0.0,0.1688,-0.1688,0.0
2102,plts_tim701,1,701,solar,0.44136439506185215,0.0,0.44136439506185215,0.11120652607130031
2103,batt_tim701,1,701,battery,0.12671501144698957,0.0,0.12671501144698957,0.03784028512185342
2104,pltd_tim702,1,702,diesel,0.003383586666666679,0.0847,-0.08131641333333332,0.0010529526000000006
2105,plts_tim702,1,702,solar,0.22527466140046087,0.0,0.22527466140046087,0.05623353486776051
2106,batt_tim702,1,702,battery,0.09938126646785744,0.0,0.09938126646785744,0.027146921504638728
2107,pltd_tim703,1,703,diesel,0.0,0.2656,-0.2656,0.0
2108,plts_tim703,1,703,solar,0.7121302270224241,0.0,0.7121302270224241,0.17492652955742505
2109,batt_tim703,1,703,battery,0.19932957994102737,0.0,0.19932957994102737,0.05952326491539413
2110,pltd_tim704,1,704,diesel,0.0014149548800000157,0.0354,-0.03398504511999999,0.0004404142624000026
2111,plts_tim704,1,704,solar,0.0970244481030958,0.0,0.0970244481030958,0.023515861139479986
2112,batt_tim704,1,704,battery,0.04156422162621014,0.0,0.04156422162621014,0.011352937339526192
2113,pltd_tim705,1,705,diesel,0.0,0.0613,-0.0613,0.0
2114,plts_tim705,1,705,solar,0.16252312852969425,0.0,0.16252312852969425,0.040383356921549964
2115,batt_tim705,1,705,battery,0.04601325895043573,0.0,0.04601325895043573,0.013742256869790909
2116,pltd_tim706,1,706,diesel,0.006878203093333245,0.1722,-0.16532179690666673,0.002140572324799985
2117,plts_tim706,1,706,solar,0.45221770702028286,0.0,0.45221770702028286,0.11430716960898395
2118,batt_tim706,1,706,battery,0.20204249330845683,0.0,0.20204249330845683,0.05518232605178858
2119,pltd_tim707,1,707,diesel,0.0,0.0903,-0.0903,0.0
2120,plts_tim707,1,707,solar,0.23636396154064482,0.0,0.23636396154064482,0.0594591508916569
2121,batt_tim707,1,707,battery,0.06774738121672347,0.0,0.06774738121672347,0.020232745059234475
2122,pltd_tim708,1,708,diesel,0.003937294293333323,0.0986,-0.09466270570666667,0.0012253739007999985
2123,plts_tim708,1,708,solar,0.26883483628510446,0.0,0.26883483628510446,0.06543534650558132
2124,batt_tim708,1,708,battery,0.11566464595784473,0.0,0.11566464595784473,0.031589755218497016
2125,pltd_tim709,1,709,diesel,0.0,0.1682,-0.1682,0.0
2126,plts_tim709,1,709,solar,0.44894449635669526,0.0,0.44894449635669526,0.11080093832322006
2127,batt_tim709,1,709,battery,0.12624100900811475,0.0,0.12624100900811475,0.03770369430191428
2128,pltd_tim710,1,710,diesel,0.013476539117964688,0.3392,-0.3257234608820353,0.004208603607386287
2129,plts_tim710,1,710,solar,0.9249614617431744,0.0,0.9249614617431744,0.2251387283154224
2130,batt_tim710,1,710,battery,0.3979607440211539,0.0,0.3979607440211539,0.10869604114113915
2131,pltd_tim711,1,711,diesel,0.0,0.1134,-0.1134,0.0
2132,plts_tim711,1,711,solar,0.28455599881276866,0.0,0.28455599881276866,0.07467842103882492
2133,batt_tim711,1,711,battery,0.08508047244052809,0.0,0.08508047244052809,0.02541098359935804
2134,pltd_tim712,1,712,diesel,0.008145434560000003,0.2039,-0.19575456544,0.0025349836287999993
2135,plts_tim712,1,712,solar,0.5604491094307826,0.0,0.5604491094307826,0.13536904480285095
2136,batt_tim712,1,712,battery,0.23929651375046687,0.0,0.23929651375046687,0.06534929000357653
2137,pltd_tim713,1,713,diesel,0.0,0.2409,-0.2409,0.0
2138,plts_tim713,1,713,solar,0.6364913337936055,0.0,0.6364913337936055,0.15869205611368986
2139,batt_tim713,1,713,battery,0.1808414326797533,0.0,0.1808414326797533,0.05400045287647824
2140,pltd_tim714,1,714,diesel,0.014900227946666709,0.3731,-0.35819977205333325,0.0046370619344000205
2141,plts_tim714,1,714,solar,1.0078849101385587,0.0,1.0078849101385587,0.24763269693100648
2142,batt_tim714,1,714,battery,0.43769528341102637,0.0,0.43769528341102637,0.11955027421666714
2143,pltd_tim715,1,715,diesel,0.0,0.5419,-0.5419,0.0
2144,plts_tim715,1,715,solar,1.4358603449104774,0.0,1.4358603449104774,0.35695603043304536
2145,batt_tim715,1,715,battery,0.40672236901574926,0.0,0.40672236901574926,0.12146421036587934
2146,pltd_tim716,1,716,diesel,0.01711509962666662,0.4285,-0.41138490037333336,0.005326310460799979
2147,plts_tim716,1,716,solar,1.1676903741244236,0.0,1.1676903741244236,0.28443920097672765
2148,batt_tim716,1,716,battery,0.502681397623562,0.0,0.502681397623562,0.13731487984845964
2149,pltd_tim717,1,717,diesel,0.0,0.2295,-0.2295,0.0
2150,plts_tim717,1,717,solar,0.6125136707282672,0.0,0.6125136707282672,0.151184054285707
2151,batt_tim717,1,717,battery,0.1722794756771984,0.0,0.1722794756771984,0.05144585772019791
2152,pltd_tim718,1,718,diesel,0.01758247071999994,0.4402,-0.42261752928,0.005471830425599971
2153,plts_tim718,1,718,solar,1.1883308155002017,0.0,1.1883308155002017,0.2922103458899246
2154,batt_tim718,1,718,battery,0.5164527324950283,0.0,0.5164527324950283,0.14107007384283832
2155,pltd_tim719,1,719,diesel,0.0,0.5758,-0.5758,0.0
2156,plts_tim719,1,719,solar,1.5167071614367809,0.0,1.5167071614367809,0.3792799264461729
2157,batt_tim719,1,719,battery,0.4321956856118629,0.0,0.4321956856118629,0.12906770377109889
2158,pltd_tim720,1,720,diesel,0.017023600000000007,0.4341,-0.41707639999999996,0.005362405999999997
2159,plts_tim720,1,720,solar,1.1881364242215384,0.0,1.1881364242215384,0.28812023338647363
2160,batt_tim720,1,720,battery,0.5092195379869046,0.0,0.5092195379869046,0.13912620555671373
2161,pltd_tim721,1,721,diesel,0.0,0.1944,-0.1944,0.0
2162,plts_tim721,1,721,solar,0.561750487364607,0.0,0.561750487364607,0.12804990009378736
2163,batt_tim721,1,721,battery,0.145927745828512,0.0,0.145927745828512,0.043573311725140916
2164,pltd_tim722,1,722,diesel,0.006355644266666684,0.1242,-0.11784435573333332,0.0023609495136000043
2165,plts_tim722,1,722,solar,0.3696773200163276,0.0,0.3696773200163276,0.08140243959303789
2166,batt_tim722,1,722,battery,0.14279807271725609,0.0,0.14279807271725609,0.03902381885946916
2167,pltd_tim723,1,723,diesel,0.0,0.1494,-0.1494,0.0
2168,plts_tim723,1,723,solar,0.4151402274738892,0.0,0.4151402274738892,0.09842210935387356
2169,batt_tim723,1,723,battery,0.1121365374571606,0.0,0.1121365374571606,0.03349229791874103
2170,pltd_tim724,1,724,diesel,0.004855000000000029,0.0955,-0.09064499999999998,0.0018094820000000044
2171,plts_tim724,1,724,solar,0.2694616074462048,0.0,0.2694616074462048,0.062617297646169
2172,batt_tim724,1,724,battery,0.10985587973506424,0.0,0.10985587973506424,0.030022201956493782
2173,pltd_tim725,1,725,diesel,0.0,0.0878,-0.0878,0.0
2174,plts_tim725,1,725,solar,0.24368357482049702,0.0,0.24368357482049702,0.057835664701036904
2175,batt_tim725,1,725,battery,0.06591231639113973,0.0,0.06591231639113973,0.019681360696338884
2176,pltd_tim726,1,726,diesel,0.002035888888901368,0.04,-0.03796411111109863,0.0007634713333393613
2177,plts_tim726,1,726,solar,0.11569514663713969,0.0,0.11569514663713969,0.026258825349558115
2178,batt_tim726,1,726,battery,0.04606167418481877,0.0,0.04606167418481877,0.012589902739185761
2179,pltd_tim727,1,727,diesel,0.0,0.073,-0.073,0.0
2180,plts_tim727,1,727,solar,0.2105191102764374,0.0,0.2105191102764374,0.048094690687890226
2181,batt_tim727,1,727,battery,0.05480009251294792,0.0,0.05480009251294792,0.016366260894728434
2182,pltd_tim728,1,728,diesel,0.0023255321600000006,0.0582,-0.055874467840000004,0.0007236598767999996
2183,plts_tim728,1,728,solar,0.15878059823318846,0.0,0.15878059823318846,0.038647788325986254
2184,batt_tim728,1,728,battery,0.06831450852796882,0.0,0.06831450852796882,0.018657742950770086
2185,pltd_tim729,1,729,diesel,0.0,0.1377,-0.1377,0.0
2186,plts_tim729,1,729,solar,0.41244295838687917,0.0,0.41244295838687917,0.0907103945870432
2187,batt_tim729,1,729,battery,0.10334866999120619,0.0,0.10334866999120619,0.030866194422352805
2188,pltd_tim730,1,730,diesel,0.0031937428572411265,0.0625,-0.059306257142758875,0.0011884614571537647
2189,plts_tim730,1,730,solar,0.18298788462731003,0.0,0.18298788462731003,0.041004173286005904
2190,batt_tim730,1,730,battery,0.07193171064352666,0.0,0.07193171064352666,0.01965840201370294
2191,pltd_tim731,1,731,diesel,0.0,0.1796,-0.1796,0.0
2192,plts_tim731,1,731,solar,0.5155330046990856,0.0,0.5155330046990856,0.11830863818238374
2193,batt_tim731,1,731,battery,0.13479816282866877,0.0,0.13479816282866877,0.04025724265084392
2194,pltd_tim732,1,732,diesel,0.0010800016355555489,0.0271,-0.02601999836444445,0.00033674917173333194
2195,plts_tim732,1,732,solar,0.07392945635261408,0.0,0.07392945635261408,0.01799465792382461
2196,batt_tim732,1,732,battery,0.0318081998283353,0.0,0.0318081998283353,0.008687435064758553
2197,pltd_tim733,1,733,diesel,0.0,0.0792,-0.0792,0.0
2198,plts_tim733,1,733,solar,0.22569099458515396,0.0,0.22569099458515396,0.052153577792715726
2199,batt_tim733,1,733,battery,0.059424737249817304,0.0,0.059424737249817304,0.01774659329527726
2200,pltd_tim734,1,734,diesel,0.0027970266773432472,0.0709,-0.06810297332265676,0.0008772008011210408
2201,plts_tim734,1,734,solar,0.19491034881244196,0.0,0.19491034881244196,0.047031659093033154
2202,batt_tim734,1,734,battery,0.08312256662408253,0.0,0.08312256662408253,0.02270785360736376
2203,pltd_tim735,1,735,diesel,0.0,0.1294,-0.1294,0.0
2204,plts_tim735,1,735,solar,0.34729489407897035,0.0,0.34729489407897035,0.08523116805345902
2205,batt_tim735,1,735,battery,0.0971028056385942,0.0,0.0971028056385942,0.029002248961220778
2206,pltd_tim736,1,736,diesel,0.006053639253333346,0.1516,-0.14554636074666666,0.0018838861216000022
2207,plts_tim736,1,736,solar,0.413334351219678,0.0,0.413334351219678,0.10060701340349243
2208,batt_tim736,1,736,battery,0.1778356406576653,0.0,0.1778356406576653,0.048569399497644807
2209,pltd_tim737,1,737,diesel,0.0,0.0551,-0.0551,0.0
2210,plts_tim737,1,737,solar,0.14718200028908368,0.0,0.14718200028908368,0.036324988653746774
2211,batt_tim737,1,737,battery,0.041386691373912654,0.0,0.041386691373912654,0.012360771894083807
2212,pltd_tim738,1,738,diesel,0.0022104262400000044,0.0558,-0.053589573759999995,0.0006913227552000015
2213,plts_tim738,1,738,solar,0.15546794629003421,0.0,0.15546794629003421,0.03701198132651454
2214,batt_tim738,1,738,battery,0.06542306773614506,0.0,0.06542306773614506,0.01787007230444782
2215,pltd_tim739,1,739,diesel,0.0,0.0555,-0.0555,0.0
2216,plts_tim739,1,739,solar,0.15296179352677527,0.0,0.15296179352677527,0.036527398663628766
2217,batt_tim739,1,739,battery,0.041618060011935874,0.0,0.041618060011935874,0.012429112136037613
2218,pltd_tim740,1,740,diesel,0.004232777066666643,0.106,-0.10176722293333336,0.001317250591999999
2219,plts_tim740,1,740,solar,0.29153255202520384,0.0,0.29153255202520384,0.07034336542394565
2220,batt_tim740,1,740,battery,0.12433215920852467,0.0,0.12433215920852467,0.03396086331703386
2221,pltd_tim741,1,741,diesel,0.0,0.1177,-0.1177,0.0
2222,plts_tim741,1,741,solar,0.3174081090174793,0.0,0.3174081090174793,0.07751969372263373
2223,batt_tim741,1,741,battery,0.08831504729810546,0.0,0.08831504729810546,0.026377470367429545
2224,pltd_tim742,1,742,diesel,0.0016486250666666636,0.0413,-0.03965137493333334,0.0005130746319999977
2225,plts_tim742,1,742,solar,0.1136113733717945,0.0,0.1136113733717945,0.02740113965643344
2226,batt_tim742,1,742,battery,0.048428052434651064,0.0,0.048428052434651064,0.013228384985221832
2227,pltd_tim743,1,743,diesel,0.0,0.0431,-0.0431,0.0
2228,plts_tim743,1,743,solar,0.11941801486424125,0.0,0.11941801486424125,0.028410118942677202
2229,batt_tim743,1,743,battery,0.032367506820130426,0.0,0.032367506820130426,0.009667160590476022
2230,pltd_tim744,1,744,diesel,0.003002249493333327,0.0752,-0.07219775050666667,0.0009343021967999994
2231,plts_tim744,1,744,solar,0.21251498732246238,0.0,0.21251498732246238,0.04989480545794997
2232,batt_tim744,1,744,battery,0.0881938488034669,0.0,0.0881938488034669,0.024088520055861876
2233,pltd_tim745,1,745,diesel,0.0,0.0576,-0.0576,0.0
2234,plts_tim745,1,745,solar,0.1549843414558478,0.0,0.1549843414558478,0.03794859793656675
2235,batt_tim745,1,745,battery,0.043245153414995526,0.0,0.043245153414995526,0.012914068879622988
2236,pltd_tim746,1,746,diesel,0.0018452989866666696,0.0462,-0.04435470101333333,0.0005742763935999994
2237,plts_tim746,1,746,solar,0.12601725829627675,0.0,0.12601725829627675,0.030672962591405496
2238,batt_tim746,1,746,battery,0.054218262371676575,0.0,0.054218262371676575,0.01480780649029073
2239,pltd_tim747,1,747,diesel,0.0,0.2532,-0.2532,0.0
2240,plts_tim747,1,747,solar,0.6806391106103863,0.0,0.6806391106103863,0.16680994420581652
2241,batt_tim747,1,747,battery,0.1900578046786446,0.0,0.1900578046786446,0.0567651396341345
2242,pltd_tim748,1,748,diesel,0.004700214826666695,0.1177,-0.11299978517333331,0.0014627215568000058
2243,plts_tim748,1,748,solar,0.3302829638019057,0.0,0.3302829638019057,0.07811370058595993
2244,batt_tim748,1,748,battery,0.13805503236486535,0.0,0.13805503236486535,0.03771117094291668
2245,pltd_tim749,1,749,diesel,0.0,0.0761,-0.0761,0.0
2246,plts_tim749,1,749,solar,0.20456014584287852,0.0,0.20456014584287852,0.05012410895240555
2247,batt_tim749,1,749,battery,0.057111775111951334,0.0,0.057111775111951334,0.017056750623151425
2248,pltd_tim750,1,750,diesel,0.0030393995733333295,0.0761,-0.07306060042666668,0.0009458959552000008
2249,plts_tim750,1,750,solar,0.21285251410344222,0.0,0.21285251410344222,0.05050771941676617
2250,batt_tim750,1,750,battery,0.08925901740246181,0.0,0.08925901740246181,0.024382614945521894
2251,pltd_tim751,1,751,diesel,0.0,0.0364,-0.0364,0.0
2252,plts_tim751,1,751,solar,0.09726765071726981,0.0,0.09726765071726981,0.02394605058066265
2253,batt_tim751,1,751,battery,0.02728331719543362,0.0,0.02728331719543362,0.008148774303859805
2254,pltd_tim752,1,752,diesel,0.004134888888888876,0.0813,-0.07716511111111111,0.0015411294444444433
2255,plts_tim752,1,752,solar,0.2266996001638012,0.0,0.2266996001638012,0.05333142604243773
2256,batt_tim752,1,752,battery,0.09318728773924713,0.0,0.09318728773924713,0.025566253546349536
2257,pltd_tim753,1,753,diesel,0.0,0.0305,-0.0305,0.0
2258,plts_tim753,1,753,solar,0.08069768816941239,0.0,0.08069768816941239,0.020090431888506375
2259,batt_tim753,1,753,battery,0.022893426950016366,0.0,0.022893426950016366,0.006836883552290331
2260,pltd_tim754,1,754,diesel,0.002799412647619041,0.0702,-0.06740058735238096,0.0008724113279999963
2261,plts_tim754,1,754,solar,0.19314475950933535,0.0,0.19314475950933535,0.04662279246063872
2262,batt_tim754,1,754,battery,0.08239464440977619,0.0,0.08239464440977619,0.022508414324894595
2263,pltd_tim755,1,755,diesel,0.0,0.1029,-0.1029,0.0
2264,plts_tim755,1,755,solar,0.27596084713334285,0.0,0.27596084713334285,0.06777885404875919
2265,batt_tim755,1,755,battery,0.07722575917873231,0.0,0.07722575917873231,0.02306311083152628
2266,pltd_tim756,1,756,diesel,0.004134024639999999,0.1035,-0.09936597536,0.0012865605871999974
2267,plts_tim756,1,756,solar,0.29267801510823654,0.0,0.29267801510823654,0.06870743231808872
2268,batt_tim756,1,756,battery,0.12143855517069958,0.0,0.12143855517069958,0.03317065793643477
2269,pltd_tim757,1,757,diesel,0.0,0.1423,-0.1423,0.0
2270,plts_tim757,1,757,solar,0.378441841000002,0.0,0.378441841000002,0.09375457618239492
2271,batt_tim757,1,757,battery,0.10682702777990477,0.0,0.10682702777990477,0.03190346200507197
2272,pltd_tim758,1,758,diesel,0.002899600000000001,0.0739,-0.07100039999999999,0.0009133390000000001
2273,plts_tim758,1,758,solar,0.20284253430047558,0.0,0.20284253430047558,0.0490768295028027
2274,batt_tim758,1,758,battery,0.08674328945837753,0.0,0.08674328945837753,0.02369910654148561
2275,pltd_tim759,1,759,diesel,0.0,0.0545,-0.0545,0.0
2276,plts_tim759,1,759,solar,0.14751578020518824,0.0,0.14751578020518824,0.035919148378970006
2277,batt_tim759,1,759,battery,0.04093436712979971,0.0,0.04093436712979971,0.01222340671328273
2278,pltd_tim760,1,760,diesel,0.01627255555555555,0.3201,-0.30382744444444443,0.006102161333333323
2279,plts_tim760,1,760,solar,0.8976242242522532,0.0,0.8976242242522532,0.20988809824017385
2280,batt_tim760,1,760,battery,0.36694820846059667,0.0,0.36694820846059667,0.10061597109388806
2281,pltd_tim761,1,761,diesel,0.0,0.1322,-0.1322,0.0
2282,plts_tim761,1,761,solar,0.3590703070233195,0.0,0.3590703070233195,0.08705731407841784
2283,batt_tim761,1,761,battery,0.0991905514507818,0.0,0.0991905514507818,0.029623350202948515
2284,pltd_tim762,1,762,diesel,0.0030884526933333367,0.0773,-0.07421154730666665,0.0009610915328000013
2285,plts_tim762,1,762,solar,0.21350202140741126,0.0,0.21350202140741126,0.05132568312348446
2286,batt_tim762,1,762,battery,0.09071785650684683,0.0,0.09071785650684683,0.0247772835747343
2287,pltd_tim763,1,763,diesel,0.0,0.1158,-0.1158,0.0
2288,plts_tim763,1,763,solar,0.3146589624908195,0.0,0.3146589624908195,0.07630202940515382
2289,batt_tim763,1,763,battery,0.0869379127283234,0.0,0.0869379127283234,0.0259642755346497
2290,pltd_tim764,1,764,diesel,0.0041340246399999715,0.1035,-0.09936597536000003,0.0012865605871999939
2291,plts_tim764,1,764,solar,0.28685224622376315,0.0,0.28685224622376315,0.06870700311329975
2292,batt_tim764,1,764,battery,0.12143059608637646,0.0,0.12143059608637646,0.033168292839212125
2293,pltd_tim765,1,765,diesel,0.0,0.1186,-0.1186,0.0
2294,plts_tim765,1,765,solar,0.31641177300186724,0.0,0.31641177300186724,0.07812864811903944
2295,batt_tim765,1,765,battery,0.08902024616982393,0.0,0.08902024616982393,0.026587364322623697
2296,pltd_tim766,1,766,diesel,0.0026206661333333424,0.0656,-0.06297933386666667,0.0008155839440000015
2297,plts_tim766,1,766,solar,0.17830000357090223,0.0,0.17830000357090223,0.04355539494785448
2298,batt_tim766,1,766,battery,0.07699511225573895,0.0,0.07699511225573895,0.02102680161240642
2299,pltd_tim767,1,767,diesel,0.0,0.1001,-0.1001,0.0
2300,plts_tim767,1,767,solar,0.2637280810084333,0.0,0.2637280810084333,0.06595290751612419
2301,batt_tim767,1,767,battery,0.07514763818274105,0.0,0.07514763818274105,0.022443726041976107
2302,pltd_tim768,1,768,diesel,0.0035509944091518543,0.09,-0.08644900559084814,0.0011136714129609448
2303,plts_tim768,1,768,solar,0.2466450165343438,0.0,0.2466450165343438,0.05971004634684321
2304,batt_tim768,1,768,battery,0.10554478035049919,0.0,0.10554478035049919,0.028830539467039635
2305,pltd_tim769,1,769,diesel,0.0,0.0681,-0.0681,0.0
2306,plts_tim769,1,769,solar,0.18085866785568205,0.0,0.18085866785568205,0.044848174959377755
2307,batt_tim769,1,769,battery,0.05110606471875981,0.0,0.05110606471875981,0.015261379765737859
2308,pltd_tim770,1,770,diesel,0.004071699999999989,0.1038,-0.09972830000000002,0.0012826064999999943
2309,plts_tim770,1,770,solar,0.2818188610892318,0.0,0.2818188610892318,0.06891161388727324
2310,batt_tim770,1,770,battery,0.12181006586672127,0.0,0.12181006586672127,0.03327583347257847
2311,pltd_tim771,1,771,diesel,0.0,0.1251,-0.1251,0.0
2312,plts_tim771,1,771,solar,0.3328322701085456,0.0,0.3328322701085456,0.08239009894011765
2313,batt_tim771,1,771,battery,0.09386999178349642,0.0,0.09386999178349642,0.028036575367940065
2314,pltd_tim772,1,772,diesel,0.0024853893333333316,0.0622,-0.05971461066666667,0.000773498880000002
2315,plts_tim772,1,772,solar,0.1677616051713041,0.0,0.1677616051713041,0.04130629307351143
2316,batt_tim772,1,772,battery,0.0730000378520522,0.0,0.0730000378520522,0.01994211500424537
2317,pltd_tim773,1,773,diesel,0.0,0.0887,-0.0887,0.0
2318,plts_tim773,1,773,solar,0.23464791239139862,0.0,0.23464791239139862,0.058444037116820516
2319,batt_tim773,1,773,battery,0.0666042124040572,0.0,0.0666042124040572,0.019887121945813113
2320,pltd_tim774,1,774,diesel,0.0013534910933333361,0.0339,-0.03254650890666666,0.0004212065648000007
2321,plts_tim774,1,774,solar,0.09197404404126991,0.0,0.09197404404126991,0.02249347760881075
2322,batt_tim774,1,774,battery,0.03976038545169909,0.0,0.03976038545169909,0.010859175196250914
2323,pltd_tim775,1,775,diesel,0.0,0.1439,-0.1439,0.0
2324,plts_tim775,1,775,solar,0.38084839470483556,0.0,0.38084839470483556,0.09476879114477245
2325,batt_tim775,1,775,battery,0.10799163622795312,0.0,0.10799163622795312,0.032247835287339904
2326,pltd_tim776,1,776,diesel,0.0021039188266666815,0.0527,-0.050596081173333314,0.0006547084767999986
2327,plts_tim776,1,776,solar,0.14365919031059488,0.0,0.14365919031059488,0.03496714836388611
2328,batt_tim776,1,776,battery,0.061809094381488405,0.0,0.061809094381488405,0.016880885059614173
2329,pltd_tim777,1,777,diesel,0.0,0.1023,-0.1023,0.0
2330,plts_tim777,1,777,solar,0.2681996301735666,0.0,0.2681996301735666,0.06737303445782478
2331,batt_tim777,1,777,battery,0.07678045351829217,0.0,0.07678045351829217,0.022926785376971924
2332,pltd_tim778,1,778,diesel,0.0023132855466666325,0.0579,-0.055586714453333366,0.0007198749823999962
2333,plts_tim778,1,778,solar,0.15634473425269338,0.0,0.15634473425269338,0.03844337184400655
2334,batt_tim778,1,778,battery,0.06794898203786245,0.0,0.06794898203786245,0.01855918707467771
2335,pltd_tim779,1,779,diesel,0.0,0.0819,-0.0819,0.0
2336,plts_tim779,1,779,solar,0.21628244506074823,0.0,0.21628244506074823,0.053979945664213616
2337,batt_tim779,1,779,battery,0.06150823957416609,0.0,0.06150823957416609,0.018368917003657195
2338,pltd_tim780,1,780,diesel,0.004626427519999999,0.1158,-0.11117357248,0.001439741889600006
2339,plts_tim780,1,780,solar,0.3126751018986005,0.0,0.3126751018986005,0.07688677126141995
2340,batt_tim780,1,780,battery,0.1358898297871302,0.0,0.1358898297871302,0.037118558738433026
