ID,Resource,Zone,Village,technology,Total_MW,Start_MW,Change_in_MW,Electricity_GWh
1,pltd_bel1,1,1,diesel,2.696990690268276e-11,0.2773,-0.27729999997303006,1.023331236607146e-12
2,plts_bel1,1,1,solar,0.7481814296264597,0.0,0.7481814296264597,0.18263826951325296
3,batt_bel1,1,1,battery,0.2081377687840486,0.0,0.2081377687840486,0.062149507219948406
4,pltd_bel2,1,2,diesel,0.03378695682093232,0.846,-0.8122130431790676,0.010514807394188192
5,plts_bel2,1,2,solar,2.3194707784662367,0.0,2.3194707784662367,0.5615183366609847
6,batt_bel2,1,2,battery,0.9925517073282717,0.0,0.9925517073282717,0.2710835761323168
7,pltd_bel3,1,3,diesel,2.7935068510024346e-11,0.842,-0.8419999999720649,9.592831031889217e-13
8,plts_bel3,1,3,solar,2.2264729706420496,0.0,2.2264729706420496,0.5546126358082945
9,batt_bel3,1,3,battery,0.6319043877883451,0.0,0.6319043877883451,0.188727118991446
10,pltd_bel4,1,4,diesel,0.015540261078758371,0.3891,-0.3735597389212416,0.004836264215489047
11,plts_bel4,1,4,solar,1.0597155963026461,0.0,1.0597155963026461,0.25826619686731234
12,batt_bel4,1,4,battery,0.4565187687988598,0.0,0.4565187687988598,0.12468548230523538
13,pltd_bel5,1,5,diesel,2.604952002488848e-11,0.4381,-0.4380999999739505,9.975484166693013e-13
14,plts_bel5,1,5,solar,1.1725778936735012,0.0,1.1725778936735012,0.28856860544582225
15,batt_bel5,1,5,battery,0.3288034784304952,0.0,0.3288034784304952,0.09819362718154953
16,pltd_bel6,1,6,diesel,0.015380024470740359,0.3851,-0.3697199755292596,0.004786357401857702
17,plts_bel6,1,6,solar,1.0617269094226176,0.0,1.0617269094226176,0.25560742908604284
18,batt_bel6,1,6,battery,0.4517860011255405,0.0,0.4517860011255405,0.12339948002834483
19,pltd_bel7,1,7,diesel,2.6851072315411065e-11,0.3586,-0.3585999999731489,9.897627550921345e-13
20,plts_bel7,1,7,solar,0.9539658134891789,0.0,0.9539658134891789,0.23621109349143898
21,batt_bel7,1,7,battery,0.2691577650356883,0.0,0.2691577650356883,0.08037368934959883
22,pltd_bel8,1,8,diesel,0.02831183107252094,0.7089,-0.6805881689274791,0.008810805140699523
23,plts_bel8,1,8,solar,1.9191143738342407,0.0,1.9191143738342407,0.47052124192696615
24,batt_bel8,1,8,battery,0.8315436015797206,0.0,0.8315436015797206,0.2271486053265088
25,pltd_bel9,1,9,diesel,2.7073589720190914e-11,0.6833,-0.6832999999729265,1.0082159165792882e-12
26,plts_bel9,1,9,solar,1.8471212126010155,0.0,1.8471212126010155,0.45010354169237765
27,batt_bel9,1,9,battery,0.5128570002981944,0.0,0.5128570002981944,0.15316695587363172
28,pltd_bel10,1,10,diesel,0.015847554575539616,0.3968,-0.3809524454244604,0.004931817056293335
29,plts_bel10,1,10,solar,1.0940037030094885,0.0,1.0940037030094885,0.26337800539363754
30,batt_bel10,1,10,battery,0.4655203051324701,0.0,0.4655203051324701,0.12715086127735808
31,pltd_bel11,1,11,diesel,2.692654112480177e-11,0.6602,-0.6601999999730734,1.0011860609927839e-12
32,plts_bel11,1,11,solar,1.7784844862168427,0.0,1.7784844862168427,0.4348821405073788
33,batt_bel11,1,11,battery,0.4955806022472787,0.0,0.4955806022472787,0.14798191176032297
34,pltd_bel12,1,12,diesel,0.011344434307982952,0.284,-0.27265556569201704,0.003530544463936301
35,plts_bel12,1,12,solar,0.7789634621886259,0.0,0.7789634621886259,0.18853544264268163
36,batt_bel12,1,12,battery,0.3332143346454953,0.0,0.3332143346454953,0.09101708457259264
37,pltd_bel13,1,13,diesel,2.6865814033070533e-11,0.2672,-0.2671999999731342,5.024181339789531e-13
38,plts_bel13,1,13,solar,1.05709053711527,0.0,1.05709053711527,0.27620760927871646
39,batt_bel13,1,13,battery,0.31468196308932,0.0,0.31468196308932,0.0939857618829881
40,pltd_bel14,1,14,diesel,0.008206641585243016,0.2055,-0.19729335841475698,0.0025539962903146033
41,plts_bel14,1,14,solar,0.5665375867948665,0.0,0.5665375867948665,0.13639217332014522
42,batt_bel14,1,14,battery,0.24107264778753998,0.0,0.24107264778753998,0.0658460054632274
43,pltd_bel15,1,15,diesel,2.7863475313078986e-11,0.1749,-0.17489999997213654,5.082573619946789e-13
44,plts_bel15,1,15,solar,0.697929971839409,0.0,0.697929971839409,0.18083030563940528
45,batt_bel15,1,15,battery,0.2060545702147459,0.0,0.2060545702147459,0.06153386212057338
46,pltd_bel16,1,16,diesel,0.019600395967329234,0.4908,-0.4711996040326708,0.006099862424653377
47,plts_bel16,1,16,solar,1.310233538916093,0.0,1.310233538916093,0.32574629424150975
48,batt_bel16,1,16,battery,0.5756911188235521,0.0,0.5756911188235521,0.15726177390735097
49,pltd_bel17,1,17,diesel,2.708936803147066e-11,0.2234,-0.22339999997291063,5.065092914396258e-13
50,plts_bel17,1,17,solar,0.8871722102799403,0.0,0.8871722102799403,0.23095505741967637
51,batt_bel17,1,17,battery,0.26316948464456,0.0,0.26316948464456,0.07859446357640087
52,pltd_bel18,1,18,diesel,0.005180314391609475,0.1297,-0.12451968560839054,0.001612111950573046
53,plts_bel18,1,18,solar,0.3429776194968049,0.0,0.3429776194968049,0.08608839806406104
54,batt_bel18,1,18,battery,0.15215447506100951,0.0,0.15215447506100951,0.041559975867500036
55,pltd_bel19,1,19,diesel,2.7437442583550403e-11,0.203,-0.20299999997256257,1.0628503704784146e-12
56,plts_bel19,1,19,solar,0.5589382841813961,0.0,0.5589382841813961,0.13373157387294923
57,batt_bel19,1,19,battery,0.1523588073460818,0.0,0.1523588073460818,0.04550518545225155
58,pltd_bel20,1,20,diesel,0.0017715987819376445,0.0444,-0.042628401218062356,0.0005513128763544126
59,plts_bel20,1,20,solar,0.12342782661658144,0.0,0.12342782661658144,0.02944621211575453
60,batt_bel20,1,20,battery,0.05204962624702458,0.0,0.05204962624702458,0.014216114524453679
61,pltd_bel21,1,21,diesel,2.8014631138492866e-11,0.1664,-0.16639999997198537,1.02755476637342e-12
62,plts_bel21,1,21,solar,0.45269066295722604,0.0,0.45269066295722604,0.1095833720105551
63,batt_bel21,1,21,battery,0.124869760223823,0.0,0.124869760223823,0.037290113772854225
64,pltd_bel22,1,22,diesel,0.004724841391837377,0.1183,-0.11357515860816263,0.0014703544425033368
65,plts_bel22,1,22,solar,0.33229949043165363,0.0,0.33229949043165363,0.07852272484898344
66,batt_bel22,1,22,battery,0.1387869886626287,0.0,0.1387869886626287,0.03790895164293983
67,pltd_bel23,1,23,diesel,2.910075040733151e-11,0.1143,-0.11429999997089925,9.872321847660841e-13
68,plts_bel23,1,23,solar,0.3084186206473977,0.0,0.3084186206473977,0.07528794611849818
69,batt_bel23,1,23,battery,0.08579992115852528,0.0,0.08579992115852528,0.025619702096569545
70,pltd_bel24,1,24,diesel,0.002682242647908922,0.0672,-0.06451775735209107,0.0008346984578959619
71,plts_bel24,1,24,solar,0.18549340268769351,0.0,0.18549340268769351,0.04457806536214344
72,batt_bel24,1,24,battery,0.07879160043697514,0.0,0.07879160043697514,0.021521129680358544
73,pltd_bel25,1,25,diesel,2.7127499743412004e-11,0.049,-0.0489999999728725,9.430066619280787e-13
74,plts_bel25,1,25,solar,0.13603798977266382,0.0,0.13603798977266382,0.03226581690517792
75,batt_bel25,1,25,battery,0.036768165696651714,0.0,0.036768165696651714,0.010978870993762607
76,pltd_bel26,1,26,diesel,0.005475032989711508,0.1371,-0.1316249670102885,0.0017039854610551442
77,plts_bel26,1,26,solar,0.38334768159931304,0.0,0.38334768159931304,0.09099615465359835
78,batt_bel26,1,26,battery,0.16084480697412862,0.0,0.16084480697412862,0.04392992948127586
79,pltd_bel27,1,27,diesel,2.908350950126612e-11,0.1254,-0.1253999999709165,1.0839396565816826e-12
80,plts_bel27,1,27,solar,0.3507365144448776,0.0,0.3507365144448776,0.08259339854568232
81,batt_bel27,1,27,battery,0.09409875930256235,0.0,0.09409875930256235,0.028105806076078283
82,pltd_bel28,1,28,diesel,0.0037156142557853477,0.093,-0.08928438574421466,0.0011563315483220883
83,plts_bel28,1,28,solar,0.2618421501327414,0.0,0.2618421501327414,0.06175492478167682
84,batt_bel28,1,28,battery,0.10914334315895005,0.0,0.10914334315895005,0.029813791594655994
85,pltd_bel29,1,29,diesel,2.7876024007400724e-11,0.0662,-0.06619999997212397,9.480820728423403e-13
86,plts_bel29,1,29,solar,0.1800348866239198,0.0,0.1800348866239198,0.043630662619523385
87,batt_bel29,1,29,battery,0.049722611027200346,0.0,0.049722611027200346,0.014847479482220493
88,pltd_bel30,1,30,diesel,0.0024733919799575866,0.0508,-0.04832660802004241,0.0009575112787371847
89,plts_bel30,1,30,solar,0.14972707591241166,0.0,0.14972707591241166,0.033359044253891426
90,batt_bel30,1,30,battery,0.05851701407217627,0.0,0.05851701407217627,0.015983578138359246
91,pltd_bel31,1,31,diesel,2.8936658283545755e-11,0.1035,-0.10349999997106334,1.1098169462896655e-12
92,plts_bel31,1,31,solar,0.2945879104502295,0.0,0.2945879104502295,0.06818508208220651
93,batt_bel31,1,31,battery,0.07768749908742216,0.0,0.07768749908742216,0.023203538480632543
94,pltd_bel32,1,32,diesel,0.0075543702599215725,0.1553,-0.14774562974007843,0.0029245253030823035
95,plts_bel32,1,32,solar,0.43684619930872076,0.0,0.43684619930872076,0.1018977803893599
96,batt_bel32,1,32,battery,0.17878746585308633,0.0,0.17878746585308633,0.048825948894338465
97,pltd_bel33,1,33,diesel,2.850952300293391e-11,0.0918,-0.09179999997149048,1.034885779956765e-12
98,plts_bel33,1,33,solar,0.2553276869087133,0.0,0.2553276869087133,0.06047344346437539
99,batt_bel33,1,33,battery,0.06889267366343456,0.0,0.06889267366343456,0.02057847176320763
100,pltd_bel34,1,34,diesel,0.0029527500921408584,0.0739,-0.07094724990785914,0.0009189197645396525
101,plts_bel34,1,34,solar,0.20674003346643446,0.0,0.20674003346643446,0.04907668603946587
102,batt_bel34,1,34,battery,0.08674203254939189,0.0,0.08674203254939189,0.02369273520658782
103,pltd_bel35,1,35,diesel,2.8104193220912873e-11,0.0758,-0.0757999999718958,9.94100361598311e-13
104,plts_bel35,1,35,solar,0.20842021045434397,0.0,0.20842021045434397,0.049921475752413805
105,batt_bel35,1,35,battery,0.056887560894373544,0.0,0.056887560894373544,0.016987489100177347
106,pltd_bel36,1,36,diesel,0.002158330243175088,0.0444,-0.04224166975682491,0.0008355604935346374
107,plts_bel36,1,36,solar,0.12394417480979154,0.0,0.12394417480979154,0.029113798683074874
108,batt_bel36,1,36,battery,0.05107914202948916,0.0,0.05107914202948916,0.013950700811920923
109,pltd_bel37,1,37,diesel,2.816709499335102e-11,0.0776,-0.07759999997183291,1.0119151684254867e-12
110,plts_bel37,1,37,solar,0.2153686792494169,0.0,0.2153686792494169,0.05113834526530375
111,batt_bel37,1,37,battery,0.058266391559736425,0.0,0.058266391559736425,0.017400932978588267
112,pltd_bel38,1,38,diesel,0.007719324021169644,0.1587,-0.15098067597883036,0.002988290483030676
113,plts_bel38,1,38,solar,0.44545169094414955,0.0,0.44545169094414955,0.10412188562275179
114,batt_bel38,1,38,battery,0.18266509549282825,0.0,0.18266509549282825,0.04989243721352335
115,pltd_bel39,1,39,diesel,2.801152367006507e-11,0.0712,-0.07119999997198848,9.43442444554307e-13
116,plts_bel39,1,39,solar,0.19203219680492714,0.0,0.19203219680492714,0.046876902748883786
117,batt_bel39,1,39,battery,0.05342136032852759,0.0,0.05342136032852759,0.015951459111689843
118,pltd_bel40,1,40,diesel,0.0031028837676038853,0.0638,-0.06069711623239611,0.0012012194954788794
119,plts_bel40,1,40,solar,0.17931981656749416,0.0,0.17931981656749416,0.04185059965419316
120,batt_bel40,1,40,battery,0.07342512147111663,0.0,0.07342512147111663,0.02005255035098679
121,pltd_bel41,1,41,diesel,2.7949746690769676e-11,0.069,-0.06899999997205025,9.773382513046904e-13
122,plts_bel41,1,41,solar,0.1893768918031085,0.0,0.1893768918031085,0.045456665594514785
123,batt_bel41,1,41,battery,0.05179141940383368,0.0,0.05179141940383368,0.015468409625829177
124,pltd_bel42,1,42,diesel,0.003100452988735481,0.0776,-0.07449954701126452,0.0009648995445082135
125,plts_bel42,1,42,solar,0.21404402831755823,0.0,0.21404402831755823,0.051530470670124603
126,batt_bel42,1,42,battery,0.09108040763522646,0.0,0.09108040763522646,0.02487735582361536
127,pltd_bel43,1,43,diesel,2.8865784124094588e-11,0.1365,-0.13649999997113424,1.0250869806854524e-12
128,plts_bel43,1,43,solar,0.3717520367704474,0.0,0.3717520367704474,0.08989886194131678
129,batt_bel43,1,43,battery,0.10243982568781362,0.0,0.10243982568781362,0.03059135332879953
130,pltd_bel44,1,44,diesel,0.004269680807938482,0.1069,-0.10263031919206152,0.0013288184839990737
131,plts_bel44,1,44,solar,0.2988624507792198,0.0,0.2988624507792198,0.07095663804553877
132,batt_bel44,1,44,battery,0.12541465854117229,0.0,0.12541465854117229,0.034256174892431
133,pltd_bel45,1,45,diesel,2.8213812256994213e-11,0.081,-0.0809999999717862,1.0034076162101432e-12
134,plts_bel45,1,45,solar,0.22296968819199275,0.0,0.22296968819199275,0.05337145157135565
135,batt_bel45,1,45,battery,0.06081581307040027,0.0,0.06081581307040027,0.01816217668588106
136,pltd_bel46,1,46,diesel,0.004368140798897868,0.1094,-0.10503185920110213,0.0013594007465327304
137,plts_bel46,1,46,solar,0.3030726710947697,0.0,0.3030726710947697,0.07259219379504404
138,batt_bel46,1,46,battery,0.12829690521713044,0.0,0.12829690521713044,0.035043822896130165
139,pltd_bel47,1,47,diesel,1.3833026220476327e-11,0.1131,-0.11309999998616697,3.649319953283179e-13
140,plts_bel47,1,47,solar,0.3050930864447818,0.0,0.3050930864447818,0.07447615129465544
141,batt_bel47,1,47,battery,0.08487489574917699,0.0,0.08487489574917699,0.025343416282246223
142,pltd_bel48,1,48,diesel,0.004380141221585526,0.1097,-0.10531985877841447,0.0013632087882736639
143,plts_bel48,1,48,solar,0.30304643961965094,0.0,0.30304643961965094,0.07279680753206408
144,batt_bel48,1,48,battery,0.12865914365641495,0.0,0.12865914365641495,0.03514293754146868
145,pltd_bel49,1,49,diesel,2.74548706144272e-11,0.1999,-0.19989999997254512,9.561117184365428e-13
146,plts_bel49,1,49,solar,0.5239323658474709,0.0,0.5239323658474709,0.13170234581339513
147,batt_bel49,1,49,battery,0.1500867538028451,0.0,0.1500867538028451,0.044816360998510815
148,pltd_bel50,1,50,diesel,0.009375423090057766,0.2348,-0.22542457690994225,0.002917770303666159
149,plts_bel50,1,50,solar,0.6266722712173011,0.0,0.6266722712173011,0.15581866963619706
150,batt_bel50,1,50,battery,0.2753966031749379,0.0,0.2753966031749379,0.07522599282041295
151,pltd_bel51,1,51,diesel,2.8500080446443852e-11,0.1473,-0.1472999999714999,1.0004498094643085e-12
152,plts_bel51,1,51,solar,0.39622190034910343,0.0,0.39622190034910343,0.09700114377805448
153,batt_bel51,1,51,battery,0.11053623014070274,0.0,0.11053623014070274,0.03300862894986303
154,pltd_bel52,1,52,diesel,0.006398292740360374,0.1602,-0.15380170725963963,0.0019912296766179806
155,plts_bel52,1,52,solar,0.4311549233720743,0.0,0.4311549233720743,0.10633284738785997
156,batt_bel52,1,52,battery,0.18794549464261617,0.0,0.18794549464261617,0.051335157746112005
157,pltd_bel53,1,53,diesel,2.8850315516482285e-11,0.1374,-0.13739999997114968,9.783083097455636e-13
158,plts_bel53,1,53,solar,0.3667183308790535,0.0,0.3667183308790535,0.09050725755931151
159,batt_bel53,1,53,battery,0.10311874786851122,0.0,0.10311874786851122,0.03079785959851017
160,pltd_bel54,1,54,diesel,0.005044734988835181,0.1263,-0.12125526501116482,0.0015699671177215365
161,plts_bel54,1,54,solar,0.33837369186011296,0.0,0.33837369186011296,0.08383950277695516
162,batt_bel54,1,54,battery,0.1481980243830123,0.0,0.1481980243830123,0.040476291154495796
163,pltd_bel55,1,55,diesel,2.734348136888778e-11,0.2064,-0.2063999999726565,9.98090327791263e-13
164,plts_bel55,1,55,solar,0.5519888424811039,0.0,0.5519888424811039,0.13596368372428255
165,batt_bel55,1,55,battery,0.15490210103719182,0.0,0.15490210103719182,0.046264949861877444
166,pltd_bel56,1,56,diesel,0.006373512430395246,0.1596,-0.15322648756960475,0.0019834407802664052
167,plts_bel56,1,56,solar,0.44558948796266395,0.0,0.44558948796266395,0.10592325356605448
168,batt_bel56,1,56,battery,0.1871922993096898,0.0,0.1871922993096898,0.051134150320140105
169,pltd_bel57,1,57,diesel,2.792999159658895e-11,0.1731,-0.17309999997207,1.04399761565878e-12
170,plts_bel57,1,57,solar,0.4738170943046687,0.0,0.4738170943046687,0.11404739554516839
171,batt_bel57,1,57,battery,0.12992948924111028,0.0,0.12992948924111028,0.03880887020846044
172,pltd_bel58,1,58,diesel,0.009892452590900658,0.2477,-0.23780754740909935,0.003078633421421558
173,plts_bel58,1,58,solar,0.676137959708933,0.0,0.676137959708933,0.16440628004527982
174,batt_bel58,1,58,battery,0.2905699352775493,0.0,0.2905699352775493,0.07936856717085555
175,pltd_bel59,1,59,diesel,2.814933113599967e-11,0.0783,-0.07829999997185066,9.803270982020115e-13
176,plts_bel59,1,59,solar,0.21342768254640737,0.0,0.21342768254640737,0.051543980529694625
177,batt_bel59,1,59,battery,0.05872887672529397,0.0,0.05872887672529397,0.01753871138324857
178,pltd_bel60,1,60,diesel,0.016881259444809442,0.4227,-0.40581874055519057,0.005253555067801984
179,plts_bel60,1,60,solar,1.1618880470204977,0.0,1.1618880470204977,0.28055515672546333
180,batt_bel60,1,60,battery,0.49581570776185624,0.0,0.49581570776185624,0.13544582562718488
181,pltd_bel61,1,61,diesel,2.731432191610081e-11,0.0558,-0.05579999997268568,9.381756862796482e-13
182,plts_bel61,1,61,solar,0.15261917421962093,0.0,0.15261917421962093,0.036731039802164696
183,batt_bel61,1,61,battery,0.041856669524507506,0.0,0.041856669524507506,0.0124989904990136
184,pltd_bel62,1,62,diesel,0.011442904591969033,0.2865,-0.2750570954080309,0.0035612188399447896
185,plts_bel62,1,62,solar,0.7824407193984482,0.0,0.7824407193984482,0.19017218750671447
186,batt_bel62,1,62,battery,0.3360857480781036,0.0,0.3360857480781036,0.0918114069475218
187,pltd_bel63,1,63,diesel,1.3833026220476327e-11,0.1131,-0.11309999998616697,3.649319953283179e-13
188,plts_bel63,1,63,solar,0.3050930864447818,0.0,0.3050930864447818,0.07447615129465544
189,batt_bel63,1,63,battery,0.08487489574917699,0.0,0.08487489574917699,0.025343416282246223
190,pltd_bel64,1,64,diesel,0.004220284045406969,0.1057,-0.10147971595459303,0.0013134327800848199
191,plts_bel64,1,64,solar,0.2869736493353877,0.0,0.2869736493353877,0.07013884483727362
192,batt_bel64,1,64,battery,0.12397934638738625,0.0,0.12397934638738625,0.033861860980318084
193,pltd_bel65,1,65,diesel,2.7210864956420795e-11,0.0518,-0.05179999997278913,9.087546114116948e-13
194,plts_bel65,1,65,solar,0.14073423893170098,0.0,0.14073423893170098,0.03409292567461826
195,batt_bel65,1,65,battery,0.0388435680991839,0.0,0.0388435680991839,0.011601265775180373
196,pltd_bel66,1,66,diesel,0.017865670263710026,0.4473,-0.4294343297362899,0.005560009217987044
197,plts_bel66,1,66,solar,1.2344901530290273,0.0,1.2344901530290273,0.29691341003927624
198,batt_bel66,1,66,battery,0.52479342617761,0.0,0.52479342617761,0.14334025498617173
199,pltd_bel67,1,67,diesel,2.6842865459725608e-11,0.3611,-0.3610999999731571,9.693383935609721e-13
200,plts_bel67,1,67,solar,0.9521929635764822,0.0,0.9521929635764822,0.23783571142435164
201,batt_bel67,1,67,battery,0.2710262955354397,0.0,0.2710262955354397,0.08093192725063612
202,pltd_bel68,1,68,diesel,0.007271663418110187,0.1821,-0.17482833658188981,0.0022630085703443784
203,plts_bel68,1,68,solar,0.4887216659029598,0.0,0.4887216659029598,0.1208513409281331
204,batt_bel68,1,68,battery,0.21360763318609002,0.0,0.21360763318609002,0.058344090533947714
205,pltd_bel69,1,69,diesel,2.6950885118838875e-11,0.3444,-0.3443999999730491,1.0305493585156383e-12
206,plts_bel69,1,69,solar,0.9325158016654548,0.0,0.9325158016654548,0.22687885650699993
207,batt_bel69,1,69,battery,0.2585381219809535,0.0,0.2585381219809535,0.07720852263345557
208,pltd_bel70,1,70,diesel,0.002522339350258838,0.0632,-0.060677660649741165,0.0007849946396338441
209,plts_bel70,1,70,solar,0.17645882775050953,0.0,0.17645882775050953,0.041919554351786514
210,batt_bel70,1,70,battery,0.07408201201145169,0.0,0.07408201201145169,0.020237082312340313
211,pltd_bel71,1,71,diesel,2.846600115298552e-11,0.1485,-0.14849999997153399,1.0281411545170766e-12
212,plts_bel71,1,71,solar,0.40465446979476716,0.0,0.40465446979476716,0.09781243099135224
213,batt_bel71,1,71,battery,0.11143941361547988,0.0,0.11143941361547988,0.03328211761494348
214,pltd_bel72,1,72,diesel,0.005143061753643811,0.1288,-0.12365693824635618,0.0016006404421089282
215,plts_bel72,1,72,solar,0.3550415468722486,0.0,0.3550415468722486,0.08547511513571046
216,batt_bel72,1,72,battery,0.1510773629360886,0.0,0.1510773629360886,0.04126475288765842
217,pltd_bel73,1,73,diesel,2.872250392811431e-11,0.0986,-0.09859999997127748,1.0284540000173734e-12
218,plts_bel73,1,73,solar,0.27218450840070463,0.0,0.27218450840070463,0.06493843325678021
219,batt_bel73,1,73,battery,0.07399851009720868,0.0,0.07399851009720868,0.022096998181736886
220,pltd_bel74,1,74,diesel,0.028410101401080814,0.7113,-0.6828898985989192,0.008841514544308635
221,plts_bel74,1,74,solar,1.968043162838061,0.0,1.968043162838061,0.4721590825010611
222,batt_bel74,1,74,battery,0.8346519782318548,0.0,0.8346519782318548,0.22794954426662656
223,pltd_bel75,1,75,diesel,2.837168491742001e-11,0.1528,-0.1527999999716283,1.0031132567788005e-12
224,plts_bel75,1,75,solar,0.4123315893005183,0.0,0.4123315893005183,0.100654099331217
225,batt_bel75,1,75,battery,0.11470752880538554,0.0,0.11470752880538554,0.03425140177925761
226,pltd_bel76,1,76,diesel,0.002743752620021532,0.0687,-0.06595624737997846,0.0008539460038736451
227,plts_bel76,1,76,solar,0.19042154287798205,0.0,0.19042154287798205,0.04560045587871744
228,batt_bel76,1,76,battery,0.08059901935689434,0.0,0.08059901935689434,0.022015072754256026
229,pltd_bel77,1,77,diesel,2.7168401300868824e-11,0.3149,-0.31489999997283163,9.086112924944489e-13
230,plts_bel77,1,77,solar,0.7981701567702963,0.0,0.7981701567702963,0.2073965335348836
231,batt_bel77,1,77,battery,0.23631497731125495,0.0,0.23631497731125495,0.07057625692191055
232,pltd_bel78,1,78,diesel,0.003986424175656616,0.0998,-0.09581357582434338,0.0012405915387799235
233,plts_bel78,1,78,solar,0.27940408984805176,0.0,0.27940408984805176,0.0662534210809302
234,batt_bel78,1,78,battery,0.11709364749413241,0.0,0.11709364749413241,0.031984654899406065
235,pltd_bel79,1,79,diesel,2.7876249129051353e-11,0.0662,-0.06619999997212375,9.487371469665359e-13
236,plts_bel79,1,79,solar,0.18010500988456357,0.0,0.18010500988456357,0.0436305106862528
237,batt_bel79,1,79,battery,0.04971000834660656,0.0,0.04971000834660656,0.014846642266586253
238,pltd_bel80,1,80,diesel,0.004306430803527043,0.1078,-0.10349356919647297,0.0013402791840792614
239,plts_bel80,1,80,solar,0.28635851172635124,0.0,0.28635851172635124,0.07157000166288768
240,batt_bel80,1,80,battery,0.1264858702845895,0.0,0.1264858702845895,0.03455170579764618
241,pltd_bel81,1,81,diesel,2.799338792469817e-11,0.1673,-0.16729999997200662,1.0031999303301214e-12
242,plts_bel81,1,81,solar,0.4501536358149055,0.0,0.4501536358149055,0.1101918480806557
243,batt_bel81,1,81,battery,0.1255526745035307,0.0,0.1255526745035307,0.03749675478399133
244,pltd_kup82,1,82,diesel,0.026663129114491424,0.6676,-0.6409368708855085,0.008297785439308198
245,plts_kup82,1,82,solar,1.7747718812756341,0.0,1.7747718812756341,0.4431204758658075
246,batt_kup82,1,82,battery,0.7832287265564685,0.0,0.7832287265564685,0.21392211882314893
247,pltd_kup83,1,83,diesel,2.680382392453609e-11,0.3666,-0.36659999997319614,9.460086849509298e-13
248,plts_kup83,1,83,solar,0.9538796713628551,0.0,0.9538796713628551,0.24148875622433463
249,batt_kup83,1,83,battery,0.2751331452119129,0.0,0.2751331452119129,0.08217426611708463
250,pltd_kup84,1,84,diesel,0.019292323000479342,0.4831,-0.46380767699952063,0.006004052760660585
251,plts_kup84,1,84,solar,1.2841917494831772,0.0,1.2841917494831772,0.320633554871511
252,batt_kup84,1,84,battery,0.5667301934734248,0.0,0.5667301934734248,0.1547900046866121
253,pltd_kup85,1,85,diesel,2.8026237189792583e-11,0.0739,-0.07389999997197376,8.871904128722139e-13
254,plts_kup85,1,85,solar,0.1923797414034781,0.0,0.1923797414034781,0.0487037787561649
255,batt_kup85,1,85,battery,0.055489538430147034,0.0,0.055489538430147034,0.0165731884431725
256,pltd_kup86,1,86,diesel,0.018690167459947404,0.468,-0.44930983254005263,0.005816569424396998
257,plts_kup86,1,86,solar,1.24405955172451,0.0,1.24405955172451,0.310613604206247
258,batt_kup86,1,86,battery,0.5490188466015894,0.0,0.5490188466015894,0.14995269642882994
259,pltd_kup87,1,87,diesel,2.593777414556971e-11,0.4279,-0.42789999997406225,9.44470852908874e-13
260,plts_kup87,1,87,solar,1.1133928547129874,0.0,1.1133928547129874,0.28187187938453395
261,batt_kup87,1,87,battery,0.32114273065907367,0.0,0.32114273065907367,0.09591585203105701
262,pltd_kup88,1,88,diesel,0.007899060923171766,0.1978,-0.18990093907682823,0.0024582872952610807
263,plts_kup88,1,88,solar,0.5257978557918896,0.0,0.5257978557918896,0.1312798015602463
264,batt_kup88,1,88,battery,0.2320410957070849,0.0,0.2320410957070849,0.06337704809513314
265,pltd_kup89,1,89,diesel,2.7551606349949235e-11,0.9427,-0.9426999999724484,9.190282221666816e-13
266,plts_kup89,1,89,solar,2.4528289973169275,0.0,2.4528289973169275,0.6209699625396271
267,batt_kup89,1,89,battery,0.7074827742603524,0.0,0.7074827742603524,0.21130439116701108
268,pltd_kup90,1,90,diesel,0.012070461132300113,0.3022,-0.29012953886769993,0.0037564302610721117
269,plts_kup90,1,90,solar,0.8034382553670114,0.0,0.8034382553670114,0.2006004228090813
270,batt_kup90,1,90,battery,0.354567737672228,0.0,0.354567737672228,0.09684244339188981
271,pltd_kup91,1,91,diesel,2.7006925498002583e-11,0.2862,-0.28619999997299306,9.514094640466704e-13
272,plts_kup91,1,91,solar,0.7446668019099274,0.0,0.7446668019099274,0.18852342197186642
273,batt_kup91,1,91,battery,0.21478888347178057,0.0,0.21478888347178057,0.06415098124668073
274,pltd_kup92,1,92,diesel,0.009633955761364166,0.2412,-0.23156604423863583,0.0029981442273199414
275,plts_kup92,1,92,solar,0.6412769255013382,0.0,0.6412769255013382,0.16011231725536584
276,batt_kup92,1,92,battery,0.2830033831107964,0.0,0.2830033831107964,0.07729628690483181
277,pltd_kup93,1,93,diesel,2.5915382169307156e-11,1.0783,-1.0782999999740845,8.967570813259544e-13
278,plts_kup93,1,93,solar,2.805525943968654,0.0,2.805525943968654,0.7102604144993749
279,batt_kup93,1,93,battery,0.8092140600384066,0.0,0.8092140600384066,0.2416885419030587
280,pltd_kup94,1,94,diesel,0.0063241925291241275,0.1583,-0.15197580747087586,0.0019681331390884395
281,plts_kup94,1,94,solar,0.42096568906465065,0.0,0.42096568906465065,0.10510560500901382
282,batt_kup94,1,94,battery,0.1857774488670981,0.0,0.1857774488670981,0.050741102228135444
283,pltd_kup95,1,95,diesel,2.7182573653271274e-11,0.053,-0.05299999997281742,8.052948598352002e-13
284,plts_kup95,1,95,solar,0.1344762638340124,0.0,0.1344762638340124,0.03490390597337603
285,batt_kup95,1,95,battery,0.03976913213778916,0.0,0.03976913213778916,0.011877074795873391
286,pltd_kup96,1,96,diesel,0.0021653620370905512,0.0542,-0.05203463796290945,0.0006738439943623002
287,plts_kup96,1,96,solar,0.14157345403918242,0.0,0.14157345403918242,0.03598959225915431
288,batt_kup96,1,96,battery,0.06360923134663678,0.0,0.06360923134663678,0.017374774964831616
289,pltd_kup97,1,97,diesel,2.8779999849071775e-11,0.101,-0.10099999997122,8.784312193044586e-13
290,plts_kup97,1,97,solar,0.25790152789826176,0.0,0.25790152789826176,0.06656108321067848
291,batt_kup97,1,97,battery,0.07583385121222194,0.0,0.07583385121222194,0.022648403281013123
292,pltd_kup98,1,98,diesel,0.002091436165052223,0.0524,-0.05030856383494778,0.0006509407764105118
293,plts_kup98,1,98,solar,0.13639461563189828,0.0,0.13639461563189828,0.03476264823138625
294,batt_kup98,1,98,battery,0.061441051707715376,0.0,0.061441051707715376,0.016782348714970644
295,pltd_kup99,1,99,diesel,2.726658654034186e-11,0.0558,-0.05579999997273342,8.160683334237322e-13
296,plts_kup99,1,99,solar,0.1417818402751804,0.0,0.1417818402751804,0.03673102437063587
297,batt_kup99,1,99,battery,0.041850232143691886,0.0,0.041850232143691886,0.012498905464169804
298,pltd_kup100,1,100,diesel,0.008981885496084328,0.2249,-0.21591811450391565,0.0027952488549486394
299,plts_kup100,1,100,solar,0.5870003416887758,0.0,0.5870003416887758,0.1492741489083991
300,batt_kup100,1,100,battery,0.26381572466810527,0.0,0.26381572466810527,0.07206179487887122
301,pltd_kup101,1,101,diesel,2.9044766430080057e-11,0.1201,-0.12009999997095523,9.004836412810217e-13
302,plts_kup101,1,101,solar,0.3078370575953882,0.0,0.3078370575953882,0.07914367615923999
303,batt_kup101,1,101,battery,0.09017548400625817,0.0,0.09017548400625817,0.026932206424787594
304,pltd_kup102,1,102,diesel,0.005856718879810465,0.1466,-0.14074328112018955,0.0018226654218113656
305,plts_kup102,1,102,solar,0.3869937264135119,0.0,0.3869937264135119,0.09733537218634035
306,batt_kup102,1,102,battery,0.17202202029444244,0.0,0.17202202029444244,0.04699072069038844
307,pltd_kup103,1,103,diesel,2.780711113123223e-11,0.1784,-0.17839999997219289,9.260359566452724e-13
308,plts_kup103,1,103,solar,0.45975256818111515,0.0,0.45975256818111515,0.11749767654254954
309,batt_kup103,1,103,battery,0.13388784998909328,0.0,0.13388784998909328,0.03998493087045962
310,pltd_kup104,1,104,diesel,0.008366991026398771,0.2095,-0.20113300897360123,0.0026039009465111387
311,plts_kup104,1,104,solar,0.5508644388733062,0.0,0.5508644388733062,0.13905047117422223
312,batt_kup104,1,104,battery,0.24577721926071405,0.0,0.24577721926071405,0.0671297535153036
313,pltd_kup105,1,105,diesel,2.9066519944889082e-11,0.1201,-0.12009999997093349,8.924323409577534e-13
314,plts_kup105,1,105,solar,0.3069617167993494,0.0,0.3069617167993494,0.07914381665738222
315,batt_kup105,1,105,battery,0.09017943901962579,0.0,0.09017943901962579,0.026932980628048026
316,pltd_kup106,1,106,diesel,0.003137490176169551,0.0786,-0.07546250982383046,0.000976467431868998
317,plts_kup106,1,106,solar,0.20568324334785784,0.0,0.20568324334785784,0.05214385369205218
318,batt_kup106,1,106,battery,0.09216136602134084,0.0,0.09216136602134084,0.025173352865164488
319,pltd_kup107,1,107,diesel,2.814543959942094e-11,0.0801,-0.08009999997185456,8.658440569565761e-13
320,plts_kup107,1,107,solar,0.20449302888897133,0.0,0.20449302888897133,0.05276214615266605
321,batt_kup107,1,107,battery,0.06012911518156512,0.0,0.06012911518156512,0.01795466861752609
322,pltd_kup108,1,108,diesel,0.004552301406609502,0.114,-0.1094476985933905,0.0014167195949249564
323,plts_kup108,1,108,solar,0.303030169193048,0.0,0.303030169193048,0.07565973211857596
324,batt_kup108,1,108,battery,0.13373127723906883,0.0,0.13373127723906883,0.03652572366630718
325,pltd_kup109,1,109,diesel,2.8887905394060122e-11,0.1325,-0.13249999997111211,8.905299154464918e-13
326,plts_kup109,1,109,solar,0.3356021881817511,0.0,0.3356021881817511,0.0872611331167021
327,batt_kup109,1,109,battery,0.09942066688107273,0.0,0.09942066688107273,0.029693900284060656
328,pltd_kup110,1,110,diesel,0.0036666636045741617,0.0918,-0.08813333639542585,0.0011411046401561635
329,plts_kup110,1,110,solar,0.24114011654909423,0.0,0.24114011654909423,0.06093702650280404
330,batt_kup110,1,110,battery,0.10770195216062542,0.0,0.10770195216062542,0.02941934942869466
331,pltd_kup111,1,111,diesel,2.809200944864081e-11,0.1593,-0.159299999971908,9.289924456754217e-13
332,plts_kup111,1,111,solar,0.41356663797899884,0.0,0.41356663797899884,0.10491590069538241
333,batt_kup111,1,111,battery,0.11954560893908917,0.0,0.11954560893908917,0.035702235879330496
334,pltd_kup112,1,112,diesel,0.007050162964821148,0.1765,-0.16944983703517885,0.002194048033317011
335,plts_kup112,1,112,solar,0.4779446455735827,0.0,0.4779446455735827,0.11717017080386322
336,batt_kup112,1,112,battery,0.20710011083746438,0.0,0.20710011083746438,0.056564530890053276
337,pltd_kup113,1,113,diesel,2.6883239163177122e-11,0.2535,-0.2534999999731168,9.304326875985648e-13
338,plts_kup113,1,113,solar,0.6522254503255647,0.0,0.6522254503255647,0.16701250127258335
339,batt_kup113,1,113,battery,0.1902991261063255,0.0,0.1902991261063255,0.0568296614766015
340,pltd_kup114,1,114,diesel,0.005069284668157342,0.1269,-0.12183071533184267,0.0015776408387966226
341,plts_kup114,1,114,solar,0.33509184329067754,0.0,0.33509184329067754,0.08424789632733067
342,batt_kup114,1,114,battery,0.14891120733054608,0.0,0.14891120733054608,0.04067093709794615
343,pltd_kup115,1,115,diesel,2.8980602111716233e-11,0.1279,-0.12789999997101942,9.088975611632783e-13
344,plts_kup115,1,115,solar,0.32829230622329425,0.0,0.32829230622329425,0.0842169566320819
345,batt_kup115,1,115,battery,0.09594917909275608,0.0,0.09594917909275608,0.028656969447023336
346,pltd_kup116,1,116,diesel,0.005229613694899734,0.1309,-0.12567038630510025,0.0016274243765449705
347,plts_kup116,1,116,solar,0.34623572049493573,0.0,0.34623572049493573,0.08690624964692802
348,batt_kup116,1,116,battery,0.15359998260903263,0.0,0.15359998260903263,0.041954824822619245
349,pltd_kup117,1,117,diesel,2.75915104276497e-11,0.1922,-0.1921999999724085,9.421364687823182e-13
350,plts_kup117,1,117,solar,0.49990845086539437,0.0,0.49990845086539437,0.12662921016447035
351,batt_kup117,1,117,battery,0.1443004684210657,0.0,0.1443004684210657,0.04308776726635008
352,pltd_kup118,1,118,diesel,0.005462878644438237,0.1368,-0.13133712135556178,0.0017001191928784892
353,plts_kup118,1,118,solar,0.3616761287528477,0.0,0.3616761287528477,0.09079170628895578
354,batt_kup118,1,118,battery,0.16047797518141005,0.0,0.16047797518141005,0.04383101952507236
355,pltd_kup119,1,119,diesel,2.9052263555059065e-11,0.1152,-0.11519999997094774,9.154145419490998e-13
356,plts_kup119,1,119,solar,0.29849562325801143,0.0,0.29849562325801143,0.07589621355877865
357,batt_kup119,1,119,battery,0.08647758730659265,0.0,0.08647758730659265,0.02582550205356045
358,pltd_kup120,1,120,diesel,0.005536824983489461,0.1386,-0.13306317501651055,0.0017230875553858834
359,plts_kup120,1,120,solar,0.3627090790351535,0.0,0.3627090790351535,0.09201855151576163
360,batt_kup120,1,120,battery,0.1626471558541437,0.0,0.1626471558541437,0.044422951731186745
361,pltd_kup121,1,121,diesel,2.760714936215275e-11,0.1913,-0.19129999997239286,9.017517028944363e-13
362,plts_kup121,1,121,solar,0.48596681067011616,0.0,0.48596681067011616,0.12602052456921933
363,batt_kup121,1,121,battery,0.14357662103628438,0.0,0.14357662103628438,0.042882748933912196
364,pltd_kup122,1,122,diesel,0.005721149706115064,0.1433,-0.13757885029388495,0.0017805496580395395
365,plts_kup122,1,122,solar,0.3741962921334823,0.0,0.3741962921334823,0.09508570853431675
366,batt_kup122,1,122,battery,0.16804696393964993,0.0,0.16804696393964993,0.045902962148640765
367,pltd_kup123,1,123,diesel,2.8914120069321258e-11,0.134,-0.1339999999710859,9.356303510371117e-13
368,plts_kup123,1,123,solar,0.34984834254697894,0.0,0.34984834254697894,0.08827541306319928
369,batt_kup123,1,123,battery,0.10059071551221242,0.0,0.10059071551221242,0.030039557406176972
370,pltd_kup124,1,124,diesel,0.0055982016335978995,0.1402,-0.1346017983664021,0.0017422091089197792
371,plts_kup124,1,124,solar,0.37463420363847616,0.0,0.37463420363847616,0.0930410834974704
372,batt_kup124,1,124,battery,0.1644630855843772,0.0,0.1644630855843772,0.04491713435731332
373,pltd_kup125,1,125,diesel,2.7532036713301436e-11,0.1953,-0.19529999997246797,9.339450516372995e-13
374,plts_kup125,1,125,solar,0.5056486217024619,0.0,0.5056486217024619,0.1286580443434682
375,batt_kup125,1,125,battery,0.1465752751914773,0.0,0.1465752751914773,0.04377781569013572
376,pltd_kup126,1,126,diesel,0.005980051640049287,0.1497,-0.14371994835995072,0.0018610183520964183
377,plts_kup126,1,126,solar,0.39920703478094816,0.0,0.39920703478094816,0.09937977344490545
378,batt_kup126,1,126,battery,0.17565656829567558,0.0,0.17565656829567558,0.047975730751890454
379,pltd_kup127,1,127,diesel,2.6893143606759787e-11,0.2585,-0.25849999997310685,9.62521554094824e-13
380,plts_kup127,1,127,solar,0.676819807075018,0.0,0.676819807075018,0.17025916629995966
381,batt_kup127,1,127,battery,0.19399090571164168,0.0,0.19399090571164168,0.057935365304698755
382,pltd_kup128,1,128,diesel,0.008920262740397575,0.2234,-0.2144797372596024,0.0027761644845992342
383,plts_kup128,1,128,solar,0.5837049994840063,0.0,0.5837049994840063,0.14825232030343427
384,batt_kup128,1,128,battery,0.2620764436680141,0.0,0.2620764436680141,0.07157200163012979
385,pltd_kup129,1,129,diesel,2.7580539508533894e-11,0.1944,-0.19439999997241944,9.66516040524855e-13
386,plts_kup129,1,129,solar,0.5126575053862499,0.0,0.5126575053862499,0.12804995119106385
387,batt_kup129,1,129,battery,0.14592015504129235,0.0,0.14592015504129235,0.04357359329842131
388,pltd_kup130,1,130,diesel,0.0062258196216779796,0.1559,-0.14967418037832203,0.0019375039829791004
389,plts_kup130,1,130,solar,0.41001538943636356,0.0,0.41001538943636356,0.10346980070434318
390,batt_kup130,1,130,battery,0.1828750416149,0.0,0.1828750416149,0.04995120901190822
391,pltd_kup131,1,131,diesel,2.7772286746830032e-11,0.1805,-0.1804999999722277,9.17669383509573e-13
392,plts_kup131,1,131,solar,0.4628790920528828,0.0,0.4628790920528828,0.11891882299391214
393,batt_kup131,1,131,battery,0.13551917536486244,0.0,0.13551917536486244,0.04046836221177214
394,pltd_kup132,1,132,diesel,0.00588141207575095,0.1473,-0.14141858792424905,0.0018303262023638637
395,plts_kup132,1,132,solar,0.39994957978100587,0.0,0.39994957978100587,0.09774443236062964
396,batt_kup132,1,132,battery,0.17275313947097976,0.0,0.17275313947097976,0.0471890844205062
397,pltd_kup133,1,133,diesel,2.9012109404711383e-11,0.1226,-0.12259999997098789,8.784017858715719e-13
398,plts_kup133,1,133,solar,0.3091083221470536,0.0,0.3091083221470536,0.08076703713682397
399,batt_kup133,1,133,battery,0.0920180903866825,0.0,0.0920180903866825,0.02748290081154879
400,pltd_kup134,1,134,diesel,0.007653200552858075,0.1916,-0.18394679944714193,0.0023817989553373284
401,plts_kup134,1,134,solar,0.4967285641859342,0.0,0.4967285641859342,0.12719043666487975
402,batt_kup134,1,134,battery,0.22481598235402034,0.0,0.22481598235402034,0.061405089090226836
403,pltd_kup135,1,135,diesel,2.6974949128457988e-11,0.2844,-0.28439999997302506,8.900689559125707e-13
404,plts_kup135,1,135,solar,0.7125397784830552,0.0,0.7125397784830552,0.1873050465536113
405,batt_kup135,1,135,battery,0.21343049006520465,0.0,0.21343049006520465,0.06373417653536452
406,pltd_kup136,1,136,diesel,0.005536824978199872,0.1386,-0.13306317502180012,0.0017230875524707641
407,plts_kup136,1,136,solar,0.3561570214157925,0.0,0.3561570214157925,0.09201842475493183
408,batt_kup136,1,136,battery,0.16265850601491788,0.0,0.16265850601491788,0.044422253209699315
409,pltd_kup137,1,137,diesel,2.7618642134667468e-11,0.0613,-0.06129999997238136,8.636832010526511e-13
410,plts_kup137,1,137,solar,0.15951362182590756,0.0,0.15951362182590756,0.04038323416653433
411,batt_kup137,1,137,battery,0.04600885603856496,0.0,0.04600885603856496,0.013741580443933369
412,pltd_kup138,1,138,diesel,0.0023623848465162394,0.0591,-0.05673761515348376,0.0007351664494246644
413,plts_kup138,1,138,solar,0.1655078941884441,0.0,0.1655078941884441,0.039261441502648174
414,batt_kup138,1,138,battery,0.06939854230247017,0.0,0.06939854230247017,0.018954659355831977
415,pltd_kup139,1,139,diesel,2.7351625146228177e-11,0.2061,-0.20609999997264838,9.51895816884566e-13
416,plts_kup139,1,139,solar,0.5395391738171063,0.0,0.5395391738171063,0.13576143670360552
417,batt_kup139,1,139,battery,0.1547053292309951,0.0,0.1547053292309951,0.0461984335080908
418,pltd_kup140,1,140,diesel,0.0015871817003199622,0.0397,-0.03811281829968004,0.0004939740706991784
419,plts_kup140,1,140,solar,0.10864558801241649,0.0,0.10864558801241649,0.02637876006928773
420,batt_kup140,1,140,battery,0.046624700161388234,0.0,0.046624700161388234,0.012735003505929033
421,pltd_kup141,1,141,diesel,2.843433368814454e-11,0.0887,-0.08869999997156566,1.1112954783411391e-12
422,plts_kup141,1,141,solar,0.25400923840096923,0.0,0.25400923840096923,0.05844427443754106
423,batt_kup141,1,141,battery,0.0665997818299315,0.0,0.0665997818299315,0.019888429688664572
424,pltd_kup142,1,142,diesel,0.005920571439845518,0.1217,-0.11577942856015448,0.0022919980832561545
425,plts_kup142,1,142,solar,0.3585227159751634,0.0,0.3585227159751634,0.07986053754892208
426,batt_kup142,1,142,battery,0.14009841396646214,0.0,0.14009841396646214,0.03826716917664152
427,pltd_kup143,1,143,diesel,2.8118667284128412e-11,0.1577,-0.15769999997188133,9.371877734842819e-13
428,plts_kup143,1,143,solar,0.41071050256708325,0.0,0.41071050256708325,0.10390154293911992
429,batt_kup143,1,143,battery,0.11839816694597129,0.0,0.11839816694597129,0.03535676715994236
430,pltd_kup144,1,144,diesel,0.00472484116052191,0.1183,-0.1135751588394781,0.001470354281200933
431,plts_kup144,1,144,solar,0.3246652489404192,0.0,0.3246652489404192,0.07852258247194943
432,batt_kup144,1,144,battery,0.1387976466956511,0.0,0.1387976466956511,0.03790816619745816
433,pltd_kup145,1,145,diesel,2.907722948112525e-11,0.1205,-0.12049999997092277,9.200999439427711e-13
434,plts_kup145,1,145,solar,0.31291734085094886,0.0,0.31291734085094886,0.07934582428459362
435,batt_kup145,1,145,battery,0.09040520839120036,0.0,0.09040520839120036,0.02699910357396269
436,pltd_kup146,1,146,diesel,0.0042327768417539215,0.106,-0.10176722315824607,0.0013172505224443734
437,plts_kup146,1,146,solar,0.2870254617446538,0.0,0.2870254617446538,0.07034330494240797
438,batt_kup146,1,146,battery,0.12433303511523648,0.0,0.12433303511523648,0.03396052966068073
439,pltd_kup147,1,147,diesel,2.6956772926269665e-11,0.0462,-0.04619999997304323,8.927590160847102e-13
440,plts_kup147,1,147,solar,0.12584917373978854,0.0,0.12584917373978854,0.030439794067862604
441,batt_kup147,1,147,battery,0.03468267284722625,0.0,0.03468267284722625,0.010358448567026085
442,pltd_kup148,1,148,diesel,0.0017593419065509129,0.0441,-0.042340658093449085,0.0005475268915796842
443,plts_kup148,1,148,solar,0.12109290450946918,0.0,0.12109290450946918,0.029241649171253412
444,batt_kup148,1,148,battery,0.05168440958267062,0.0,0.05168440958267062,0.014117324164068686
445,pltd_kup149,1,149,diesel,2.8397580851019957e-11,0.0872,-0.08719999997160242,1.1194672767480787e-12
446,plts_kup149,1,149,solar,0.2504941872612148,0.0,0.2504941872612148,0.05742929934798664
447,batt_kup149,1,149,battery,0.06544520127102973,0.0,0.06544520127102973,0.019541719288982226
448,pltd_kup150,1,150,diesel,0.008154193810200131,0.1676,-0.15944580618979987,0.003156696900007234
449,plts_kup150,1,150,solar,0.4773577225754949,0.0,0.4773577225754949,0.10998508837416174
450,batt_kup150,1,150,battery,0.19296310916893908,0.0,0.19296310916893908,0.052702453079018795
451,pltd_kup151,1,151,diesel,2.8800868129549102e-11,0.1001,-0.10009999997119913,1.0620322640461374e-12
452,plts_kup151,1,151,solar,0.280691553788548,0.0,0.280691553788548,0.06595263479734031
453,batt_kup151,1,151,battery,0.07515912202146516,0.0,0.07515912202146516,0.02244222325436821
454,pltd_kup152,1,152,diesel,0.005980051638141809,0.1497,-0.1437199483618582,0.00186101835099961
455,plts_kup152,1,152,solar,0.39803346578446785,0.0,0.39803346578446785,0.09937999648351258
456,batt_kup152,1,152,battery,0.17565740551769846,0.0,0.17565740551769846,0.04797695978126437
457,pltd_kup153,1,153,diesel,2.768034616591711e-11,0.0625,-0.062499999972319656,8.664384042147111e-13
458,plts_kup153,1,153,solar,0.16271976573952435,0.0,0.16271976573952435,0.04119491694919331
459,batt_kup153,1,153,battery,0.04693436744764631,0.0,0.04693436744764631,0.0140178660275499
460,pltd_kup154,1,154,diesel,0.004072570881512982,0.102,-0.09792742911848701,0.0012674449024599552
461,plts_kup154,1,154,solar,0.2800216149544929,0.0,0.2800216149544929,0.06768498495271061
462,batt_kup154,1,154,battery,0.11963350935471259,0.0,0.11963350935471259,0.032677128217762516
463,pltd_kup155,1,155,diesel,2.9092779679053847e-11,0.1248,-0.12479999997090721,1.0934564227704231e-12
464,plts_kup155,1,155,solar,0.35033745855675064,0.0,0.35033745855675064,0.08218748615733247
465,batt_kup155,1,155,battery,0.09366099255980666,0.0,0.09366099255980666,0.027968043519488766
466,pltd_kup156,1,156,diesel,0.0038821389702810853,0.0798,-0.07591786102971891,0.001502869814120597
467,plts_kup156,1,156,solar,0.228665500481253,0.0,0.228665500481253,0.052364130682046324
468,batt_kup156,1,156,battery,0.09187591044251739,0.0,0.09187591044251739,0.025091172562454096
469,pltd_kup157,1,157,diesel,2.8105308941293822e-11,0.1593,-0.1592999999718947,1.0157633663278292e-12
470,plts_kup157,1,157,solar,0.4314027877623516,0.0,0.4314027877623516,0.10491577749458796
471,batt_kup157,1,157,battery,0.11953157259836668,0.0,0.11953157259836668,0.035701556992076416
472,pltd_kup158,1,158,diesel,0.0033220303456482905,0.0832,-0.0798779696543517,0.0010338331524257112
473,plts_kup158,1,158,solar,0.21927309916211374,0.0,0.21927309916211374,0.055211375496647036
474,batt_kup158,1,158,battery,0.09759471487157136,0.0,0.09759471487157136,0.026654996592416703
475,pltd_kup159,1,159,diesel,2.801956428871866e-11,0.0721,-0.07209999997198044,9.69414370925248e-13
476,plts_kup159,1,159,solar,0.1965249549807294,0.0,0.1965249549807294,0.047486089041763775
477,batt_kup159,1,159,battery,0.05410619849359723,0.0,0.05410619849359723,0.016159236496561494
478,pltd_kup160,1,160,diesel,0.007013412852638165,0.1756,-0.16858658714736185,0.0021825732568529492
479,plts_kup160,1,160,solar,0.4432046364258192,0.0,0.4432046364258192,0.11655731213376751
480,batt_kup160,1,160,battery,0.2060121527777114,0.0,0.2060121527777114,0.05627128058510414
481,pltd_kup161,1,161,diesel,2.7991675594708677e-11,0.1651,-0.16509999997200833,9.262477240468443e-13
482,plts_kup161,1,161,solar,0.42709469917359977,0.0,0.42709469917359977,0.1087711112821885
483,batt_kup161,1,161,battery,0.12393138925980057,0.0,0.12393138925980057,0.03701126063370174
484,pltd_kup162,1,162,diesel,0.004650997410691966,0.1165,-0.11184900258930804,0.0014473476780428203
485,plts_kup162,1,162,solar,0.3162427567606226,0.0,0.3162427567606226,0.07729595597051812
486,batt_kup162,1,162,battery,0.13662142228074778,0.0,0.13662142228074778,0.03731738282920901
487,pltd_kup163,1,163,diesel,2.8713754304330636e-11,0.0989,-0.09889999997128625,9.615187658488805e-13
488,plts_kup163,1,163,solar,0.2644846432060519,0.0,0.2644846432060519,0.06514087491963866
489,batt_kup163,1,163,battery,0.0742285797922867,0.0,0.0742285797922867,0.022165512844394664
490,pltd_kup164,1,164,diesel,0.0035190068978446904,0.0881,-0.0845809931021553,0.0010951017160774276
491,plts_kup164,1,164,solar,0.2454569261495851,0.0,0.2454569261495851,0.05848288880531339
492,batt_kup164,1,164,battery,0.10337501220873832,0.0,0.10337501220873832,0.028233581482616198
493,pltd_kup165,1,165,diesel,2.8767969691055433e-11,0.0998,-0.09979999997123203,9.896113898564448e-13
494,plts_kup165,1,165,solar,0.2711603521990407,0.0,0.2711603521990407,0.06574944370296334
495,batt_kup165,1,165,battery,0.07492488419624034,0.0,0.07492488419624034,0.022372973327668313
496,pltd_kup166,1,166,diesel,0.003875840552276446,0.097,-0.09312415944772355,0.0012062442238881257
497,plts_kup166,1,166,solar,0.2641070225907735,0.0,0.2641070225907735,0.06441290850753882
498,batt_kup166,1,166,battery,0.11384288845261166,0.0,0.11384288845261166,0.03109662431701288
499,pltd_kup167,1,167,diesel,2.7414424723108916e-11,0.0582,-0.05819999997258558,8.371412938532323e-13
500,plts_kup167,1,167,solar,0.14961331063542532,0.0,0.14961331063542532,0.03835355171706468
501,batt_kup167,1,167,battery,0.04370135782593173,0.0,0.04370135782593173,0.013050869279526443
502,pltd_kup168,1,168,diesel,0.004269680768355285,0.1069,-0.10263031923164471,0.0013288184560013869
503,plts_kup168,1,168,solar,0.29805782697811456,0.0,0.29805782697811456,0.07095655255520947
504,batt_kup168,1,168,battery,0.12539759251318955,0.0,0.12539759251318955,0.034255703650630895
505,pltd_kup169,1,169,diesel,2.6902235380304258e-11,0.3466,-0.34659999997309776,9.47850776903519e-13
506,plts_kup169,1,169,solar,0.9009397900629879,0.0,0.9009397900629879,0.2282981428016446
507,batt_kup169,1,169,battery,0.26012850833515255,0.0,0.26012850833515255,0.07768602390244009
508,pltd_kup170,1,170,diesel,0.01021234642550976,0.2557,-0.24548765357449023,0.003178246262851139
509,plts_kup170,1,170,solar,0.6885871216236222,0.0,0.6885871216236222,0.16972269826879546
510,batt_kup170,1,170,battery,0.299968572619027,0.0,0.299968572619027,0.08193392547742744
511,pltd_kup171,1,171,diesel,2.706204121075098e-11,0.2255,-0.22549999997293796,9.765123222536864e-13
512,plts_kup171,1,171,solar,0.5935322703681458,0.0,0.5935322703681458,0.148546407672544
513,batt_kup171,1,171,battery,0.16926803816364352,0.0,0.16926803816364352,0.050549474868351686
514,pltd_kup172,1,172,diesel,0.003839003334679336,0.0961,-0.09226099666532067,0.001194662313326457
515,plts_kup172,1,172,solar,0.259028598634745,0.0,0.259028598634745,0.06379949325999872
516,batt_kup172,1,172,battery,0.11277431447825219,0.0,0.11277431447825219,0.03079990955005352
517,pltd_kup173,1,173,diesel,2.7758498361285158e-11,0.1827,-0.1826999999722415,9.198693684232104e-13
518,plts_kup173,1,173,solar,0.4696659968650906,0.0,0.4696659968650906,0.12033894891486112
519,batt_kup173,1,173,battery,0.13712738165394212,0.0,0.13712738165394212,0.04095141592196182
520,pltd_kup174,1,174,diesel,0.0072348671463122426,0.1811,-0.17386513285368776,0.002251556959037312
521,plts_kup174,1,174,solar,0.4815720059897313,0.0,0.4815720059897313,0.12023755309091368
522,batt_kup174,1,174,battery,0.21252388707523268,0.0,0.21252388707523268,0.05804623351037965
523,pltd_kup175,1,175,diesel,2.8371635265380965e-11,0.1506,-0.15059999997162837,9.196873236939442e-13
524,plts_kup175,1,175,solar,0.3892598447255931,0.0,0.3892598447255931,0.09923354510377597
525,batt_kup175,1,175,battery,0.1130590675250231,0.0,0.1130590675250231,0.03376660508800604
526,pltd_kup176,1,176,diesel,0.003875840552720321,0.097,-0.09312415944727968,0.001206244217601415
527,plts_kup176,1,176,solar,0.255834494282004,0.0,0.255834494282004,0.06441300262753444
528,batt_kup176,1,176,battery,0.11384525578491717,0.0,0.11384525578491717,0.031097142922858027
529,pltd_kup177,1,177,diesel,2.7178246759690932e-11,0.3189,-0.31889999997282176,9.364882044514916e-13
530,plts_kup177,1,177,solar,0.8236935860743114,0.0,0.8236935860743114,0.2100339569902217
531,batt_kup177,1,177,battery,0.23933693311675563,0.0,0.23933693311675563,0.07147079292072715
532,pltd_kup178,1,178,diesel,0.004847927751513883,0.1214,-0.11655207224848611,0.0015087163631548135
533,plts_kup178,1,178,solar,0.3307106710732456,0.0,0.3307106710732456,0.08056734764784526
534,batt_kup178,1,178,battery,0.14239365171774962,0.0,0.14239365171774962,0.038894807722563984
535,pltd_kup179,1,179,diesel,2.8909697122939234e-11,0.1041,-0.1040999999710903,9.77057792709787e-13
536,plts_kup179,1,179,solar,0.28008540482791355,0.0,0.28008540482791355,0.06859112309547573
537,batt_kup179,1,179,battery,0.07816498669369251,0.0,0.07816498669369251,0.023342009813418017
538,pltd_kup180,1,180,diesel,0.005315211675418016,0.1331,-0.12778478832458198,0.0016541361684887738
539,plts_kup180,1,180,solar,0.3623353029474157,0.0,0.3623353029474157,0.08833771505468908
540,batt_kup180,1,180,battery,0.1561371749856502,0.0,0.1561371749856502,0.04264539685003598
541,pltd_kup181,1,181,diesel,2.9065476981025177e-11,0.1254,-0.12539999997093454,9.734899861461052e-13
542,plts_kup181,1,181,solar,0.3346221947986432,0.0,0.3346221947986432,0.08259332400420069
543,batt_kup181,1,181,battery,0.09411817462159933,0.0,0.09411817462159933,0.028105395320873337
544,pltd_kup182,1,182,diesel,0.008834341671343435,0.2212,-0.21236565832865656,0.002749278781987867
545,plts_kup182,1,182,solar,0.6133729390588971,0.0,0.6133729390588971,0.14682072552542086
546,batt_kup182,1,182,battery,0.2594865119915355,0.0,0.2594865119915355,0.07087956553322647
547,pltd_kup183,1,183,diesel,2.8073273543829696e-11,0.1593,-0.15929999997192673,9.36042338447295e-13
548,plts_kup183,1,183,solar,0.4144255358735842,0.0,0.4144255358735842,0.10491563712102017
549,batt_kup183,1,183,battery,0.11953799820045252,0.0,0.11953799820045252,0.03570078347475822
550,pltd_kup184,1,184,diesel,0.003592753215986995,0.09,-0.086407246784013,0.0011180560552721832
551,plts_kup184,1,184,solar,0.24557437112679653,0.0,0.24557437112679653,0.059709900945584836
552,batt_kup184,1,184,battery,0.10553760713512456,0.0,0.10553760713512456,0.02882535328109513
553,pltd_kup185,1,185,diesel,2.759978545446581e-11,0.1947,-0.19469999997240023,1.0284765026484355e-12
554,plts_kup185,1,185,solar,0.528725963735567,0.0,0.528725963735567,0.1282528455326629
555,batt_kup185,1,185,battery,0.1461346623684175,0.0,0.1461346623684175,0.043643985243599144
556,pltd_kup186,1,186,diesel,0.005426074153680374,0.1115,-0.10607392584631962,0.0021004817174677315
557,plts_kup186,1,186,solar,0.3154109709213678,0.0,0.3154109709213678,0.07318825580456925
558,batt_kup186,1,186,battery,0.12839571268731195,0.0,0.12839571268731195,0.03506798596546596
559,pltd_kup187,1,187,diesel,2.7953698893270838e-11,0.0687,-0.0686999999720463,9.530309246957094e-13
560,plts_kup187,1,187,solar,0.18672536944820584,0.0,0.18672536944820584,0.045254163017999414
561,batt_kup187,1,187,battery,0.051568348279832754,0.0,0.051568348279832754,0.015400176469681668
562,pltd_kup188,1,188,diesel,0.042818003580835706,1.0721,-1.0292819964191644,0.013325487313557179
563,plts_kup188,1,188,solar,2.850118166149039,0.0,2.850118166149039,0.711610031964592
564,batt_kup188,1,188,battery,1.2577922880727104,0.0,1.2577922880727104,0.34353888341347033
565,pltd_kup189,1,189,diesel,2.703727644198002e-11,0.9883,-0.9882999999729627,9.122082166105838e-13
566,plts_kup189,1,189,solar,2.571465532644928,0.0,2.571465532644928,0.651004557278612
567,batt_kup189,1,189,battery,0.7417033802114814,0.0,0.7417033802114814,0.22152499484304283
568,pltd_kup190,1,190,diesel,0.12574800899761077,3.1485,-3.022751991002389,0.0391340539319187
569,plts_kup190,1,190,solar,8.370174621677094,0.0,8.370174621677094,2.089843320689407
570,batt_kup190,1,190,battery,3.693862735764138,0.0,3.693862735764138,1.008898741411654
571,pltd_kup191,1,191,diesel,2.6527161490096054e-11,0.5887,-0.5886999999734729,9.35831978137592e-13
572,plts_kup191,1,191,solar,1.5318165417242413,0.0,1.5318165417242413,0.38780202842201217
573,batt_kup191,1,191,battery,0.4418299879117145,0.0,0.4418299879117145,0.13196171937294984
574,pltd_kup192,1,192,diesel,0.007246847092420249,0.1815,-0.17425315290757976,0.0022553558532463053
575,plts_kup192,1,192,solar,0.48239099540200225,0.0,0.48239099540200225,0.12044207402830537
576,batt_kup192,1,192,battery,0.21288562664005442,0.0,0.21288562664005442,0.0581449792490442
577,pltd_kup193,1,193,diesel,2.8715733139810188e-11,0.1402,-0.14019999997128427,9.349339604046927e-13
578,plts_kup193,1,193,solar,0.36471961322519236,0.0,0.36471961322519236,0.09233416793792648
579,batt_kup193,1,193,battery,0.1051984733331323,0.0,0.1051984733331323,0.031419778330442454
580,pltd_kup194,1,194,diesel,0.004183523714999008,0.1047,-0.10051647628500099,0.0013019219410944794
581,plts_kup194,1,194,solar,0.278459568409253,0.0,0.278459568409253,0.0695250571638623
582,batt_kup194,1,194,battery,0.12288749737245354,0.0,0.12288749737245354,0.033564102792256176
583,pltd_kup195,1,195,diesel,2.7182085941924198e-11,0.3145,-0.3144999999728179,9.514330526547684e-13
584,plts_kup195,1,195,solar,0.8184138137944147,0.0,0.8184138137944147,0.2071935694862031
585,batt_kup195,1,195,battery,0.23606016450543957,0.0,0.23606016450543957,0.07050424652879553
586,pltd_kup196,1,196,diesel,0.002460865261496293,0.0616,-0.05913913473850371,0.000765855826563489
587,plts_kup196,1,196,solar,0.16379970736693236,0.0,0.16379970736693236,0.04089716753433935
588,batt_kup196,1,196,battery,0.07228709108266312,0.0,0.07228709108266312,0.01974364306696883
589,pltd_kup197,1,197,diesel,2.8197314323860187e-11,0.0829,-0.08289999997180268,8.559285698916916e-13
590,plts_kup197,1,197,solar,0.20957773330427015,0.0,0.20957773330427015,0.05458812537579904
591,batt_kup197,1,197,battery,0.06219290288543991,0.0,0.06219290288543991,0.018575467878278643
592,pltd_kup198,1,198,diesel,0.008145434138892509,0.2039,-0.19575456586110748,0.00253498348022626
593,plts_kup198,1,198,solar,0.5421771869228053,0.0,0.5421771869228053,0.13536940831114827
594,batt_kup198,1,198,battery,0.2392695918852917,0.0,0.2392695918852917,0.065351292272621
595,pltd_kup199,1,199,diesel,2.6912017818538367e-11,0.3453,-0.34529999997308797,9.49656108007579e-13
596,plts_kup199,1,199,solar,0.898569965416512,0.0,0.898569965416512,0.22748628558038914
597,batt_kup199,1,199,battery,0.259179525671813,0.0,0.259179525671813,0.07740939425623432
598,pltd_kup200,1,200,diesel,0.016807579772221675,0.4208,-0.4039924202277783,0.005230691701375419
599,plts_kup200,1,200,solar,1.1187529674576717,0.0,1.1187529674576717,0.2793273537689002
600,batt_kup200,1,200,battery,0.4937199157988299,0.0,0.4937199157988299,0.13484884734714556
601,pltd_kup201,1,201,diesel,2.7574036886288217e-11,0.1932,-0.19319999997242598,9.432463547401855e-13
602,plts_kup201,1,201,solar,0.5025898647739304,0.0,0.5025898647739304,0.12723806259721934
603,batt_kup201,1,201,battery,0.14496520556361783,0.0,0.14496520556361783,0.04329679077594418
604,pltd_kup202,1,202,diesel,0.0028175963307700675,0.0705,-0.06768240366922992,0.0008769525834830534
605,plts_kup202,1,202,solar,0.18755080070087932,0.0,0.18755080070087932,0.04682717959122488
606,batt_kup202,1,202,battery,0.08276879693927067,0.0,0.08276879693927067,0.02260639166594112
607,pltd_kup203,1,203,diesel,2.6082133996168014e-11,0.4439,-0.4438999999739179,9.42659736876945e-13
608,plts_kup203,1,203,solar,1.1550768919595036,0.0,1.1550768919595036,0.29242481033726997
609,batt_kup203,1,203,battery,0.33316595004399363,0.0,0.33316595004399363,0.0995068966351401
610,pltd_kup204,1,204,diesel,0.014199139737579044,0.3555,-0.34130086026242096,0.004418904487077822
611,plts_kup204,1,204,solar,0.9451250878007718,0.0,0.9451250878007718,0.23597637534074759
612,batt_kup204,1,204,battery,0.4170957566924726,0.0,0.4170957566924726,0.11392058989075853
613,pltd_kup205,1,205,diesel,2.5874208975636872e-11,0.4224,-0.4223999999741258,9.452162802511642e-13
614,plts_kup205,1,205,solar,1.0989630845450433,0.0,1.0989630845450433,0.27821876950593183
615,batt_kup205,1,205,battery,0.31698011948838517,0.0,0.31698011948838517,0.09467253738748745
616,pltd_kup206,1,206,diesel,0.011996381456343205,0.3004,-0.2884036185436568,0.003733391895881088
617,plts_kup206,1,206,solar,0.7985246972710633,0.0,0.7985246972710633,0.19937352027498775
618,batt_kup206,1,206,battery,0.35239854456660474,0.0,0.35239854456660474,0.09625011823904622
619,pltd_kup207,1,207,diesel,2.6800748949013453e-11,0.3675,-0.36749999997319927,9.458329935402866e-13
620,plts_kup207,1,207,solar,0.9562831088146614,0.0,0.9562831088146614,0.24209722198615005
621,batt_kup207,1,207,battery,0.2758263064634602,0.0,0.2758263064634602,0.0823811589086857
622,pltd_kup208,1,208,diesel,0.020400066612697262,0.5108,-0.49039993338730276,0.006348719851144116
623,plts_kup208,1,208,solar,1.3579014591620349,0.0,1.3579014591620349,0.3390372605974029
624,batt_kup208,1,208,battery,0.599259182039617,0.0,0.599259182039617,0.16367461929039273
625,pltd_kup209,1,209,diesel,2.8539386495709263e-11,0.1454,-0.1453999999714606,9.35306687550718e-13
626,plts_kup209,1,209,solar,0.3783462384533348,0.0,0.3783462384533348,0.09578394978848254
627,batt_kup209,1,209,battery,0.10912946376179308,0.0,0.10912946376179308,0.03259370565280102
628,pltd_kup210,1,210,diesel,0.012562571612910642,0.3145,-0.30193742838708937,0.0039095808550403425
629,plts_kup210,1,210,solar,0.836198392211936,0.0,0.836198392211936,0.20877980408272584
630,batt_kup210,1,210,battery,0.3690246820195488,0.0,0.3690246820195488,0.10079114112123364
631,pltd_kup211,1,211,diesel,2.9015299971868952e-11,0.1097,-0.1096999999709847,9.316876549286384e-13
632,plts_kup211,1,211,solar,0.28742962887666607,0.0,0.28742962887666607,0.07224394258378646
633,batt_kup211,1,211,battery,0.08232013362413067,0.0,0.08232013362413067,0.024583415701872495
634,pltd_kup212,1,212,diesel,0.008858978426142262,0.2218,-0.21294102157385775,0.002756919621642867
635,plts_kup212,1,212,solar,0.5912099769351093,0.0,0.5912099769351093,0.14722979626717161
636,batt_kup212,1,212,battery,0.2602161041567116,0.0,0.2602161041567116,0.07107780046613991
637,pltd_kup213,1,213,diesel,2.9017528944184937e-11,0.1266,-0.12659999997098245,8.948775784690701e-13
638,plts_kup213,1,213,solar,0.32316536964880194,0.0,0.32316536964880194,0.08340484538931732
639,batt_kup213,1,213,battery,0.09502533405736073,0.0,0.09502533405736073,0.028380174369661625
640,pltd_kup214,1,214,diesel,0.003851326821421655,0.0964,-0.09254867317857834,0.0011985252688660926
641,plts_kup214,1,214,solar,0.24574662906238887,0.0,0.24574662906238887,0.0640039772560922
642,batt_kup214,1,214,battery,0.11311778001741746,0.0,0.11311778001741746,0.030898881877546625
643,pltd_kup215,1,215,diesel,2.9092428592513123e-11,0.1183,-0.11829999997090758,9.43771218441074e-13
644,plts_kup215,1,215,solar,0.31170202540545255,0.0,0.31170202540545255,0.07792575571268852
645,batt_kup215,1,215,battery,0.0887862142933054,0.0,0.0887862142933054,0.026516983047690824
646,pltd_kup216,1,216,diesel,0.0042327768346548935,0.106,-0.1017672231653451,0.0013172505188682212
647,plts_kup216,1,216,solar,0.28313966951339997,0.0,0.28313966951339997,0.07034330510146802
648,batt_kup216,1,216,battery,0.12433392370306197,0.0,0.12433392370306197,0.03396053051753817
649,pltd_kup217,1,217,diesel,2.8200876542459648e-11,0.1562,-0.15619999997179912,9.357655825371242e-13
650,plts_kup217,1,217,solar,0.40639984466530715,0.0,0.40639984466530715,0.10288613539442026
651,batt_kup217,1,217,battery,0.11722034415576578,0.0,0.11722034415576578,0.03501014241882367
652,pltd_kup218,1,218,diesel,0.00257121287912291,0.0644,-0.06182878712087709,0.0008002553238199392
653,plts_kup218,1,218,solar,0.16836350420201443,0.0,0.16836350420201443,0.04273772590933024
654,batt_kup218,1,218,battery,0.07554580416435928,0.0,0.07554580416435928,0.020633177904603187
655,pltd_kup219,1,219,diesel,2.8259379312641648e-11,0.0838,-0.08379999997174062,9.011088193698223e-13
656,plts_kup219,1,219,solar,0.218722153054057,0.0,0.218722153054057,0.055197597433036774
657,batt_kup219,1,219,battery,0.06289986856947201,0.0,0.06289986856947201,0.018783894193937153
658,pltd_kup220,1,220,diesel,0.006324192563953612,0.1583,-0.15197580743604638,0.00196813315038995
659,plts_kup220,1,220,solar,0.4129090333940094,0.0,0.4129090333940094,0.10510538368610327
660,batt_kup220,1,220,battery,0.1857787257881526,0.0,0.1857787257881526,0.0507398827094376
661,pltd_kup221,1,221,diesel,2.8860882425889574e-11,0.1045,-0.10449999997113911,4.982637219563443e-13
662,plts_kup221,1,221,solar,0.41239954198349627,0.0,0.41239954198349627,0.10797774727813138
663,batt_kup221,1,221,battery,0.12301438769511124,0.0,0.12301438769511124,0.03674334415057419
664,pltd_kup222,1,222,diesel,0.005745957798923173,0.0968,-0.09105404220107682,0.0017865004687686499
665,plts_kup222,1,222,solar,0.3928014864844855,0.0,0.3928014864844855,0.10040464113130983
666,batt_kup222,1,222,battery,0.17228886418140973,0.0,0.17228886418140973,0.045774461478705446
667,pltd_kup223,1,223,diesel,2.5939899842917145e-11,0.4042,-0.4041999999740601,8.970259216202534e-13
668,plts_kup223,1,223,solar,1.0204524986954508,0.0,1.0204524986954508,0.26624585325332684
669,batt_kup223,1,223,battery,0.3033607891855885,0.0,0.3033607891855885,0.09059921395360049
670,pltd_kup224,1,224,diesel,0.028643961371794754,0.7172,-0.6885560386282052,0.008914355833578629
671,plts_kup224,1,224,solar,1.8505869121528793,0.0,1.8505869121528793,0.4760415587347805
672,batt_kup224,1,224,battery,0.8413243552820935,0.0,0.8413243552820935,0.22981019995007673
673,pltd_kup225,1,225,diesel,2.6775200065067996e-11,0.3703,-0.3702999999732248,8.967314222099893e-13
674,plts_kup225,1,225,solar,0.9352540559816541,0.0,0.9352540559816541,0.2439224880354005
675,batt_kup225,1,225,battery,0.27796752880725434,0.0,0.27796752880725434,0.08299864545064048
676,pltd_kup226,1,226,diesel,0.008145434128722852,0.2039,-0.19575456587127715,0.002534983474516909
677,plts_kup226,1,226,solar,0.5339688138333238,0.0,0.5339688138333238,0.13536954379966556
678,batt_kup226,1,226,battery,0.2392565574748086,0.0,0.2392565574748086,0.06535203883963987
679,pltd_kup227,1,227,diesel,2.8997429919919126e-11,0.1263,-0.12629999997100255,9.03143933344556e-13
680,plts_kup227,1,227,solar,0.3233266961439557,0.0,0.3233266961439557,0.08320204671045112
681,batt_kup227,1,227,battery,0.09480783650239621,0.0,0.09480783650239621,0.02831308681637191
682,pltd_kup228,1,228,diesel,0.014887924237451496,0.3728,-0.3579120757625485,0.004633270879644501
683,plts_kup228,1,228,solar,0.9737979585473034,0.0,0.9737979585473034,0.24742705867522496
684,batt_kup228,1,228,battery,0.4373382587733888,0.0,0.4373382587733888,0.11944529907340218
685,pltd_kup229,1,229,diesel,2.6837714624858018e-11,0.3561,-0.35609999997316233,8.961774486704713e-13
686,plts_kup229,1,229,solar,0.8977704644073516,0.0,0.8977704644073516,0.2345888587820728
687,batt_kup229,1,229,battery,0.2673307858410853,0.0,0.2673307858410853,0.07982457241926925
688,pltd_kup230,1,230,diesel,0.01792691857030154,0.4489,-0.4309730814296985,0.005579089277825766
689,plts_kup230,1,230,solar,1.1587830331208928,0.0,1.1587830331208928,0.29793598967776425
690,batt_kup230,1,230,battery,0.5265859604271839,0.0,0.5265859604271839,0.14383439442824075
691,pltd_kup231,1,231,diesel,2.716045228517565e-11,0.3102,-0.31019999997283954,9.077461184437131e-13
692,plts_kup231,1,231,solar,0.7861810200241969,0.0,0.7861810200241969,0.20435171806216787
693,batt_kup231,1,231,battery,0.2328302943003593,0.0,0.2328302943003593,0.0695351878274573
694,pltd_kup232,1,232,diesel,0.012771825575561684,0.3198,-0.3070281744244383,0.0039747565477675755
695,plts_kup232,1,232,solar,0.8298214776781767,0.0,0.8298214776781767,0.21225647920071866
696,batt_kup232,1,232,battery,0.37517492534497726,0.0,0.37517492534497726,0.10247167389063759
697,pltd_kup233,1,233,diesel,2.711651298634842e-11,0.2187,-0.2186999999728835,9.04281138482981e-13
698,plts_kup233,1,233,solar,0.5531646815592998,0.0,0.5531646815592998,0.14408125574432756
699,batt_kup233,1,233,battery,0.16415425633383204,0.0,0.16415425633383204,0.049028820680085246
700,pltd_kup234,1,234,diesel,0.026860059442585443,0.6725,-0.6456399405574146,0.008359112116143432
701,plts_kup234,1,234,solar,1.7452210742927532,0.0,1.7452210742927532,0.44639290891337063
702,batt_kup234,1,234,battery,0.7888736964351571,0.0,0.7888736964351571,0.2155059377953773
703,pltd_kup235,1,235,diesel,2.6909347803856218e-11,0.2409,-0.24089999997309067,9.31238284434876e-13
704,plts_kup235,1,235,solar,0.61888042439546,0.0,0.61888042439546,0.15869232821450094
705,batt_kup235,1,235,battery,0.18084415330226755,0.0,0.18084415330226755,0.05400195227114772
706,pltd_kup236,1,236,diesel,0.00808374469698322,0.2024,-0.19431625530301677,0.002515759100415527
707,plts_kup236,1,236,solar,0.5277058066926572,0.0,0.5277058066926572,0.13434710942307282
708,batt_kup236,1,236,battery,0.23746473255263256,0.0,0.23746473255263256,0.06485728745285721
709,pltd_kup237,1,237,diesel,2.8672289092405573e-11,0.098,-0.09799999997132772,9.39016922044669e-13
710,plts_kup237,1,237,solar,0.25896536871140446,0.0,0.25896536871140446,0.06453271967651905
711,batt_kup237,1,237,battery,0.07351856496665872,0.0,0.07351856496665872,0.02196094830665828
712,pltd_kup238,1,238,diesel,0.01649973249732456,0.4131,-0.39660026750267546,0.005134996729564039
713,plts_kup238,1,238,solar,1.0719837526472589,0.0,1.0719837526472589,0.2742158892320209
714,batt_kup238,1,238,battery,0.48475225238435915,0.0,0.48475225238435915,0.13238477356461367
715,pltd_kup239,1,239,diesel,2.8541322519562857e-11,0.0946,-0.09459999997145868,9.086925862878727e-13
716,plts_kup239,1,239,solar,0.2460833767090771,0.0,0.2460833767090771,0.062299648847576376
717,batt_kup239,1,239,battery,0.07097905177839221,0.0,0.07097905177839221,0.021199282926184577
718,pltd_kup240,1,240,diesel,0.007972971308077632,0.1996,-0.19162702869192236,0.0024813358797145966
719,plts_kup240,1,240,solar,0.5168434011373936,0.0,0.5168434011373936,0.1325065450837029
720,batt_kup240,1,240,battery,0.23419749062122153,0.0,0.23419749062122153,0.06396866906495574
721,pltd_kup241,1,241,diesel,2.8854452087099657e-11,0.1038,-0.10379999997114556,8.744868194671971e-13
722,plts_kup241,1,241,solar,0.26310314094022724,0.0,0.26310314094022724,0.06838829418302796
723,batt_kup241,1,241,battery,0.07791915011118875,0.0,0.07791915011118875,0.023270744076543826
724,pltd_kup242,1,242,diesel,0.00892026267690452,0.2234,-0.21447973732309547,0.0027761644611259263
725,plts_kup242,1,242,solar,0.5764608365121106,0.0,0.5764608365121106,0.14825259916186212
726,batt_kup242,1,242,battery,0.262045456287705,0.0,0.262045456287705,0.07157353812648197
727,pltd_kup243,1,243,diesel,2.79355241386155e-11,0.1685,-0.1684999999720645,9.031360381915011e-13
728,plts_kup243,1,243,solar,0.42929814230932994,0.0,0.42929814230932994,0.11100310549883458
729,batt_kup243,1,243,battery,0.1264796191102976,0.0,0.1264796191102976,0.037771313598191886
730,pltd_kup244,1,244,diesel,0.02752427375825909,0.6892,-0.661675726241741,0.008565816630347365
731,plts_kup244,1,244,solar,1.8321019212939913,0.0,1.8321019212939913,0.45743442994763434
732,batt_kup244,1,244,battery,0.8085290003948827,0.0,0.8085290003948827,0.22083237018032123
733,pltd_kup245,1,245,diesel,2.6202134107988146e-11,0.464,-0.46399999997379787,9.408860785937235e-13
734,plts_kup245,1,245,solar,1.2071762097077392,0.0,1.2071762097077392,0.30561452369511094
735,batt_kup245,1,245,battery,0.3481924390257928,0.0,0.3481924390257928,0.10399480786746126
736,pltd_kup246,1,246,diesel,0.029013108396236685,0.7264,-0.6973868916037633,0.009029136285472417
737,plts_kup246,1,246,solar,1.931200703043264,0.0,1.931200703043264,0.4821771736664881
738,batt_kup246,1,246,battery,0.8522631738910771,0.0,0.8522631738910771,0.2327772528559747
739,pltd_kup247,1,247,diesel,2.791308238094285e-11,0.8829,-0.8828999999720869,9.25917139260357e-13
740,plts_kup247,1,247,solar,2.297325620870779,0.0,2.297325620870779,0.5816019813423576
741,batt_kup247,1,247,battery,0.6626316406541215,0.0,0.6626316406541215,0.1979085836942444
742,pltd_kup248,1,248,diesel,0.017828786844796798,0.4464,-0.42857121315520325,0.005548485452671842
743,plts_kup248,1,248,solar,1.1867297309640203,0.0,1.1867297309640203,0.2962996668234571
744,batt_kup248,1,248,battery,0.5237187143192298,0.0,0.5237187143192298,0.14304243911137296
745,pltd_kup249,1,249,diesel,2.6743464587537845e-11,0.6322,-0.6321999999732565,9.353797132215136e-13
746,plts_kup249,1,249,solar,1.644839470641005,0.0,1.644839470641005,0.4164154556166532
747,batt_kup249,1,249,battery,0.4744304373466559,0.0,0.4744304373466559,0.14169846689343557
748,pltd_kup250,1,250,diesel,0.026995259344961355,0.6759,-0.6489047406550386,0.008401182113852273
749,plts_kup250,1,250,solar,1.7968846766180275,0.0,1.7968846766180275,0.4486415396273202
750,batt_kup250,1,250,battery,0.792987747231465,0.0,0.792987747231465,0.2165874822159282
751,pltd_kup251,1,251,diesel,2.6832897813350215e-11,0.6476,-0.6475999999731671,9.350962757001145e-13
752,plts_kup251,1,251,solar,1.6849194095690385,0.0,1.6849194095690385,0.4265622853393878
753,batt_kup251,1,251,battery,0.4859907676588282,0.0,0.4859907676588282,0.1451513255114158
754,pltd_kup252,1,252,diesel,0.05138176138715064,1.2865,-1.2351182386128494,0.015990501896488346
755,plts_kup252,1,252,solar,3.4201421298225103,0.0,3.4201421298225103,0.8539321282677986
756,batt_kup252,1,252,battery,1.50935175902776,0.0,1.50935175902776,0.41224675283948714
757,pltd_kup253,1,253,diesel,2.8176409447522898e-11,0.081,-0.0809999999718236,8.966321233027001e-13
758,plts_kup253,1,253,solar,0.21081652929119332,0.0,0.21081652929119332,0.053371324474395736
759,batt_kup253,1,253,battery,0.060807880236019185,0.0,0.060807880236019185,0.018161476328050683
760,pltd_kup254,1,254,diesel,0.003961843745058419,0.0992,-0.09523815625494157,0.0012329285506575368
761,plts_kup254,1,254,solar,0.257448478644464,0.0,0.257448478644464,0.06584455314961075
762,batt_kup254,1,254,battery,0.11637667893467435,0.0,0.11637667893467435,0.03178764692659322
763,pltd_kup255,1,255,diesel,2.9086448571980263e-11,0.1155,-0.11549999997091355,9.382047850685576e-13
764,plts_kup255,1,255,solar,0.3038060880555002,0.0,0.3038060880555002,0.07609977938455434
765,batt_kup255,1,255,battery,0.08670999737795186,0.0,0.08670999737795186,0.0258961997394747
766,pltd_kup256,1,256,diesel,0.005364675028148696,0.1343,-0.1289353249718513,0.0016695918182954288
767,plts_kup256,1,256,solar,0.363711858595876,0.0,0.363711858595876,0.08915542117924626
768,batt_kup256,1,256,battery,0.15757257598636937,0.0,0.15757257598636937,0.04303977061712885
769,pltd_kup257,1,257,diesel,2.8170413114975123e-11,0.0795,-0.07949999997182959,9.158619489532122e-13
770,plts_kup257,1,257,solar,0.2098840031115317,0.0,0.2098840031115317,0.05235598434388469
771,batt_kup257,1,257,battery,0.05966046230245586,0.0,0.05966046230245586,0.017814914484010173
772,pltd_kup258,1,258,diesel,0.002042588277642178,0.0511,-0.04905741172235782,0.0006356967502400415
773,plts_kup258,1,258,solar,0.1360231197078332,0.0,0.1360231197078332,0.03394465156880948
774,batt_kup258,1,258,battery,0.06000171915451897,0.0,0.06000171915451897,0.016387771534224632
775,pltd_kup259,1,259,diesel,2.6907392821300917e-11,0.045,-0.044999999973092605,7.826940523579432e-13
776,plts_kup259,1,259,solar,0.11454719561950735,0.0,0.11454719561950735,0.02962795287883025
777,batt_kup259,1,259,battery,0.03375800684845705,0.0,0.03375800684845705,0.0100819072643474
778,pltd_kup260,1,260,diesel,0.0026206659966420214,0.0656,-0.06297933400335798,0.0008155839009716437
779,plts_kup260,1,260,solar,0.17369733488117872,0.0,0.17369733488117872,0.0435553537241597
780,batt_kup260,1,260,battery,0.07697098220994902,0.0,0.07697098220994902,0.02102657422083811
781,pltd_kup261,1,261,diesel,2.6918237838888662e-11,0.0453,-0.04529999997308176,7.706218659224908e-13
782,plts_kup261,1,261,solar,0.11417322170156823,0.0,0.11417322170156823,0.029831088027303332
783,batt_kup261,1,261,battery,0.03398992491207868,0.0,0.03398992491207868,0.010150848905343086
784,pltd_kup262,1,262,diesel,0.005672245363263844,0.142,-0.13632775463673613,0.0017652576993159134
785,plts_kup262,1,262,solar,0.3841010241092524,0.0,0.3841010241092524,0.09426786454526205
786,batt_kup262,1,262,battery,0.1666195099074821,0.0,0.1666195099074821,0.045509116426226015
787,pltd_kup263,1,263,diesel,2.789670753293248e-11,0.0684,-0.06839999997210329,8.781885480887233e-13
788,plts_kup263,1,263,solar,0.177949971235612,0.0,0.177949971235612,0.045050668877570955
789,batt_kup263,1,263,battery,0.051326927259358605,0.0,0.051326927259358605,0.015329873799608122
790,pltd_kup264,1,264,diesel,0.03681385334487984,0.9218,-0.8849861466551201,0.011456800523946119
791,plts_kup264,1,264,solar,2.45044710058537,0.0,2.45044710058537,0.6118211646674925
792,batt_kup264,1,264,battery,1.0814126481412099,0.0,1.0814126481412099,0.29536456116712434
793,pltd_kup265,1,265,diesel,2.6886699079823896e-11,0.349,-0.34899999997311326,9.491772856943217e-13
794,plts_kup265,1,265,solar,0.9081897125913777,0.0,0.9081897125913777,0.22992166694995286
795,batt_kup265,1,265,battery,0.26195487165352127,0.0,0.26195487165352127,0.0782382345946836
796,pltd_kup266,1,266,diesel,0.04340886651547959,1.0869,-1.0434911334845205,0.013509236922460342
797,plts_kup266,1,266,solar,2.8894302783267385,0.0,2.8894302783267385,0.7214253859114299
798,batt_kup266,1,266,battery,1.2751411876965266,0.0,1.2751411876965266,0.3482773874458028
799,pltd_kup267,1,267,diesel,2.7912304216757144e-11,0.8832,-0.8831999999720876,9.258864645804659e-13
800,plts_kup267,1,267,solar,2.2981258369599993,0.0,2.2981258369599993,0.5818045678885106
801,batt_kup267,1,267,battery,0.6628614540027143,0.0,0.6628614540027143,0.19797727955814434
802,pltd_kup268,1,268,diesel,0.05124674101555467,1.2831,-1.2318532589844453,0.01594849975748804
803,plts_kup268,1,268,solar,3.411132608051374,0.0,3.411132608051374,0.8516826570540988
804,batt_kup268,1,268,battery,1.5053752117685937,0.0,1.5053752117685937,0.41116075798037
805,pltd_kup269,1,269,diesel,2.694667911213317e-11,0.3407,-0.34069999997305334,9.503330591529853e-13
806,plts_kup269,1,269,solar,0.8865460435004113,0.0,0.8865460435004113,0.2244422517932788
807,batt_kup269,1,269,battery,0.2557115634573194,0.0,0.2557115634573194,0.07637355832519742
808,pltd_kup270,1,270,diesel,0.021482937468183624,0.5379,-0.5164170625318164,0.006685679299098465
809,plts_kup270,1,270,solar,1.42997322982251,0.0,1.42997322982251,0.3570319809856454
810,batt_kup270,1,270,battery,0.6310647171807166,0.0,0.6310647171807166,0.17236179577295124
811,pltd_kup271,1,271,diesel,2.6934441995704706e-11,0.033,-0.03299999997306556,7.28707228787926e-13
812,plts_kup271,1,271,solar,0.08365860379593608,0.0,0.08365860379593608,0.021713958712787897
813,batt_kup271,1,271,battery,0.02474179863339846,0.0,0.02474179863339846,0.007389108994910622
814,pltd_kup272,1,272,diesel,0.004060303769235201,0.1017,-0.0976396962307648,0.001263601846144547
815,plts_kup272,1,272,solar,0.26344603870562505,0.0,0.26344603870562505,0.067480237331172
816,batt_kup272,1,272,battery,0.11926731144228278,0.0,0.11926731144228278,0.03257658142002365
817,pltd_kup273,1,273,diesel,2.8962721921026873e-11,0.1291,-0.12909999997103727,9.061315117364057e-13
818,plts_kup273,1,273,solar,0.3307894160099498,0.0,0.3307894160099498,0.08502796391161906
819,batt_kup273,1,273,battery,0.09688664808316583,0.0,0.09688664808316583,0.028933544310280817
820,pltd_kup274,1,274,diesel,0.002891599098219885,0.0724,-0.06950840090178012,0.0008998848721934908
821,plts_kup274,1,274,solar,0.18951368789504308,0.0,0.18951368789504308,0.04805421806863241
822,batt_kup274,1,274,battery,0.08492717379006533,0.0,0.08492717379006533,0.023199421418795444
823,pltd_kup275,1,275,diesel,2.6774950127754145e-11,0.0428,-0.04279999997322505,7.675090983523311e-13
824,plts_kup275,1,275,solar,0.10849195724142054,0.0,0.10849195724142054,0.02820756170820251
825,batt_kup275,1,275,battery,0.03214220251010852,0.0,0.03214220251010852,0.009598626251114514
826,pltd_kup276,1,276,diesel,0.0032483096889128226,0.0813,-0.07805169031108718,0.0010108674787864308
827,plts_kup276,1,276,solar,0.2108934861398829,0.0,0.2108934861398829,0.0539842796640162
828,batt_kup276,1,276,battery,0.09542039848278216,0.0,0.09542039848278216,0.02606185255276116
829,pltd_kup277,1,277,diesel,2.8305653117188094e-11,0.0872,-0.08719999997169435,8.593678516511177e-13
830,plts_kup277,1,277,solar,0.22040643760842377,0.0,0.22040643760842377,0.05742963035839385
831,batt_kup277,1,277,battery,0.06544616917970936,0.0,0.06544616917970936,0.01954354329279345
832,pltd_kup278,1,278,diesel,0.003149849659363342,0.0789,-0.07575015034063666,0.000980215181631879
833,plts_kup278,1,278,solar,0.2058804625272293,0.0,0.2058804625272293,0.052348537430692274
834,batt_kup278,1,278,battery,0.09253440411863853,0.0,0.09253440411863853,0.025272945317095258
835,pltd_kup279,1,279,diesel,2.8835749056590136e-11,0.1039,-0.10389999997116425,4.952421605116651e-13
836,plts_kup279,1,279,solar,0.40737369091379066,0.0,0.40737369091379066,0.10736903947167048
837,batt_kup279,1,279,battery,0.12234859641338756,0.0,0.12234859641338756,0.03653480900872041
838,pltd_kup280,1,280,diesel,0.002288279350083567,0.0573,-0.055011720649916426,0.0007121883068775029
839,plts_kup280,1,280,solar,0.14514262605335823,0.0,0.14514262605335823,0.03803439102577357
840,batt_kup280,1,280,battery,0.0672286434191592,0.0,0.0672286434191592,0.01836188940083654
841,pltd_kup281,1,281,diesel,2.7107466689513197e-11,0.0502,-0.05019999997289253,7.944948548350368e-13
842,plts_kup281,1,281,solar,0.12726115982393538,0.0,0.12726115982393538,0.03307751704327511
843,batt_kup281,1,281,battery,0.03769067087456603,0.0,0.03769067087456603,0.01125525221223638
844,pltd_kup282,1,282,diesel,0.0031742864394994214,0.0795,-0.07632571356050058,0.000987870038431666
845,plts_kup282,1,282,solar,0.2048932193147337,0.0,0.2048932193147337,0.05275726718002336
846,batt_kup282,1,282,battery,0.09325190542640048,0.0,0.09325190542640048,0.02546895417772461
847,pltd_kup283,1,283,diesel,2.845949167565588e-11,0.1466,-0.14659999997154052,8.83568997942683e-13
848,plts_kup283,1,283,solar,0.36940627678389637,0.0,0.36940627678389637,0.0965947174533099
849,batt_kup283,1,283,battery,0.11005756083438094,0.0,0.11005756083438094,0.03286772580554928
850,pltd_kup284,1,284,diesel,0.0025839621063662678,0.0647,-0.06211603789363373,0.000804078993329602
851,plts_kup284,1,284,solar,0.17199023973826721,0.0,0.17199023973826721,0.04294212227300474
852,batt_kup284,1,284,battery,0.07590189878165585,0.0,0.07590189878165585,0.020730872264592626
853,pltd_kup285,1,285,diesel,2.797382574522256e-11,0.1697,-0.16969999997202617,9.832123337124066e-13
854,plts_kup285,1,285,solar,0.4530133732511388,0.0,0.4530133732511388,0.11181529766044339
855,batt_kup285,1,285,battery,0.12741714669790546,0.0,0.12741714669790546,0.03804917173915033
856,pltd_kup286,1,286,diesel,0.009166461614317226,0.2295,-0.2203335383856828,0.002852688354749976
857,plts_kup286,1,286,solar,0.6207552350024834,0.0,0.6207552350024834,0.15234184260829248
858,batt_kup286,1,286,battery,0.26928427214106915,0.0,0.26928427214106915,0.07354486952109465
859,pltd_kup287,1,287,diesel,2.748966345296663e-11,0.0591,-0.059099999972510336,8.766618970162144e-13
860,plts_kup287,1,287,solar,0.15566317803956328,0.0,0.15566317803956328,0.0389629915851791
861,batt_kup287,1,287,battery,0.04440367124954554,0.0,0.04440367124954554,0.013259118219662505
862,pltd_kup288,1,288,diesel,0.0031868766275160417,0.0798,-0.07661312337248395,0.0009918520092089672
863,plts_kup288,1,288,solar,0.21095413897489118,0.0,0.21095413897489118,0.05296172701910797
864,batt_kup288,1,288,battery,0.093617427029758,0.0,0.093617427029758,0.02556825634884293
865,pltd_kup289,1,289,diesel,2.7163367119140502e-11,0.3062,-0.30619999997283665,9.799531815982516e-13
866,plts_kup289,1,289,solar,0.8087947552551968,0.0,0.8087947552551968,0.20171470603196415
867,batt_kup289,1,289,battery,0.22987721120820437,0.0,0.22987721120820437,0.06864353611973334
868,pltd_kup290,1,290,diesel,0.0032358168934736487,0.081,-0.07776418310652636,0.0010070497377071726
869,plts_kup290,1,290,solar,0.2168848651802456,0.0,0.2168848651802456,0.053779917420758834
870,batt_kup290,1,290,battery,0.09506357556099923,0.0,0.09506357556099923,0.025963723138940183
871,pltd_kup291,1,291,diesel,2.6990232623835636e-11,0.2935,-0.29349999997300974,5.035377661626826e-13
872,plts_kup291,1,291,solar,1.1662837756024322,0.0,1.1662837756024322,0.30339986046595757
873,batt_kup291,1,291,battery,0.3456585421102125,0.0,0.3456585421102125,0.10323768086269605
874,pltd_kup292,1,292,diesel,0.006865520184418999,0.1719,-0.165034479815581,0.0021366365358978195
875,plts_kup292,1,292,solar,0.45944127736860263,0.0,0.45944127736860263,0.11410308134998687
876,batt_kup292,1,292,battery,0.2016931883339316,0.0,0.2016931883339316,0.05508513306431787
877,pltd_kup293,1,293,diesel,2.6920849331991693e-11,0.2726,-0.27259999997307915,9.439565541551312e-13
878,plts_kup293,1,293,solar,0.707125931977617,0.0,0.707125931977617,0.1795935814003937
879,batt_kup293,1,293,battery,0.20462866450075362,0.0,0.20462866450075362,0.06110913993091495
880,pltd_kup294,1,294,diesel,0.007419330449277777,0.1858,-0.1783806695507222,0.0023089706198002827
881,plts_kup294,1,294,solar,0.49823326927743694,0.0,0.49823326927743694,0.12330514500460697
882,batt_kup294,1,294,battery,0.21793046901818502,0.0,0.21793046901818502,0.05952825772774834
883,pltd_kup295,1,295,diesel,2.8994418940680416e-11,0.1294,-0.12939999997100557,9.234029997516497e-13
884,plts_kup295,1,295,solar,0.33571296655145627,0.0,0.33571296655145627,0.08523134508853036
885,batt_kup295,1,295,battery,0.0971237550100749,0.0,0.0971237550100749,0.02900322450398851
886,pltd_kup296,1,296,diesel,0.008342005437113267,0.2089,-0.20055799456288673,0.0025961254642861684
887,plts_kup296,1,296,solar,0.5546575677114933,0.0,0.5546575677114933,0.13864157271971533
888,batt_kup296,1,296,battery,0.2450381860202114,0.0,0.2450381860202114,0.06693245890522366
889,pltd_kup297,1,297,diesel,2.700517010125816e-11,0.0468,-0.04679999997299483,8.373369999816991e-13
890,plts_kup297,1,297,solar,0.12347098454583229,0.0,0.12347098454583229,0.03084571891252458
891,batt_kup297,1,297,battery,0.0351498295986538,0.0,0.0351498295986538,0.010496588346162083
892,pltd_kup298,1,298,diesel,0.00456512756988862,0.1143,-0.10973487243011137,0.0014207263503138172
893,plts_kup298,1,298,solar,0.30761233533328575,0.0,0.30761233533328575,0.07586432014512098
894,batt_kup298,1,298,battery,0.13409138625019476,0.0,0.13409138625019476,0.036625598766601514
895,pltd_kup299,1,299,diesel,2.7063825285880327e-11,0.2933,-0.29329999997293615,9.513199030837394e-13
896,plts_kup299,1,299,solar,0.7631031513196634,0.0,0.7631031513196634,0.19319085668291286
897,batt_kup299,1,299,battery,0.22010595469249494,0.0,0.22010595469249494,0.06573927460236409
898,pltd_kup300,1,300,diesel,0.007222610345534753,0.1808,-0.17357738965446523,0.0022477640086543396
899,plts_kup300,1,300,solar,0.4797350284382603,0.0,0.4797350284382603,0.12003332267421464
900,batt_kup300,1,300,battery,0.21217656340735092,0.0,0.21217656340735092,0.057949429997665856
901,pltd_kup301,1,301,diesel,2.887926152138038e-11,0.1343,-0.13429999997112074,9.384576102632891e-13
902,plts_kup301,1,301,solar,0.3504894613269336,0.0,0.3504894613269336,0.088478400791776
903,batt_kup301,1,301,battery,0.10082721451215802,0.0,0.10082721451215802,0.030107069535533233
904,pltd_kup302,1,302,diesel,0.007321049912974698,0.1833,-0.1759789500870253,0.002278379161338988
905,plts_kup302,1,302,solar,0.48565997881731593,0.0,0.48565997881731593,0.12166877915620279
906,batt_kup302,1,302,battery,0.21501196828748417,0.0,0.21501196828748417,0.05873601792213475
907,pltd_kup303,1,303,diesel,2.7546012039441286e-11,0.1947,-0.194699999972454,9.410982662365498e-13
908,plts_kup303,1,303,solar,0.5060046762944117,0.0,0.5060046762944117,0.128252754860763
909,batt_kup303,1,303,battery,0.1461592894939299,0.0,0.1461592894939299,0.04364348560319495
910,pltd_kup304,1,304,diesel,0.007111816533845854,0.1781,-0.17098818346615416,0.002213219658578947
911,plts_kup304,1,304,solar,0.46999272573867135,0.0,0.46999272573867135,0.11819276458484468
912,batt_kup304,1,304,battery,0.2088832702839143,0.0,0.2088832702839143,0.05705925282645659
913,pltd_kup305,1,305,diesel,2.738358455236305e-11,0.2036,-0.2035999999726164,9.584553891030099e-13
914,plts_kup305,1,305,solar,0.5342860634216365,0.0,0.5342860634216365,0.13413743165348208
915,batt_kup305,1,305,battery,0.15284207082556234,0.0,0.15284207082556234,0.04564295567982731
916,pltd_kup306,1,306,diesel,0.006090522353518891,0.1525,-0.1464094776464811,0.0018954517746416965
917,plts_kup306,1,306,solar,0.4057012790180571,0.0,0.4057012790180571,0.10122052616423693
918,batt_kup306,1,306,battery,0.17889889510296217,0.0,0.17889889510296217,0.04886625343960088
919,pltd_kup307,1,307,diesel,2.6905099565265667e-11,0.2708,-0.2707999999730949,9.432120274450614e-13
920,plts_kup307,1,307,solar,0.7011922276107033,0.0,0.7011922276107033,0.17837713221225432
921,batt_kup307,1,307,battery,0.2032363003547256,0.0,0.2032363003547256,0.060701098050567226
922,pltd_kup308,1,308,diesel,0.00729637714288142,0.1827,-0.17540362285711858,0.0022707275206175184
923,plts_kup308,1,308,solar,0.49577908647294927,0.0,0.49577908647294927,0.12126021368289586
924,batt_kup308,1,308,battery,0.21431469429315542,0.0,0.21431469429315542,0.0585413177420342
925,pltd_kup309,1,309,diesel,2.7876520824841675e-11,0.1738,-0.17379999997212348,9.3235689048215e-13
926,plts_kup309,1,309,solar,0.4501180426887964,0.0,0.4501180426887964,0.11445313513912835
927,batt_kup309,1,309,battery,0.13044217467528996,0.0,0.13044217467528996,0.03894568059535312
928,pltd_tim310,1,310,diesel,0.005019954638935014,0.1257,-0.120680045361065,0.0015622341923421832
929,plts_tim310,1,310,solar,0.34536630922933786,0.0,0.34536630922933786,0.08343007333300483
930,batt_tim310,1,310,battery,0.14745279675316927,0.0,0.14745279675316927,0.04027638222369602
931,pltd_tim311,1,311,diesel,2.7989787368328726e-11,0.0702,-0.07019999997201021,9.470935173108606e-13
932,plts_tim311,1,311,solar,0.19007155333999678,0.0,0.19007155333999678,0.04626843397167796
933,batt_tim311,1,311,battery,0.05272145976183837,0.0,0.05272145976183837,0.0157445497039856
934,pltd_tim312,1,312,diesel,0.004466344580125756,0.1118,-0.10733365541987425,0.0013899982367632515
935,plts_tim312,1,312,solar,0.31363469755886575,0.0,0.31363469755886575,0.07422819730281242
936,batt_tim312,1,312,battery,0.13117907144467336,0.0,0.13117907144467336,0.035834523593451885
937,pltd_tim313,1,313,diesel,2.8025762298573713e-11,0.1673,-0.16729999997197423,1.0331638978825362e-12
938,plts_tim313,1,313,solar,0.45706414930584793,0.0,0.45706414930584793,0.11019158467360479
939,batt_tim313,1,313,battery,0.1255626005598662,0.0,0.1255626005598662,0.03749530330156975
940,pltd_tim314,1,314,diesel,0.005130681780139102,0.1285,-0.1233693182198609,0.0015967015409923617
941,plts_tim314,1,314,solar,0.3559469498091285,0.0,0.3559469498091285,0.08527041064336462
942,batt_tim314,1,314,battery,0.15070454071969022,0.0,0.15070454071969022,0.04116487992771449
943,pltd_tim315,1,315,diesel,2.8016493350168283e-11,0.1664,-0.1663999999719835,1.032513753549741e-12
944,plts_tim315,1,315,solar,0.45369686966401396,0.0,0.45369686966401396,0.10958303823838239
945,batt_tim315,1,315,battery,0.12487371687096709,0.0,0.12487371687096709,0.037288274549129086
946,pltd_tim316,1,316,diesel,0.003297316741027646,0.0826,-0.07930268325897236,0.0010262122920059362
947,plts_tim316,1,316,solar,0.23113874328674297,0.0,0.23113874328674297,0.054802119188933365
948,batt_tim316,1,316,battery,0.09684904964279205,0.0,0.09684904964279205,0.026456119218205162
949,pltd_tim317,1,317,diesel,2.9087510769057342e-11,0.1155,-0.1154999999709125,1.0003204773775657e-12
950,plts_tim317,1,317,solar,0.31294990633849434,0.0,0.31294990633849434,0.0760996531841527
951,batt_tim317,1,317,battery,0.08672270448868458,0.0,0.08672270448868458,0.025895504323035
952,pltd_tim318,1,318,diesel,0.00398642411710735,0.0998,-0.09581357588289265,0.001240591497561197
953,plts_tim318,1,318,solar,0.27611916889843596,0.0,0.27611916889843596,0.06625375042968541
954,batt_tim318,1,318,battery,0.11709533239240051,0.0,0.11709533239240051,0.03198646952130346
955,pltd_tim319,1,319,diesel,2.7300478149861013e-11,0.2086,-0.20859999997269954,1.0004392510954189e-12
956,plts_tim319,1,319,solar,0.5579889628918215,0.0,0.5579889628918215,0.1373853640959075
957,batt_tim319,1,319,battery,0.15654897553924,0.0,0.15654897553924,0.04675224907637682
958,pltd_tim320,1,320,diesel,0.006471792855007136,0.162,-0.15552820714499288,0.0020141091776896616
959,plts_tim320,1,320,solar,0.4428212272550976,0.0,0.4428212272550976,0.10755922592810828
960,batt_tim320,1,320,battery,0.1900857307244741,0.0,0.1900857307244741,0.051924452953364605
961,pltd_tim321,1,321,diesel,2.9103688662326455e-11,0.1183,-0.11829999997089631,1.0336201675695092e-12
962,plts_tim321,1,321,solar,0.3249649919203954,0.0,0.3249649919203954,0.0779258251462463
963,batt_tim321,1,321,battery,0.08880953428787515,0.0,0.08880953428787515,0.026517365656017592
964,pltd_tim322,1,322,diesel,0.004035810575633527,0.101,-0.09696418942436648,0.0012559830772823197
965,plts_tim322,1,322,solar,0.27621510822463646,0.0,0.27621510822463646,0.067071499716632
966,batt_tim322,1,322,battery,0.11855746646196585,0.0,0.11855746646196585,0.032380805224215506
967,pltd_tim323,1,323,diesel,2.7624625802385232e-11,0.1916,-0.19159999997237537,9.980380393243034e-13
968,plts_tim323,1,323,solar,0.5126576083243272,0.0,0.5126576083243272,0.12622409556480668
969,batt_tim323,1,323,battery,0.1438310965279636,0.0,0.1438310965279636,0.04295409227473749
970,pltd_tim324,1,324,diesel,0.007640810399522593,0.1913,-0.18365918960047742,0.002377873004209985
971,plts_tim324,1,324,solar,0.5229559737586563,0.0,0.5229559737586563,0.12698609011412118
972,batt_tim324,1,324,battery,0.22446405593027471,0.0,0.22446405593027471,0.06130641129354629
973,pltd_tim325,1,325,diesel,2.8102193810367757e-11,0.1583,-0.1582999999718978,9.680417211618555e-13
974,plts_tim325,1,325,solar,0.4191768832072359,0.0,0.4191768832072359,0.10430629890946232
975,batt_tim325,1,325,battery,0.11885969736636313,0.0,0.11885969736636313,0.03549309470503958
976,pltd_tim326,1,326,diesel,0.00445427731565156,0.1115,-0.10704572268434845,0.0013862110711491465
977,plts_tim326,1,326,solar,0.3032732344268503,0.0,0.3032732344268503,0.074023754861067
978,batt_tim326,1,326,battery,0.13082873825412578,0.0,0.13082873825412578,0.03573600501722649
979,pltd_tim327,1,327,diesel,2.8445901701219534e-11,0.1482,-0.14819999997155409,9.656157101152197e-13
980,plts_tim327,1,327,solar,0.3919138950504901,0.0,0.3919138950504901,0.09761007470097754
981,batt_tim327,1,327,battery,0.11121092569756033,0.0,0.11121092569756033,0.03321469055616504
982,pltd_tim328,1,328,diesel,0.008022291131162523,0.2009,-0.19287770886883748,0.0024966854781174304
983,plts_tim328,1,328,solar,0.5454766880206021,0.0,0.5454766880206021,0.13332516574266018
984,batt_tim328,1,328,battery,0.23565426683645285,0.0,0.23565426683645285,0.06436738219109892
985,pltd_tim329,1,329,diesel,2.691741504887801e-11,0.2468,-0.24679999997308258,1.0223928423764657e-12
986,plts_tim329,1,329,solar,0.6643552280626551,0.0,0.6643552280626551,0.16254752790769825
987,batt_tim329,1,329,battery,0.18519745802937362,0.0,0.18519745802937362,0.055309065497660195
988,pltd_tim330,1,330,diesel,0.0031498496468261032,0.0789,-0.0757501503531739,0.000980215179207514
989,plts_tim330,1,330,solar,0.2134893094975619,0.0,0.2134893094975619,0.05234835682513583
990,batt_tim330,1,330,battery,0.09252022222840868,0.0,0.09252022222840868,0.025271950091903684
991,pltd_tim331,1,331,diesel,2.7297493683732934e-11,0.2086,-0.2085999999727025,9.933009872978242e-13
992,plts_tim331,1,331,solar,0.5561028822278876,0.0,0.5561028822278876,0.1373849946129548
993,batt_tim331,1,331,battery,0.15652915568918774,0.0,0.15652915568918774,0.0467502130712854
994,pltd_tim332,1,332,diesel,0.0047126612064456695,0.118,-0.11328733879355432,0.0014666323815058222
995,plts_tim332,1,332,solar,0.3225314065548928,0.0,0.3225314065548928,0.07831816860693434
996,batt_tim332,1,332,battery,0.13843747018350105,0.0,0.13843747018350105,0.03781043474381873
997,pltd_tim333,1,333,diesel,2.6594136294033826e-11,0.5995,-0.5994999999734059,9.985918353681101e-13
998,plts_tim333,1,333,solar,1.6122232456885883,0.0,1.6122232456885883,0.39490441069162824
999,batt_tim333,1,333,battery,0.4499845000142713,0.0,0.4499845000142713,0.13437584542148523
1000,pltd_tim334,1,334,diesel,0.007038126589007011,0.1762,-0.16916187341099298,0.0021903132125922586
1001,plts_tim334,1,334,solar,0.48167028498256215,0.0,0.48167028498256215,0.11696623513131216
1002,batt_tim334,1,334,battery,0.2067387719485211,0.0,0.2067387719485211,0.05646920898425785
1003,pltd_tim335,1,335,diesel,2.67030913832402e-11,0.3762,-0.3761999999732969,9.992889649535618e-13
1004,plts_tim335,1,335,solar,1.0063554114758235,0.0,1.0063554114758235,0.2477799989072958
1005,batt_tim335,1,335,battery,0.2823415179819654,0.0,0.2823415179819654,0.08431911140161985
1006,pltd_tim336,1,336,diesel,0.007862167299789604,0.1969,-0.18903783270021038,0.0024467344784305355
1007,plts_tim336,1,336,solar,0.5419453089238144,0.0,0.5419453089238144,0.130666212137294
1008,batt_tim336,1,336,battery,0.2309367055902538,0.0,0.2309367055902538,0.06307949529465276
1009,pltd_tim337,1,337,diesel,2.7798787806802606e-11,0.1821,-0.18209999997220122,9.969400475398665e-13
1010,plts_tim337,1,337,solar,0.487494781164434,0.0,0.487494781164434,0.11993307606595162
1011,batt_tim337,1,337,battery,0.1366516202763271,0.0,0.1366516202763271,0.04081387124460473
1012,pltd_tim338,1,338,diesel,0.0077269878909914,0.1935,-0.1857730121090086,0.0024047786408904737
1013,plts_tim338,1,338,solar,0.528850859393142,0.0,0.528850859393142,0.12841736414089974
1014,batt_tim338,1,338,battery,0.22699345462112347,0.0,0.22699345462112347,0.061997344053450545
1015,pltd_tim339,1,339,diesel,2.689675819379987e-11,0.2511,-0.2510999999731032,9.974903787424685e-13
1016,plts_tim339,1,339,solar,0.6682606445055032,0.0,0.6682606445055032,0.1653891634296607
1017,batt_tim339,1,339,battery,0.18844964684318238,0.0,0.18844964684318238,0.05627909457177654
1018,pltd_tim340,1,340,diesel,0.00829336783329439,0.2076,-0.1993066321667056,0.0025810015270168905
1019,plts_tim340,1,340,solar,0.5412191984659025,0.0,0.5412191984659025,0.1378234019186483
1020,batt_tim340,1,340,battery,0.243624842198375,0.0,0.243624842198375,0.06653708244072916
1021,pltd_tim341,1,341,diesel,2.7027148623858058e-11,0.2908,-0.29079999997297284,8.919935751429509e-13
1022,plts_tim341,1,341,solar,0.7296570832569745,0.0,0.7296570832569745,0.19156767299198418
1023,batt_tim341,1,341,battery,0.21828353329772546,0.0,0.21828353329772546,0.06518893997184187
1024,pltd_tim342,1,342,diesel,0.004614314011214477,0.1155,-0.11088568598878552,0.001436005927173511
1025,plts_tim342,1,342,solar,0.31579410479734854,0.0,0.31579410479734854,0.0766822775507236
1026,batt_tim342,1,342,battery,0.1355451184101268,0.0,0.1355451184101268,0.03702065697223966
1027,pltd_tim343,1,343,diesel,2.8054117367686992e-11,0.1602,-0.1601999999719459,9.194308616234464e-13
1028,plts_tim343,1,343,solar,0.41288234002179686,0.0,0.41288234002179686,0.10552380785072281
1029,batt_tim343,1,343,battery,0.1202316978464683,0.0,0.1202316978464683,0.035906050516498776
1030,pltd_tim344,1,344,diesel,0.008662001888029378,0.2169,-0.20823799811197063,0.002695777081193275
1031,plts_tim344,1,344,solar,0.5676747297120488,0.0,0.5676747297120488,0.14395839126003585
1032,batt_tim344,1,344,battery,0.25443732027938115,0.0,0.25443732027938115,0.06950042965665086
1033,pltd_tim345,1,345,diesel,2.804867600918073e-11,0.1611,-0.16109999997195132,9.355976036515444e-13
1034,plts_tim345,1,345,solar,0.4190615371920997,0.0,0.4190615371920997,0.10613387165357
1035,batt_tim345,1,345,battery,0.12094459307526285,0.0,0.12094459307526285,0.03611742901350947
1036,pltd_tim346,1,346,diesel,0.008674381834998381,0.2172,-0.20852561816500162,0.002699533975665463
1037,plts_tim346,1,346,solar,0.5695842714575173,0.0,0.5695842714575173,0.1441627069639553
1038,batt_tim346,1,346,battery,0.2547809472495413,0.0,0.2547809472495413,0.06959800590230318
1039,pltd_tim347,1,347,diesel,2.7080923322223524e-11,0.2976,-0.297599999972919,8.897196048910389e-13
1040,plts_tim347,1,347,solar,0.7455958514816998,0.0,0.7455958514816998,0.19603206127124553
1041,batt_tim347,1,347,battery,0.22335938122765664,0.0,0.22335938122765664,0.06670569471901776
1042,pltd_tim348,1,348,diesel,0.00473709800952775,0.1186,-0.11386290199047225,0.0014742732410231085
1043,plts_tim348,1,348,solar,0.3091732519232169,0.0,0.3091732519232169,0.07872694887449289
1044,batt_tim348,1,348,battery,0.13914466907354597,0.0,0.13914466907354597,0.03800683771490472
1045,pltd_tim349,1,349,diesel,2.6840630041852854e-11,0.3561,-0.3560999999731594,9.115746617990583e-13
1046,plts_tim349,1,349,solar,0.9085796368714345,0.0,0.9085796368714345,0.23458944733021783
1047,batt_tim349,1,349,battery,0.26731102346040486,0.0,0.26731102346040486,0.07982781556496275
1048,pltd_tim350,1,350,diesel,0.0030759956776238995,0.077,-0.0739240043223761,0.0009572355132394856
1049,plts_tim350,1,350,solar,0.2087154760926138,0.0,0.2087154760926138,0.051121390975558324
1050,batt_tim350,1,350,battery,0.09035151101638408,0.0,0.09035151101638408,0.024679175198755152
1051,pltd_tim351,1,351,diesel,2.8289747702288337e-11,0.0844,-0.08439999997171026,9.476266551780423e-13
1052,plts_tim351,1,351,solar,0.22609011956599007,0.0,0.22609011956599007,0.05560351877319375
1053,batt_tim351,1,351,battery,0.06335602669042105,0.0,0.06335602669042105,0.018921397495681794
1054,pltd_tim352,1,352,diesel,0.006484295896013792,0.1624,-0.1559157041039862,0.002017948997442057
1055,plts_tim352,1,352,solar,0.44379695621582405,0.0,0.44379695621582405,0.10776434522040187
1056,batt_tim352,1,352,battery,0.19048710881675354,0.0,0.19048710881675354,0.05202652852900759
1057,pltd_tim353,1,353,diesel,2.80527220880258e-11,0.0746,-0.07459999997194727,9.193993888099632e-13
1058,plts_tim353,1,353,solar,0.1975844056064022,0.0,0.1975844056064022,0.04910968304694156
1059,batt_tim353,1,353,battery,0.05596139136699269,0.0,0.05596139136699269,0.016710597795648846
1060,pltd_tim354,1,354,diesel,0.009449682336769951,0.2366,-0.22715031766323004,0.0029408485485191
1061,plts_tim354,1,354,solar,0.646747297186783,0.0,0.646747297186783,0.1570454403489407
1062,batt_tim354,1,354,battery,0.2775976279115642,0.0,0.2775976279115642,0.07581842850342252
1063,pltd_tim355,1,355,diesel,2.714787124933604e-11,0.3025,-0.3024999999728521,1.0062492092175052e-12
1064,plts_tim355,1,355,solar,0.8093699323162835,0.0,0.8093699323162835,0.19927917975895862
1065,batt_tim355,1,355,battery,0.2270758333892941,0.0,0.2270758333892941,0.06781451446963555
1066,pltd_tim356,1,356,diesel,0.0027193158124577915,0.0681,-0.0653806841875422,0.0008462631343728335
1067,plts_tim356,1,356,solar,0.18536122019945958,0.0,0.18536122019945958,0.04519126936342005
1068,batt_tim356,1,356,battery,0.07987571322051855,0.0,0.07987571322051855,0.02181623826919535
1069,pltd_tim357,1,357,diesel,2.8096359986001058e-11,0.0764,-0.07639999997190364,9.39533713015652e-13
1070,plts_tim357,1,357,solar,0.20440166843684232,0.0,0.20440166843684232,0.050326797674218826
1071,batt_tim357,1,357,battery,0.057345881405948734,0.0,0.057345881405948734,0.017126009523162174
1072,pltd_tim358,1,358,diesel,0.005216951623267473,0.1306,-0.12538304837673253,0.001623595863185481
1073,plts_tim358,1,358,solar,0.3549336191612484,0.0,0.3549336191612484,0.08670177698628885
1074,batt_tim358,1,358,battery,0.15323607386994934,0.0,0.15323607386994934,0.041856027603100414
1075,pltd_tim359,1,359,diesel,2.8319887621036714e-11,0.086,-0.0859999999716801,9.229919715482565e-13
1076,plts_tim359,1,359,solar,0.22696837420682642,0.0,0.22696837420682642,0.05661771488234841
1077,batt_tim359,1,359,battery,0.06451646836591135,0.0,0.06451646836591135,0.019265049722025956
1078,pltd_tim360,1,360,diesel,0.005106209019121801,0.1279,-0.12279379098087821,0.0015891338927074119
1079,plts_tim360,1,360,solar,0.34820413754255647,0.0,0.34820413754255647,0.08486175687740055
1080,batt_tim360,1,360,battery,0.15000424748760927,0.0,0.15000424748760927,0.04096946173877599
1081,pltd_tim361,1,361,diesel,2.756875510360114e-11,0.195,-0.19499999997243125,9.644061087332282e-13
1082,plts_tim361,1,361,solar,0.5137193348543719,0.0,0.5137193348543719,0.1284561361432381
1083,batt_tim361,1,361,battery,0.14634793460530016,0.0,0.14634793460530016,0.043712857795317236
1084,pltd_tim362,1,362,diesel,0.007468593764743756,0.187,-0.17953140623525624,0.002324300258809539
1085,plts_tim362,1,362,solar,0.5060105383575683,0.0,0.5060105383575683,0.12412325885879678
1086,batt_tim362,1,362,battery,0.21940448448788524,0.0,0.21940448448788524,0.059924453893468836
1087,pltd_tim363,1,363,diesel,2.695584367059014e-11,0.2773,-0.27729999997304416,9.76001250965873e-13
1088,plts_tim363,1,363,solar,0.7314980951141614,0.0,0.7314980951141614,0.1826375183954335
1089,batt_tim363,1,363,battery,0.20808474069985056,0.0,0.20808474069985056,0.062145368247571386
1090,pltd_tim364,1,364,diesel,0.004404813950402553,0.1103,-0.10589518604959744,0.0013708114153941574
1091,plts_tim364,1,364,solar,0.297673306882189,0.0,0.297673306882189,0.07320602718810253
1092,batt_tim364,1,364,battery,0.1293934558541496,0.0,0.1293934558541496,0.03534197535201467
1093,pltd_tim365,1,365,diesel,2.704907154594475e-11,0.2277,-0.22769999997295093,1.0107828745628083e-12
1094,plts_tim365,1,365,solar,0.6090889293588301,0.0,0.6090889293588301,0.14996695255957604
1095,batt_tim365,1,365,battery,0.170885175413244,0.0,0.170885175413244,0.051033602923111
1096,pltd_tim366,1,366,diesel,0.006176669172660032,0.1547,-0.14852333082733998,0.001922137203601248
1097,plts_tim366,1,366,solar,0.4147538674822752,0.0,0.4147538674822752,0.1026521846185495
1098,batt_tim366,1,366,battery,0.18145247519613292,0.0,0.18145247519613292,0.0495578982550012
1099,pltd_tim367,1,367,diesel,2.8046571075350455e-11,0.1642,-0.16419999997195345,9.808801375456812e-13
1100,plts_tim367,1,367,solar,0.4380450867279602,0.0,0.4380450867279602,0.10816244325064066
1101,batt_tim367,1,367,battery,0.12324033771441321,0.0,0.12324033771441321,0.03680788200178858
1102,pltd_tim368,1,368,diesel,0.0018826285121123188,0.0471,-0.04521737148788768,0.0005858959804651413
1103,plts_tim368,1,368,solar,0.1267080896287095,0.0,0.1267080896287095,0.031286257349537556
1104,batt_tim368,1,368,battery,0.055291444425099416,0.0,0.055291444425099416,0.015103409188368111
1105,pltd_tim369,1,369,diesel,2.836303579279189e-11,0.0881,-0.08809999997163696,9.338631225022136e-13
1106,plts_tim369,1,369,solar,0.23329495418995416,0.0,0.23329495418995416,0.05803781225133932
1107,batt_tim369,1,369,battery,0.06612306023165936,0.0,0.06612306023165936,0.01974825468247282
1108,pltd_tim370,1,370,diesel,0.002879116541671969,0.0721,-0.06922088345832803,0.0008960192054512821
1109,plts_tim370,1,370,solar,0.19294429707621644,0.0,0.19294429707621644,0.047849821046339
1110,batt_tim370,1,370,battery,0.08456488329185292,0.0,0.08456488329185292,0.023101106278241593
1111,pltd_tim371,1,371,diesel,2.7744435973512334e-11,0.1839,-0.18389999997225556,9.772843877814728e-13
1112,plts_tim371,1,371,solar,0.48708915658967983,0.0,0.48708915658967983,0.12115076338330849
1113,batt_tim371,1,371,battery,0.1380421556522367,0.0,0.1380421556522367,0.04122780998283632
1114,pltd_tim372,1,372,diesel,0.007075020280711422,0.1771,-0.1700249797192886,0.0022018660575983885
1115,plts_tim372,1,372,solar,0.47613676471771477,0.0,0.47613676471771477,0.11757891367479105
1116,batt_tim372,1,372,battery,0.20780932428023363,0.0,0.20780932428023363,0.05676174261467645
1117,pltd_tim373,1,373,diesel,2.694255328497068e-11,0.2388,-0.23879999997305745,9.877070744315078e-13
1118,plts_tim373,1,373,solar,0.6320160540455154,0.0,0.6320160540455154,0.15727188611407386
1119,batt_tim373,1,373,battery,0.1792069383965283,0.0,0.1792069383965283,0.05351653911388371
1120,pltd_tim374,1,374,diesel,0.010901377003236765,0.273,-0.26209862299676323,0.0033926174626915458
1121,plts_tim374,1,374,solar,0.7229161744991772,0.0,0.7229161744991772,0.1811745907666894
1122,batt_tim374,1,374,battery,0.32021168108283465,0.0,0.32021168108283465,0.08746574844687476
1123,pltd_tim375,1,375,diesel,2.844743443782416e-11,0.0909,-0.09089999997155256,9.558902707333301e-13
1124,plts_tim375,1,375,solar,0.24314197455597678,0.0,0.24314197455597678,0.05986524989340173
1125,batt_tim375,1,375,battery,0.06821581313952309,0.0,0.06821581313952309,0.020372153106052455
1126,pltd_tim376,1,376,diesel,0.004257346992070652,0.1066,-0.10234265300792934,0.0013248843912403512
1127,plts_tim376,1,376,solar,0.28523448004326923,0.0,0.28523448004326923,0.07075194907682965
1128,batt_tim376,1,376,battery,0.12503087205935087,0.0,0.12503087205935087,0.0341556425118556
1129,pltd_tim377,1,377,diesel,2.9076449599785383e-11,0.1205,-0.12049999997092355,9.78747540109133e-13
1130,plts_tim377,1,377,solar,0.32226377207823714,0.0,0.32226377207823714,0.07934623909470243
1131,batt_tim377,1,377,battery,0.09041371601255285,0.0,0.09041371601255285,0.02700138935083387
1132,pltd_tim378,1,378,diesel,0.007087133492063283,0.1774,-0.17031286650793673,0.0022055459236829
1133,plts_tim378,1,378,solar,0.46218498717479556,0.0,0.46218498717479556,0.1177837602362387
1134,batt_tim378,1,378,battery,0.20816268805696045,0.0,0.20816268805696045,0.05686181964737229
1135,pltd_tim379,1,379,diesel,2.79039364367959e-11,0.1713,-0.17129999997209608,9.14054649430005e-13
1136,plts_tim379,1,379,solar,0.43934995878044963,0.0,0.43934995878044963,0.11282963865408682
1137,batt_tim379,1,379,battery,0.12855507420916992,0.0,0.12855507420916992,0.03839393092246612
1138,pltd_tim380,1,380,diesel,0.004995338287013342,0.1251,-0.12010466171298664,0.001554588458944886
1139,plts_tim380,1,380,solar,0.3252122459469096,0.0,0.3252122459469096,0.08302116931032562
1140,batt_tim380,1,380,battery,0.1467446035571489,0.0,0.1467446035571489,0.04007957903618936
1141,pltd_tim381,1,381,diesel,2.73039385892727e-11,0.0555,-0.055499999972696064,8.867916035180583e-13
1142,plts_tim381,1,381,solar,0.147959136105905,0.0,0.147959136105905,0.03652755968499415
1143,batt_tim381,1,381,battery,0.04162080811842224,0.0,0.04162080811842224,0.01242999943639386
1144,pltd_tim382,1,382,diesel,0.006275185592287766,0.1571,-0.15082481440771223,0.0019528234087911238
1145,plts_tim382,1,382,solar,0.4132741675996755,0.0,0.4132741675996755,0.10428764727517865
1146,batt_tim382,1,382,battery,0.18433239436643503,0.0,0.18433239436643503,0.05034583748292626
1147,pltd_tim383,1,383,diesel,2.855639415225394e-11,0.0946,-0.09459999997144361,9.23097471653502e-13
1148,plts_tim383,1,383,solar,0.2487300842835422,0.0,0.2487300842835422,0.06229972268630353
1149,batt_tim383,1,383,battery,0.07099558947474535,0.0,0.07099558947474535,0.021199689808421133
1150,pltd_tim384,1,384,diesel,0.006385902538809896,0.1599,-0.1535140974611901,0.0019872687085469897
1151,plts_tim384,1,384,solar,0.44125409598262,0.0,0.44125409598262,0.10612824010854972
1152,batt_tim384,1,384,battery,0.18758092230015103,0.0,0.18758092230015103,0.05123531314385282
1153,pltd_tim385,1,385,diesel,2.9215639718833084e-11,0.0379,-0.037899999970784366,7.906516853532929e-13
1154,plts_tim385,1,385,solar,0.09922323315373653,0.0,0.09922323315373653,0.02496035839610057
1155,batt_tim385,1,385,battery,0.028439686580868456,0.0,0.028439686580868456,0.008493350666865263
1156,pltd_tim386,1,386,diesel,0.0018703921356509911,0.0468,-0.04492960786434901,0.0005820911618064898
1157,plts_tim386,1,386,solar,0.1280017859832154,0.0,0.1280017859832154,0.031081880441488487
1158,batt_tim386,1,386,battery,0.05494132142538084,0.0,0.05494132142538084,0.015005694475632558
1159,pltd_tim387,1,387,diesel,2.736635428821447e-11,0.2046,-0.20459999997263364,9.658139153242724e-13
1160,plts_tim387,1,387,solar,0.5386117175753012,0.0,0.5386117175753012,0.13474686327705923
1161,batt_tim387,1,387,battery,0.15351442538892868,0.0,0.15351442538892868,0.04585115918895811
1162,pltd_tim388,1,388,diesel,0.0026329895191192676,0.0659,-0.06326701048088074,0.0008194468721869818
1163,plts_tim388,1,388,solar,0.17728975022216956,0.0,0.17728975022216956,0.043759985531120774
1164,batt_tim388,1,388,battery,0.0773413185986897,0.0,0.0773413185986897,0.02112620684226918
1165,pltd_tim389,1,389,diesel,2.6599018269520032e-11,0.0428,-0.042799999973400976,8.137036824138162e-13
1166,plts_tim389,1,389,solar,0.11219181053488042,0.0,0.11219181053488042,0.028207624018178952
1167,batt_tim389,1,389,battery,0.03214236068729002,0.0,0.03214236068729002,0.009598969605314108
1168,pltd_tim390,1,390,diesel,0.002571212894484123,0.0644,-0.06182878710551588,0.000800255330152388
1169,plts_tim390,1,390,solar,0.1726837295606636,0.0,0.1726837295606636,0.042737613401240666
1170,batt_tim390,1,390,battery,0.07554958692573314,0.0,0.07554958692573314,0.020632557972989907
1171,pltd_tim391,1,391,diesel,2.8501873851032308e-11,0.0927,-0.09269999997149814,9.263910882096496e-13
1172,plts_tim391,1,391,solar,0.24452243807040663,0.0,0.24452243807040663,0.06108287873739577
1173,batt_tim391,1,391,battery,0.06959071255221004,0.0,0.06959071255221004,0.02078607821495338
1174,pltd_tim392,1,392,diesel,0.008213877690404653,0.1688,-0.16058612230959535,0.003179749731834793
1175,plts_tim392,1,392,solar,0.5047100685338105,0.0,0.5047100685338105,0.11079341903897871
1176,batt_tim392,1,392,battery,0.19433219584721925,0.0,0.19433219584721925,0.05308745209707199
1177,pltd_tim393,1,393,diesel,2.909260558984127e-11,0.1275,-0.12749999997090739,1.1642798968188044e-12
1178,plts_tim393,1,393,solar,0.3669521634642633,0.0,0.3669521634642633,0.08401384460573778
1179,batt_tim393,1,393,battery,0.09572800244059693,0.0,0.09572800244059693,0.02859000671996276
1180,pltd_tim394,1,394,diesel,0.0024733919925299963,0.0508,-0.048326608007470004,0.000957511287426236
1181,plts_tim394,1,394,solar,0.152248810073331,0.0,0.152248810073331,0.033359215275086694
1182,batt_tim394,1,394,battery,0.058521151866120176,0.0,0.058521151866120176,0.01598452058426183
1183,pltd_tim395,1,395,diesel,2.901145154043295e-11,0.1054,-0.10539999997098855,1.2047633122359112e-12
1184,plts_tim395,1,395,solar,0.30911412099237645,0.0,0.30911412099237645,0.06940254973623973
1185,batt_tim395,1,395,battery,0.07907815843054378,0.0,0.07907815843054378,0.02361626678304493
1186,pltd_tim396,1,396,diesel,0.007434443561693742,0.1528,-0.14536555643830626,0.0028780459993082534
1187,plts_tim396,1,396,solar,0.4548819063973088,0.0,0.4548819063973088,0.10028037865099178
1188,batt_tim396,1,396,battery,0.17593278113025065,0.0,0.17593278113025065,0.048050814881058355
1189,pltd_tim397,1,397,diesel,2.7815432404743623e-11,0.0653,-0.06529999997218457,9.198409795499954e-13
1190,plts_tim397,1,397,solar,0.17473023114971922,0.0,0.17473023114971922,0.04302123880828466
1191,batt_tim397,1,397,battery,0.04902208474584971,0.0,0.04902208474584971,0.014639936188892139
1192,pltd_tim398,1,398,diesel,0.003457240458458775,0.0866,-0.08314275954154123,0.001075974212788816
1193,plts_tim398,1,398,solar,0.23504177457923414,0.0,0.23504177457923414,0.05746042802933015
1194,batt_tim398,1,398,battery,0.1015559057189768,0.0,0.1015559057189768,0.027739218422987336
1195,pltd_tim399,1,399,diesel,2.906588250577785e-11,0.1128,-0.11279999997093411,9.821760209692063e-13
1196,plts_tim399,1,399,solar,0.3030785644851661,0.0,0.3030785644851661,0.07427291793815291
1197,batt_tim399,1,399,battery,0.08463613443473839,0.0,0.08463613443473839,0.025274550644450614
1198,pltd_tim400,1,400,diesel,0.003937294090936266,0.0986,-0.09466270590906373,0.0012253738429236643
1199,plts_tim400,1,400,solar,0.2694777655909568,0.0,0.2694777655909568,0.06543557059848606
1200,batt_tim400,1,400,battery,0.11566508902234572,0.0,0.11566508902234572,0.03159098975028747
1201,pltd_tim401,1,401,diesel,2.896784304765644e-11,0.1066,-0.10659999997103216,9.757143331481791e-13
1202,plts_tim401,1,401,solar,0.2862693014198905,0.0,0.2862693014198905,0.07021453114388725
1203,batt_tim401,1,401,battery,0.08000641533033745,0.0,0.08000641533033745,0.023893580746821356
1204,pltd_tim402,1,402,diesel,0.0027193158098474525,0.0681,-0.06538068419015254,0.0008462631329149324
1205,plts_tim402,1,402,solar,0.18502171766249886,0.0,0.18502171766249886,0.04519126801398314
1206,batt_tim402,1,402,battery,0.07986521471069867,0.0,0.07986521471069867,0.02181623082519851
1207,pltd_tim403,1,403,diesel,2.9000878861004137e-11,0.1291,-0.1290999999709991,9.906753077326519e-13
1208,plts_tim403,1,403,solar,0.3464507149933109,0.0,0.3464507149933109,0.08502787459737061
1209,batt_tim403,1,403,battery,0.0968954627918023,0.0,0.0968954627918023,0.02893305215206754
1210,pltd_tim404,1,404,diesel,0.008686684936025158,0.2175,-0.20881331506397485,0.0027033528305599507
1211,plts_tim404,1,404,solar,0.6058899683002571,0.0,0.6058899683002571,0.14436705145829815
1212,batt_tim404,1,404,battery,0.25516680947698683,0.0,0.25516680947698683,0.06969577363958016
1213,pltd_tim405,1,405,diesel,2.745231150204015e-11,0.2006,-0.20059999997254768,9.831332638414528e-13
1214,plts_tim405,1,405,solar,0.5328347636481002,0.0,0.5328347636481002,0.132108067423939
1215,batt_tim405,1,405,battery,0.15053933116044727,0.0,0.15053933116044727,0.0449536894567247
1216,pltd_tim406,1,406,diesel,0.0049462544751375055,0.1238,-0.11885374552486248,0.0015393056716341816
1217,plts_tim406,1,406,solar,0.3385316603859589,0.0,0.3385316603859589,0.0822034999673742
1218,batt_tim406,1,406,battery,0.14530502956428407,0.0,0.14530502956428407,0.03968624477677517
1219,pltd_tim407,1,407,diesel,2.7393907294418455e-11,0.2039,-0.20389999997260608,9.976764369711955e-13
1220,plts_tim407,1,407,solar,0.5456265982610001,0.0,0.5456265982610001,0.13434156201585673
1221,batt_tim407,1,407,battery,0.15308108428776132,0.0,0.15308108428776132,0.04571645561440483
1222,pltd_tim408,1,408,diesel,0.006533313067024397,0.1636,-0.1570666869329756,0.0020332037996706838
1223,plts_tim408,1,408,solar,0.4471652689532853,0.0,0.4471652689532853,0.1085822870335129
1224,batt_tim408,1,408,battery,0.19193307238486576,0.0,0.19193307238486576,0.052421441440705735
1225,pltd_tim409,1,409,diesel,2.7492660527815403e-11,0.0591,-0.05909999997250734,8.865211284075945e-13
1226,plts_tim409,1,409,solar,0.15659440389145804,0.0,0.15659440389145804,0.0389628173717927
1227,batt_tim409,1,409,battery,0.04439250596996106,0.0,0.04439250596996106,0.013258158231362798
1228,pltd_tim410,1,410,diesel,0.0030393994236666225,0.0761,-0.07306060057633337,0.0009458959115087597
1229,plts_tim410,1,410,solar,0.2080028305711067,0.0,0.2080028305711067,0.05050801165098945
1230,batt_tim410,1,410,battery,0.08927897732293744,0.0,0.08927897732293744,0.02438422504254174
1231,pltd_tim411,1,411,diesel,2.8102708026143377e-11,0.1587,-0.1586999999718973,9.882184766007998e-13
1232,plts_tim411,1,411,solar,0.4242241656408661,0.0,0.4242241656408661,0.10450982917099375
1233,batt_tim411,1,411,battery,0.11906961148017985,0.0,0.11906961148017985,0.03556297925044952
1234,pltd_tim412,1,412,diesel,0.005868985959017638,0.147,-0.14113101404098236,0.0018265084670848104
1235,plts_tim412,1,412,solar,0.40304622268037227,0.0,0.40304622268037227,0.0975395514731735
1236,batt_tim412,1,412,battery,0.1723780215393983,0.0,0.1723780215393983,0.0470875184994011
1237,pltd_tim413,1,413,diesel,2.7620276048603254e-11,0.1916,-0.19159999997237973,9.871695902839287e-13
1238,plts_tim413,1,413,solar,0.510011237375133,0.0,0.510011237375133,0.12622370116014184
1239,batt_tim413,1,413,battery,0.14382377952007194,0.0,0.14382377952007194,0.04295191894066836
1240,pltd_tim414,1,414,diesel,0.006865520224252075,0.1719,-0.16503447977574792,0.0021366365595903263
1241,plts_tim414,1,414,solar,0.47448743957258155,0.0,0.47448743957258155,0.114102951062222
1242,batt_tim414,1,414,battery,0.20167628993517536,0.0,0.20167628993517536,0.055084415255468304
1243,pltd_tim415,1,415,diesel,2.8599807456233776e-11,0.1445,-0.14449999997140017,9.885772231313302e-13
1244,plts_tim415,1,415,solar,0.3865519202916554,0.0,0.3865519202916554,0.09517495836470315
1245,batt_tim415,1,415,battery,0.10845046257119922,0.0,0.10845046257119922,0.03238792782828006
1246,pltd_tim416,1,416,diesel,0.007776230769495008,0.1947,-0.186923769230505,0.0024200711431733146
1247,plts_tim416,1,416,solar,0.532218721270493,0.0,0.532218721270493,0.1292352834049118
1248,batt_tim416,1,416,battery,0.22843913509368732,0.0,0.22843913509368732,0.06239222473440274
1249,pltd_tim417,1,417,diesel,2.8070376733574525e-11,0.0345,-0.034499999971929624,8.092531615634238e-13
1250,plts_tim417,1,417,solar,0.09231043012258644,0.0,0.09231043012258644,0.022728231014429015
1251,batt_tim417,1,417,battery,0.02589872017106292,0.0,0.02589872017106292,0.007734415407543322
1252,pltd_tim418,1,418,diesel,0.0022638989926334493,0.0567,-0.05443610100736655,0.0007045253769307647
1253,plts_tim418,1,418,solar,0.1549499476936411,0.0,0.1549499476936411,0.0376255220209452
1254,batt_tim418,1,418,battery,0.06650807216397275,0.0,0.06650807216397275,0.0181648758332617
1255,pltd_tim419,1,419,diesel,2.7712000098321497e-11,0.0628,-0.062799999972288,9.174258740449446e-13
1256,plts_tim419,1,419,solar,0.16842700719701903,0.0,0.16842700719701903,0.04139854991910309
1257,batt_tim419,1,419,battery,0.0471774627222241,0.0,0.0471774627222241,0.014088316539109044
1258,pltd_tim420,1,420,diesel,0.0032850700479035455,0.0823,-0.07901492995209645,0.0010223783347082442
1259,plts_tim420,1,420,solar,0.2268005156545588,0.0,0.2268005156545588,0.054597770436996
1260,batt_tim420,1,420,battery,0.0964886409509384,0.0,0.0964886409509384,0.02635797478916248
1261,pltd_tim421,1,421,diesel,2.955418822199473e-11,0.0373,-0.037299999970445814,8.294388374247009e-13
1262,plts_tim421,1,421,solar,0.10014211127630407,0.0,0.10014211127630407,0.024554445116215795
1263,batt_tim421,1,421,battery,0.02797793992090194,0.0,0.02797793992090194,0.00835527461437916
1264,pltd_tim422,1,422,diesel,0.004761847661264617,0.1192,-0.11443815233873539,0.0014819749615545572
1265,plts_tim422,1,422,solar,0.3276412093449068,0.0,0.3276412093449068,0.07913560543511433
1266,batt_tim422,1,422,battery,0.13986293524463095,0.0,0.13986293524463095,0.03820254722246669
1267,pltd_tim423,1,423,diesel,2.7553721613597764e-11,0.1953,-0.1952999999724463,9.873203560310596e-13
1268,plts_tim423,1,423,solar,0.519930638457828,0.0,0.519930638457828,0.12865829229187764
1269,batt_tim423,1,423,battery,0.1465941611293589,0.0,0.1465941611293589,0.04377918198954338
1270,pltd_tim424,1,424,diesel,0.004134024429391035,0.1035,-0.09936597557060896,0.001286560526457571
1271,plts_tim424,1,424,solar,0.2851826293271662,0.0,0.2851826293271662,0.06870715304878394
1272,batt_tim424,1,424,battery,0.12142325981609489,0.0,0.12142325981609489,0.03316911871691487
1273,pltd_tim425,1,425,diesel,2.7776265028661694e-11,0.1802,-0.18019999997222375,9.166975845009674e-13
1274,plts_tim425,1,425,solar,0.46184362478869345,0.0,0.46184362478869345,0.11871487163967642
1275,batt_tim425,1,425,battery,0.13527321530473763,0.0,0.13527321530473763,0.04039677443687156
1276,pltd_tim426,1,426,diesel,0.001993560864887287,0.0499,-0.047906439135112715,0.0006203148714154437
1277,plts_tim426,1,426,solar,0.1292781554127812,0.0,0.1292781554127812,0.03312678991975669
1278,batt_tim426,1,426,battery,0.058542777967268894,0.0,0.058542777967268894,0.015992792979666152
1279,pltd_tim427,1,427,diesel,2.7304611128833695e-11,0.2086,-0.2085999999726954,9.57430523232405e-13
1280,plts_tim427,1,427,solar,0.5473332325923217,0.0,0.5473332325923217,0.13738545791281964
1281,batt_tim427,1,427,battery,0.15655720503482715,0.0,0.15655720503482715,0.04675276604637941
1282,pltd_tim428,1,428,diesel,0.008662001916245022,0.2169,-0.20823799808375498,0.002695777097019307
1283,plts_tim428,1,428,solar,0.5890732561265147,0.0,0.5890732561265147,0.14395829016546258
1284,batt_tim428,1,428,battery,0.25444839055576557,0.0,0.25444839055576557,0.06949987267092068
1285,pltd_tim429,1,429,diesel,2.9051122757036867e-11,0.1245,-0.12449999997094888,9.211670584422323e-13
1286,plts_tim429,1,429,solar,0.32298638496315535,0.0,0.32298638496315535,0.08198402167855665
1287,batt_tim429,1,429,battery,0.09339767638795149,0.0,0.09339767638795149,0.027897287130287697
1288,pltd_tim430,1,430,diesel,0.006299822407624441,0.1577,-0.15140017759237556,0.0019605552816446144
1289,plts_tim430,1,430,solar,0.4281258731972852,0.0,0.4281258731972852,0.1046967477196829
1290,batt_tim430,1,430,battery,0.18504098963118457,0.0,0.18504098963118457,0.05054415912754204
1291,pltd_tim431,1,431,diesel,2.8911722797792287e-11,0.1337,-0.13369999997108828,9.783755558382312e-13
1292,plts_tim431,1,431,solar,0.3563542984886351,0.0,0.3563542984886351,0.08807310741288862
1293,batt_tim431,1,431,battery,0.10036546485088936,0.0,0.10036546485088936,0.029971792229132342
1294,pltd_tim432,1,432,diesel,0.005377157619381808,0.1346,-0.12922284238061818,0.0016733594965137497
1295,plts_tim432,1,432,solar,0.3573324808966801,0.0,0.3573324808966801,0.08936002485964276
1296,batt_tim432,1,432,battery,0.15793618215510877,0.0,0.15793618215510877,0.043138877436809595
1297,pltd_tim433,1,433,diesel,2.79231138628512e-11,0.1722,-0.17219999997207688,9.933800080042043e-13
1298,plts_tim433,1,433,solar,0.4607322755976673,0.0,0.4607322755976673,0.11343928938243279
1299,batt_tim433,1,433,battery,0.12926251182627774,0.0,0.12926251182627774,0.03860334179057536
1300,pltd_tim434,1,434,diesel,0.00334639023987441,0.0838,-0.08045360976012558,0.0010414169421664363
1301,plts_tim434,1,434,solar,0.22353019939645882,0.0,0.22353019939645882,0.055620310413892086
1302,batt_tim434,1,434,battery,0.09831033029914484,0.0,0.09831033029914484,0.026851898696628712
1303,pltd_tim435,1,435,diesel,2.834933914325778e-11,0.0869,-0.08689999997165067,9.896051632049557e-13
1304,plts_tim435,1,435,solar,0.23680096995804487,0.0,0.23680096995804487,0.05722721680753333
1305,batt_tim435,1,435,battery,0.06520645141303545,0.0,0.06520645141303545,0.019474566372637427
1306,pltd_tim436,1,436,diesel,0.004601867425314434,0.1152,-0.11059813257468556,0.001432130042495088
1307,plts_tim436,1,436,solar,0.3176683216104472,0.0,0.3176683216104472,0.07647773080638935
1308,batt_tim436,1,436,battery,0.13517453021072645,0.0,0.13517453021072645,0.036921113339583374
1309,pltd_tim437,1,437,diesel,2.7371112812089685e-11,0.2039,-0.2038999999726289,9.434379678010939e-13
1310,plts_tim437,1,437,solar,0.5307282877472901,0.0,0.5307282877472901,0.13434091627269343
1311,batt_tim437,1,437,battery,0.15305535355162048,0.0,0.15305535355162048,0.04571289730019288
1312,pltd_tim438,1,438,diesel,0.008206641537095686,0.2055,-0.1972933584629043,0.0025539962758276075
1313,plts_tim438,1,438,solar,0.5616938448969717,0.0,0.5616938448969717,0.13639247198336973
1314,batt_tim438,1,438,battery,0.24109056521880182,0.0,0.24109056521880182,0.06584765114235591
1315,pltd_tim439,1,439,diesel,2.860567431713535e-11,0.0961,-0.09609999997139433,9.168884504254966e-13
1316,plts_tim439,1,439,solar,0.2517294603482898,0.0,0.2517294603482898,0.06331459109936921
1317,batt_tim439,1,439,battery,0.07213933215083276,0.0,0.07213933215083276,0.02154426945951284
1318,pltd_tim440,1,440,diesel,0.003445229819330371,0.0863,-0.08285477018066963,0.0010721791127613033
1319,plts_tim440,1,440,solar,0.24009059091001822,0.0,0.24009059091001822,0.05725603848664257
1320,batt_tim440,1,440,battery,0.10119285836268513,0.0,0.10119285836268513,0.027641140485582107
1321,pltd_tim441,1,441,diesel,2.9044548684326158e-11,0.1109,-0.11089999997095545,9.713050731573344e-13
1322,plts_tim441,1,441,solar,0.29671578637490603,0.0,0.29671578637490603,0.0730559366851638
1323,batt_tim441,1,441,battery,0.08324681499355298,0.0,0.08324681499355298,0.02486110819821978
1324,pltd_tim442,1,442,diesel,0.002793072399287635,0.0699,-0.06710692760071237,0.0008691905774949702
1325,plts_tim442,1,442,solar,0.19116089784424445,0.0,0.19116089784424445,0.04641837588524785
1326,batt_tim442,1,442,battery,0.08204992776363952,0.0,0.08204992776363952,0.02240988628444871
1327,pltd_tim443,1,443,diesel,2.7078327360733512e-11,0.2252,-0.22519999997292167,1.008960705953021e-12
1328,plts_tim443,1,443,solar,0.6023399839527849,0.0,0.6023399839527849,0.14834236375965182
1329,batt_tim443,1,443,battery,0.169002692378843,0.0,0.169002692378843,0.05047614272349027
1330,pltd_tim444,1,444,diesel,0.0039005235290982348,0.0977,-0.09379947647090175,0.0012138829323396919
1331,plts_tim444,1,444,solar,0.26797493739439127,0.0,0.26797493739439127,0.06482197906979618
1332,batt_tim444,1,444,battery,0.11458032334806606,0.0,0.11458032334806606,0.031294383642347996
1333,pltd_tim445,1,445,diesel,2.7123692592801666e-11,0.2991,-0.2990999999728763,1.006246896153301e-12
1334,plts_tim445,1,445,solar,0.8003044440510875,0.0,0.8003044440510875,0.1970471187526357
1335,batt_tim445,1,445,battery,0.22453272733252277,0.0,0.22453272733252277,0.06705501921609826
1336,pltd_tim446,1,446,diesel,0.005389111845534247,0.1349,-0.12951088815446574,0.0016770996921432063
1337,plts_tim446,1,446,solar,0.3718313606254171,0.0,0.3718313606254171,0.08956455185416823
1338,batt_tim446,1,446,battery,0.15829457140553102,0.0,0.15829457140553102,0.043237448818250625
1339,pltd_tim447,1,447,diesel,2.8867954727118714e-11,0.1359,-0.13589999997113203,9.968473910092851e-13
1340,plts_tim447,1,447,solar,0.3653023000091359,0.0,0.3653023000091359,0.08949292642330194
1341,batt_tim447,1,447,battery,0.10197653357705111,0.0,0.10197653357705111,0.03045284615123684
1342,pltd_tim448,1,448,diesel,0.004380141231915486,0.1097,-0.10531985876808451,0.0013632087940850831
1343,plts_tim448,1,448,solar,0.3007512412349602,0.0,0.3007512412349602,0.07279691817560444
1344,batt_tim448,1,448,battery,0.12867720189664303,0.0,0.12867720189664303,0.03514354726546745
1345,pltd_tim449,1,449,diesel,2.8739227201876836e-11,0.1405,-0.14049999997126078,1.0006204030253035e-12
1346,plts_tim449,1,449,solar,0.3781499295988425,0.0,0.3781499295988425,0.09253661549192752
1347,batt_tim449,1,449,battery,0.10543343301758407,0.0,0.10543343301758407,0.0314877082898342
1348,pltd_tim450,1,450,diesel,0.010618443453834775,0.2659,-0.25528155654616524,0.003304515454003124
1349,plts_tim450,1,450,solar,0.7302359415382375,0.0,0.7302359415382375,0.1764714906259628
1350,batt_tim450,1,450,battery,0.31193443987551067,0.0,0.31193443987551067,0.08519571494659495
1351,pltd_tim451,1,451,diesel,2.7596463790066848e-11,0.7631,-0.7630999999724035,1.0009147593235214e-12
1352,plts_tim451,1,451,solar,2.0561838572187274,0.0,2.0561838572187274,0.5026596405766535
1353,batt_tim451,1,451,battery,0.5727139605306886,0.0,0.5727139605306886,0.1710394131004958
1354,pltd_tim452,1,452,diesel,0.009621975850445188,0.2409,-0.2312780241495548,0.0029944643532061753
1355,plts_tim452,1,452,solar,0.6630740495687483,0.0,0.6630740495687483,0.15990771032772075
1356,batt_tim452,1,452,battery,0.2826559773192807,0.0,0.2826559773192807,0.07719749173736806
1357,pltd_tim453,1,453,diesel,2.693888303487592e-11,0.2409,-0.2408999999730611,1.0096506238984606e-12
1358,plts_tim453,1,453,solar,0.644527544159119,0.0,0.644527544159119,0.15869247819035226
1359,batt_tim453,1,453,battery,0.18082743201689513,0.0,0.18082743201689513,0.05400277870103128
1360,pltd_tim454,1,454,diesel,0.011295417135482105,0.2828,-0.2715045828645179,0.0035152756600873416
1361,plts_tim454,1,454,solar,0.7730644557003696,0.0,0.7730644557003696,0.1877182217718512
1362,batt_tim454,1,454,battery,0.331815171742664,0.0,0.331815171742664,0.09062664579247855
1363,pltd_tim455,1,455,diesel,2.7808862094288568e-11,0.1805,-0.18049999997219113,1.010355781865573e-12
1364,plts_tim455,1,455,solar,0.48582563423825775,0.0,0.48582563423825775,0.11891845544600603
1365,batt_tim455,1,455,battery,0.13551015596209795,0.0,0.13551015596209795,0.04046633687020987
1366,pltd_tim456,1,456,diesel,0.009609395869503186,0.2406,-0.23099060413049682,0.002990511438407354
1367,plts_tim456,1,456,solar,0.6212649929180499,0.0,0.6212649929180499,0.15970327795577385
1368,batt_tim456,1,456,battery,0.28228484080128663,0.0,0.28228484080128663,0.0770985010321594
1369,pltd_tim457,1,457,diesel,2.7524758613387246e-11,0.1953,-0.19529999997247524,9.162875051380587e-13
1370,plts_tim457,1,457,solar,0.5005063478150289,0.0,0.5005063478150289,0.1286585601486962
1371,batt_tim457,1,457,battery,0.1465892775524517,0.0,0.1465892775524517,0.04378065799175916
1372,pltd_tim458,1,458,diesel,0.01240267859157214,0.3105,-0.2980973214084279,0.0038598571134981726
1373,plts_tim458,1,458,solar,0.8285931181672275,0.0,0.8285931181672275,0.20612131543320614
1374,batt_tim458,1,458,battery,0.36430109361362534,0.0,0.36430109361362534,0.09950691432054116
1375,pltd_tim459,1,459,diesel,2.8618073223202868e-11,0.0967,-0.09669999997138191,9.2361380012653e-13
1376,plts_tim459,1,459,solar,0.2536608439639662,0.0,0.2536608439639662,0.06372082157550439
1377,batt_tim459,1,459,battery,0.07261890085484927,0.0,0.07261890085484927,0.021684093395788775
1378,pltd_tim460,1,460,diesel,0.006840893612121116,0.1713,-0.1644591063878789,0.002128968740180835
1379,plts_tim460,1,460,solar,0.4460889154434896,0.0,0.4460889154434896,0.11369414179403879
1380,batt_tim460,1,460,battery,0.20094759528541073,0.0,0.20094759528541073,0.054888089647170145
1381,pltd_tim461,1,461,diesel,2.6878864094809663e-11,0.2659,-0.26589999997312114,8.896505464271392e-13
1382,plts_tim461,1,461,solar,0.6665231010841463,0.0,0.6665231010841463,0.17513027785575042
1383,batt_tim461,1,461,battery,0.19955004625770448,0.0,0.19955004625770448,0.05959496810650574
1384,pltd_tim462,1,462,diesel,0.010655470390613063,0.2668,-0.25614452960938694,0.0033161522557581453
1385,plts_tim462,1,462,solar,0.684585911703827,0.0,0.684585911703827,0.1770846444611991
1386,batt_tim462,1,462,battery,0.3130275163460182,0.0,0.3130275163460182,0.08549082882092078
1387,pltd_tim463,1,463,diesel,2.7246275841265364e-11,0.2092,-0.2091999999727537,9.019907022769992e-13
1388,plts_tim463,1,463,solar,0.5298929561240019,0.0,0.5298929561240019,0.13779124473835327
1389,batt_tim463,1,463,battery,0.15701614489863125,0.0,0.15701614489863125,0.04688921953260759
1390,pltd_tim464,1,464,diesel,0.011701370585811178,0.293,-0.2812986294141888,0.0036415507563374973
1391,plts_tim464,1,464,solar,0.7827497709287109,0.0,0.7827497709287109,0.19446657929075917
1392,batt_tim464,1,464,battery,0.34372545285341793,0.0,0.34372545285341793,0.09388506876552645
1393,pltd_tim465,1,465,diesel,2.833405702425573e-11,0.1528,-0.15279999997166593,9.696662643953078e-13
1394,plts_tim465,1,465,solar,0.40493589971962496,0.0,0.40493589971962496,0.10065378277248968
1395,batt_tim465,1,465,battery,0.11467966165274937,0.0,0.11467966165274937,0.034249657408601496
1396,pltd_tim466,1,466,diesel,0.019169964673967612,0.48,-0.4608300353260324,0.005965851126501356
1397,plts_tim466,1,466,solar,1.2987300461413969,0.0,1.2987300461413969,0.3185899428941053
1398,batt_tim466,1,466,battery,0.5631134682786115,0.0,0.5631134682786115,0.15381010045269397
1399,pltd_tim467,1,467,diesel,2.7185666313974966e-11,0.0518,-0.051799999972814335,8.880397190177401e-13
1400,plts_tim467,1,467,solar,0.13894802012714558,0.0,0.13894802012714558,0.034092842010189285
1401,batt_tim467,1,467,battery,0.03884481084806115,0.0,0.03884481084806115,0.01160080474921071
1402,pltd_tim468,1,468,diesel,0.009695609384303406,0.2428,-0.23310439061569657,0.0030173648796747434
1403,plts_tim468,1,468,solar,0.6532933512173292,0.0,0.6532933512173292,0.161135361763678
1404,batt_tim468,1,468,battery,0.28482949941364066,0.0,0.28482949941364066,0.0777934541137451
1405,pltd_tim469,1,469,diesel,2.895847213065211e-11,0.1319,-0.13189999997104151,9.358562373677027e-13
1406,plts_tim469,1,469,solar,0.3444090316592374,0.0,0.3444090316592374,0.08685472276687803
1407,batt_tim469,1,469,battery,0.09895123177236578,0.0,0.09895123177236578,0.02955401091912976
1408,pltd_tim470,1,470,diesel,0.0033345693161207788,0.0835,-0.08016543068387923,0.001037739741809264
1409,plts_tim470,1,470,solar,0.22448664889003517,0.0,0.22448664889003517,0.055415789561475706
1410,batt_tim470,1,470,battery,0.0979488279942278,0.0,0.0979488279942278,0.026753592572419313
1411,pltd_tim471,1,471,diesel,2.7904329228208158e-11,0.1741,-0.1740999999720957,9.62020474749713e-13
1412,plts_tim471,1,471,solar,0.4590568603453289,0.0,0.4590568603453289,0.1146566121579701
1413,batt_tim471,1,471,battery,0.13062481659072198,0.0,0.13062481659072198,0.039015888918097104
1414,pltd_tim472,1,472,diesel,0.002522339284583665,0.0632,-0.06067766071541634,0.0007849945984019732
1415,plts_tim472,1,472,solar,0.16859305327934737,0.0,0.16859305327934737,0.0419197102025432
1416,batt_tim472,1,472,battery,0.07408947395994864,0.0,0.07408947395994864,0.020237940887531454
1417,pltd_tim473,1,473,diesel,2.6728090952581546e-11,0.0419,-0.04189999997327191,8.191857814986469e-13
1418,plts_tim473,1,473,solar,0.11057906685083489,0.0,0.11057906685083489,0.02759841196759291
1419,batt_tim473,1,473,battery,0.03144730428257786,0.0,0.03144730428257786,0.009391358868253725
1420,pltd_tim474,1,474,diesel,0.0024116788124756844,0.0604,-0.05798832118752432,0.0007505202506514684
1421,plts_tim474,1,474,solar,0.16139182912949193,0.0,0.16139182912949193,0.04007924550238573
1422,batt_tim474,1,474,battery,0.07083669349036348,0.0,0.07083669349036348,0.01934877979023718
1423,pltd_tim475,1,475,diesel,2.9058351319314398e-11,0.1118,-0.11179999997094164,9.274665371034165e-13
1424,plts_tim475,1,475,solar,0.2927544638370543,0.0,0.2927544638370543,0.07366428341180728
1425,batt_tim475,1,475,battery,0.08394358812897597,0.0,0.08394358812897597,0.025067345056265868
1426,pltd_tim476,1,476,diesel,0.0022638989889365918,0.0567,-0.05443610101106341,0.000704525374365838
1427,plts_tim476,1,476,solar,0.15419849999221116,0.0,0.15419849999221116,0.037625295655631455
1428,batt_tim476,1,476,battery,0.06649883365202408,0.0,0.06649883365202408,0.018163628451934664
1429,pltd_tim477,1,477,diesel,2.9097772596500117e-11,0.1229,-0.12289999997090223,1.0004306699598898e-12
1430,plts_tim477,1,477,solar,0.33267833683586207,0.0,0.33267833683586207,0.08096964890284755
1431,batt_tim477,1,477,battery,0.0922610572559089,0.0,0.0922610572559089,0.027552352814590342
1432,pltd_tim478,1,478,diesel,0.007271663438121404,0.1821,-0.1748283365618786,0.0022630085823389257
1433,plts_tim478,1,478,solar,0.49520109972510884,0.0,0.49520109972510884,0.12085090595625227
1434,batt_tim478,1,478,battery,0.21359089393495193,0.0,0.21359089393495193,0.0583416937234325
1435,pltd_tim479,1,479,diesel,2.7843525866328244e-11,0.1778,-0.17779999997215648,9.950397904324038e-13
1436,plts_tim479,1,479,solar,0.47521945336974375,0.0,0.47521945336974375,0.11709141208106118
1437,batt_tim479,1,479,battery,0.1334058037061153,0.0,0.1334058037061153,0.03984491966119566
1438,pltd_tim480,1,480,diesel,0.003248309702506623,0.0813,-0.07805169029749337,0.001010867487370402
1439,plts_tim480,1,480,solar,0.2223196247787972,0.0,0.2223196247787972,0.053984418289124717
1440,batt_tim480,1,480,battery,0.09542449240621784,0.0,0.09542449240621784,0.0260626164820626
1441,pltd_tim481,1,481,diesel,2.792720076585206e-11,0.1719,-0.1718999999720728,9.932133113453949e-13
1442,plts_tim481,1,481,solar,0.45990600762619727,0.0,0.45990600762619727,0.11323584964858456
1443,batt_tim481,1,481,battery,0.129030585789847,0.0,0.129030585789847,0.038533956090562115
1444,pltd_tim482,1,482,diesel,0.006582832895775244,0.1648,-0.15821716710422476,0.00204866539206862
1445,plts_tim482,1,482,solar,0.44931736105708964,0.0,0.44931736105708964,0.10940009120178962
1446,batt_tim482,1,482,battery,0.1933782105296991,0.0,0.1933782105296991,0.05281588676781658
1447,pltd_tim483,1,483,diesel,2.687791835518739e-11,0.3549,-0.35489999997312205,1.0124460192618868e-12
1448,plts_tim483,1,483,solar,0.9538915753164872,0.0,0.9538915753164872,0.23377822105176224
1449,batt_tim483,1,483,battery,0.26635982710760997,0.0,0.26635982710760997,0.07955466267689809
1450,pltd_tim484,1,484,diesel,0.004724841163933445,0.1183,-0.11357515883606656,0.0014703542764381117
1451,plts_tim484,1,484,solar,0.3187052781481869,0.0,0.3187052781481869,0.07852269772917839
1452,batt_tim484,1,484,battery,0.13879913271608635,0.0,0.13879913271608635,0.03790880128638721
1453,pltd_tim485,1,485,diesel,2.8768276921009475e-11,0.1392,-0.13919999997123172,9.786082538098758e-13
1454,plts_tim485,1,485,solar,0.3708872619236315,0.0,0.3708872619236315,0.09172516723037145
1455,batt_tim485,1,485,battery,0.10452893022554127,0.0,0.10452893022554127,0.031213332181762966
1456,pltd_tim486,1,486,diesel,0.004552301436644043,0.114,-0.10944769856335596,0.0014167196063890402
1457,plts_tim486,1,486,solar,0.3069609076097451,0.0,0.3069609076097451,0.07565956668114406
1458,batt_tim486,1,486,battery,0.13372118642771075,0.0,0.13372118642771075,0.0365248121003905
1459,pltd_tim487,1,487,diesel,2.7863372345841477e-11,0.1762,-0.17619999997213662,9.351425396819593e-13
1460,plts_tim487,1,487,solar,0.4578241402627244,0.0,0.4578241402627244,0.11607673252191558
1461,batt_tim487,1,487,battery,0.13224131869473835,0.0,0.13224131869473835,0.039497060506789125
1462,pltd_tim488,1,488,diesel,0.005967605039840016,0.1494,-0.14343239496016,0.0018571354652225562
1463,plts_tim488,1,488,solar,0.40842784859274434,0.0,0.40842784859274434,0.09917590542754298
1464,batt_tim488,1,488,battery,0.17530584613907904,0.0,0.17530584613907904,0.04788019718541023
1465,pltd_tim489,1,489,diesel,2.9041711367150574e-11,0.1124,-0.11239999997095829,9.287485559366698e-13
1466,plts_tim489,1,489,solar,0.2938959532705866,0.0,0.2938959532705866,0.07407000931058082
1467,batt_tim489,1,489,battery,0.08438128410543794,0.0,0.08438128410543794,0.02520469714431946
1468,pltd_tim490,1,490,diesel,0.0032112467633363976,0.0804,-0.0771887532366636,0.0009994158757730002
1469,plts_tim490,1,490,solar,0.21899114242239537,0.0,0.21899114242239537,0.05337085773200033
1470,batt_tim490,1,490,battery,0.09434021796249002,0.0,0.09434021796249002,0.02576632044831737
1471,pltd_tim491,1,491,diesel,2.8172728636846343e-11,0.1571,-0.15709999997182725,9.726093366511797e-13
1472,plts_tim491,1,491,solar,0.41687652230723576,0.0,0.41687652230723576,0.10349576643500687
1473,batt_tim491,1,491,battery,0.11793367131319012,0.0,0.11793367131319012,0.03521975338225856
1474,pltd_tim492,1,492,diesel,0.0024238587614047982,0.0607,-0.058276141238595196,0.0007543331465375248
1475,plts_tim492,1,492,solar,0.16431921210701916,0.0,0.16431921210701916,0.04028356784274328
1476,batt_tim492,1,492,battery,0.07120194856135857,0.0,0.07120194856135857,0.019447125498274945
1477,pltd_tim493,1,493,diesel,2.626800986511722e-11,0.4772,-0.477199999973732,9.85655207457066e-13
1478,plts_tim493,1,493,solar,1.2718680869354997,0.0,1.2718680869354997,0.314342706433046
1479,batt_tim493,1,493,battery,0.3582155223932346,0.0,0.3582155223932346,0.10697214516308107
1480,pltd_tim494,1,494,diesel,0.006742613109936746,0.1688,-0.16205738689006327,0.0020983703013268784
1481,plts_tim494,1,494,solar,0.46148099780723195,0.0,0.46148099780723195,0.11205848544623312
1482,batt_tim494,1,494,battery,0.19807691853133794,0.0,0.19807691853133794,0.05409964387504323
1483,pltd_tim495,1,495,diesel,2.7160184444013895e-11,0.3035,-0.30349999997283983,1.0272741406278257e-12
1484,plts_tim495,1,495,solar,0.8197656702924753,0.0,0.8197656702924753,0.19988772616861447
1485,batt_tim495,1,495,battery,0.22777071443488117,0.0,0.22777071443488117,0.0680178400813204
1486,pltd_tim496,1,496,diesel,0.005906048875390335,0.1479,-0.14199395112460966,0.0018379040656145253
1487,plts_tim496,1,496,solar,0.39612741271482194,0.0,0.39612741271482194,0.09815362782526012
1488,batt_tim496,1,496,battery,0.1734898333343754,0.0,0.1734898333343754,0.04738715815420535
1489,pltd_tim497,1,497,diesel,2.8288104998751214e-11,0.0847,-0.08469999997171189,9.705618100932755e-13
1490,plts_tim497,1,497,solar,0.22906226144979847,0.0,0.22906226144979847,0.05580598063220439
1491,batt_tim497,1,497,battery,0.06359107708564855,0.0,0.06359107708564855,0.018989714864725393
1492,pltd_tim498,1,498,diesel,0.0049707322589501194,0.1245,-0.11952926774104988,0.0015469718549208672
1493,plts_tim498,1,498,solar,0.3468091102175037,0.0,0.3468091102175037,0.08261210005854978
1494,batt_tim498,1,498,battery,0.14600573099103423,0.0,0.14600573099103423,0.03988140871631825
1495,pltd_tim499,1,499,diesel,2.774278236021732e-11,0.0635,-0.06349999997225722,9.15854483303698e-13
1496,plts_tim499,1,499,solar,0.16978788722162275,0.0,0.16978788722162275,0.04180435860955942
1497,batt_tim499,1,499,battery,0.04763568992017159,0.0,0.04763568992017159,0.014226124843805097
1498,pltd_tim500,1,500,diesel,0.005770726058462795,0.1445,-0.1387292739415372,0.0017959122687460788
1499,plts_tim500,1,500,solar,0.40497229921735634,0.0,0.40497229921735634,0.09590339116420389
1500,batt_tim500,1,500,battery,0.16949553881885884,0.0,0.16949553881885884,0.04629696377657555
1501,pltd_tim501,1,501,diesel,2.903029249309228e-11,0.1097,-0.10969999997096971,9.704033351416266e-13
1502,plts_tim501,1,501,solar,0.2934189100092736,0.0,0.2934189100092736,0.0722441956114195
1503,batt_tim501,1,501,battery,0.08232202979893365,0.0,0.08232202979893365,0.024584809989784462
1504,pltd_tim502,1,502,diesel,0.004601867405008416,0.1152,-0.11059813259499159,0.001432130037895921
1505,plts_tim502,1,502,solar,0.316317525698838,0.0,0.316317525698838,0.07647746489073913
1506,batt_tim502,1,502,battery,0.1351560853225911,0.0,0.1351560853225911,0.03691964800793427
1507,pltd_tim503,1,503,diesel,2.835197251860997e-11,0.1547,-0.15469999997164804,1.0880760243599723e-12
1508,plts_tim503,1,503,solar,0.4318128287933305,0.0,0.4318128287933305,0.10187190076759006
1509,batt_tim503,1,503,battery,0.11608355785177765,0.0,0.11608355785177765,0.03466566077809174
1510,pltd_tim504,1,504,diesel,0.0065651757993401795,0.1349,-0.1283348242006598,0.0025415066723758844
1511,plts_tim504,1,504,solar,0.38215930692022015,0.0,0.38215930692022015,0.08855411098498735
1512,batt_tim504,1,504,battery,0.15536391333895896,0.0,0.15536391333895896,0.04243274124291817
1513,pltd_tim505,1,505,diesel,2.8748452000754533e-11,0.1411,-0.14109999997125156,1.0598680002898695e-12
1514,plts_tim505,1,505,solar,0.3898186525362776,0.0,0.3898186525362776,0.09294274612187245
1515,batt_tim505,1,505,battery,0.10590260086600557,0.0,0.10590260086600557,0.03162729061562218
1516,pltd_tim506,1,506,diesel,0.005832169205559599,0.146,-0.1401678307944404,0.001814984704560867
1517,plts_tim506,1,506,solar,0.39916471199903497,0.0,0.39916471199903497,0.09692657496229191
1518,batt_tim506,1,506,battery,0.17132952267234156,0.0,0.17132952267234156,0.0467942360866115
1519,pltd_tim507,1,507,diesel,2.7853113013526154e-11,0.1793,-0.17929999997214688,1.0792079627184733e-12
1520,plts_tim507,1,507,solar,0.49699230966417457,0.0,0.49699230966417457,0.1181060476560003
1521,batt_tim507,1,507,battery,0.13457964500064074,0.0,0.13457964500064074,0.040187907694365074
1522,pltd_tim508,1,508,diesel,0.001894931547672617,0.0474,-0.04550506845232738,0.0005897777997521071
1523,plts_tim508,1,508,solar,0.12968569646889605,0.0,0.12968569646889605,0.03149081944313856
1524,batt_tim508,1,508,battery,0.055663648819271175,0.0,0.055663648819271175,0.015203108677109157
1525,pltd_tim509,1,509,diesel,2.7599977242981067e-11,0.0607,-0.06069999997240002,9.091301195131434e-13
1526,plts_tim509,1,509,solar,0.1623676410910038,0.0,0.1623676410910038,0.03997738122445893
1527,batt_tim509,1,509,battery,0.045553058192589334,0.0,0.045553058192589334,0.013604145461276466
1528,pltd_tim510,1,510,diesel,0.0020177617274632067,0.0505,-0.048482238272536796,0.0006279519671221254
1529,plts_tim510,1,510,solar,0.13810748229678763,0.0,0.13810748229678763,0.033535786914214376
1530,batt_tim510,1,510,battery,0.05927868814111115,0.0,0.05927868814111115,0.016190446611871415
1531,pltd_tim511,1,511,diesel,2.9058310686462322e-11,0.1263,-0.12629999997094168,1.0437724099376997e-12
1532,plts_tim511,1,511,solar,0.3474960683750732,0.0,0.3474960683750732,0.08320223463660718
1533,batt_tim511,1,511,battery,0.09481845512174436,0.0,0.09481845512174436,0.028314122368555503
1534,pltd_tim512,1,512,diesel,0.002781015585820777,0.0696,-0.06681898441417922,0.0008654186382903167
1535,plts_tim512,1,512,solar,0.1938047165975761,0.0,0.1938047165975761,0.046213681795032664
1536,batt_tim512,1,512,battery,0.08168798826130663,0.0,0.08168798826130663,0.02231010349741478
1537,pltd_tim513,1,513,diesel,2.8600000023575976e-11,0.0955,-0.0954999999714,1.008919881592231e-12
1538,plts_tim513,1,513,solar,0.26172939205906637,0.0,0.26172939205906637,0.06290864852449377
1539,batt_tim513,1,513,battery,0.07167725081864623,0.0,0.07167725081864623,0.021405723396409688
1540,pltd_tim514,1,514,diesel,0.006505312446567198,0.1337,-0.12719468755343283,0.002518372024760299
1541,plts_tim514,1,514,solar,0.37486538618121984,0.0,0.37486538618121984,0.0877450522744316
1542,batt_tim514,1,514,battery,0.15395563941653856,0.0,0.15395563941653856,0.04204300953957842
1543,pltd_tim515,1,515,diesel,2.9066647658061797e-11,0.1134,-0.11339999997093335,9.732306066130604e-13
1544,plts_tim515,1,515,solar,0.3033069784323101,0.0,0.3033069784323101,0.0746787883558139
1545,batt_tim515,1,515,battery,0.08509484846635534,0.0,0.08509484846635534,0.025413007675040965
1546,pltd_tim516,1,516,diesel,0.00655048821568846,0.1346,-0.12804951178431154,0.0025357574697183983
1547,plts_tim516,1,516,solar,0.37886164116152066,0.0,0.37886164116152066,0.08835158257659176
1548,batt_tim516,1,516,battery,0.15499759415155043,0.0,0.15499759415155043,0.042334112437757795
1549,pltd_tim517,1,517,diesel,2.8976624525854486e-11,0.1057,-0.10569999997102338,1.0277670724430023e-12
1550,plts_tim517,1,517,solar,0.2914295423345522,0.0,0.2914295423345522,0.06960503189090143
1551,batt_tim517,1,517,battery,0.0793072795585884,0.0,0.0793072795585884,0.02368500457181191
1552,pltd_tim518,1,518,diesel,0.0026945918722656075,0.0675,-0.0648054081277344,0.0008385571235278527
1553,plts_tim518,1,518,solar,0.18442453870658754,0.0,0.18442453870658754,0.04478260618702486
1554,batt_tim518,1,518,battery,0.07915916786067936,0.0,0.07915916786067936,0.02162016008128241
1555,pltd_tim519,1,519,diesel,2.729035616483806e-11,0.0555,-0.05549999997270964,8.944404536254359e-13
1556,plts_tim519,1,519,solar,0.14835634651210064,0.0,0.14835634651210064,0.036527587527456225
1557,batt_tim519,1,519,battery,0.041622479186446175,0.0,0.041622479186446175,0.012430152860013347
1558,pltd_tim520,1,520,diesel,0.007764643419387846,0.1596,-0.15183535658061215,0.0030059220439792316
1559,plts_tim520,1,520,solar,0.4592804216129992,0.0,0.4592804216129992,0.10472770079868796
1560,batt_tim520,1,520,battery,0.18371138421272248,0.0,0.18371138421272248,0.05018045422216334
1561,pltd_tim521,1,521,diesel,2.9005735577888447e-11,0.1282,-0.12819999997099427,9.735553637901528e-13
1562,plts_tim521,1,521,solar,0.34109980594719264,0.0,0.34109980594719264,0.08441947317318937
1563,batt_tim521,1,521,battery,0.09619051293923951,0.0,0.09619051293923951,0.028726513887475293
1564,pltd_tim522,1,522,diesel,0.004331103570747375,0.1084,-0.10406889642925263,0.001347832835463225
1565,plts_tim522,1,522,solar,0.2995112738785201,0.0,0.2995112738785201,0.07197914439295972
1566,batt_tim522,1,522,battery,0.12722230559610512,0.0,0.12722230559610512,0.03474966410816199
1567,pltd_tim523,1,523,diesel,2.6859501507874874e-11,0.0453,-0.0452999999731405,8.574314284287118e-13
1568,plts_tim523,1,523,solar,0.1211592872517057,0.0,0.1211592872517057,0.029831258142246592
1569,batt_tim523,1,523,battery,0.033992804218776464,0.0,0.033992804218776464,0.010151786310055337
1570,pltd_tim524,1,524,diesel,0.004244864448132643,0.1063,-0.10205513555186736,0.0013211027308762755
1571,plts_tim524,1,524,solar,0.2901796575903702,0.0,0.2901796575903702,0.07054733163961562
1572,batt_tim524,1,524,battery,0.12468493276920924,0.0,0.12468493276920924,0.03405680714096793
1573,pltd_tim525,1,525,diesel,2.8685572749010012e-11,0.098,-0.09799999997131444,9.819908683129635e-13
1574,plts_tim525,1,525,solar,0.2647966836516588,0.0,0.2647966836516588,0.06453264650439478
1575,batt_tim525,1,525,battery,0.07353870976879044,0.0,0.07353870976879044,0.02196054509800232
1576,pltd_tim526,1,526,diesel,0.003248309694363771,0.0813,-0.07805169030563623,0.0010108674832495354
1577,plts_tim526,1,526,solar,0.22099178005076636,0.0,0.22099178005076636,0.05398419697977105
1578,batt_tim526,1,526,battery,0.0954305074655109,0.0,0.0954305074655109,0.026061396952592616
1579,pltd_tim527,1,527,diesel,2.8140488226081997e-11,0.0795,-0.07949999997185951,8.870029640258367e-13
1580,plts_tim527,1,527,solar,0.20579668109875074,0.0,0.20579668109875074,0.05235632204466825
1581,batt_tim527,1,527,battery,0.05966510162777217,0.0,0.05966510162777217,0.017816775355850595
1582,pltd_tim528,1,528,diesel,0.0030759956732248515,0.077,-0.07392400432677515,0.0009572355100485677
1583,plts_tim528,1,528,solar,0.20250190688425113,0.0,0.20250190688425113,0.05112161225432061
1584,batt_tim528,1,528,battery,0.09036524482102705,0.0,0.09036524482102705,0.02468039451946798
1585,pltd_tim529,1,529,diesel,2.6959206922003942e-11,0.2375,-0.23749999997304078,1.0100709606732125e-12
1586,plts_tim529,1,529,solar,0.6354625067497806,0.0,0.6354625067497806,0.1564605281916064
1587,batt_tim529,1,529,battery,0.17828459656372012,0.0,0.17828459656372012,0.05324327797879098
1588,pltd_tim530,1,530,diesel,0.005893725397820692,0.1476,-0.14170627460217933,0.0018341461118207027
1589,plts_tim530,1,530,solar,0.39670493195872875,0.0,0.39670493195872875,0.0979483800849826
1590,batt_tim530,1,530,battery,0.1731144285704438,0.0,0.1731144285704438,0.04728436301730435
1591,pltd_tim531,1,531,diesel,2.7775224845739304e-11,0.1827,-0.18269999997222477,9.61227147212813e-13
1592,plts_tim531,1,531,solar,0.4805236340276489,0.0,0.4805236340276489,0.12033849471651369
1593,batt_tim531,1,531,battery,0.13713367858593545,0.0,0.13713367858593545,0.04094891310010134
1594,pltd_tim532,1,532,diesel,0.008871291720731478,0.2221,-0.21322870827926851,0.0027608655245968147
1595,plts_tim532,1,532,solar,0.6040607049707396,0.0,0.6040607049707396,0.1474341351812975
1596,batt_tim532,1,532,battery,0.26059171091551125,0.0,0.26059171091551125,0.07117565894789862
1597,pltd_tim533,1,533,diesel,2.7299477196521803e-11,0.0558,-0.05579999997270053,8.95391322030367e-13
1598,plts_tim533,1,533,solar,0.1491831471582331,0.0,0.1491831471582331,0.036731158413903245
1599,batt_tim533,1,533,battery,0.04185472493424341,0.0,0.04185472493424341,0.012499644098895204
1600,pltd_tim534,1,534,diesel,0.0032112467714976354,0.0804,-0.07718875322850237,0.0009994158801865292
1601,plts_tim534,1,534,solar,0.2197931136604221,0.0,0.2197931136604221,0.05337087282803334
1602,batt_tim534,1,534,battery,0.09434009607504187,0.0,0.09434009607504187,0.025766403657995266
1603,pltd_tim535,1,535,diesel,2.908251474519053e-11,0.1121,-0.11209999997091749,1.0413645260882586e-12
1604,plts_tim535,1,535,solar,0.3097742845547686,0.0,0.3097742845547686,0.07386679333922962
1605,batt_tim535,1,535,battery,0.08417579162300493,0.0,0.08417579162300493,0.025136235886152908
1606,pltd_tim536,1,536,diesel,0.004106879375264986,0.0844,-0.08029312062473502,0.0015899297087215549
1607,plts_tim536,1,536,solar,0.23690606178420975,0.0,0.23690606178420975,0.055396543916218406
1608,batt_tim536,1,536,battery,0.09717718950717166,0.0,0.09717718950717166,0.026543057855315945
1609,pltd_tim537,1,537,diesel,2.8749004291355964e-11,0.0998,-0.099799999971251,9.63024586246328e-13
1610,plts_tim537,1,537,solar,0.2670415629859037,0.0,0.2670415629859037,0.06574969183859197
1611,batt_tim537,1,537,battery,0.0749203461155319,0.0,0.0749203461155319,0.022374340658235917
1612,pltd_tim538,1,538,diesel,0.0031626248127590685,0.065,-0.06183737518724093,0.001224243796331673
1613,plts_tim538,1,538,solar,0.18188123401352096,0.0,0.18188123401352096,0.042659640879121836
1614,batt_tim538,1,538,battery,0.07484427532567897,0.0,0.07484427532567897,0.020440613321094515
1615,pltd_tim539,1,539,diesel,2.8364628934896022e-11,0.0875,-0.08749999997163536,9.883745359315837e-13
1616,plts_tim539,1,539,solar,0.23827591557126052,0.0,0.23827591557126052,0.05763303473369414
1617,batt_tim539,1,539,battery,0.06566747983159568,0.0,0.06566747983159568,0.019612425569892723
1618,pltd_tim540,1,540,diesel,0.004934084908731206,0.1235,-0.11856591509126879,0.0015355569462972521
1619,plts_tim540,1,540,solar,0.3479783431360015,0.0,0.3479783431360015,0.08199894592060777
1620,batt_tim540,1,540,battery,0.14493120448120703,0.0,0.14493120448120703,0.03958736160554186
1621,pltd_tim541,1,541,diesel,2.7888536798053853e-11,0.1747,-0.17469999997211147,9.948091545384074e-13
1622,plts_tim541,1,541,solar,0.4673255774730506,0.0,0.4673255774730506,0.11506266052234845
1623,batt_tim541,1,541,battery,0.13111281161176624,0.0,0.13111281161176624,0.03915594367614726
1624,pltd_tim542,1,542,diesel,0.006816446603616791,0.1707,-0.1638835533963832,0.002121382818831848
1625,plts_tim542,1,542,solar,0.46228590241186573,0.0,0.46228590241186573,0.11328534494199906
1626,batt_tim542,1,542,battery,0.2002605763666415,0.0,0.2002605763666415,0.05469170515666723
1627,pltd_tim543,1,543,diesel,2.876920630177856e-11,0.1392,-0.13919999997123078,9.185779679553714e-13
1628,plts_tim543,1,543,solar,0.3596959554416225,0.0,0.3596959554416225,0.09172505844819036
1629,batt_tim543,1,543,battery,0.10450800591437995,0.0,0.10450800591437995,0.031212732746294554
1630,pltd_tim544,1,544,diesel,0.006004319164822726,0.1503,-0.14429568083517727,0.0018686134448233302
1631,plts_tim544,1,544,solar,0.4076071767076684,0.0,0.4076071767076684,0.09978925057535469
1632,batt_tim544,1,544,battery,0.1763673428637725,0.0,0.1763673428637725,0.0481758758252856
1633,pltd_tim545,1,545,diesel,2.8972225899614792e-11,0.1322,-0.1321999999710278,1.0428118453285093e-12
1634,plts_tim545,1,545,solar,0.36306275438817237,0.0,0.36306275438817237,0.0870575108485366
1635,batt_tim545,1,545,battery,0.09919017995128755,0.0,0.09919017995128755,0.029624434494702933
1636,pltd_tim546,1,546,diesel,0.004023363963816501,0.1007,-0.0966766360361835,0.00125212117640527
1637,plts_tim546,1,546,solar,0.27063288555905574,0.0,0.27063288555905574,0.06686697991789405
1638,batt_tim546,1,546,battery,0.11819635059123504,0.0,0.11819635059123504,0.03228198857705743
1639,pltd_tim547,1,547,diesel,2.7930251242826052e-11,0.1713,-0.17129999997206977,9.798791652944437e-13
1640,plts_tim547,1,547,solar,0.4553573232259161,0.0,0.4553573232259161,0.11282989469204582
1641,batt_tim547,1,547,battery,0.12855782324104703,0.0,0.12855782324104703,0.038395341798743
1642,pltd_tim548,1,548,diesel,0.004158897184944377,0.1041,-0.09994110281505562,0.0012943101634050938
1643,plts_tim548,1,548,solar,0.28021904235097533,0.0,0.28021904235097533,0.06911631100458593
1644,batt_tim548,1,548,battery,0.12217270521906425,0.0,0.12217270521906425,0.03336820231657428
1645,pltd_tim549,1,549,diesel,2.6939091413391717e-11,0.2742,-0.2741999999730609,1.004776098605395e-12
1646,plts_tim549,1,549,solar,0.732812376713055,0.0,0.732812376713055,0.180610110864204
1647,batt_tim549,1,549,battery,0.2058026759425054,0.0,0.2058026759425054,0.061462255497469365
1648,pltd_tim550,1,550,diesel,0.005290682498875213,0.1325,-0.1272093175011248,0.001646590603393365
1649,plts_tim550,1,550,solar,0.35623697950572014,0.0,0.35623697950572014,0.08792901067865094
1650,batt_tim550,1,550,battery,0.1554064403277404,0.0,0.1554064403277404,0.04244986003870844
1651,pltd_tim551,1,551,diesel,2.82592818807843e-11,0.0841,-0.08409999997174071,9.282808636479607e-13
1652,plts_tim551,1,551,solar,0.22247129519064798,0.0,0.22247129519064798,0.055399979905116165
1653,batt_tim551,1,551,battery,0.06311807619133027,0.0,0.06311807619133027,0.018850848357938512
1654,pltd_tim552,1,552,diesel,0.005524521966721522,0.1383,-0.1327754780332785,0.0017193457493611323
1655,plts_tim552,1,552,solar,0.37811137413596135,0.0,0.37811137413596135,0.09181437292486075
1656,batt_tim552,1,552,battery,0.16229313182802158,0.0,0.16229313182802158,0.04432617560652505
1657,pltd_tim553,1,553,diesel,2.8804388795425323e-11,0.1014,-0.10139999997119561,9.401351183545132e-13
1658,plts_tim553,1,553,solar,0.26771251089920195,0.0,0.26771251089920195,0.06676493017785792
1659,batt_tim553,1,553,battery,0.07606743538703233,0.0,0.07606743538703233,0.022720033006756426
1660,pltd_tim554,1,554,diesel,0.007985397474149026,0.1999,-0.19191460252585096,0.0024852026420062387
1661,plts_tim554,1,554,solar,0.5423627566178465,0.0,0.5423627566178465,0.13271086869110155
1662,batt_tim554,1,554,battery,0.23456791611979128,0.0,0.23456791611979128,0.06406646997703733
1663,pltd_tim555,1,555,diesel,2.7313904967262575e-11,0.0558,-0.055799999972686094,8.892965707487234e-13
1664,plts_tim555,1,555,solar,0.1489222117796729,0.0,0.1489222117796729,0.036731127415207655
1665,batt_tim555,1,555,battery,0.041861925953012954,0.0,0.041861925953012954,0.012499473283127144
1666,pltd_tim556,1,556,diesel,0.00764458350492317,0.1571,-0.14945541649507682,0.0029593308277632716
1667,plts_tim556,1,556,solar,0.43971939099136326,0.0,0.43971939099136326,0.10311035422262475
1668,batt_tim556,1,556,battery,0.18087711931482564,0.0,0.18087711931482564,0.049404737481255526
1669,pltd_tim557,1,557,diesel,2.852848586664982e-11,0.1482,-0.1481999999714715,1.1326279828730253e-12
1670,plts_tim557,1,557,solar,0.4206681153833384,0.0,0.4206681153833384,0.09761014682080647
1671,batt_tim557,1,557,battery,0.11120988607312991,0.0,0.11120988607312991,0.03321508796741353
1672,pltd_tim558,1,558,diesel,0.007013412889274793,0.1756,-0.16858658711072522,0.0021825732770904883
1673,plts_tim558,1,558,solar,0.47666760854381457,0.0,0.47666760854381457,0.1165569760906817
1674,batt_tim558,1,558,battery,0.2060299288896919,0.0,0.2060299288896919,0.05626942895936054
1675,pltd_tim559,1,559,diesel,2.8747629961466534e-11,0.0995,-0.09949999997125238,9.968625992409525e-13
1676,plts_tim559,1,559,solar,0.2707199885879319,0.0,0.2707199885879319,0.06554715678860257
1677,batt_tim559,1,559,battery,0.0746849372759738,0.0,0.0746849372759738,0.022305619976700577
1678,pltd_tim560,1,560,diesel,0.006349029384304303,0.159,-0.1526509706156957,0.001975823026032347
1679,plts_tim560,1,560,solar,0.43387168055428366,0.0,0.43387168055428366,0.10551472316843598
1680,batt_tim560,1,560,battery,0.18648551274052064,0.0,0.18648551274052064,0.050938904400100016
1681,pltd_tim561,1,561,diesel,2.907528824772786e-11,0.1208,-0.12079999997092472,9.789830721359886e-13
1682,plts_tim561,1,561,solar,0.3230900400496498,0.0,0.3230900400496498,0.07954967882854092
1683,batt_tim561,1,561,battery,0.09064564204899515,0.0,0.09064564204899515,0.0270707750508478
1684,pltd_tim562,1,562,diesel,0.0031374902346189377,0.0786,-0.07546250976538106,0.0009764674722940261
1685,plts_tim562,1,562,solar,0.2202101240930615,0.0,0.2202101240930615,0.052144028159099604
1686,batt_tim562,1,562,battery,0.09217065898972082,0.0,0.09217065898972082,0.02517431447426077
1687,pltd_tim563,1,563,diesel,2.871601427307617e-11,0.1408,-0.140799999971284,9.725751876026032e-13
1688,plts_tim563,1,563,solar,0.373768325755182,0.0,0.373768325755182,0.09273909797141801
1689,batt_tim563,1,563,battery,0.10565808342863543,0.0,0.10565808342863543,0.031556447869354756
1690,pltd_tim564,1,564,diesel,0.0028175963445135213,0.0705,-0.06768240365548647,0.0008769525943123293
1691,plts_tim564,1,564,solar,0.19442261413022027,0.0,0.19442261413022027,0.04682703179316463
1692,batt_tim564,1,564,battery,0.08277240408675228,0.0,0.08277240408675228,0.0226055772967498
1693,pltd_tim565,1,565,diesel,2.79687406207358e-11,0.069,-0.06899999997203127,1.0310888625003734e-12
1694,plts_tim565,1,565,solar,0.19392418340001502,0.0,0.19392418340001502,0.045456759424767665
1695,batt_tim565,1,565,battery,0.05179527840458236,0.0,0.05179527840458236,0.015468926669927056
1696,pltd_tim566,1,566,diesel,0.008046907492495082,0.2015,-0.19345309250750492,0.002504261202912767
1697,plts_tim566,1,566,solar,0.542722880508111,0.0,0.542722880508111,0.13373415431080457
1698,batt_tim566,1,566,battery,0.2363467471783375,0.0,0.2363467471783375,0.06456426548278278
1699,pltd_tim567,1,567,diesel,2.7344781983392398e-11,0.0567,-0.05669999997265522,8.97214970347284e-13
1700,plts_tim567,1,567,solar,0.1518459295993741,0.0,0.1518459295993741,0.03733915704168761
1701,batt_tim567,1,567,battery,0.04254145021172515,0.0,0.04254145021172515,0.012705814287405765
1702,pltd_tim568,1,568,diesel,0.00339602289379094,0.085,-0.08160397710620906,0.0010568553816033466
1703,plts_tim568,1,568,solar,0.23449330119591416,0.0,0.23449330119591416,0.056438002409434515
1704,batt_tim568,1,568,battery,0.09974718134174307,0.0,0.09974718134174307,0.027245829760314474
1705,pltd_tim569,1,569,diesel,2.6891205231417e-11,0.2557,-0.25569999997310877,9.949875965154344e-13
1706,plts_tim569,1,569,solar,0.6798834489349153,0.0,0.6798834489349153,0.16843323782532119
1707,batt_tim569,1,569,battery,0.19191761482489356,0.0,0.19191761482489356,0.05731546285608719
1708,pltd_tim570,1,570,diesel,0.0032358169092576794,0.081,-0.07776418309074232,0.001007049747120379
1709,plts_tim570,1,570,solar,0.22259054073251136,0.0,0.22259054073251136,0.05377975899249562
1710,batt_tim570,1,570,battery,0.09504931080339167,0.0,0.09504931080339167,0.02596285018515932
1711,pltd_tim571,1,571,diesel,2.81551318793755e-11,0.0767,-0.07669999997184487,1.0897101032011751e-12
1712,plts_tim571,1,571,solar,0.21926012758780633,0.0,0.21926012758780633,0.05052998737120483
1713,batt_tim571,1,571,battery,0.05758133968893206,0.0,0.05758133968893206,0.017194634583423494
1714,pltd_tim572,1,572,diesel,0.010432006984445198,0.2144,-0.20396799301555482,0.0040383835922669815
1715,plts_tim572,1,572,solar,0.6479782800767095,0.0,0.6479782800767095,0.14071665957997004
1716,batt_tim572,1,572,battery,0.24687242164734985,0.0,0.24687242164734985,0.06742873247572989
1717,pltd_tim573,1,573,diesel,2.7126417554120674e-11,0.0487,-0.04869999997287358,9.6816535217676e-13
1718,plts_tim573,1,573,solar,0.13681847372655415,0.0,0.13681847372655415,0.03206324513537514
1719,batt_tim573,1,573,battery,0.03653939405009052,0.0,0.03653939405009052,0.010910873720722957
1720,pltd_tim574,1,574,diesel,0.003402667564948134,0.0699,-0.06649733243505188,0.0013172430108757697
1721,plts_tim574,1,574,solar,0.2071978856276059,0.0,0.2071978856276059,0.045894141272821036
1722,batt_tim574,1,574,battery,0.08051647079818283,0.0,0.08051647079818283,0.021990090735458673
1723,pltd_tim575,1,575,diesel,2.966392621362956e-11,0.037,-0.036999999970336074,1.0638780240868095e-12
1724,plts_tim575,1,575,solar,0.11026313478726264,0.0,0.11026313478726264,0.024351922054286396
1725,batt_tim575,1,575,battery,0.027751671780521948,0.0,0.027751671780521948,0.00828631140983583
1726,pltd_tim576,1,576,diesel,0.009758109440338027,0.2006,-0.19084189055966197,0.0037776232611446076
1727,plts_tim576,1,576,solar,0.5673816493414782,0.0,0.5673816493414782,0.13161811581245314
1728,batt_tim576,1,576,battery,0.2308848697981532,0.0,0.2308848697981532,0.06306851004715584
1729,pltd_tim577,1,577,diesel,2.9094141538540415e-11,0.1084,-0.10839999997090585,1.1754012731885261e-12
1730,plts_tim577,1,577,solar,0.31501124792998986,0.0,0.31501124792998986,0.07143220258933859
1731,batt_tim577,1,577,battery,0.08140321786710142,0.0,0.08140321786710142,0.024306506275478076
1732,pltd_tim578,1,578,diesel,0.006280305558343235,0.1291,-0.12281969444165676,0.0024312982500187437
1733,plts_tim578,1,578,solar,0.38091835106885397,0.0,0.38091835106885397,0.08471225699249518
1734,batt_tim578,1,578,battery,0.14862031719297636,0.0,0.14862031719297636,0.04058963683174396
1735,pltd_tim579,1,579,diesel,2.894019824517662e-11,0.1325,-0.1324999999710598,9.835934092131467e-13
1736,plts_tim579,1,579,solar,0.35407272604227313,0.0,0.35407272604227313,0.0872613649619138
1737,batt_tim579,1,579,battery,0.0994428938176226,0.0,0.0994428938176226,0.029695177848308656
1738,pltd_tim580,1,580,diesel,0.004749277932621487,0.1189,-0.11415072206737852,0.001478037128871728
1739,plts_tim580,1,580,solar,0.31765763175903133,0.0,0.31765763175903133,0.07893121757264873
1740,batt_tim580,1,580,battery,0.13951302841366686,0.0,0.13951302841366686,0.038103962037910805
1741,pltd_tim581,1,581,diesel,2.9080128858373323e-11,0.1165,-0.11649999997091988,9.756253341112291e-13
1742,plts_tim581,1,581,solar,0.3115501119675944,0.0,0.3115501119675944,0.07670837312782917
1743,batt_tim581,1,581,battery,0.0874083772141631,0.0,0.0874083772141631,0.02610379776251167
1744,pltd_tim582,1,582,diesel,0.002227015571175947,0.0558,-0.05357298442882406,0.0006930646128905534
1745,plts_tim582,1,582,solar,0.1482954777241767,0.0,0.1482954777241767,0.0370120913237497
1746,batt_tim582,1,582,battery,0.06541207178233671,0.0,0.06541207178233671,0.017868936364442208
1747,pltd_tim583,1,583,diesel,2.901093306520657e-11,0.1084,-0.10839999997098906,9.30392612973126e-13
1748,plts_tim583,1,583,solar,0.28411265472391006,0.0,0.28411265472391006,0.0714325128108846
1749,batt_tim583,1,583,battery,0.08139764609170674,0.0,0.08139764609170674,0.02430821572409835
1750,pltd_tim584,1,584,diesel,0.007394703850023059,0.1852,-0.17780529614997695,0.0023013518194170356
1751,plts_tim584,1,584,solar,0.5061141437365474,0.0,0.5061141437365474,0.12289639625814874
1752,batt_tim584,1,584,battery,0.21723507086076177,0.0,0.21723507086076177,0.05933195714160385
1753,pltd_tim585,1,585,diesel,2.6922954893407208e-11,0.2397,-0.23969999997307703,9.127164102114557e-13
1754,plts_tim585,1,585,solar,0.6090120818403506,0.0,0.6090120818403506,0.15788077930564778
1755,batt_tim585,1,585,battery,0.1798707345275336,0.0,0.1798707345275336,0.053722392804570876
1756,pltd_tim586,1,586,diesel,0.008526535397591023,0.2135,-0.20497346460240898,0.0026535881184921086
1757,plts_tim586,1,586,solar,0.557953510292488,0.0,0.557953510292488,0.1417088072826166
1758,batt_tim586,1,586,battery,0.25046107021699765,0.0,0.25046107021699765,0.0684128610911276
1759,pltd_tim587,1,587,diesel,2.7804708102426932e-11,0.1808,-0.18079999997219529,9.60659041244505e-13
1760,plts_tim587,1,587,solar,0.47573470817240954,0.0,0.47573470817240954,0.11912054563617142
1761,batt_tim587,1,587,battery,0.1357434658805542,0.0,0.1357434658805542,0.04053353193857683
1762,pltd_tim588,1,588,diesel,0.005303231724146811,0.1328,-0.12749676827585318,0.0016504562720570759
1763,plts_tim588,1,588,solar,0.3597446283854524,0.0,0.3597446283854524,0.08813332179917226
1764,batt_tim588,1,588,battery,0.15578722209024348,0.0,0.15578722209024348,0.04254777898147296
1765,pltd_tim589,1,589,diesel,2.8940619496981933e-11,0.1066,-0.10659999997105939,8.86962936762588e-13
1766,plts_tim589,1,589,solar,0.2722748241623343,0.0,0.2722748241623343,0.07021423165467679
1767,batt_tim589,1,589,battery,0.07999795447988035,0.0,0.07999795447988035,0.023891930436012454
1768,pltd_tim590,1,590,diesel,0.006902526671315366,0.1728,-0.16589747332868465,0.002148110208905881
1769,plts_tim590,1,590,solar,0.44452442380626755,0.0,0.44452442380626755,0.11471691421296029
1770,batt_tim590,1,590,battery,0.2027691480131412,0.0,0.2027691480131412,0.05538301261191752
1771,pltd_tim591,1,591,diesel,2.90973382203031e-11,0.1152,-0.11519999997090266,9.677826638200438e-13
1772,plts_tim591,1,591,solar,0.30783160981678553,0.0,0.30783160981678553,0.07589625279796886
1773,batt_tim591,1,591,battery,0.08647679751113109,0.0,0.08647679751113109,0.025825718278150396
1774,pltd_tim592,1,592,diesel,0.004847927783583997,0.1214,-0.116552072216416,0.0015087163746837597
1775,plts_tim592,1,592,solar,0.33100342726841164,0.0,0.33100342726841164,0.08056737360433913
1776,batt_tim592,1,592,battery,0.14241255713066683,0.0,0.14241255713066683,0.03889495081687862
1777,pltd_tim593,1,593,diesel,2.8233411168582976e-11,0.0832,-0.08319999997176658,8.682486100911644e-13
1778,plts_tim593,1,593,solar,0.2127609179637947,0.0,0.2127609179637947,0.05479172347234313
1779,batt_tim593,1,593,battery,0.0624393043082579,0.0,0.0624393043082579,0.01864510905616734
1780,pltd_tim594,1,594,diesel,0.01633988556815074,0.4091,-0.39276011443184927,0.005085165805693649
1781,plts_tim594,1,594,solar,1.084324701207251,0.0,1.084324701207251,0.2715578146191008
1782,batt_tim594,1,594,battery,0.48001967651043953,0.0,0.48001967651043953,0.13110243052363046
1783,pltd_tim595,1,595,diesel,2.8294047957701574e-11,0.0853,-0.08529999997170595,9.440751230319e-13
1784,plts_tim595,1,595,solar,0.22752279407423745,0.0,0.22752279407423745,0.05621196352192064
1785,batt_tim595,1,595,battery,0.06403822660217508,0.0,0.06403822660217508,0.01912817449646146
1786,pltd_tim596,1,596,diesel,0.004417337485137616,0.1106,-0.10618266251486239,0.0013747723880173967
1787,plts_tim596,1,596,solar,0.282870110732508,0.0,0.282870110732508,0.0734102013820807
1788,batt_tim596,1,596,battery,0.1297408443083798,0.0,0.1297408443083798,0.03543943349925298
1789,pltd_tim597,1,597,diesel,2.788341818298947e-11,0.0669,-0.06689999997211658,9.598797220575338e-13
1790,plts_tim597,1,597,solar,0.1823068174553846,0.0,0.1823068174553846,0.04403628467878799
1791,batt_tim597,1,597,battery,0.05017325412750685,0.0,0.05017325412750685,0.014984567954689136
1792,pltd_tim598,1,598,diesel,0.00270674611173439,0.0678,-0.0650932538882656,0.0008423253212653487
1793,plts_tim598,1,598,solar,0.18663382290680136,0.0,0.18663382290680136,0.044987139089790254
1794,batt_tim598,1,598,battery,0.07951986182493259,0.0,0.07951986182493259,0.021719072614091176
1795,pltd_tim599,1,599,diesel,2.8045601481030454e-11,0.0733,-0.0732999999719544,9.71075029865166e-13
1796,plts_tim599,1,599,solar,0.199834600571803,0.0,0.199834600571803,0.04829810454575474
1797,batt_tim599,1,599,battery,0.0550415466669006,0.0,0.0550415466669006,0.016436121180011996
1798,pltd_tim600,1,600,diesel,0.0016855084379199053,0.0422,-0.0405144915620801,0.0005245983899249469
1799,plts_tim600,1,600,solar,0.11735278615047838,0.0,0.11735278615047838,0.028014476627862026
1800,batt_tim600,1,600,battery,0.04950813961966205,0.0,0.04950813961966205,0.013524463697168792
1801,pltd_tim601,1,601,diesel,2.883175226731357e-11,0.1017,-0.10169999997116824,9.918527838455105e-13
1802,plts_tim601,1,601,solar,0.2757171352591939,0.0,0.2757171352591939,0.0669670601062972
1803,batt_tim601,1,601,battery,0.07631311579838752,0.0,0.07631311579838752,0.0227868298835572
1804,pltd_tim602,1,602,diesel,0.0032483097099987404,0.0813,-0.07805169029000125,0.0010108674869003615
1805,plts_tim602,1,602,solar,0.21557282725107035,0.0,0.21557282725107035,0.05398437216066263
1806,batt_tim602,1,602,battery,0.095413405652466,0.0,0.095413405652466,0.026062362292511063
1807,pltd_tim603,1,603,diesel,2.811266718001424e-11,0.0776,-0.07759999997188734,9.179516905107515e-13
1808,plts_tim603,1,603,solar,0.20505432596935042,0.0,0.20505432596935042,0.05113858037493113
1809,batt_tim603,1,603,battery,0.058263524766987144,0.0,0.058263524766987144,0.01740222853008036
1810,pltd_tim604,1,604,diesel,0.0015381183379764238,0.0385,-0.03696188166202358,0.0004787214153871116
1811,plts_tim604,1,604,solar,0.10320992424676556,0.0,0.10320992424676556,0.025560669253010395
1812,batt_tim604,1,604,battery,0.04518163549468395,0.0,0.04518163549468395,0.012339705657335241
1813,pltd_tim605,1,605,diesel,2.80341048634957e-11,0.1605,-0.1604999999719659,8.864022717971013e-13
1814,plts_tim605,1,605,solar,0.40492243395836014,0.0,0.40492243395836014,0.1057275150718443
1815,batt_tim605,1,605,battery,0.12047512922739269,0.0,0.12047512922739269,0.03597691018270912
1816,pltd_tim606,1,606,diesel,0.003519006847166109,0.0881,-0.08458099315283389,0.0010951016773689502
1817,plts_tim606,1,606,solar,0.23061808326338204,0.0,0.23061808326338204,0.05848307513334069
1818,batt_tim606,1,606,battery,0.10336527720269204,0.0,0.10336527720269204,0.02823460801437704
1819,pltd_tim607,1,607,diesel,2.8369217922274726e-11,0.1488,-0.14879999997163076,8.817538247855983e-13
1820,plts_tim607,1,607,solar,0.37437722057337985,0.0,0.37437722057337985,0.09801614937065871
1821,batt_tim607,1,607,battery,0.11168054218234291,0.0,0.11168054218234291,0.033353347350104846
1822,pltd_tim608,1,608,diesel,0.0017963484112749587,0.045,-0.04320365158872504,0.0005590425714807366
1823,plts_tim608,1,608,solar,0.12122553222207813,0.0,0.12122553222207813,0.029854902545574137
1824,batt_tim608,1,608,battery,0.05276941892580936,0.0,0.05276941892580936,0.014412627692035282
1825,pltd_tim609,1,609,diesel,2.712052733586868e-11,0.0496,-0.04959999997287947,8.736903688225139e-13
1826,plts_tim609,1,609,solar,0.13266752577964597,0.0,0.13266752577964597,0.03267144783635016
1827,batt_tim609,1,609,battery,0.03722531573562111,0.0,0.03722531573562111,0.011116934103701586
1828,pltd_tim610,1,610,diesel,0.0033345693371993365,0.0835,-0.08016543066280067,0.0010377397500885774
1829,plts_tim610,1,610,solar,0.22777886776805323,0.0,0.22777886776805323,0.05541582965306474
1830,batt_tim610,1,610,battery,0.09795468572030873,0.0,0.09795468572030873,0.026753813539466598
1831,pltd_tim611,1,611,diesel,2.838789161810099e-11,0.0887,-0.08869999997161211,9.608443627154616e-13
1832,plts_tim611,1,611,solar,0.23822149089876765,0.0,0.23822149089876765,0.05844430769085034
1833,batt_tim611,1,611,battery,0.06660627371744257,0.0,0.06660627371744257,0.01988861292740265
1834,pltd_tim612,1,612,diesel,0.004269680743171302,0.1069,-0.1026303192568287,0.0013288184372966699
1835,plts_tim612,1,612,solar,0.2943708295528771,0.0,0.2943708295528771,0.07095673299854692
1836,batt_tim612,1,612,battery,0.12542433806865716,0.0,0.12542433806865716,0.034256697865357164
1837,pltd_tim613,1,613,diesel,2.87628743404921e-11,0.1001,-0.10009999997123711,9.703228243148685e-13
1838,plts_tim613,1,613,solar,0.2688271654118732,0.0,0.2688271654118732,0.06595298145319417
1839,batt_tim613,1,613,battery,0.07516452764423893,0.0,0.07516452764423893,0.02244413347204937
1840,pltd_tim614,1,614,diesel,0.0029034662069498036,0.0727,-0.0697965337930502,0.0009035739264364473
1841,plts_tim614,1,614,solar,0.19914315073564418,0.0,0.19914315073564418,0.04825879280313359
1842,batt_tim614,1,614,battery,0.08529809825756406,0.0,0.08529809825756406,0.02329805120277566
1843,pltd_tim615,1,615,diesel,2.8389297301583324e-11,0.089,-0.0889999999716107,9.395913703340887e-13
1844,plts_tim615,1,615,solar,0.23637754821081053,0.0,0.23637754821081053,0.05864716073119109
1845,batt_tim615,1,615,battery,0.06682414116881151,0.0,0.06682414116881151,0.01995600003501283
1846,pltd_tim616,1,616,diesel,0.00620110597448811,0.1553,-0.14909889402551188,0.0019298760692128911
1847,plts_tim616,1,616,solar,0.42341585585412395,0.0,0.42341585585412395,0.1030608469033823
1848,batt_tim616,1,616,battery,0.18217293968284456,0.0,0.18217293968284456,0.049753998281732124
1849,pltd_tim617,1,617,diesel,2.8352994218102163e-11,0.1528,-0.152799999971647,9.58644183008304e-13
1850,plts_tim617,1,617,solar,0.4033736057542749,0.0,0.4033736057542749,0.10065397719300954
1851,batt_tim617,1,617,battery,0.11470116439299985,0.0,0.11470116439299985,0.03425072874658043
1852,pltd_tim618,1,618,diesel,0.005352171989990418,0.134,-0.1286478280100096,0.0016656819995753715
1853,plts_tim618,1,618,solar,0.36029896877243245,0.0,0.36029896877243245,0.08895159818147763
1854,batt_tim618,1,618,battery,0.15723486167290715,0.0,0.15723486167290715,0.042944452440678064
1855,pltd_tim619,1,619,diesel,2.8096826687609085e-11,0.1605,-0.16049999997190317,9.810490083797051e-13
1856,plts_tim619,1,619,solar,0.4283881594694284,0.0,0.4283881594694284,0.10572756859886806
1857,batt_tim619,1,619,battery,0.12046031674967995,0.0,0.12046031674967995,0.03597720513941668
1858,pltd_tim620,1,620,diesel,0.0068534429115368785,0.1716,-0.1647465570884631,0.0021328414403027542
1859,plts_tim620,1,620,solar,0.4679405929685164,0.0,0.4679405929685164,0.11389837936318867
1860,batt_tim620,1,620,battery,0.20132980922272062,0.0,0.20132980922272062,0.05498595062064909
1861,pltd_tim621,1,621,diesel,2.904396064829908e-11,0.1112,-0.11119999997095603,9.618413768402101e-13
1862,plts_tim621,1,621,solar,0.2960954197654912,0.0,0.2960954197654912,0.07325803374739732
1863,batt_tim621,1,621,battery,0.08346914767189968,0.0,0.08346914767189968,0.0249274153848524
1864,pltd_tim622,1,622,diesel,0.004983204536212847,0.1248,-0.11981679546378715,0.0015508014199433911
1865,plts_tim622,1,622,solar,0.3350517627504109,0.0,0.3350517627504109,0.08281658198310925
1866,batt_tim622,1,622,battery,0.14637058158192795,0.0,0.14637058158192795,0.03998022420581193
1867,pltd_tim623,1,623,diesel,2.860557152477044e-11,0.0958,-0.09579999997139442,9.50973442469344e-13
1868,plts_tim623,1,623,solar,0.25571567258454736,0.0,0.25571567258454736,0.06311144628372703
1869,batt_tim623,1,623,battery,0.0719055486381405,0.0,0.0719055486381405,0.02147558313185961
1870,pltd_tim624,1,624,diesel,0.003949586921643661,0.0989,-0.09495041307835635,0.0012291985989893314
1871,plts_tim624,1,624,solar,0.26967516114997186,0.0,0.26967516114997186,0.06563993829450326
1872,batt_tim624,1,624,battery,0.11602654643519103,0.0,0.11602654643519103,0.03168849355403936
1873,pltd_tim625,1,625,diesel,2.7577661576783616e-11,0.0604,-0.06039999997242234,8.943793580547183e-13
1874,plts_tim625,1,625,solar,0.16027971986635037,0.0,0.16027971986635037,0.03977475883418855
1875,batt_tim625,1,625,battery,0.04531720255694375,0.0,0.04531720255694375,0.013534634914824003
1876,pltd_tim626,1,626,diesel,0.003039399436227758,0.0761,-0.07306060056377224,0.0009458959147017961
1877,plts_tim626,1,626,solar,0.207455250400768,0.0,0.207455250400768,0.05050795202067699
1878,batt_tim626,1,626,battery,0.08926708013460292,0.0,0.08926708013460292,0.024383896472171658
1879,pltd_tim627,1,627,diesel,2.7794089942622808e-11,0.0647,-0.06469999997220591,9.228922901018532e-13
1880,plts_tim627,1,627,solar,0.1735116980594063,0.0,0.1735116980594063,0.04261627756475978
1881,batt_tim627,1,627,battery,0.04855645363793054,0.0,0.04855645363793054,0.014501243169894939
1882,pltd_tim628,1,628,diesel,0.0028791165552438445,0.0721,-0.06922088344475616,0.0008960192133379553
1883,plts_tim628,1,628,solar,0.197464399327286,0.0,0.197464399327286,0.04784969375539406
1884,batt_tim628,1,628,battery,0.08458019262513909,0.0,0.08458019262513909,0.023100404895609772
1885,pltd_tim629,1,629,diesel,2.733316568583952e-11,0.0564,-0.056399999972666835,8.916949349010789e-13
1886,plts_tim629,1,629,solar,0.15063123019629993,0.0,0.15063123019629993,0.03713662349230918
1887,batt_tim629,1,629,battery,0.042318369357846476,0.0,0.042318369357846476,0.012636793291325629
1888,pltd_tim630,1,630,diesel,0.006705852836927474,0.1679,-0.1611941471630725,0.002086929484286357
1889,plts_tim630,1,630,solar,0.45785953856529965,0.0,0.45785953856529965,0.11144462898390682
1890,batt_tim630,1,630,battery,0.19699179358114344,0.0,0.19699179358114344,0.053801352460377164
1891,pltd_tim631,1,631,diesel,2.872247727310581e-11,0.0986,-0.09859999997127751,1.0283588573885931e-12
1892,plts_tim631,1,631,solar,0.2721718448560079,0.0,0.2721718448560079,0.06493846028255665
1893,batt_tim631,1,631,battery,0.07399114497961409,0.0,0.07399114497961409,0.02209714710502263
1894,pltd_tim632,1,632,diesel,0.0038390033338330134,0.0961,-0.092260996666167,0.001194662312515375
1895,plts_tim632,1,632,solar,0.25827614926208786,0.0,0.25827614926208786,0.06379959918229358
1896,batt_tim632,1,632,battery,0.11275997654119102,0.0,0.11275997654119102,0.030800493221663342
1897,pltd_tim633,1,633,diesel,2.7822234817247826e-11,0.0656,-0.06559999997217777,9.090702063135854e-13
1898,plts_tim633,1,633,solar,0.17444887139991716,0.0,0.17444887139991716,0.04322452267788675
1899,batt_tim633,1,633,battery,0.04925211833533668,0.0,0.04925211833533668,0.014709080178613611
1900,pltd_tim634,1,634,diesel,0.002368398847577156,0.0487,-0.046331601152422845,0.000916834890039371
1901,plts_tim634,1,634,solar,0.13719809952041342,0.0,0.13719809952041342,0.03194407893625326
1902,batt_tim634,1,634,battery,0.05604849743854558,0.0,0.05604849743854558,0.015306630579476718
1903,pltd_tim635,1,635,diesel,2.674422416958093e-11,0.0413,-0.04129999997325578,8.43637257877215e-13
1904,plts_tim635,1,635,solar,0.11066592384925493,0.0,0.11066592384925493,0.027192476676993496
1905,batt_tim635,1,635,battery,0.030986888396277258,0.0,0.030986888396277258,0.00925316152748902
1906,pltd_tim636,1,636,diesel,0.002398338285660953,0.0493,-0.046901661714339044,0.0009283435470030119
1907,plts_tim636,1,636,solar,0.13992196759524683,0.0,0.13992196759524683,0.032348473844803695
1908,batt_tim636,1,636,battery,0.056749422464600074,0.0,0.056749422464600074,0.015499988706045794
1909,pltd_tim637,1,637,diesel,2.8225288652616587e-11,0.0826,-0.08259999997177472,9.328256688526874e-13
1910,plts_tim637,1,637,solar,0.21913266043314747,0.0,0.21913266043314747,0.05438574611502799
1911,batt_tim637,1,637,battery,0.061970259572552096,0.0,0.061970259572552096,0.018506679910491975
1912,pltd_tim638,1,638,diesel,0.0013411315769070395,0.0336,-0.03225886842309296,0.00041734680846088664
1913,plts_tim638,1,638,solar,0.089889667694314,0.0,0.089889667694314,0.022288987659441994
1914,batt_tim638,1,638,battery,0.03939126596590126,0.0,0.03939126596590126,0.010760612000502443
1915,pltd_tim639,1,639,diesel,2.7398324309558145e-11,0.0579,-0.05789999997260167,8.575430498493899e-13
1916,plts_tim639,1,639,solar,0.15091448252103515,0.0,0.15091448252103515,0.03815130191260477
1917,batt_tim639,1,639,battery,0.04347959558753989,0.0,0.04347959558753989,0.012982794669623827
1918,pltd_tim640,1,640,diesel,0.001414954824976421,0.0354,-0.03398504517502358,0.00044041424798028407
1919,plts_tim640,1,640,solar,0.09438904660665033,0.0,0.09438904660665033,0.02351570428044542
1920,batt_tim640,1,640,battery,0.04156442383129717,0.0,0.04156442383129717,0.011352072906874029
1921,pltd_tim641,1,641,diesel,2.6643906128787773e-11,0.0416,-0.04159999997335609,8.007963070739858e-13
1922,plts_tim641,1,641,solar,0.108381179655388,0.0,0.108381179655388,0.0273958142484991
1923,batt_tim641,1,641,battery,0.031218482914219622,0.0,0.031218482914219622,0.009322601436891346
1924,pltd_tim642,1,642,diesel,0.0060536389482815384,0.1516,-0.14554636105171848,0.0018838860209729835
1925,plts_tim642,1,642,solar,0.4063265463371202,0.0,0.4063265463371202,0.10060679051152605
1926,batt_tim642,1,642,battery,0.17781325497248837,0.0,0.17781325497248837,0.04856817072081367
1927,pltd_tim643,1,643,diesel,2.7997605630940582e-11,0.0724,-0.0723999999720024,8.941708793440993e-13
1928,plts_tim643,1,643,solar,0.1894464041150788,0.0,0.1894464041150788,0.04768850974341412
1929,batt_tim643,1,643,battery,0.054333313575009125,0.0,0.054333313575009125,0.016226709904194402
1930,pltd_tim644,1,644,diesel,0.006336526304080997,0.1587,-0.15236347369591902,0.0019719341927262927
1931,plts_tim644,1,644,solar,0.4285549542335718,0.0,0.4285549542335718,0.10531052814066662
1932,batt_tim644,1,644,battery,0.18613881792834697,0.0,0.18613881792834697,0.050841806113637505
1933,pltd_tim645,1,645,diesel,2.75575962101065e-11,0.0601,-0.060099999972442406,8.8822610446437e-13
1934,plts_tim645,1,645,solar,0.15894804629891762,0.0,0.15894804629891762,0.03957157844784752
1935,batt_tim645,1,645,battery,0.04509256930858852,0.0,0.04509256930858852,0.01346606116087695
1936,pltd_tim646,1,646,diesel,0.0049832045372624105,0.1248,-0.11981679546273759,0.0015508014206599113
1937,plts_tim646,1,646,solar,0.3334359909886741,0.0,0.3334359909886741,0.0828168157543612
1938,batt_tim646,1,646,battery,0.14637159342104075,0.0,0.14637159342104075,0.039981512386558976
1939,pltd_tim647,1,647,diesel,2.7985953552525638e-11,0.0718,-0.07179999997201406,8.973372612778334e-13
1940,plts_tim647,1,647,solar,0.1882911531215273,0.0,0.1882911531215273,0.04728277057404458
1941,batt_tim647,1,647,battery,0.053869014835658126,0.0,0.053869014835658126,0.01608928468966269
1942,pltd_tim648,1,648,diesel,0.002054968241400128,0.0514,-0.049345031758599875,0.0006394746523605179
1943,plts_tim648,1,648,solar,0.1402981576362929,0.0,0.1402981576362929,0.03414911181807111
1944,batt_tim648,1,648,battery,0.060362660423552844,0.0,0.060362660423552844,0.016485912889312664
1945,pltd_tim649,1,649,diesel,2.7994900246419104e-11,0.0712,-0.0711999999720051,9.000608951974929e-13
1946,plts_tim649,1,649,solar,0.18749440113197025,0.0,0.18749440113197025,0.04687690018415923
1947,batt_tim649,1,649,battery,0.053420837499887484,0.0,0.053420837499887484,0.015951444978740858
1948,pltd_tim650,1,650,diesel,0.0021164217671705227,0.053,-0.05088357823282948,0.0006586182661234677
1949,plts_tim650,1,650,solar,0.14229991267107425,0.0,0.14229991267107425,0.03517151751630717
1950,batt_tim650,1,650,battery,0.06216587419484592,0.0,0.06216587419484592,0.016979212618953743
1951,pltd_tim651,1,651,diesel,2.8281627017388804e-11,0.085,-0.08499999997171838,9.292591912084906e-13
1952,plts_tim651,1,651,solar,0.22492772831237706,0.0,0.22492772831237706,0.05600916365567464
1953,batt_tim651,1,651,battery,0.06381913109627822,0.0,0.06381913109627822,0.019058303150082393
1954,pltd_tim652,1,652,diesel,0.0033835864862985796,0.0847,-0.08131641351370142,0.001052952543933317
1955,plts_tim652,1,652,solar,0.22782617646034867,0.0,0.22782617646034867,0.05623377753305586
1956,batt_tim652,1,652,battery,0.09938766582462316,0.0,0.09938766582462316,0.027148258387882443
1957,pltd_tim653,1,653,diesel,2.8738210681170552e-11,0.0995,-0.0994999999712618,9.299069416184081e-13
1958,plts_tim653,1,653,solar,0.26213468695005426,0.0,0.26213468695005426,0.06554709303319187
1959,batt_tim653,1,653,battery,0.07467709170746598,0.0,0.07467709170746598,0.022305268657455163
1960,pltd_tim654,1,654,diesel,0.0038758405399119695,0.097,-0.09312415946008804,0.001206244215544384
1961,plts_tim654,1,654,solar,0.26250716755253256,0.0,0.26250716755253256,0.06441271155083543
1962,batt_tim654,1,654,battery,0.11385779781966086,0.0,0.11385779781966086,0.03109553895766227
1963,pltd_tim655,1,655,diesel,2.748741047951548e-11,0.0591,-0.05909999997251259,8.693400493196084e-13
1964,plts_tim655,1,655,solar,0.15496624225878428,0.0,0.15496624225878428,0.03896297633133951
1965,batt_tim655,1,655,battery,0.044396809890225125,0.0,0.044396809890225125,0.013259034164608411
1966,pltd_tim656,1,656,diesel,0.0012919246473934534,0.0323,-0.031008075352606548,0.0004021630821395644
1967,plts_tim656,1,656,solar,0.08701455350496841,0.0,0.08701455350496841,0.02147083893474063
1968,batt_tim656,1,656,battery,0.03794728514288842,0.0,0.03794728514288842,0.010365259161043071
1969,pltd_tim657,1,657,diesel,2.7645467774383177e-11,0.0613,-0.06129999997235453,9.027952828557433e-13
1970,plts_tim657,1,657,solar,0.16362525485881604,0.0,0.16362525485881604,0.04038323649968322
1971,batt_tim657,1,657,battery,0.04600995333284183,0.0,0.04600995333284183,0.013741593300764673
1972,pltd_tim658,1,658,diesel,0.0015132917826304953,0.0379,-0.03638670821736951,0.00047094862920902836
1973,plts_tim658,1,658,solar,0.10300715524385208,0.0,0.10300715524385208,0.02515189625759921
1974,batt_tim658,1,658,battery,0.04445971782811261,0.0,0.04445971782811261,0.012142885798380998
1975,pltd_tim659,1,659,diesel,2.7080247477520116e-11,0.0484,-0.04839999997291975,8.794785476398296e-13
1976,plts_tim659,1,659,solar,0.1301273402771644,0.0,0.1301273402771644,0.03186006568755866
1977,batt_tim659,1,659,battery,0.03629799668756649,0.0,0.03629799668756649,0.010841687971315428
1978,pltd_tim660,1,660,diesel,0.0031989130257040112,0.0801,-0.076901086974296,0.0009954818390361952
1979,plts_tim660,1,660,solar,0.2184291964172743,0.0,0.2184291964172743,0.05316634858127017
1980,batt_tim660,1,660,battery,0.0939783362325658,0.0,0.0939783362325658,0.025666779248487516
1981,pltd_tim661,1,661,diesel,2.7547899325899216e-11,0.0598,-0.0597999999724521,8.789332031749466e-13
1982,plts_tim661,1,661,solar,0.15765470725701305,0.0,0.15765470725701305,0.039368776753333556
1983,batt_tim661,1,661,battery,0.044855420317142625,0.0,0.044855420317142625,0.013396179740014582
1984,pltd_tim662,1,662,diesel,0.0037034701151637314,0.0927,-0.08899652988483628,0.0011525643262532467
1985,plts_tim662,1,662,solar,0.24913160596777045,0.0,0.24913160596777045,0.061550381161689004
1986,batt_tim662,1,662,battery,0.108784269899871,0.0,0.108784269899871,0.029715056819052683
1987,pltd_tim663,1,663,diesel,2.7339428072395557e-11,0.057,-0.05699999997266057,8.786312384531982e-13
1988,plts_tim663,1,663,solar,0.1506903205701706,0.0,0.1506903205701706,0.03754274536204887
1989,batt_tim663,1,663,battery,0.042776231692118784,0.0,0.042776231692118784,0.01277571017763292
1990,pltd_tim664,1,664,diesel,0.002165362041901432,0.0542,-0.05203463795809857,0.0006738439969467538
1991,plts_tim664,1,664,solar,0.14570747308349263,0.0,0.14570747308349263,0.03598954075563015
1992,batt_tim664,1,664,battery,0.06361636306549778,0.0,0.06361636306549778,0.017374491173145466
1993,pltd_tim665,1,665,diesel,2.8700028388861902e-11,0.0986,-0.09859999997129996,9.179536625870626e-13
1994,plts_tim665,1,665,solar,0.2580374253846825,0.0,0.2580374253846825,0.06493873062171278
1995,batt_tim665,1,665,battery,0.07400196048489797,0.0,0.07400196048489797,0.02209863678580837
1996,pltd_tim666,1,666,diesel,0.004294307283564544,0.1075,-0.10320569271643545,0.0013364302145256887
1997,plts_tim666,1,666,solar,0.28559668899505686,0.0,0.28559668899505686,0.07136540818768675
1998,batt_tim666,1,666,battery,0.12613202076768373,0.0,0.12613202076768373,0.03445228440940815
1999,pltd_tim667,1,667,diesel,2.76557061556231e-11,0.0619,-0.06189999997234429,8.807639986114843e-13
2000,plts_tim667,1,667,solar,0.1626863119095437,0.0,0.1626863119095437,0.04078923271786094
2001,batt_tim667,1,667,battery,0.04647987384889228,0.0,0.04647987384889228,0.013880126377897452
2002,pltd_tim668,1,668,diesel,0.005450832038063907,0.1365,-0.1310491679619361,0.0016963483034081476
2003,plts_tim668,1,668,solar,0.37019425230102426,0.0,0.37019425230102426,0.09058696992391127
2004,batt_tim668,1,668,battery,0.16010290343913702,0.0,0.16010290343913702,0.04373124100819947
2005,pltd_tim669,1,669,diesel,2.789634626557851e-11,0.0672,-0.06719999997210364,9.155299651091825e-13
2006,plts_tim669,1,669,solar,0.17924758529842882,0.0,0.17924758529842882,0.04423887764363408
2007,batt_tim669,1,669,battery,0.050403347325333,0.0,0.050403347325333,0.015053607771152276
2008,pltd_tim670,1,670,diesel,0.0036172669067021995,0.0906,-0.0869827330932978,0.0011257749903429426
2009,plts_tim670,1,670,solar,0.24577216948592442,0.0,0.24577216948592442,0.06011903874906153
2010,batt_tim670,1,670,battery,0.10626089720761993,0.0,0.10626089720761993,0.02902423379854404
2011,pltd_tim671,1,671,diesel,2.8658410172955124e-11,0.0974,-0.09739999997134159,9.301842341196444e-13
2012,plts_tim671,1,671,solar,0.2567301786661668,0.0,0.2567301786661668,0.06412668017936624
2013,batt_tim671,1,671,battery,0.07307300580116283,0.0,0.07307300580116283,0.02182155957750978
2014,pltd_tim672,1,672,diesel,0.005327791617221227,0.1334,-0.12807220838277877,0.0016580890607120998
2015,plts_tim672,1,672,solar,0.3618212526327375,0.0,0.3618212526327375,0.08854212455261481
2016,batt_tim672,1,672,battery,0.15647830654905334,0.0,0.15647830654905334,0.04274426138532843
2017,pltd_tim673,1,673,diesel,2.834820511753531e-11,0.0872,-0.0871999999716518,9.168321741123604e-13
2018,plts_tim673,1,673,solar,0.22925009559617562,0.0,0.22925009559617562,0.05742953314753877
2019,batt_tim673,1,673,battery,0.06544703339140297,0.0,0.06544703339140297,0.01954300762079712
2020,pltd_tim674,1,674,diesel,0.002916292339688057,0.073,-0.07008370766031194,0.0009075806666112332
2021,plts_tim674,1,674,solar,0.19359282282028845,0.0,0.19359282282028845,0.048463032315674975
2022,batt_tim674,1,674,battery,0.08565963421829634,0.0,0.08565963421829634,0.023396005761900106
2023,pltd_tim675,1,675,diesel,2.6800438429540786e-11,0.0413,-0.041299999973199567,7.918019874694019e-13
2024,plts_tim675,1,675,solar,0.10713964587043127,0.0,0.10713964587043127,0.027192384968486118
2025,batt_tim675,1,675,battery,0.03098529891063997,0.0,0.03098529891063997,0.009252656175108039
2026,pltd_tim676,1,676,diesel,0.0067917533787137125,0.1701,-0.1633082466212863,0.002113617030663242
2027,plts_tim676,1,676,solar,0.46664335234100685,0.0,0.46664335234100685,0.11287641326833096
2028,batt_tim676,1,676,battery,0.1994827525626346,0.0,0.1994827525626346,0.054493779465657526
2029,pltd_tim677,1,677,diesel,2.754415528711159e-11,0.1969,-0.19689999997245583,9.906512341540087e-13
2030,plts_tim677,1,677,solar,0.5254128085302701,0.0,0.5254128085302701,0.1296735624659613
2031,batt_tim677,1,677,battery,0.1477433456233636,0.0,0.1477433456233636,0.044125666927967204
2032,pltd_tim678,1,678,diesel,0.0033463902200634465,0.0838,-0.08045360977993656,0.0010414169351032068
2033,plts_tim678,1,678,solar,0.22288254603511484,0.0,0.22288254603511484,0.05562041255113121
2034,batt_tim678,1,678,battery,0.09831710696402715,0.0,0.09831710696402715,0.02685246147641594
2035,pltd_tim679,1,679,diesel,2.8324342793872477e-11,0.0866,-0.08659999997167565,8.921964461741346e-13
2036,plts_tim679,1,679,solar,0.22438560963191848,0.0,0.22438560963191848,0.05702392276365599
2037,batt_tim679,1,679,battery,0.06497688517775585,0.0,0.06497688517775585,0.0194047491511567
2038,pltd_tim680,1,680,diesel,0.002362384735217928,0.0591,-0.05673761526478207,0.0007351663729861802
2039,plts_tim680,1,680,solar,0.1573390091475964,0.0,0.1573390091475964,0.0392614192943948
2040,batt_tim680,1,680,battery,0.06939112870890364,0.0,0.06939112870890364,0.01895453655784069
2041,pltd_tim681,1,681,diesel,2.8566910375606713e-11,0.0952,-0.0951999999714331,8.994904085577033e-13
2042,plts_tim681,1,681,solar,0.2468452428969013,0.0,0.2468452428969013,0.06270540588611928
2043,batt_tim681,1,681,battery,0.07144057441301631,0.0,0.07144057441301631,0.02133680660726469
2044,pltd_tim682,1,682,diesel,0.00581996881431435,0.1457,-0.13988003118568565,0.0018112256717650798
2045,plts_tim682,1,682,solar,0.39737182199977855,0.0,0.39737182199977855,0.09672167990959102
2046,batt_tim682,1,682,battery,0.1709678247746674,0.0,0.1709678247746674,0.04669364846976307
2047,pltd_tim683,1,683,diesel,2.838876342308265e-11,0.0884,-0.08839999997161124,9.448072323527718e-13
2048,plts_tim683,1,683,solar,0.23598295766357658,0.0,0.23598295766357658,0.05824134909654764
2049,batt_tim683,1,683,battery,0.06635734734128508,0.0,0.06635734734128508,0.01981848408998572
2050,pltd_tim684,1,684,diesel,0.0029034662182688144,0.0727,-0.06979653378173119,0.0009035739291481217
2051,plts_tim684,1,684,solar,0.19831078617263692,0.0,0.19831078617263692,0.04825860628137815
2052,batt_tim684,1,684,battery,0.08529214666661376,0.0,0.08529214666661376,0.023297023404974825
2053,pltd_tim685,1,685,diesel,2.8547624005060477e-11,0.0943,-0.09429999997145237,9.233267950422811e-13
2054,plts_tim685,1,685,solar,0.2479981190652232,0.0,0.2479981190652232,0.06209694342717734
2055,batt_tim685,1,685,battery,0.07076205188864483,0.0,0.07076205188864483,0.021129932015931014
2056,pltd_tim686,1,686,diesel,0.0022143689586044796,0.0555,-0.05328563104139552,0.000689069718723162
2057,plts_tim686,1,686,solar,0.14749640317192161,0.0,0.14749640317192161,0.03680777623955882
2058,batt_tim686,1,686,battery,0.06506342897369796,0.0,0.06506342897369796,0.017770129202570758
2059,pltd_tim687,1,687,diesel,2.737780108046547e-11,0.0573,-0.057299999972622195,8.992598858493999e-13
2060,plts_tim687,1,687,solar,0.15353206318476492,0.0,0.15353206318476492,0.037745182192610194
2061,batt_tim687,1,687,battery,0.043009765476474004,0.0,0.043009765476474004,0.012843581046162622
2062,pltd_tim688,1,688,diesel,0.0012674878501516484,0.0317,-0.03043251214984835,0.00039442421947828807
2063,plts_tim688,1,688,solar,0.0857334506033392,0.0,0.0857334506033392,0.02106196895011336
2064,batt_tim688,1,688,battery,0.037224887830204764,0.0,0.037224887830204764,0.010168014637992414
2065,pltd_tim689,1,689,diesel,2.7470270863026353e-11,0.0585,-0.058499999972529734,9.15626858528148e-13
2066,plts_tim689,1,689,solar,0.15794990871984915,0.0,0.15794990871984915,0.03855708903735347
2067,batt_tim689,1,689,battery,0.04393999068898928,0.0,0.04393999068898928,0.013120484138627792
2068,pltd_tim690,1,690,diesel,0.0017474440956397142,0.0437,-0.04195255590436029,0.0005437506226239723
2069,plts_tim690,1,690,solar,0.12049000719414132,0.0,0.12049000719414132,0.02903696124587842
2070,batt_tim690,1,690,battery,0.05131932348987284,0.0,0.05131932348987284,0.014018245801589531
2071,pltd_tim691,1,691,diesel,2.7295012447482263e-11,0.0555,-0.05549999997270499,9.077231559203597e-13
2072,plts_tim691,1,691,solar,0.1494509604237172,0.0,0.1494509604237172,0.03652760813879421
2073,batt_tim691,1,691,battery,0.04162188223032894,0.0,0.04162188223032894,0.012430266437143402
2074,pltd_tim692,1,692,diesel,0.004663208111480094,0.1168,-0.11213679188851991,0.0014512618110669796
2075,plts_tim692,1,692,solar,0.31840166469289893,0.0,0.31840166469289893,0.07750000781941833
2076,batt_tim692,1,692,battery,0.13699100776594822,0.0,0.13699100776594822,0.037414140136016565
2077,pltd_tim693,1,693,diesel,2.7740166428668263e-11,0.0635,-0.06349999997225983,9.082803440933884e-13
2078,plts_tim693,1,693,solar,0.16908724077535392,0.0,0.16908724077535392,0.04180418252046152
2079,batt_tim693,1,693,battery,0.0476378800250849,0.0,0.0476378800250849,0.014225154519468557
2080,pltd_tim694,1,694,diesel,0.00206695842736026,0.0518,-0.04973304157263974,0.0006431626217634841
2081,plts_tim694,1,694,solar,0.14113927936730772,0.0,0.14113927936730772,0.03435385253988278
2082,batt_tim694,1,694,battery,0.060725062440977945,0.0,0.060725062440977945,0.01658483418771647
2083,pltd_tim695,1,695,diesel,2.7671921466804267e-11,0.0619,-0.061899999972328076,9.294122043037638e-13
2084,plts_tim695,1,695,solar,0.16722065038927109,0.0,0.16722065038927109,0.04078926370178541
2085,batt_tim695,1,695,battery,0.046475398731214326,0.0,0.046475398731214326,0.013880297112505838
2086,pltd_tim696,1,696,diesel,0.005450832038427038,0.1365,-0.13104916796157298,0.0016963483034261977
2087,plts_tim696,1,696,solar,0.36993771511444545,0.0,0.36993771511444545,0.09058753930972939
2088,batt_tim696,1,696,battery,0.1601255612181684,0.0,0.1601255612181684,0.04373437856144558
2089,pltd_tim697,1,697,diesel,2.8665268812909264e-11,0.0974,-0.09739999997133474,9.903372480585187e-13
2090,plts_tim697,1,697,solar,0.2642838158091237,0.0,0.2642838158091237,0.06412645934879732
2091,batt_tim697,1,697,battery,0.07307387706241235,0.0,0.07307387706241235,0.021820342709401322
2092,pltd_tim698,1,698,diesel,0.003925047472570948,0.0983,-0.09437495252742906,0.001221560945303506
2093,plts_tim698,1,698,solar,0.26942599169512005,0.0,0.26942599169512005,0.06523095528229984
2094,batt_tim698,1,698,battery,0.1152886708088889,0.0,0.1152886708088889,0.0314916853533632
2095,pltd_tim699,1,699,diesel,2.6738969622947104e-11,0.0413,-0.04129999997326103,8.392742974645075e-13
2096,plts_tim699,1,699,solar,0.11037897356738133,0.0,0.11037897356738133,0.02719243410870003
2097,batt_tim699,1,699,battery,0.030980573637799536,0.0,0.030980573637799536,0.009252926958437031
2098,pltd_tim700,1,700,diesel,0.006127462201809189,0.1534,-0.14727253779819083,0.001906953463151558
2099,plts_tim700,1,700,solar,0.41254418164286466,0.0,0.41254418164286466,0.10183416228469251
2100,batt_tim700,1,700,battery,0.18000595115078072,0.0,0.18000595115078072,0.04916324180382136
2101,pltd_tim701,1,701,diesel,2.7951054695524264e-11,0.1688,-0.16879999997204895,9.462661286944145e-13
2102,plts_tim701,1,701,solar,0.44136439505918734,0.0,0.44136439505918734,0.11120652607033218
2103,batt_tim701,1,701,battery,0.12671501145808137,0.0,0.12671501145808137,0.03784028512258456
2104,pltd_tim702,1,702,diesel,0.0033835864842966636,0.0847,-0.08131641351570333,0.0010529525422381632
2105,plts_tim702,1,702,solar,0.22527466170784255,0.0,0.22527466170784255,0.0562335349483819
2106,batt_tim702,1,702,battery,0.099381266673354,0.0,0.099381266673354,0.027146921635842865
2107,pltd_tim703,1,703,diesel,2.69094343129921e-11,0.2656,-0.2655999999730906,1.0122118191967406e-12
2108,plts_tim703,1,703,solar,0.7121302270194814,0.0,0.7121302270194814,0.1749265295564091
2109,batt_tim703,1,703,battery,0.19932957995256045,0.0,0.19932957995256045,0.05952326491608604
2110,pltd_tim704,1,704,diesel,0.0014149548328731352,0.0354,-0.033985045167126866,0.00044041425315995483
2111,plts_tim704,1,704,solar,0.0970244481615352,0.0,0.0970244481615352,0.02351586116899553
2112,batt_tim704,1,704,battery,0.041564221670501944,0.0,0.041564221670501944,0.011352937456731283
2113,pltd_tim705,1,705,diesel,2.7628837523241375e-11,0.0613,-0.061299999972371164,8.944952957492602e-13
2114,plts_tim705,1,705,solar,0.16252312852731143,0.0,0.16252312852731143,0.04038335692066274
2115,batt_tim705,1,705,battery,0.04601325895877267,0.0,0.04601325895877267,0.01374225687049924
2116,pltd_tim706,1,706,diesel,0.006878202733121334,0.1722,-0.16532179726687865,0.0021405721987365982
2117,plts_tim706,1,706,solar,0.45221770768489805,0.0,0.45221770768489805,0.11430716976868359
2118,batt_tim706,1,706,battery,0.20204249375064548,0.0,0.20204249375064548,0.05518232624278059
2119,pltd_tim707,1,707,diesel,2.8429408315064248e-11,0.0903,-0.0902999999715706,9.122392299695037e-13
2120,plts_tim707,1,707,solar,0.23636396153823322,0.0,0.23636396153823322,0.05945915089075468
2121,batt_tim707,1,707,battery,0.06774738122625643,0.0,0.06774738122625643,0.020232745059958642
2122,pltd_tim708,1,708,diesel,0.003937294121214193,0.0986,-0.0946627058787858,0.0012253738548115855
2123,plts_tim708,1,708,solar,0.2688348365265921,0.0,0.2688348365265921,0.06543534657200886
2124,batt_tim708,1,708,battery,0.11566464611771646,0.0,0.11566464611771646,0.031589755336725735
2125,pltd_tim709,1,709,diesel,2.7994042809333072e-11,0.1682,-0.16819999997200594,9.826031203345887e-13
2126,plts_tim709,1,709,solar,0.4489444963539076,0.0,0.4489444963539076,0.11080093832223943
2127,batt_tim709,1,709,battery,0.12624100901928276,0.0,0.12624100901928276,0.03770369430262626
2128,pltd_tim710,1,710,diesel,0.0135468029084401,0.3392,-0.3256531970915599,0.004215981155100424
2129,plts_tim710,1,710,solar,0.9249614629066789,0.0,0.9249614629066789,0.2251387285789698
2130,batt_tim710,1,710,battery,0.39796074476144416,0.0,0.39796074476144416,0.10868866365479109
2131,pltd_tim711,1,711,diesel,2.901180977843976e-11,0.1134,-0.1133999999709882,8.660691816775143e-13
2132,plts_tim711,1,711,solar,0.2845559988107639,0.0,0.2845559988107639,0.0746784210379875
2133,batt_tim711,1,711,battery,0.0850804724505599,0.0,0.0850804724505599,0.025410983600196026
2134,pltd_tim712,1,712,diesel,0.00814543416282897,0.2039,-0.19575456583717102,0.0025349834946259576
2135,plts_tim712,1,712,solar,0.5604491101586404,0.0,0.5604491101586404,0.13536904497444394
2136,batt_tim712,1,712,battery,0.2392965142127466,0.0,0.2392965142127466,0.06534929021570729
2137,pltd_tim713,1,713,diesel,2.692915803483932e-11,0.2409,-0.24089999997307085,9.83568164664497e-13
2138,plts_tim713,1,713,solar,0.6364913337908638,0.0,0.6364913337908638,0.15869205611271422
2139,batt_tim713,1,713,battery,0.18084143269071162,0.0,0.18084143269071162,0.05400045287721566
2140,pltd_tim714,1,714,diesel,0.014900227130483478,0.3731,-0.3581997728695165,0.004637061641499257
2141,plts_tim714,1,714,solar,1.0078849117164506,0.0,1.0078849117164506,0.24763269728675796
2142,batt_tim714,1,714,battery,0.43769528442262984,0.0,0.43769528442262984,0.11955027456943121
2143,pltd_tim715,1,715,diesel,2.6392000966327866e-11,0.5419,-0.541899999973608,9.708302325414583e-13
2144,plts_tim715,1,715,solar,1.4358603449081964,0.0,1.4358603449081964,0.35695603043216734
2145,batt_tim715,1,715,battery,0.40672236902813197,0.0,0.40672236902813197,0.12146421036659312
2146,pltd_tim716,1,716,diesel,0.017115098896469384,0.4285,-0.4113849011035306,0.005326310201371387
2147,plts_tim716,1,716,solar,1.1676903755352352,0.0,1.1676903755352352,0.28443920129298056
2148,batt_tim716,1,716,battery,0.5026813985188259,0.0,0.5026813985188259,0.1373148801669163
2149,pltd_tim717,1,717,diesel,2.7043544281859902e-11,0.2295,-0.22949999997295648,1.0008059039569296e-12
2150,plts_tim717,1,717,solar,0.6125136707254331,0.0,0.6125136707254331,0.15118405428471213
2151,batt_tim717,1,717,battery,0.17227947568764262,0.0,0.17227947568764262,0.05144585772090956
2152,pltd_tim718,1,718,diesel,0.017582470007498373,0.4402,-0.42261752999250163,0.005471830171752387
2153,plts_tim718,1,718,solar,1.1883308168655824,0.0,1.1883308168655824,0.29221034620160613
2154,batt_tim718,1,718,battery,0.516452733370237,0.0,0.516452733370237,0.1410700741667717
2155,pltd_tim719,1,719,diesel,2.6496272515521995e-11,0.5758,-0.5757999999735037,9.568891341643648e-13
2156,plts_tim719,1,719,solar,1.5167071614342809,0.0,1.5167071614342809,0.37927992644524394
2157,batt_tim719,1,719,battery,0.432195685623651,0.0,0.432195685623651,0.12906770377183097
2158,pltd_tim720,1,720,diesel,0.017336496782616735,0.4341,-0.41676350321738326,0.0053952599890358275
2159,plts_tim720,1,720,solar,1.1881364255668463,0.0,1.1881364255668463,0.28812023368984035
2160,batt_tim720,1,720,battery,0.5092195388374521,0.0,0.5092195388374521,0.13909335163249964
2161,pltd_tim721,1,721,diesel,2.766949530237266e-11,0.1944,-0.19439999997233048,1.1995357308158198e-12
2162,plts_tim721,1,721,solar,0.5617504873603869,0.0,0.5617504873603869,0.1280499000925443
2163,batt_tim721,1,721,battery,0.14592774583766857,0.0,0.14592774583766857,0.04357331172557352
2164,pltd_tim722,1,722,diesel,0.006040328930258081,0.1242,-0.11815967106974193,0.0023383896523242517
2165,plts_tim722,1,722,solar,0.37107245111278775,0.0,0.37107245111278775,0.08147790097459219
2166,batt_tim722,1,722,battery,0.14293497254490045,0.0,0.14293497254490045,0.03904164718954474
2167,pltd_tim723,1,723,diesel,2.845186578965161e-11,0.1494,-0.14939999997154815,1.0747346707679946e-12
2168,plts_tim723,1,723,solar,0.41514022747053714,0.0,0.41514022747053714,0.09842210935278477
2169,batt_tim723,1,723,battery,0.11213653746763039,0.0,0.11213653746763039,0.03349229791930737
2170,pltd_tim724,1,724,diesel,0.004646449929602564,0.0955,-0.09085355007039744,0.0017986738318651297
2171,plts_tim724,1,724,solar,0.2704791405220922,0.0,0.2704791405220922,0.06267538066068973
2172,batt_tim724,1,724,battery,0.10996066978278182,0.0,0.10996066978278182,0.03003234112591859
2173,pltd_tim725,1,725,diesel,2.8385851827973266e-11,0.0878,-0.08779999997161415,1.0306272319480736e-12
2174,plts_tim725,1,725,solar,0.24368357481724243,0.0,0.24368357481724243,0.05783566469998388
2175,batt_tim725,1,725,battery,0.06591231640005438,0.0,0.06591231640005438,0.01968136069688663
2176,pltd_tim726,1,726,diesel,0.0019486004852667374,0.04,-0.03805139951473326,0.0007543014048495536
2177,plts_tim726,1,726,solar,0.11613117356535481,0.0,0.11613117356535481,0.026283138447878295
2178,batt_tim726,1,726,battery,0.04610544472270067,0.0,0.04610544472270067,0.012594150162689506
2179,pltd_tim727,1,727,diesel,2.8087137503394512e-11,0.073,-0.07299999997191285,1.1070815112509545e-12
2180,plts_tim727,1,727,solar,0.21051911027257972,0.0,0.21051911027257972,0.048094690686739196
2181,batt_tim727,1,727,battery,0.05480009252071865,0.0,0.05480009252071865,0.01636626089515546
2182,pltd_tim728,1,728,diesel,0.0023255320654286434,0.0582,-0.05587446793457136,0.0007236598505117313
2183,plts_tim728,1,728,solar,0.15878059837809771,0.0,0.15878059837809771,0.03864778837254508
2184,batt_tim728,1,728,battery,0.06831450862662336,0.0,0.06831450862662336,0.018657743067855937
2185,pltd_tim729,1,729,diesel,2.895497037141154e-11,0.1377,-0.137699999971045,1.3123996845658766e-12
2186,plts_tim729,1,729,solar,0.4124429583817856,0.0,0.4124429583817856,0.0907103945856547
2187,batt_tim729,1,729,battery,0.10334867000005875,0.0,0.10334867000005875,0.030866194422609204
2188,pltd_tim730,1,730,diesel,0.0030429895834872393,0.0625,-0.05945701041651276,0.001177997542983543
2189,plts_tim730,1,730,solar,0.18367804296491316,0.0,0.18367804296491316,0.04104216419643171
2190,batt_tim730,1,730,battery,0.0719998629941875,0.0,0.0719998629941875,0.019666543402772015
2191,pltd_tim731,1,731,diesel,2.7884543365568856e-11,0.1796,-0.17959999997211545,1.1782633156827252e-12
2192,plts_tim731,1,731,solar,0.5155330046949959,0.0,0.5155330046949959,0.118308638181161
2193,batt_tim731,1,731,battery,0.1347981628385201,0.0,0.1347981628385201,0.04025724265129595
2194,pltd_tim732,1,732,diesel,0.0010826912857175733,0.0271,-0.026017308714282424,0.00033703159269137244
2195,plts_tim732,1,732,solar,0.07392945633090425,0.0,0.07392945633090425,0.017994657945051066
2196,batt_tim732,1,732,battery,0.03180819982871224,0.0,0.03180819982871224,0.008687152802201692
2197,pltd_tim733,1,733,diesel,2.8203821487691387e-11,0.0792,-0.07919999997179618,1.0864932456674238e-12
2198,plts_tim733,1,733,solar,0.22569099458147124,0.0,0.22569099458147124,0.052153577791588086
2199,batt_tim733,1,733,battery,0.05942473725797265,0.0,0.05942473725797265,0.017746593295739584
2200,pltd_tim734,1,734,diesel,0.0028298993872462254,0.0709,-0.06807010061275377,0.0008806524151628085
2201,plts_tim734,1,734,solar,0.19491034899594928,0.0,0.19491034899594928,0.04703165915968293
2202,batt_tim734,1,734,battery,0.08312256674561928,0.0,0.08312256674561928,0.022704402141846273
2203,pltd_tim735,1,735,diesel,2.899666657012791e-11,0.1294,-0.12939999997100332,9.908570664736836e-13
2204,plts_tim735,1,735,solar,0.3472948940761152,0.0,0.3472948940761152,0.08523116805245959
2205,batt_tim735,1,735,battery,0.09710280564764565,0.0,0.09710280564764565,0.02900224896188225
2206,pltd_tim736,1,736,diesel,0.006053638992623075,0.1516,-0.14554636100737695,0.0018838860377833038
2207,plts_tim736,1,736,solar,0.4133343516712635,0.0,0.4133343516712635,0.10060701351649752
2208,batt_tim736,1,736,battery,0.1778356409505412,0.0,0.1778356409505412,0.04856939966410292
2209,pltd_tim737,1,737,diesel,2.7291979115077162e-11,0.0551,-0.05509999997270802,8.860524548124032e-13
2210,plts_tim737,1,737,solar,0.14718200028669082,0.0,0.14718200028669082,0.03632498865286818
2211,batt_tim737,1,737,battery,0.04138669138237705,0.0,0.04138669138237705,0.01236077189479053
2212,pltd_tim738,1,738,diesel,0.002227015614920588,0.0558,-0.05357298438507942,0.0006930646431471255
2213,plts_tim738,1,738,solar,0.15546794629989408,0.0,0.15546794629989408,0.03701198135482838
2214,batt_tim738,1,738,battery,0.06542306774966113,0.0,0.06542306774966113,0.017868330556831357
2215,pltd_tim739,1,739,diesel,2.732669603233961e-11,0.0555,-0.055499999972673304,9.497962793234016e-13
2216,plts_tim739,1,739,solar,0.15296179352392836,0.0,0.15296179352392836,0.03652739866267082
2217,batt_tim739,1,739,battery,0.041618060020142573,0.0,0.041618060020142573,0.012429112136648759
2218,pltd_tim740,1,740,diesel,0.00423277684996604,0.106,-0.10176722315003396,0.001317250528224826
2219,plts_tim740,1,740,solar,0.2915325523686759,0.0,0.2915325523686759,0.07034336551370328
2220,batt_tim740,1,740,battery,0.12433215943124605,0.0,0.12433215943124605,0.03396086346572662
2221,pltd_tim741,1,741,diesel,2.9087923221884397e-11,0.1177,-0.11769999997091207,9.928594714450198e-13
2222,plts_tim741,1,741,solar,0.3174081090146098,0.0,0.3174081090146098,0.07751969372163704
2223,batt_tim741,1,741,battery,0.08831504730759696,0.0,0.08831504730759696,0.026377470368073277
2224,pltd_tim742,1,742,diesel,0.0016486250080658862,0.0413,-0.039651374991934114,0.000513074619619616
2225,plts_tim742,1,742,solar,0.1136113734442745,0.0,0.1136113734442745,0.027401139689598276
2226,batt_tim742,1,742,battery,0.048428052487370594,0.0,0.048428052487370594,0.013228385105153638
2227,pltd_tim743,1,743,diesel,2.6677467011533195e-11,0.0431,-0.043099999973322534,9.109671989217684e-13
2228,plts_tim743,1,743,solar,0.11941801486167379,0.0,0.11941801486167379,0.028410118941785096
2229,batt_tim743,1,743,battery,0.03236750682868684,0.0,0.03236750682868684,0.009667160591138925
2230,pltd_tim744,1,744,diesel,0.003002252581957069,0.0752,-0.07219774741804294,0.0009343045241946178
2231,plts_tim744,1,744,solar,0.21251497419657783,0.0,0.21251497419657783,0.04989480275148839
2232,batt_tim744,1,744,battery,0.08819384084233035,0.0,0.08819384084233035,0.024088517972275146
2233,pltd_tim745,1,745,diesel,2.7391351702578267e-11,0.0576,-0.057599999972608645,9.108480028148592e-13
2234,plts_tim745,1,745,solar,0.15498434145331833,0.0,0.15498434145331833,0.037948597935658
2235,batt_tim745,1,745,battery,0.0432451534233011,0.0,0.0432451534233011,0.012914068880298167
2236,pltd_tim746,1,746,diesel,0.0018452989193633732,0.0462,-0.044354701080636626,0.0005742763761489069
2237,plts_tim746,1,746,solar,0.1260172583965312,0.0,0.1260172583965312,0.030672962628704156
2238,batt_tim746,1,746,battery,0.054218262441245016,0.0,0.054218262441245016,0.014807806605082236
2239,pltd_tim747,1,747,diesel,2.6900703741209487e-11,0.2532,-0.2531999999730993,1.0182531775062131e-12
2240,plts_tim747,1,747,solar,0.6806391106074547,0.0,0.6806391106074547,0.16680994420480877
2241,batt_tim747,1,747,battery,0.19005780468989558,0.0,0.19005780468989558,0.05676513963481862
2242,pltd_tim748,1,748,diesel,0.004700214830947997,0.1177,-0.112999785169052,0.0014627216536728922
2243,plts_tim748,1,748,solar,0.3302829631957579,0.0,0.3302829631957579,0.07811370049314713
2244,batt_tim748,1,748,battery,0.138055032002331,0.0,0.138055032002331,0.037711170970775004
2245,pltd_tim749,1,749,diesel,2.8093536647125652e-11,0.0761,-0.07609999997190646,9.481727925570268e-13
2246,plts_tim749,1,749,solar,0.20456014584016535,0.0,0.20456014584016535,0.0501241089514504
2247,batt_tim749,1,749,battery,0.05711177512046108,0.0,0.05711177512046108,0.017056750623803817
2248,pltd_tim750,1,750,diesel,0.003039399484842494,0.0761,-0.0730606005151575,0.000945895956495681
2249,plts_tim750,1,750,solar,0.21285251407330455,0.0,0.21285251407330455,0.05050771944379802
2250,batt_tim750,1,750,battery,0.08925901739172504,0.0,0.08925901739172504,0.02438261510696453
2251,pltd_tim751,1,751,diesel,2.967967540269897e-11,0.0364,-0.036399999970320326,8.186365929019002e-13
2252,plts_tim751,1,751,solar,0.09726765071519573,0.0,0.09726765071519573,0.02394605057986355
2253,batt_tim751,1,751,battery,0.027283317205394595,0.0,0.027283317205394595,0.008148774304631895
2254,pltd_tim752,1,752,diesel,0.003957239815999566,0.0813,-0.07734276018400044,0.0015319310983961454
2255,plts_tim752,1,752,solar,0.2274544096222698,0.0,0.2274544096222698,0.05337505973729964
2256,batt_tim752,1,752,battery,0.09364462679805159,0.0,0.09364462679805159,0.025576074568825467
2257,pltd_tim753,1,753,diesel,2.6921221556835186e-11,0.0305,-0.030499999973078777,7.725582935570591e-13
2258,plts_tim753,1,753,solar,0.0806976881676185,0.0,0.0806976881676185,0.020090431887766737
2259,batt_tim753,1,753,battery,0.022893426960744985,0.0,0.022893426960744985,0.006836883553125133
2260,pltd_tim754,1,754,diesel,0.002805385682508606,0.0702,-0.06739461431749139,0.0008730384763620245
2261,plts_tim754,1,754,solar,0.19314475969080663,0.0,0.19314475969080663,0.046622792525596785
2262,batt_tim754,1,754,battery,0.0823946445301067,0.0,0.0823946445301067,0.022507787318288203
2263,pltd_tim755,1,755,diesel,2.8872421843734456e-11,0.1029,-0.10289999997112759,9.70094638330179e-13
2264,plts_tim755,1,755,solar,0.2759608471308606,0.0,0.2759608471308606,0.06777885404785507
2265,batt_tim755,1,755,battery,0.0772257591886693,0.0,0.0772257591886693,0.023063110832240774
2266,pltd_tim756,1,756,diesel,0.00413405190350675,0.1035,-0.09936594809649324,0.0012865808035806541
2267,plts_tim756,1,756,solar,0.2926779012969691,0.0,0.2926779012969691,0.06870740868572059
2268,batt_tim756,1,756,battery,0.12143848609487774,0.0,0.12143848609487774,0.03317063911862348
2269,pltd_tim757,1,757,diesel,2.8669049000283752e-11,0.1423,-0.14229999997133097,9.760607661341502e-13
2270,plts_tim757,1,757,solar,0.37844184099729283,0.0,0.37844184099729283,0.09375457618142424
2271,batt_tim757,1,757,battery,0.10682702779027198,0.0,0.10682702779027198,0.03190346200577256
2272,pltd_tim758,1,758,diesel,0.002952750044867199,0.0739,-0.0709472499551328,0.0009189197288543556
2273,plts_tim758,1,758,solar,0.20284253452156098,0.0,0.20284253452156098,0.04907682956382292
2274,batt_tim758,1,758,battery,0.08674328960358686,0.0,0.08674328960358686,0.023693525888943204
2275,pltd_tim759,1,759,diesel,2.7282764021271364e-11,0.0545,-0.054499999972717234,9.085537407822916e-13
2276,plts_tim759,1,759,solar,0.14751578020261719,0.0,0.14751578020261719,0.035919148378062746
2277,batt_tim759,1,759,battery,0.040934367138193296,0.0,0.040934367138193296,0.012223406713953366
2278,pltd_tim760,1,760,diesel,0.0155733378804668,0.3201,-0.3045266621195332,0.006028742696033671
2279,plts_tim760,1,760,solar,0.9006682696116758,0.0,0.9006682696116758,0.2100629836054673
2280,batt_tim760,1,760,battery,0.3685454319688897,0.0,0.3685454319688897,0.1006539668133455
2281,pltd_tim761,1,761,diesel,2.8988161530628233e-11,0.1322,-0.13219999997101184,1.0136847559557294e-12
2282,plts_tim761,1,761,solar,0.35907030702029713,0.0,0.35907030702029713,0.08705731407739796
2283,batt_tim761,1,761,battery,0.09919055146041958,0.0,0.09919055146041958,0.02962335020358215
2284,pltd_tim762,1,762,diesel,0.00308845254188217,0.0773,-0.07421154745811782,0.0009610914921993512
2285,plts_tim762,1,762,solar,0.21350202162560922,0.0,0.21350202162560922,0.05132568319913826
2286,batt_tim762,1,762,battery,0.09071785665008959,0.0,0.09071785665008959,0.024777283773263485
2287,pltd_tim763,1,763,diesel,2.9113080463146475e-11,0.1158,-0.11579999997088691,1.0024221284977305e-12
2288,plts_tim763,1,763,solar,0.3146589624878291,0.0,0.3146589624878291,0.07630202940414307
2289,batt_tim763,1,763,battery,0.08693791273780159,0.0,0.08693791273780159,0.02596427553527748
2290,pltd_tim764,1,764,diesel,0.004134024432929758,0.1035,-0.09936597556707023,0.0012865605303623517
2291,plts_tim764,1,764,solar,0.286852246529004,0.0,0.286852246529004,0.06870700320286716
2292,batt_tim764,1,764,battery,0.12143059628351963,0.0,0.12143059628351963,0.03316829302517268
2293,pltd_tim765,1,765,diesel,2.9102078686693194e-11,0.1186,-0.11859999997089792,9.676632226003682e-13
2294,plts_tim765,1,765,solar,0.3164117729991452,0.0,0.3164117729991452,0.0781286481180753
2295,batt_tim765,1,765,battery,0.08902024617940149,0.0,0.08902024617940149,0.026587364323305506
2296,pltd_tim766,1,766,diesel,0.0026206660034416326,0.0656,-0.06297933399655838,0.0008155839047747989
2297,plts_tim766,1,766,solar,0.1783000037843907,0.0,0.1783000037843907,0.043555395008669444
2298,batt_tim766,1,766,battery,0.07699511239754847,0.0,0.07699511239754847,0.021026801736683802
2299,pltd_tim767,1,767,diesel,2.876141345552187e-11,0.1001,-0.10009999997123858,9.301794769645902e-13
2300,plts_tim767,1,767,solar,0.2637280810059217,0.0,0.2637280810059217,0.06595290751520098
2301,batt_tim767,1,767,battery,0.07514763819263727,0.0,0.07514763819263727,0.022443726042687656
2302,pltd_tim768,1,768,diesel,0.0035927532023487625,0.09,-0.08640724679765123,0.0011180560520211596
2303,plts_tim768,1,768,solar,0.24664501682293632,0.0,0.24664501682293632,0.05971004642705593
2304,batt_tim768,1,768,battery,0.10554478053874278,0.0,0.10554478053874278,0.02882615492676689
2305,pltd_tim769,1,769,diesel,2.7901582979680636e-11,0.0681,-0.06809999997209841,9.125729372474755e-13
2306,plts_tim769,1,769,solar,0.18085866785319704,0.0,0.18085866785319704,0.04484817495846783
2307,batt_tim769,1,769,battery,0.05110606472710106,0.0,0.05110606472710106,0.015261379766431079
2308,pltd_tim770,1,770,diesel,0.004146563408057725,0.1038,-0.09965343659194228,0.001290467113928381
2309,plts_tim770,1,770,solar,0.28181886144853746,0.0,0.28181886144853746,0.06891161397750467
2310,batt_tim770,1,770,battery,0.12181006610149267,0.0,0.12181006610149267,0.03326797292616234
2311,pltd_tim771,1,771,diesel,2.9040396571554177e-11,0.1251,-0.12509999997095958,9.715748888611686e-13
2312,plts_tim771,1,771,solar,0.3328322701058378,0.0,0.3328322701058378,0.08239009893915171
2313,batt_tim771,1,771,battery,0.09386999179309134,0.0,0.09386999179309134,0.028036575368623914
2314,pltd_tim772,1,772,diesel,0.0024853892213820986,0.0622,-0.0597146107786179,0.0007734988462729183
2315,plts_tim772,1,772,solar,0.1677616053559409,0.0,0.1677616053559409,0.04130629312737373
2316,batt_tim772,1,772,battery,0.07300003797614331,0.0,0.07300003797614331,0.019942115120498812
2317,pltd_tim773,1,773,diesel,2.837875210578623e-11,0.0887,-0.08869999997162124,9.32326411366141e-13
2318,plts_tim773,1,773,solar,0.2346479123888638,0.0,0.2346479123888638,0.05844403711588846
2319,batt_tim773,1,773,battery,0.06660421241340536,0.0,0.06660421241340536,0.01988712194650595
2320,pltd_tim774,1,774,diesel,0.0013534910458150382,0.0339,-0.03254650895418496,0.00042120655419410844
2321,plts_tim774,1,774,solar,0.09197404410906662,0.0,0.09197404410906662,0.022493477639120074
2322,batt_tim774,1,774,battery,0.03976038550168407,0.0,0.03976038550168407,0.010859175310288844
2323,pltd_tim775,1,775,diesel,2.8610174980576994e-11,0.1439,-0.14389999997138983,9.673723342186546e-13
2324,plts_tim775,1,775,solar,0.3808483947021741,0.0,0.3808483947021741,0.09476879114381066
2325,batt_tim775,1,775,battery,0.10799163623845563,0.0,0.10799163623845563,0.032247835288055006
2326,pltd_tim776,1,776,diesel,0.0021039187454836294,0.0527,-0.05059608125451637,0.0006547084547501535
2327,plts_tim776,1,776,solar,0.14365919043432596,0.0,0.14365919043432596,0.03496714840542218
2328,batt_tim776,1,776,battery,0.06180909446679591,0.0,0.06180909446679591,0.01688088517240106
2329,pltd_tim777,1,777,diesel,2.8835959181965803e-11,0.1023,-0.10229999997116404,9.277878410205895e-13
2330,plts_tim777,1,777,solar,0.26819963017110315,0.0,0.26819963017110315,0.06737303445690465
2331,batt_tim777,1,777,battery,0.076780453528219,0.0,0.076780453528219,0.022926785377692264
2332,pltd_tim778,1,778,diesel,0.0023132854350684908,0.0579,-0.05558671456493151,0.0007198749486662266
2333,plts_tim778,1,778,solar,0.15634473443769342,0.0,0.15634473443769342,0.03844337189809221
2334,batt_tim778,1,778,battery,0.06794898216253442,0.0,0.06794898216253442,0.01855918719223487
2335,pltd_tim779,1,779,diesel,2.8222275675438913e-11,0.0819,-0.08189999997177773,9.180034399193574e-13
2336,plts_tim779,1,779,solar,0.21628244505809816,0.0,0.21628244505809816,0.053979945663261544
2337,batt_tim779,1,779,battery,0.06150823958383369,0.0,0.06150823958383369,0.01836891700432821
2338,pltd_tim780,1,780,diesel,0.004626427272654757,0.1158,-0.11117357272734524,0.0014397418117199042
2339,plts_tim780,1,780,solar,0.3126751023149987,0.0,0.3126751023149987,0.07688677136782542
2340,batt_tim780,1,780,battery,0.13588983006021374,0.0,0.13588983006021374,0.03711855890097134
