Segment,Zone,NSE_Price,Max_NSE_MW,Total_NSE_MWh,NSE_Percent_of_Demand
1,1,2000.0,1.6774901755600114e-14,1.2257597240348927e-11,Inf
1,2,2000.0,1.450800953280137e-13,1.4486659964762586e-10,Inf
1,3,2000.0,1.5702425607483593e-14,1.3079202751329637e-11,Inf
1,4,2000.0,1.301367729570669e-13,1.3318660334016145e-10,Inf
1,5,2000.0,1.722315890886283e-14,1.3230958699630951e-11,Inf
1,6,2000.0,1.298634094022736e-13,1.3299838121203081e-10,Inf
1,7,2000.0,1.7215541950667147e-14,1.284867780944319e-11,Inf
1,8,2000.0,1.4365077958310136e-13,1.4265737830941104e-10,Inf
1,9,2000.0,1.594697855368829e-14,1.3372201148064889e-11,Inf
1,10,2000.0,1.3056521617616995e-13,1.3363584960196856e-10,Inf
1,11,2000.0,1.6073537307886468e-14,1.3396598864618149e-11,Inf
1,12,2000.0,1.238409253605814e-13,1.2742030236801321e-10,Inf
1,13,2000.0,1.6938307696489443e-14,1.265979267285489e-11,Inf
1,14,2000.0,1.209022412631868e-13,1.2431405280884444e-10,Inf
1,15,2000.0,1.6480201956118228e-14,1.1910379025594163e-11,Inf
1,16,2000.0,1.3567699291431066e-13,1.3738629806861706e-10,Inf
1,17,2000.0,1.6904727930729547e-14,1.2344973088689815e-11,Inf
1,18,2000.0,1.1366539000565773e-13,1.1309360356038567e-10,Inf
1,19,2000.0,1.589874075818531e-14,1.1690438816755857e-11,Inf
1,20,2000.0,8.965173946300251e-14,9.036909953287625e-11,Inf
1,21,2000.0,1.5271240489419124e-14,1.134885938837501e-11,Inf
1,22,2000.0,1.0889211116448617e-13,1.0976275333762572e-10,Inf
1,23,2000.0,1.4172476699456245e-14,1.0761726974479299e-11,Inf
1,24,2000.0,9.443000341701327e-14,9.393701937606936e-11,Inf
1,25,2000.0,1.2813523551522573e-14,9.742948950948706e-12,Inf
1,26,2000.0,1.1463264039710255e-13,1.1498468522917919e-10,Inf
1,27,2000.0,1.4432304430555142e-14,1.09163519040467e-11,Inf
1,28,2000.0,1.0251162820031318e-13,1.0133341812532538e-10,Inf
1,29,2000.0,1.325544001389001e-14,1.0100220594248717e-11,Inf
1,30,2000.0,9.054881473666525e-14,9.118798324428009e-11,Inf
1,31,2000.0,1.3977928512696708e-14,1.0655728375953518e-11,Inf
1,32,2000.0,1.1669460672404155e-13,1.1845515454656482e-10,Inf
1,33,2000.0,1.375541083564426e-14,1.0482166064596882e-11,Inf
1,34,2000.0,9.647116290788704e-14,9.5518732776091e-11,Inf
1,35,2000.0,1.3471818185784852e-14,1.0282020384357994e-11,Inf
1,36,2000.0,8.960208308125765e-14,9.037307085289852e-11,Inf
1,37,2000.0,1.3497399979971169e-14,1.0285240451087944e-11,Inf
1,38,2000.0,1.1706016394337605e-13,1.1897552468296905e-10,Inf
1,39,2000.0,1.3360673747361626e-14,1.0186217248125542e-11,Inf
1,40,2000.0,9.324597931301052e-14,9.316566268865572e-11,Inf
1,41,2000.0,1.3332126608415865e-14,1.0173607572411307e-11,Inf
1,42,2000.0,9.762877242927488e-14,9.644943181302365e-11,Inf
1,43,2000.0,1.4669105281191835e-14,1.1040462082551762e-11,Inf
1,44,2000.0,1.0608551887154955e-13,1.0609764602103506e-10,Inf
1,45,2000.0,1.3571902814397012e-14,1.0358996686632667e-11,Inf
1,46,2000.0,1.0636735196415184e-13,1.0692886336038743e-10,Inf
1,47,2000.0,6.5019595016301666e-15,4.670498246546311e-12,Inf
1,48,2000.0,1.0640260323256803e-13,1.070253009665787e-10,Inf
1,49,2000.0,1.5832440611694064e-14,1.1663684619499493e-11,Inf
1,50,2000.0,1.2268688430118996e-13,1.267608296655571e-10,Inf
1,51,2000.0,1.489133250723972e-14,1.1155403214083525e-11,Inf
1,52,2000.0,1.1731468674957423e-13,1.1902504262783533e-10,Inf
1,53,2000.0,1.4671941124234788e-14,1.102479522385892e-11,Inf
1,54,2000.0,1.1236797578895047e-13,1.1213858764928938e-10,Inf
1,55,2000.0,1.5938990063924515e-14,1.1718993611554369e-11,Inf
1,56,2000.0,1.1715800790213024e-13,1.1903780673075128e-10,Inf
1,57,2000.0,1.5408398704288736e-14,1.1416154901102423e-11,Inf
1,58,2000.0,1.2264002728402983e-13,1.2668092795714808e-10,Inf
1,59,2000.0,1.3517430144978445e-14,1.0318714218002717e-11,Inf
1,60,2000.0,1.320958764572655e-13,1.3491213554720009e-10,Inf
1,61,2000.0,1.3010436690039943e-14,9.908755242904385e-12,Inf
1,62,2000.0,1.2397686734091929e-13,1.2750380221901293e-10,Inf
1,63,2000.0,6.5019595016301666e-15,4.670498246546311e-12,Inf
1,64,2000.0,1.0590228213079517e-13,1.056680814764667e-10,Inf
1,65,2000.0,1.288026655617383e-14,9.793817614253801e-12,Inf
1,66,2000.0,1.334627133570953e-13,1.3596687303985635e-10,Inf
1,67,2000.0,1.7210696919905025e-14,1.2831465287427848e-11,Inf
1,68,2000.0,1.193687072758639e-13,1.2176315033250068e-10,Inf
1,69,2000.0,1.71834458486177e-14,1.2769952224172948e-11,Inf
1,70,2000.0,9.314586800569426e-14,9.305821122634866e-11,Inf
1,71,2000.0,1.4919791940719502e-14,1.1168000753567206e-11,Inf
1,72,2000.0,1.1303650653646369e-13,1.1284384285816e-10,Inf
1,73,2000.0,1.3880894842480062e-14,1.0594330644157096e-11,Inf
1,74,2000.0,1.4367551258326967e-13,1.4278840764021977e-10,Inf
1,75,2000.0,1.4991131799990053e-14,1.1186048072815968e-11,Inf
1,76,2000.0,9.48672331009909e-14,9.429035119393184e-11,Inf
1,77,2000.0,1.702513440485736e-14,1.2587240813059026e-11,Inf
1,78,2000.0,1.044796995104151e-13,1.0365261495225988e-10,Inf
1,79,2000.0,1.3255526113504383e-14,1.0100234673174823e-11,Inf
1,80,2000.0,1.062518827296431e-13,1.0637704321536165e-10,Inf
1,81,2000.0,1.5286611115404357e-14,1.135819066932325e-11,Inf
1,82,2000.0,1.426004950762697e-13,1.4179439936057338e-10,Inf
1,83,2000.0,1.722252148899518e-14,1.2890446071593703e-11,Inf
1,84,2000.0,1.3529512230872552e-13,1.3711652195066887e-10,Inf
1,85,2000.0,1.3421744252039415e-14,1.0253869855511181e-11,Inf
1,86,2000.0,1.3451457093333112e-13,1.3659513789809065e-10,Inf
1,87,2000.0,1.723016813453826e-14,1.3196924554074369e-11,Inf
1,88,2000.0,1.2058539540007826e-13,1.234387061650602e-10,Inf
1,89,2000.0,1.544595765689426e-14,1.2817826125945266e-11,Inf
1,90,2000.0,1.2484141387952694e-13,1.2812623961158522e-10,Inf
1,91,2000.0,1.683892478372816e-14,1.235731033431079e-11,Inf
1,92,2000.0,1.2268030534735573e-13,1.2664354005650666e-10,Inf
1,93,2000.0,1.5045159554751592e-14,1.2434793583483585e-11,Inf
1,94,2000.0,1.1718583930870134e-13,1.1874579409281966e-10,Inf
1,95,2000.0,1.2922116387577543e-14,9.846505198597214e-12,Inf
1,96,2000.0,9.132222804043132e-14,9.165053661585988e-11,Inf
1,97,2000.0,1.3891433100164603e-14,1.0600840107392589e-11,Inf
1,98,2000.0,9.106630488006332e-14,9.141306590841733e-11,Inf
1,99,2000.0,1.3000242040571068e-14,9.911856809568082e-12,Inf
1,100,2000.0,1.2223223357351424e-13,1.2595965988320161e-10,Inf
1,101,2000.0,1.4296580920391442e-14,1.0856673827789819e-11,Inf
1,102,2000.0,1.1588733020109712e-13,1.167410944585407e-10,Inf
1,103,2000.0,1.5499394644270633e-14,1.146922339933603e-11,Inf
1,104,2000.0,1.212833169585689e-13,1.245806963317438e-10,Inf
1,105,2000.0,1.4283652244229357e-14,1.0831645485476634e-11,Inf
1,106,2000.0,9.804528924216483e-14,9.680112020852805e-11,Inf
1,107,2000.0,1.3536221379123702e-14,1.0345784077343369e-11,Inf
1,108,2000.0,1.0723733008641187e-13,1.0837850280888057e-10,Inf
1,109,2000.0,1.457121341253723e-14,1.1005378733985278e-11,Inf
1,110,2000.0,1.0222864598248442e-13,1.0087404004779425e-10,Inf
1,111,2000.0,1.510745533382706e-14,1.1252361161796088e-11,Inf
1,112,2000.0,1.1888104687600438e-13,1.211491563862082e-10,Inf
1,113,2000.0,1.6527176160369323e-14,1.2075214667835423e-11,Inf
1,114,2000.0,1.126056073433655e-13,1.122653278804121e-10,Inf
1,115,2000.0,1.4465787391959256e-14,1.0945509755910328e-11,Inf
1,116,2000.0,1.1407300771850535e-13,1.1340878185542544e-10,Inf
1,117,2000.0,1.5748368576725327e-14,1.159962141650777e-11,Inf
1,118,2000.0,1.1474664647967297e-13,1.1481429585442943e-10,Inf
1,119,2000.0,1.419358208038817e-14,1.0798437292522601e-11,Inf
1,120,2000.0,1.1497674927474246e-13,1.1518962494464352e-10,Inf
1,121,2000.0,1.5730273878781047e-14,1.1575879729860803e-11,Inf
1,122,2000.0,1.15519788859894e-13,1.1610066985679927e-10,Inf
1,123,2000.0,1.459213394430301e-14,1.0988254946425903e-11,Inf
1,124,2000.0,1.151036442030321e-13,1.155553935158051e-10,Inf
1,125,2000.0,1.577376504956754e-14,1.1625012247839757e-11,Inf
1,126,2000.0,1.1624603396624582e-13,1.1734179333065527e-10,Inf
1,127,2000.0,1.658559846163179e-14,1.2113755764204328e-11,Inf
1,128,2000.0,1.2212297401374584e-13,1.2581590793084434e-10,Inf
1,129,2000.0,1.5766421545107302e-14,1.1591462656134667e-11,Inf
1,130,2000.0,1.1695661584793033e-13,1.1835424103043606e-10,Inf
1,131,2000.0,1.5542064139476954e-14,1.149048083074051e-11,Inf
1,132,2000.0,1.1593253593504874e-13,1.169491062884109e-10,Inf
1,133,2000.0,1.43539548290381e-14,1.08932836385957e-11,Inf
1,134,2000.0,1.2018551342326963e-13,1.2271949010180008e-10,Inf
1,135,2000.0,1.6811432541519363e-14,1.2356575802811914e-11,Inf
1,136,2000.0,1.1501475247015018e-13,1.1516087991549079e-10,Inf
1,137,2000.0,1.314311992352419e-14,1.002537631394514e-11,Inf
1,138,2000.0,9.207615486731929e-14,9.24029365897845e-11,Inf
1,139,2000.0,1.5920261687566817e-14,1.1690740336870546e-11,Inf
1,140,2000.0,8.959720617139739e-14,9.04690651828834e-11,Inf
1,141,2000.0,1.3721220890841737e-14,1.0466079477712916e-11,Inf
1,142,2000.0,1.1003326802973102e-13,1.1081320135179318e-10,Inf
1,143,2000.0,1.508987773876635e-14,1.1262937243870013e-11,Inf
1,144,2000.0,1.089958393792599e-13,1.0974080983493681e-10,Inf
1,145,2000.0,1.4294151763953675e-14,1.0834899084208816e-11,Inf
1,146,2000.0,1.0597222378972235e-13,1.057705084656355e-10,Inf
1,147,2000.0,1.271743032694227e-14,9.66267141558122e-12,Inf
1,148,2000.0,8.963253673037442e-14,9.033989770021132e-11,Inf
1,149,2000.0,1.3695006404076503e-14,1.0445260929075077e-11,Inf
1,150,2000.0,1.1794220727981286e-13,1.2023167370604597e-10,Inf
1,151,2000.0,1.389994206804812e-14,1.0588438101762527e-11,Inf
1,152,2000.0,1.1625421776169834e-13,1.1733581011931235e-10,Inf
1,153,2000.0,1.3173002722653423e-14,1.0050166380378603e-11,Inf
1,154,2000.0,1.0506724649642573e-13,1.0441063713922626e-10,Inf
1,155,2000.0,1.4419819305368528e-14,1.0909305364925536e-11,Inf
1,156,2000.0,9.822172690825897e-14,9.709072937566869e-11,Inf
1,157,2000.0,1.5130341464984395e-14,1.127794476189382e-11,Inf
1,158,2000.0,9.94742456420347e-14,9.81218142563525e-11,Inf
1,159,2000.0,1.3395284055554528e-14,1.0224923385617924e-11,Inf
1,160,2000.0,1.1896193092884575e-13,1.2086036933171828e-10,Inf
1,161,2000.0,1.523365678629336e-14,1.1337283288978699e-11,Inf
1,162,2000.0,1.0827041752485215e-13,1.0917476581014091e-10,Inf
1,163,2000.0,1.3877611667108865e-14,1.0598216246996285e-11,Inf
1,164,2000.0,1.0104228083226293e-13,9.972079624885767e-11,Inf
1,165,2000.0,1.388624984298867e-14,1.0584714115709486e-11,Inf
1,166,2000.0,1.0373148192565495e-13,1.0266780288719767e-10,Inf
1,167,2000.0,1.3062709828756222e-14,9.961030705477164e-12,Inf
1,168,2000.0,1.060799807929428e-13,1.0609601494475349e-10,Inf
1,169,2000.0,1.717305563905034e-14,1.2783373466372012e-11,Inf
1,170,2000.0,1.2272800295398463e-13,1.2665290541993647e-10,Inf
1,171,2000.0,1.6207303107063294e-14,1.1877357416749136e-11,Inf
1,172,2000.0,1.034694606427023e-13,1.0231262984163909e-10,Inf
1,173,2000.0,1.5574087780094382e-14,1.1485024961288614e-11,Inf
1,174,2000.0,1.1931528900948148e-13,1.2162772676825887e-10,Inf
1,175,2000.0,1.4938433514171897e-14,1.1165114812576308e-11,Inf
1,176,2000.0,1.0379046276710681e-13,1.026172402131569e-10,Inf
1,177,2000.0,1.7047155163743014e-14,1.2572520027836174e-11,Inf
1,178,2000.0,1.1035067732531114e-13,1.1066411296814916e-10,Inf
1,179,2000.0,1.3976183602197451e-14,1.0663536169723132e-11,Inf
1,180,2000.0,1.143150925749294e-13,1.1399513415287928e-10,Inf
1,181,2000.0,1.440819682222766e-14,1.0891174133161105e-11,Inf
1,182,2000.0,1.2186750388590462e-13,1.2582892572792753e-10,Inf
1,183,2000.0,1.5119907461092368e-14,1.127856033053378e-11,Inf
1,184,2000.0,1.0160987175553706e-13,1.0027418150748792e-10,Inf
1,185,2000.0,1.5779616393453454e-14,1.1593683144092144e-11,Inf
1,186,2000.0,1.065982172239111e-13,1.0759009275407893e-10,Inf
1,187,2000.0,1.3309965710148259e-14,1.0145277347917406e-11,Inf
1,188,2000.0,1.4687691067661172e-13,1.47731450171376e-10,Inf
1,189,2000.0,1.5318092739152868e-14,1.2692954598719683e-11,Inf
1,190,2000.0,1.4891549624942574e-13,1.4813580345736941e-10,Inf
1,191,2000.0,1.652849565937587e-14,1.3463329163714553e-11,Inf
1,192,2000.0,1.1934650250908708e-13,1.2166856778049998e-10,Inf
1,193,2000.0,1.4738088644277253e-14,1.1081309545277384e-11,Inf
1,194,2000.0,1.0580050519390836e-13,1.0532806425129395e-10,Inf
1,195,2000.0,1.7031618033476912e-14,1.2570764643141343e-11,Inf
1,196,2000.0,9.28997639153024e-14,9.282343824164442e-11,Inf
1,197,2000.0,1.3590072389069614e-14,1.0391674979656624e-11,Inf
1,198,2000.0,1.209142385216587e-13,1.2406326910249978e-10,Inf
1,199,2000.0,1.7169461265569563e-14,1.277629814407796e-11,Inf
1,200,2000.0,1.3191347101226968e-13,1.3469528815042326e-10,Inf
1,201,2000.0,1.5756828515180865e-14,1.160741659609019e-11,Inf
1,202,2000.0,9.557393695236727e-14,9.475050922619968e-11,Inf
1,203,2000.0,1.719809839898716e-14,1.324887958439187e-11,Inf
1,204,2000.0,1.280239866518127e-13,1.3117760937747962e-10,Inf
1,205,2000.0,1.7238503140448526e-14,1.317815122018413e-11,Inf
1,206,2000.0,1.247381880337697e-13,1.2803568160474752e-10,Inf
1,207,2000.0,1.722411355746494e-14,1.289507335840549e-11,Inf
1,208,2000.0,1.366742405351184e-13,1.3798631911721057e-10,Inf
1,209,2000.0,1.4845060952603628e-14,1.1136564416770228e-11,Inf
1,210,2000.0,1.2554709261067477e-13,1.287761699940323e-10,Inf
1,211,2000.0,1.4082772746360015e-14,1.0731973359508843e-11,Inf
1,212,2000.0,1.2200863122753972e-13,1.2575514827729742e-10,Inf
1,213,2000.0,1.4425120072423278e-14,1.0906333194677953e-11,Inf
1,214,2000.0,1.0369979963539585e-13,1.0246678854737806e-10,Inf
1,215,2000.0,1.4250164762742022e-14,1.0809265169538804e-11,Inf
1,216,2000.0,1.0601942235428104e-13,1.0576685945650193e-10,Inf
1,217,2000.0,1.5059574835112264e-14,1.1247408321757584e-11,Inf
1,218,2000.0,9.37531472718419e-14,9.335936877860003e-11,Inf
1,219,2000.0,1.3597574193620149e-14,1.0374064689740036e-11,Inf
1,220,2000.0,1.1720395990772886e-13,1.1868008748144954e-10,Inf
1,221,2000.0,1.4978991577634312e-14,1.1126794453297886e-11,Inf
1,222,2000.0,1.0553759920008666e-13,1.0511692709951484e-10,Inf
1,223,2000.0,1.7241872808412742e-14,1.3111518735181667e-11,Inf
1,224,2000.0,1.4361800914804263e-13,1.426168083266093e-10,Inf
1,225,2000.0,1.7218342178776742e-14,1.2920978141984132e-11,Inf
1,226,2000.0,1.2093609307316639e-13,1.2401770930332854e-10,Inf
1,227,2000.0,1.443133336136128e-14,1.0927980452964082e-11,Inf
1,228,2000.0,1.2907385810939173e-13,1.3211012951710727e-10,Inf
1,229,2000.0,1.7189468815772316e-14,1.284782235345188e-11,Inf
1,230,2000.0,1.335789142339932e-13,1.3577462451553555e-10,Inf
1,231,2000.0,1.69978690937915e-14,1.2551462936758548e-11,Inf
1,232,2000.0,1.2583216089787527e-13,1.2897424815480056e-10,Inf
1,233,2000.0,1.6100351743460555e-14,1.1830804766582988e-11,Inf
1,234,2000.0,1.4286282248925448e-13,1.4179728541696913e-10,Inf
1,235,2000.0,1.638995733924608e-14,1.2000693468811685e-11,Inf
1,236,2000.0,1.2082552926533688e-13,1.2383568304831666e-10,Inf
1,237,2000.0,1.3859019483961379e-14,1.0586690676337301e-11,Inf
1,238,2000.0,1.3151355122128708e-13,1.3423819387654603e-10,Inf
1,239,2000.0,1.3797398600898225e-14,1.0543422065499387e-11,Inf
1,240,2000.0,1.2071899195621476e-13,1.2354938365780108e-10,Inf
1,241,2000.0,1.396197464687991e-14,1.0667129018158647e-11,Inf
1,242,2000.0,1.2213356129160428e-13,1.2579284555724203e-10,Inf
1,243,2000.0,1.5304633923811846e-14,1.138020649964986e-11,Inf
1,244,2000.0,1.4321131512930273e-13,1.4221288617104773e-10,Inf
1,245,2000.0,1.7142599306129915e-14,1.3308826735218896e-11,Inf
1,246,2000.0,1.436681235396668e-13,1.428936910382045e-10,Inf
1,247,2000.0,1.560070410489071e-14,1.2974792791983776e-11,Inf
1,248,2000.0,1.3335715621763042e-13,1.3578063721507303e-10,Inf
1,249,2000.0,1.6249639334684023e-14,1.3410653217345652e-11,Inf
1,250,2000.0,1.428993134326786e-13,1.419587668458882e-10,Inf
1,251,2000.0,1.6146479913911334e-14,1.3398685855258209e-11,Inf
1,252,2000.0,1.4771642668824014e-13,1.5011620967538575e-10,Inf
1,253,2000.0,1.3557937155018243e-14,1.0359050481330205e-11,Inf
1,254,2000.0,1.0443170131997423e-13,1.0338351180946903e-10,Inf
1,255,2000.0,1.419160092480214e-14,1.077672115016394e-11,Inf
1,256,2000.0,1.144601932788954e-13,1.1427875166892222e-10,Inf
1,257,2000.0,1.3520521049848288e-14,1.0312490349924558e-11,Inf
1,258,2000.0,9.083287940854952e-14,9.123530053207324e-11,Inf
1,259,2000.0,1.2666471007703822e-14,9.62452043260547e-12,Inf
1,260,2000.0,9.407722692567036e-14,9.36081438787581e-11,Inf
1,261,2000.0,1.267550005022712e-14,9.633306304526677e-12,Inf
1,262,2000.0,1.1530037982241202e-13,1.159439408827904e-10,Inf
1,263,2000.0,1.330631575423714e-14,1.0161365666963276e-11,Inf
1,264,2000.0,1.4578555164978526e-13,1.4581376958571404e-10,Inf
1,265,2000.0,1.7181087509092883e-14,1.2797133634355625e-11,Inf
1,266,2000.0,1.4702878546763676e-13,1.4791576142951836e-10,Inf
1,267,2000.0,1.5599929864706547e-14,1.2974009126966216e-11,Inf
1,268,2000.0,1.477353227772345e-13,1.500850397263945e-10,Inf
1,269,2000.0,1.7153602364794908e-14,1.2749913255087304e-11,Inf
1,270,2000.0,1.3796972802985506e-13,1.387388862403001e-10,Inf
1,271,2000.0,1.2161347720045261e-14,9.204688102370344e-12,Inf
1,272,2000.0,1.0512659885198765e-13,1.0429876592217386e-10,Inf
1,273,2000.0,1.4492259371512415e-14,1.095936421456375e-11,Inf
1,274,2000.0,9.615948234937571e-14,9.518634643794039e-11,Inf
1,275,2000.0,1.2587343292005616e-14,9.55709804818147e-12,Inf
1,276,2000.0,9.894084550947482e-14,9.76091381453845e-11,Inf
1,277,2000.0,1.3667107400296047e-14,1.0451513491249965e-11,Inf
1,278,2000.0,9.811249404228102e-14,9.683818017181102e-11,Inf
1,279,2000.0,1.4960061898806307e-14,1.1118833417763925e-11,Inf
1,280,2000.0,9.193118161800456e-14,9.21380935873567e-11,Inf
1,281,2000.0,1.2838882232870437e-14,9.774786269835847e-12,Inf
1,282,2000.0,9.837097400034483e-14,9.707367660022068e-11,Inf
1,283,2000.0,1.486980323885659e-14,1.1158226144614681e-11,Inf
1,284,2000.0,9.37856810516906e-14,9.341270579876549e-11,Inf
1,285,2000.0,1.5321088198427407e-14,1.1356051381276161e-11,Inf
1,286,2000.0,1.2244510442615434e-13,1.2646671406175302e-10,Inf
1,287,2000.0,1.3091646367360045e-14,9.981120610541184e-12,Inf
1,288,2000.0,9.841053386420728e-14,9.714572765306681e-11,Inf
1,289,2000.0,1.6987746816632394e-14,1.250555012700895e-11,Inf
1,290,2000.0,9.877669785833874e-14,9.749987120310073e-11,Inf
1,291,2000.0,1.6838575622901072e-14,1.277230597803613e-11,Inf
1,292,2000.0,1.1851204426247579e-13,1.2055952549305706e-10,Inf
1,293,2000.0,1.6718072631678562e-14,1.2224089276472362e-11,Inf
1,294,2000.0,1.196317007064245e-13,1.2215999752666216e-10,Inf
1,295,2000.0,1.448942916372786e-14,1.093713991540555e-11,Inf
1,296,2000.0,1.2122938902872946e-13,1.245521309208254e-10,Inf
1,297,2000.0,1.2717673644277877e-14,9.660670316076085e-12,Inf
1,298,2000.0,1.0725069794355748e-13,1.0843458699850764e-10,Inf
1,299,2000.0,1.68930208841521e-14,1.2410226478560561e-11,Inf
1,300,2000.0,1.192708091318682e-13,1.2156943190973873e-10,Inf
1,301,2000.0,1.4611130640393053e-14,1.101736045110758e-11,Inf
1,302,2000.0,1.1947214791318096e-13,1.21845467742255e-10,Inf
1,303,2000.0,1.5769863978973857e-14,1.1619988176182957e-11,Inf
1,304,2000.0,1.19062826924248e-13,1.212452513503805e-10,Inf
1,305,2000.0,1.588917781905715e-14,1.1695189210785425e-11,Inf
1,306,2000.0,1.165628344508722e-13,1.178221349684506e-10,Inf
1,307,2000.0,1.670533073955501e-14,1.2239054291633315e-11,Inf
1,308,2000.0,1.1937722882756529e-13,1.2186179501184971e-10,Inf
1,309,2000.0,1.5406623865952245e-14,1.1423313100613433e-11,Inf
1,310,2000.0,1.1198939970115987e-13,1.1197613849212025e-10,Inf
1,311,2000.0,1.3341952424405323e-14,1.0171278597915386e-11,Inf
1,312,2000.0,1.0667699379402696e-13,1.0772320974211642e-10,Inf
1,313,2000.0,1.5278084118363293e-14,1.1331169319044981e-11,Inf
1,314,2000.0,1.1297194876970292e-13,1.1280695652320465e-10,Inf
1,315,2000.0,1.5271789701977425e-14,1.1348810801786054e-11,Inf
1,316,2000.0,9.922969436303191e-14,9.796653455709365e-11,Inf
1,317,2000.0,1.4210842586540256e-14,1.0801683682868279e-11,Inf
1,318,2000.0,1.0448839590074934e-13,1.0364866157806343e-10,Inf
1,319,2000.0,1.5971878807763435e-14,1.1737399517818741e-11,Inf
1,320,2000.0,1.1750217894443529e-13,1.1934325676927799e-10,Inf
1,321,2000.0,1.427276623222527e-14,1.0834224282853233e-11,Inf
1,322,2000.0,1.0481740317262586e-13,1.0406445151618864e-10,Inf
1,323,2000.0,1.5753197318834235e-14,1.1594385861594221e-11,Inf
1,324,2000.0,1.2002172636443514e-13,1.2283733423115824e-10,Inf
1,325,2000.0,1.5106141354923092e-14,1.1268845449037505e-11,Inf
1,326,2000.0,1.0666098300711724e-13,1.0760114638994205e-10,Inf
1,327,2000.0,1.4905894299633483e-14,1.1165262015355384e-11,Inf
1,328,2000.0,1.206597420665914e-13,1.238181947617123e-10,Inf
1,329,2000.0,1.6475874351592978e-14,1.2047440896599776e-11,Inf
1,330,2000.0,9.807177806548048e-14,9.686772836767819e-11,Inf
1,331,2000.0,1.597058266369419e-14,1.1737409595964632e-11,Inf
1,332,2000.0,1.0888334214213653e-13,1.0964572221648205e-10,Inf
1,333,2000.0,1.6474071136912815e-14,1.3456268806607353e-11,Inf
1,334,2000.0,1.1884436002607083e-13,1.21140800068944e-10,Inf
1,335,2000.0,1.724926428613349e-14,1.2942696376530303e-11,Inf
1,336,2000.0,1.2043666973599983e-13,1.2344865638612315e-10,Inf
1,337,2000.0,1.557184762022234e-14,1.1477959156823453e-11,Inf
1,338,2000.0,1.201888362460215e-13,1.230700535744384e-10,Inf
1,339,2000.0,1.6518881804398797e-14,1.2082723680485844e-11,Inf
1,340,2000.0,1.2116567122810518e-13,1.2435586443047204e-10,Inf
1,341,2000.0,1.686240922730491e-14,1.2405036999550773e-11,Inf
1,342,2000.0,1.0775602659477157e-13,1.0886894231413368e-10,Inf
1,343,2000.0,1.5135609189776433e-14,1.1287970983105785e-11,Inf
1,344,2000.0,1.2174364656823315e-13,1.2525898622013035e-10,Inf
1,345,2000.0,1.5156126640029243e-14,1.1297098005010925e-11,Inf
1,346,2000.0,1.2175841615253915e-13,1.2529243956427416e-10,Inf
1,347,2000.0,1.6911105296082845e-14,1.2455260245550431e-11,Inf
1,348,2000.0,1.0935511335032618e-13,1.0975867082409917e-10,Inf
1,349,2000.0,1.7186167012506982e-14,1.2806519402046373e-11,Inf
1,350,2000.0,9.747643722251571e-14,9.634138565611266e-11,Inf
1,351,2000.0,1.3614941356569665e-14,1.0382326880928824e-11,Inf
1,352,2000.0,1.1754380054049073e-13,1.193971682917378e-10,Inf
1,353,2000.0,1.3438338440216621e-14,1.0263257434089714e-11,Inf
1,354,2000.0,1.2262703870224902e-13,1.2681623687551498e-10,Inf
1,355,2000.0,1.6969138182901396e-14,1.247687690326763e-11,Inf
1,356,2000.0,9.472569175111651e-14,9.415378816797401e-11,Inf
1,357,2000.0,1.3477053565640359e-14,1.0291214352384512e-11,Inf
1,358,2000.0,1.1384090800252406e-13,1.1336416244906364e-10,Inf
1,359,2000.0,1.3639054072388463e-14,1.040363731872671e-11,Inf
1,360,2000.0,1.1285663075898375e-13,1.12615731913616e-10,Inf
1,361,2000.0,1.5771395180844583e-14,1.1596531635662307e-11,Inf
1,362,2000.0,1.1972416795206111e-13,1.223388245649848e-10,Inf
1,363,2000.0,1.6765753642288796e-14,1.225866775034748e-11,Inf
1,364,2000.0,1.0654256739887452e-13,1.0720667710981526e-10,Inf
1,365,2000.0,1.624243197179337e-14,1.189496363506171e-11,Inf
1,366,2000.0,1.167461125524925e-13,1.1818104061813e-10,Inf
1,367,2000.0,1.521103431164736e-14,1.1300924077908102e-11,Inf
1,368,2000.0,9.015316176571624e-14,9.06546933173254e-11,Inf
1,369,2000.0,1.3689689127352987e-14,1.0457474344708532e-11,Inf
1,370,2000.0,9.600971685195548e-14,9.510164652577061e-11,Inf
1,371,2000.0,1.5618237516926184e-14,1.15228028173351e-11,Inf
1,372,2000.0,1.1893177652071662e-13,1.2118099408962154e-10,Inf
1,373,2000.0,1.6376247167582357e-14,1.198321561750485e-11,Inf
1,374,2000.0,1.2328658895127023e-13,1.2692024841343725e-10,Inf
1,375,2000.0,1.3740778683283749e-14,1.0494723802875229e-11,Inf
1,376,2000.0,1.0610979262318727e-13,1.0592589967701463e-10,Inf
1,377,2000.0,1.4313568255425972e-14,1.085984356697585e-11,Inf
1,378,2000.0,1.1905965691603155e-13,1.2115197863001346e-10,Inf
1,379,2000.0,1.5354518430663768e-14,1.1398948382412106e-11,Inf
1,380,2000.0,1.1207519459724006e-13,1.1176138633863792e-10,Inf
1,381,2000.0,1.2982333205499542e-14,9.879617174179862e-12,Inf
1,382,2000.0,1.170853889333053e-13,1.1853985872552815e-10,Inf
1,383,2000.0,1.3788884372239716e-14,1.0518819210749286e-11,Inf
1,384,2000.0,1.172341297790948e-13,1.190686641812826e-10,Inf
1,385,2000.0,1.2376844073356523e-14,9.362339213695875e-12,Inf
1,386,2000.0,9.00807244360603e-14,9.064208509311905e-11,Inf
1,387,2000.0,1.5904872369652035e-14,1.170328461214478e-11,Inf
1,388,2000.0,9.411045665638312e-14,9.366456878812297e-11,Inf
1,389,2000.0,1.2588317846453904e-14,9.556523864967315e-12,Inf
1,390,2000.0,9.362261635849226e-14,9.330678844361336e-11,Inf
1,391,2000.0,1.3757683923721792e-14,1.0494633833132422e-11,Inf
1,392,2000.0,1.1799137524333e-13,1.2051113582806507e-10,Inf
1,393,2000.0,1.448666396439399e-14,1.094059992563649e-11,Inf
1,394,2000.0,9.051299033974729e-14,9.118556095604956e-11,Inf
1,395,2000.0,1.402370814482551e-14,1.0678914867352783e-11,Inf
1,396,2000.0,1.1631229446390235e-13,1.1813200635184783e-10,Inf
1,397,2000.0,1.3244065025899372e-14,1.0104620927451809e-11,Inf
1,398,2000.0,1.0056255561492299e-13,9.92336199896677e-11,Inf
1,399,2000.0,1.4151974811333577e-14,1.0768847837670263e-11,Inf
1,400,2000.0,1.041738354301398e-13,1.03221660102807e-10,Inf
1,401,2000.0,1.4025908717688129e-14,1.0694123251745698e-11,Inf
1,402,2000.0,9.474067072068495e-14,9.415497615838106e-11,Inf
1,403,2000.0,1.450312745238309e-14,1.095868326277569e-11,Inf
1,404,2000.0,1.216378051413191e-13,1.255141859924718e-10,Inf
1,405,2000.0,1.584725759313251e-14,1.1669209585055075e-11,Inf
1,406,2000.0,1.1129109391812774e-13,1.1139309995793241e-10,Inf
1,407,2000.0,1.590142501303009e-14,1.169789928539585e-11,Inf
1,408,2000.0,1.1767427189388943e-13,1.1956395699456504e-10,Inf
1,409,2000.0,1.3092940206471125e-14,9.981254237397308e-12,Inf
1,410,2000.0,9.713320117117571e-14,9.609194421253514e-11,Inf
1,411,2000.0,1.511490044795498e-14,1.127194014228945e-11,Inf
1,412,2000.0,1.1584193832335768e-13,1.1691577483904858e-10,Inf
1,413,2000.0,1.57512759833119e-14,1.1594407071496607e-11,Inf
1,414,2000.0,1.1840845543412346e-13,1.2064801389249102e-10,Inf
1,415,2000.0,1.483313261662984e-14,1.1126466934634534e-11,Inf
1,416,2000.0,1.2028058178027013e-13,1.2319808412382574e-10,Inf
1,417,2000.0,1.2241437020678297e-14,9.263966522194187e-12,Inf
1,418,2000.0,9.160167449145628e-14,9.203142537518609e-11,Inf
1,419,2000.0,1.3186967876886563e-14,1.0056941174576624e-11,Inf
1,420,2000.0,9.912489957420927e-14,9.78255359712771e-11,Inf
1,421,2000.0,1.2368892091545124e-14,9.35845333396263e-12,Inf
1,422,2000.0,1.0938208593230945e-13,1.1001310659739245e-10,Inf
1,423,2000.0,1.5783732294319656e-14,1.1624890096417103e-11,Inf
1,424,2000.0,1.0546082704852522e-13,1.0493132539879144e-10,Inf
1,425,2000.0,1.5535656124461477e-14,1.1487468420939977e-11,Inf
1,426,2000.0,9.068768089647315e-14,9.105910777589593e-11,Inf
1,427,2000.0,1.5958177129958595e-14,1.171161415042713e-11,Inf
1,428,2000.0,1.2166983669039388e-13,1.2537279982938166e-10,Inf
1,429,2000.0,1.438165063897716e-14,1.088129006245591e-11,Inf
1,430,2000.0,1.170590054070314e-13,1.1870269887246692e-10,Inf
1,431,2000.0,1.460269818658695e-14,1.1010260529275047e-11,Inf
1,432,2000.0,1.145000689873025e-13,1.1428842986413107e-10,Inf
1,433,2000.0,1.5383850565736288e-14,1.1407371175380853e-11,Inf
1,434,2000.0,9.965000212215436e-14,9.830284808032866e-11,Inf
1,435,2000.0,1.3675353013301579e-14,1.044072428428437e-11,Inf
1,436,2000.0,1.0750242324312198e-13,1.087338144575681e-10,Inf
1,437,2000.0,1.5890830395181257e-14,1.1697798343156683e-11,Inf
1,438,2000.0,1.2093311959096597e-13,1.2430449973339725e-10,Inf
1,439,2000.0,1.3814179226715928e-14,1.0538703940681636e-11,Inf
1,440,2000.0,1.0044461539164345e-13,9.913617292166084e-11,Inf
1,441,2000.0,1.411297065402409e-14,1.0746691172700317e-11,Inf
1,442,2000.0,9.527080535958947e-14,9.45860782477192e-11,Inf
1,443,2000.0,1.620924222474252e-14,1.1874851209331466e-11,Inf
1,444,2000.0,1.0391419713831304e-13,1.029052235542337e-10,Inf
1,445,2000.0,1.694621326769437e-14,1.2451846300841672e-11,Inf
1,446,2000.0,1.1443679433281986e-13,1.144514518614972e-10,Inf
1,447,2000.0,1.4652359457615463e-14,1.1033910627512094e-11,Inf
1,448,2000.0,1.064091662829761e-13,1.0701962501747116e-10,Inf
1,449,2000.0,1.475282566025626e-14,1.1084070659046704e-11,Inf
1,450,2000.0,1.229033437964743e-13,1.2688316131605011e-10,Inf
1,451,2000.0,1.585693088458119e-14,1.3249224891175412e-11,Inf
1,452,2000.0,1.2260610528322579e-13,1.2677250351420835e-10,Inf
1,453,2000.0,1.6406063561679527e-14,1.2000225330933771e-11,Inf
1,454,2000.0,1.237818587550791e-13,1.2736305102462956e-10,Inf
1,455,2000.0,1.5554487990933344e-14,1.1489608085239706e-11,Inf
1,456,2000.0,1.226457442976746e-13,1.26544524978484e-10,Inf
1,457,2000.0,1.5770238956308194e-14,1.162507644967768e-11,Inf
1,458,2000.0,1.2531555399446403e-13,1.2855727232918663e-10,Inf
1,459,2000.0,1.3836046727862128e-14,1.0571111395739772e-11,Inf
1,460,2000.0,1.185185323771963e-13,1.2041935067960183e-10,Inf
1,461,2000.0,1.664440285667666e-14,1.218485951771611e-11,Inf
1,462,2000.0,1.2292093300159653e-13,1.2666694904115715e-10,Inf
1,463,2000.0,1.5961912423243615e-14,1.1751085526546095e-11,Inf
1,464,2000.0,1.2434795250429536e-13,1.277079268295348e-10,Inf
1,465,2000.0,1.4998300481443416e-14,1.1212693174317383e-11,Inf
1,466,2000.0,1.3521563071086687e-13,1.37088762587318e-10,Inf
1,467,2000.0,1.2891945507574695e-14,9.813729956566695e-12,Inf
1,468,2000.0,1.226595604273103e-13,1.2665888482605901e-10,Inf
1,469,2000.0,1.454488770300221e-14,1.0964463407356057e-11,Inf
1,470,2000.0,9.956859914182086e-14,9.825746918434459e-11,Inf
1,471,2000.0,1.5404764816554886e-14,1.1399273722719587e-11,Inf
1,472,2000.0,9.332327509055338e-14,9.310806487197382e-11,Inf
1,473,2000.0,1.2540752345493138e-14,9.510766305993513e-12,Inf
1,474,2000.0,9.255053863996389e-14,9.261297161367274e-11,Inf
1,475,2000.0,1.411458053337911e-14,1.0732872124000476e-11,Inf
1,476,2000.0,9.161658013761556e-14,9.203156402027645e-11,Inf
1,477,2000.0,1.4357583242661908e-14,1.0862636697490065e-11,Inf
1,478,2000.0,1.193231679237378e-13,1.217998623193224e-10,Inf
1,479,2000.0,1.54959067661869e-14,1.1462448201247895e-11,Inf
1,480,2000.0,9.881786007865873e-14,9.758086321942137e-11,Inf
1,481,2000.0,1.5377671550626303e-14,1.1404307820334988e-11,Inf
1,482,2000.0,1.1776804549596713e-13,1.1969200196504889e-10,Inf
1,483,2000.0,1.7211129983380627e-14,1.2828568578982714e-11,Inf
1,484,2000.0,1.0906843207214984e-13,1.0968444994556932e-10,Inf
1,485,2000.0,1.4724822925652077e-14,1.1070968900485549e-11,Inf
1,486,2000.0,1.0710551587627113e-13,1.0833996572714345e-10,Inf
1,487,2000.0,1.5444343868009013e-14,1.1420912576614791e-11,Inf
1,488,2000.0,1.1614032514837808e-13,1.1734277672639866e-10,Inf
1,489,2000.0,1.4138794821765246e-14,1.0765362498686903e-11,Inf
1,490,2000.0,9.855292459508448e-14,9.73086294763328e-11,Inf
1,491,2000.0,1.5082687836139775e-14,1.1256436803117702e-11,Inf
1,492,2000.0,9.257622994965475e-14,9.265990206091631e-11,Inf
1,493,2000.0,1.710759111551592e-14,1.3346141458227557e-11,Inf
1,494,2000.0,1.181731225103801e-13,1.2023419120839684e-10,Inf
1,495,2000.0,1.697932684271022e-14,1.248351360723587e-11,Inf
1,496,2000.0,1.1602386133389864e-13,1.1702883955338548e-10,Inf
1,497,2000.0,1.3634813371742711e-14,1.0411067032176907e-11,Inf
1,498,2000.0,1.1146980344102168e-13,1.1162082902389154e-10,Inf
1,499,2000.0,1.3201070133191382e-14,1.0068942300876705e-11,Inf
1,500,2000.0,1.155101392370133e-13,1.1650781795075986e-10,Inf
1,501,2000.0,1.408778569339385e-14,1.0731801634469783e-11,Inf
1,502,2000.0,1.075986387434759e-13,1.0877716413857033e-10,Inf
1,503,2000.0,1.5048266193368936e-14,1.1230888186672219e-11,Inf
1,504,2000.0,1.1436432245821454e-13,1.1452193537084642e-10,Inf
1,505,2000.0,1.4772066418070143e-14,1.1090266721377358e-11,Inf
1,506,2000.0,1.157432869157899e-13,1.1672808905027513e-10,Inf
1,507,2000.0,1.5537159585356946e-14,1.147710613211454e-11,Inf
1,508,2000.0,9.017423901087188e-14,9.072247027457717e-11,Inf
1,509,2000.0,1.3133990970678846e-14,1.0013348454057268e-11,Inf
1,510,2000.0,9.066080286348279e-14,9.114784991303558e-11,Inf
1,511,2000.0,1.4448431305303877e-14,1.0927030256236035e-11,Inf
1,512,2000.0,9.520284993021296e-14,9.450609617012754e-11,Inf
1,513,2000.0,1.3826625156265871e-14,1.0555315471987736e-11,Inf
1,514,2000.0,1.1426764610713287e-13,1.1421772274988331e-10,Inf
1,515,2000.0,1.4163467601420739e-14,1.0776227461621906e-11,Inf
1,516,2000.0,1.1434664308218544e-13,1.1444116249320846e-10,Inf
1,517,2000.0,1.4001247828023696e-14,1.0657261575445338e-11,Inf
1,518,2000.0,9.450935567415224e-14,9.400974091653151e-11,Inf
1,519,2000.0,1.2996980955575117e-14,9.901112242285113e-12,Inf
1,520,2000.0,1.1711789805952699e-13,1.1916517078730852e-10,Inf
1,521,2000.0,1.448091818928189e-14,1.0948441633158288e-11,Inf
1,522,2000.0,1.0624284958410363e-13,1.0659752764241137e-10,Inf
1,523,2000.0,1.26816865050997e-14,9.633933653954761e-12,Inf
1,524,2000.0,1.0597459439586067e-13,1.0582864977589388e-10,Inf
1,525,2000.0,1.3864826270296644e-14,1.0586618983255026e-11,Inf
1,526,2000.0,9.885724618927855e-14,9.758375310820469e-11,Inf
1,527,2000.0,1.3528009086203708e-14,1.0336797947541433e-11,Inf
1,528,2000.0,9.754254939761528e-14,9.63604082043677e-11,Inf
1,529,2000.0,1.6365715127268412e-14,1.19732283442e-11,Inf
1,530,2000.0,1.159485529835606e-13,1.1695633626966417e-10,Inf
1,531,2000.0,1.557968415764753e-14,1.1484317154229815e-11,Inf
1,532,2000.0,1.2198925033830227e-13,1.2584503477693544e-10,Inf
1,533,2000.0,1.3005474569571212e-14,9.90810563582125e-12,Inf
1,534,2000.0,9.851816249905207e-14,9.730682932359251e-11,Inf
1,535,2000.0,1.4146198438897858e-14,1.0761218689364066e-11,Inf
1,536,2000.0,9.973962823629802e-14,9.847246218987087e-11,Inf
1,537,2000.0,1.3893297942886171e-14,1.0609702437244e-11,Inf
1,538,2000.0,9.362992621849907e-14,9.34115822748774e-11,Inf
1,539,2000.0,1.368601894268829e-14,1.0449132291209623e-11,Inf
1,540,2000.0,1.1099450692205647e-13,1.1128529908373994e-10,Inf
1,541,2000.0,1.5433511478837934e-14,1.1431897649675753e-11,Inf
1,542,2000.0,1.183564862326126e-13,1.2044507627821823e-10,Inf
1,543,2000.0,1.4705160617673048e-14,1.1045765491349583e-11,Inf
1,544,2000.0,1.162692925666031e-13,1.1748351484984178e-10,Inf
1,545,2000.0,1.4576240671540497e-14,1.0992770935100168e-11,Inf
1,546,2000.0,1.0476616501281594e-13,1.039057034565407e-10,Inf
1,547,2000.0,1.536366460385204e-14,1.1398307957720433e-11,Inf
1,548,2000.0,1.0564245853743141e-13,1.0507904773328071e-10,Inf
1,549,2000.0,1.674889697972536e-14,1.2264147241769165e-11,Inf
1,550,2000.0,1.1427802256245087e-13,1.1382818556294233e-10,Inf
1,551,2000.0,1.3618187477370734e-14,1.0402525330116733e-11,Inf
1,552,2000.0,1.1481291739264494e-13,1.1520044493884405e-10,Inf
1,553,2000.0,1.3916591220935927e-14,1.062892510434864e-11,Inf
1,554,2000.0,1.2061897851255922e-13,1.2371539182459701e-10,Inf
1,555,2000.0,1.2991056612195584e-14,9.886507893894316e-12,Inf
1,556,2000.0,1.1686784980079978e-13,1.1870505443361363e-10,Inf
1,557,2000.0,1.492424194895995e-14,1.1164437151748105e-11,Inf
1,558,2000.0,1.1879532183767921e-13,1.2104953736822164e-10,Inf
1,559,2000.0,1.3892561940683249e-14,1.060586890805323e-11,Inf
1,560,2000.0,1.171675435124582e-13,1.1888591618031954e-10,Inf
1,561,2000.0,1.4320297575651214e-14,1.0863453953119815e-11,Inf
1,562,2000.0,9.790420092114661e-14,9.676645209102532e-11,Inf
1,563,2000.0,1.4755670330020744e-14,1.108753545024422e-11,Inf
1,564,2000.0,9.55039231620499e-14,9.473219357628553e-11,Inf
1,565,2000.0,1.3338051779034173e-14,1.0174295761938532e-11,Inf
1,566,2000.0,1.2069570219761817e-13,1.2383823726330464e-10,Inf
1,567,2000.0,1.301681648030875e-14,9.90690404615685e-12,Inf
1,568,2000.0,1.0001284318341553e-13,9.867259842264361e-11,Inf
1,569,2000.0,1.6567757740036946e-14,1.211973485542823e-11,Inf
1,570,2000.0,9.868979409728251e-14,9.748697822891596e-11,Inf
1,571,2000.0,1.3499995666002824e-14,1.0296295537774615e-11,Inf
1,572,2000.0,1.2138253350471995e-13,1.2551798661709084e-10,Inf
1,573,2000.0,1.2806178863835399e-14,9.735258968670735e-12,Inf
1,574,2000.0,9.505330403218476e-14,9.451660022686587e-11,Inf
1,575,2000.0,1.236314814993378e-14,9.347888542378962e-12,Inf
1,576,2000.0,1.2054827936213306e-13,1.2396218307090786e-10,Inf
1,577,2000.0,1.4083837510091836e-14,1.0716649276551256e-11,Inf
1,578,2000.0,1.127816828281958e-13,1.1299301952806883e-10,Inf
1,579,2000.0,1.4576375097970468e-14,1.0996581710224045e-11,Inf
1,580,2000.0,1.0942856189750176e-13,1.0990321358470909e-10,Inf
1,581,2000.0,1.4226805434701632e-14,1.081271290266423e-11,Inf
1,582,2000.0,9.154125441741523e-14,9.1900492458336e-11,Inf
1,583,2000.0,1.405757153587004e-14,1.0716954124978256e-11,Inf
1,584,2000.0,1.1955776970840554e-13,1.2216391825184653e-10,Inf
1,585,2000.0,1.63688130862602e-14,1.1974691989160786e-11,Inf
1,586,2000.0,1.2152323832151588e-13,1.2492455256427292e-10,Inf
1,587,2000.0,1.554206551881678e-14,1.1466122345057886e-11,Inf
1,588,2000.0,1.143166355070161e-13,1.1391409447334304e-10,Inf
1,589,2000.0,1.401393949477443e-14,1.0694544711301116e-11,Inf
1,590,2000.0,1.1868448544850547e-13,1.205741652136755e-10,Inf
1,591,2000.0,1.4189048489618103e-14,1.0772751029288756e-11,Inf
1,592,2000.0,1.1027493099038677e-13,1.1062063698114894e-10,Inf
1,593,2000.0,1.3581681932312116e-14,1.0365766503263106e-11,Inf
1,594,2000.0,1.3121915005582645e-13,1.3411764992900955e-10,Inf
1,595,2000.0,1.3642343525627532e-14,1.0419617956167364e-11,Inf
1,596,2000.0,1.0663464442999293e-13,1.0724245804592281e-10,Inf
1,597,2000.0,1.3283251052618407e-14,1.0134017884925374e-11,Inf
1,598,2000.0,9.464524476644875e-14,9.407908652619588e-11,Inf
1,599,2000.0,1.3420450613745815e-14,1.0244322747259206e-11,Inf
1,600,2000.0,8.944918804106389e-14,9.026920091924115e-11,Inf
1,601,2000.0,1.3928971997747095e-14,1.0632616349276992e-11,Inf
1,602,2000.0,9.886267456512451e-14,9.754436497452532e-11,Inf
1,603,2000.0,1.3497770928082893e-14,1.0309641167759344e-11,Inf
1,604,2000.0,8.982438631601437e-14,9.063003987287327e-11,Inf
1,605,2000.0,1.5143635122713973e-14,1.1300067085537476e-11,Inf
1,606,2000.0,1.010974691716331e-13,9.972462595603314e-11,Inf
1,607,2000.0,1.4913876453323014e-14,1.1180851812503237e-11,Inf
1,608,2000.0,8.979417911783893e-14,9.039521821698965e-11,Inf
1,609,2000.0,1.2825045109316466e-14,9.757435674906329e-12,Inf
1,610,2000.0,9.952174137719966e-14,9.820043842003076e-11,Inf
1,611,2000.0,1.370405331622781e-14,1.0465779461850263e-11,Inf
1,612,2000.0,1.0607745671802088e-13,1.0608661266287163e-10,Inf
1,613,2000.0,1.389941935124483e-14,1.0613534820385492e-11,Inf
1,614,2000.0,9.609053141772213e-14,9.523256165467757e-11,Inf
1,615,2000.0,1.370659350693835e-14,1.0469965373097608e-11,Inf
1,616,2000.0,1.1677658978783726e-13,1.1831711914231072e-10,Inf
1,617,2000.0,1.498546544275998e-14,1.1186499252900124e-11,Inf
1,618,2000.0,1.1442991757336315e-13,1.1419501189853272e-10,Inf
1,619,2000.0,1.5138459833642865e-14,1.12639665964811e-11,Inf
1,620,2000.0,1.184009647465411e-13,1.2055517724548805e-10,Inf
1,621,2000.0,1.4118054903335254e-14,1.0750422987289291e-11,Inf
1,622,2000.0,1.1179360850120812e-13,1.1168457884592326e-10,Inf
1,623,2000.0,1.3813677165249075e-14,1.0534481444464367e-11,Inf
1,624,2000.0,1.042231117902737e-13,1.0327660283609043e-10,Inf
1,625,2000.0,1.3124575652118887e-14,1.000687904601054e-11,Inf
1,626,2000.0,9.712476002088701e-14,9.60432352010111e-11,Inf
1,627,2000.0,1.3230474602361806e-14,1.0092938553119174e-11,Inf
1,628,2000.0,9.591118367946482e-14,9.509058866421658e-11,Inf
1,629,2000.0,1.3007939473795298e-14,9.900134540249002e-12,Inf
1,630,2000.0,1.1806228983248142e-13,1.2009114154970913e-10,Inf
1,631,2000.0,1.3880882167006693e-14,1.05943282227813e-11,Inf
1,632,2000.0,1.0347850122738722e-13,1.023124746713116e-10,Inf
1,633,2000.0,1.3249624329059138e-14,1.0110379652392486e-11,Inf
1,634,2000.0,9.028754150953649e-14,9.089505965600706e-11,Inf
1,635,2000.0,1.253397217087592e-14,9.508416790386835e-12,Inf
1,636,2000.0,9.037301722544037e-14,9.0979159203487e-11,Inf
1,637,2000.0,1.3591056950067176e-14,1.0380859514004067e-11,Inf
1,638,2000.0,9.298577861981867e-14,9.306680685040959e-11,Inf
1,639,2000.0,1.3057610135582355e-14,9.954709806523896e-12,Inf
1,640,2000.0,9.160388970303113e-14,9.181301461893443e-11,Inf
1,641,2000.0,1.2540297984927884e-14,9.516319265641775e-12,Inf
1,642,2000.0,1.164403908283721e-13,1.176828260540553e-10,Inf
1,643,2000.0,1.3391837108138187e-14,1.0229708037985361e-11,Inf
1,644,2000.0,1.171766692008708e-13,1.1883837684929776e-10,Inf
1,645,2000.0,1.3116084537154976e-14,1.0000373840248896e-11,Inf
1,646,2000.0,1.1181838486518267e-13,1.1168218323885203e-10,Inf
1,647,2000.0,1.3379807935429146e-14,1.0219826029838532e-11,Inf
1,648,2000.0,9.079366255146489e-14,9.125473173051375e-11,Inf
1,649,2000.0,1.3355170023142533e-14,1.0186307703285384e-11,Inf
1,650,2000.0,9.110008582638455e-14,9.149806095283365e-11,Inf
1,651,2000.0,1.3634811693386786e-14,1.041538904574466e-11,Inf
1,652,2000.0,9.996213599414953e-14,9.863303748272587e-11,Inf
1,653,2000.0,1.3873122245453832e-14,1.0581228514556891e-11,Inf
1,654,2000.0,1.037442885321471e-13,1.0266642019650807e-10,Inf
1,655,2000.0,1.309068587836521e-14,9.981039576953604e-12,Inf
1,656,2000.0,9.417496394367153e-14,9.416166876406701e-11,Inf
1,657,2000.0,1.3135172431985198e-14,1.0004047602554658e-11,Inf
1,658,2000.0,9.00684251195338e-14,9.077014464494454e-11,Inf
1,659,2000.0,1.278680367119049e-14,9.723561629728284e-12,Inf
1,660,2000.0,9.841236442089991e-14,9.71648657461009e-11,Inf
1,661,2000.0,1.3094090435014361e-14,9.97227626669116e-12,Inf
1,662,2000.0,1.0246259344017162e-13,1.0117430645432493e-10,Inf
1,663,2000.0,1.303623867783124e-14,9.935028596891015e-12,Inf
1,664,2000.0,9.126477850119107e-14,9.16464943604191e-11,Inf
1,665,2000.0,1.3855876550907654e-14,1.056981458615735e-11,Inf
1,666,2000.0,1.0621963309770855e-13,1.0627550311346385e-10,Inf
1,667,2000.0,1.3160232331559905e-14,1.0038003138308569e-11,Inf
1,668,2000.0,1.1465927263001347e-13,1.1478886265107701e-10,Inf
1,669,2000.0,1.3271947326483111e-14,1.0117006847631959e-11,Inf
1,670,2000.0,1.0182121202452701e-13,1.0052105439549393e-10,Inf
1,671,2000.0,1.3836855295750907e-14,1.0554222740970582e-11,Inf
1,672,2000.0,1.1436874078937956e-13,1.1406312411410327e-10,Inf
1,673,2000.0,1.3659985664964593e-14,1.0420537618064075e-11,Inf
1,674,2000.0,9.627429350183997e-14,9.527729075590436e-11,Inf
1,675,2000.0,1.2513725837770427e-14,9.489019799942195e-12,Inf
1,676,2000.0,1.1827173732303813e-13,1.204054304129165e-10,Inf
1,677,2000.0,1.5791975070525433e-14,1.1611617143818321e-11,Inf
1,678,2000.0,9.968465514966672e-14,9.835484554117821e-11,Inf
1,679,2000.0,1.3645646960235205e-14,1.0412374909063486e-11,Inf
1,680,2000.0,9.224538297699166e-14,9.24114396751841e-11,Inf
1,681,2000.0,1.3795975746149124e-14,1.0527041285598872e-11,Inf
1,682,2000.0,1.1569520672846003e-13,1.166412779683969e-10,Inf
1,683,2000.0,1.3685422774285476e-14,1.0437064524083829e-11,Inf
1,684,2000.0,9.608780225391388e-14,9.518863290079786e-11,Inf
1,685,2000.0,1.3783618723748564e-14,1.0514821412137398e-11,Inf
1,686,2000.0,9.149446252328e-14,9.18552335139998e-11,Inf
1,687,2000.0,1.3033428714600705e-14,9.920335314774298e-12,Inf
1,688,2000.0,9.476050397972241e-14,9.4706059859314e-11,Inf
1,689,2000.0,1.3067394986117598e-14,9.946863185088157e-12,Inf
1,690,2000.0,8.959807464478857e-14,9.032392177765947e-11,Inf
1,691,2000.0,1.2998559955893362e-14,9.901316702199357e-12,Inf
1,692,2000.0,1.0829887766716756e-13,1.0922581390968926e-10,Inf
1,693,2000.0,1.3200115865279762e-14,1.0068848917242207e-11,Inf
1,694,2000.0,9.084306356606274e-14,9.129917164562994e-11,Inf
1,695,2000.0,1.3166382108895158e-14,1.003859009932397e-11,Inf
1,696,2000.0,1.1466131599941726e-13,1.1478766749885583e-10,Inf
1,697,2000.0,1.385552424949227e-14,1.0578855973162683e-11,Inf
1,698,2000.0,1.0408638920757922e-13,1.031158547376234e-10,Inf
1,699,2000.0,1.2533455520023938e-14,9.508213595545636e-12,Inf
1,700,2000.0,1.166257199586234e-13,1.1799904256420695e-10,Inf
1,701,2000.0,1.530971324851939e-14,1.1373964760581428e-11,Inf
1,702,2000.0,9.998053448703708e-14,9.86371431261651e-11,Inf
1,703,2000.0,1.6670266727145284e-14,1.2197356862361786e-11,Inf
1,704,2000.0,9.162543862471832e-14,9.190027046050331e-11,Inf
1,705,2000.0,1.3147207345175824e-14,1.0025730580349136e-11,Inf
1,706,2000.0,1.1858443020405316e-13,1.2055153534635978e-10,Inf
1,707,2000.0,1.3713179940330316e-14,1.0462114116622076e-11,Inf
1,708,2000.0,1.041411160776198e-13,1.0317042780190556e-10,Inf
1,709,2000.0,1.5290312178075086e-14,1.1340781835981027e-11,Inf
1,710,2000.0,1.2706532837918337e-13,1.3028230186444013e-10,Inf
1,711,2000.0,1.415463437708597e-14,1.0784131112812935e-11,Inf
1,712,2000.0,1.2083980161638403e-13,1.2416322245205444e-10,Inf
1,713,2000.0,1.6400971451163707e-14,1.2000295669425152e-11,Inf
1,714,2000.0,1.2917150062668665e-13,1.322655321678468e-10,Inf
1,715,2000.0,1.6807502826097275e-14,1.3485270846977571e-11,Inf
1,716,2000.0,1.3245111017045719e-13,1.351372972768698e-10,Inf
1,717,2000.0,1.625850822331803e-14,1.1883050968177327e-11,Inf
1,718,2000.0,1.331012493838173e-13,1.3559577923915968e-10,Inf
1,719,2000.0,1.6601496535195482e-14,1.3466014567667758e-11,Inf
1,720,2000.0,1.3276479065192555e-13,1.3538404323617706e-10,Inf
1,721,2000.0,1.5800107515397166e-14,1.1590718082305941e-11,Inf
1,722,2000.0,1.1096558836092433e-13,1.1157216517134428e-10,Inf
1,723,2000.0,1.4943778667353807e-14,1.1177309200870961e-11,Inf
1,724,2000.0,1.0322155498648881e-13,1.0216915882790146e-10,Inf
1,725,2000.0,1.3696455992462896e-14,1.0453302940644105e-11,Inf
1,726,2000.0,8.939507304949881e-14,9.044861446217628e-11,Inf
1,727,2000.0,1.3428669029879987e-14,1.0240071274650644e-11,Inf
1,728,2000.0,9.183907231239246e-14,9.223212163087078e-11,Inf
1,729,2000.0,1.4720988379450033e-14,1.1053247072099825e-11,Inf
1,730,2000.0,9.277704668278143e-14,9.29395157590128e-11,Inf
1,731,2000.0,1.5553137483067903e-14,1.1479879531109675e-11,Inf
1,732,2000.0,9.953136063071284e-14,9.963334282324798e-11,Inf
1,733,2000.0,1.354654164470892e-14,1.0332608789800564e-11,Inf
1,734,2000.0,9.559802730436301e-14,9.481918668958709e-11,Inf
1,735,2000.0,1.4509862175784405e-14,1.096215155917067e-11,Inf
1,736,2000.0,1.1637563702466585e-13,1.1769611690749894e-10,Inf
1,737,2000.0,1.2974017872083279e-14,9.87293784879944e-12,Inf
1,738,2000.0,9.146023692149685e-14,9.189638355054652e-11,Inf
1,739,2000.0,1.2989335481920785e-14,9.880185455721063e-12,Inf
1,740,2000.0,1.0593704360514965e-13,1.0577752043928743e-10,Inf
1,741,2000.0,1.4254874368567006e-14,1.0827145625581914e-11,Inf
1,742,2000.0,8.94490486002812e-14,9.028644751725768e-11,Inf
1,743,2000.0,1.261122433710459e-14,9.570472831155306e-12,Inf
1,744,2000.0,9.679763647312474e-14,9.583422764880278e-11,Inf
1,745,2000.0,1.3056317039224534e-14,9.948749257410306e-12,Inf
1,746,2000.0,8.99594394651156e-14,9.053863408181313e-11,Inf
1,747,2000.0,1.6546096701711148e-14,1.2099681544672564e-11,Inf
1,748,2000.0,1.0863616464427917e-13,1.095772454421787e-10,Inf
1,749,2000.0,1.3472191515217081e-14,1.0286620436175683e-11,Inf
1,750,2000.0,9.713900642198587e-14,9.608245849962776e-11,Inf
1,751,2000.0,1.2326969929746433e-14,9.327207112380298e-12,Inf
1,752,2000.0,9.873449800040204e-14,9.751232638522977e-11,Inf
1,753,2000.0,1.2036869180424752e-14,9.11685618365383e-12,Inf
1,754,2000.0,9.539384592874007e-14,9.465849136888497e-11,Inf
1,755,2000.0,1.3950435586680964e-14,1.0648142026550646e-11,Inf
1,756,2000.0,1.054259028421275e-13,1.0494362657027915e-10,Inf
1,757,2000.0,1.478762517056604e-14,1.1103845829614652e-11,Inf
1,758,2000.0,9.644513035925843e-14,9.552578577236074e-11,Inf
1,759,2000.0,1.2959641329450185e-14,9.859229585290273e-12,Inf
1,760,2000.0,1.258058637273186e-13,1.2933502125446209e-10,Inf
1,761,2000.0,1.456081473514779e-14,1.0966935117700547e-11,Inf
1,762,2000.0,9.755832017613155e-14,9.641686132642211e-11,Inf
1,763,2000.0,1.4205818539595632e-14,1.0779787282558926e-11,Inf
1,764,2000.0,1.05465333390234e-13,1.049354561037044e-10,Inf
1,765,2000.0,1.4259817767715428e-14,1.0812596567268559e-11,Inf
1,766,2000.0,9.396509344284987e-14,9.359375709037451e-11,Inf
1,767,2000.0,1.3883470351750963e-14,1.058885424198508e-11,Inf
1,768,2000.0,1.0160752035619652e-13,1.0032467720489706e-10,Inf
1,769,2000.0,1.3304314402503311e-14,1.0156168110452295e-11,Inf
1,770,2000.0,1.0556150950539118e-13,1.0502705218048691e-10,Inf
1,771,2000.0,1.4413484652352113e-14,1.0913429449484723e-11,Inf
1,772,2000.0,9.297640751979133e-14,9.289182312790958e-11,Inf
1,773,2000.0,1.3700182899464518e-14,1.0465789443174973e-11,Inf
1,774,2000.0,9.276918498205025e-14,9.290001501315858e-11,Inf
1,775,2000.0,1.4817938959978378e-14,1.1120173908204814e-11,Inf
1,776,2000.0,9.09847547033534e-14,9.142921970725859e-11,Inf
1,777,2000.0,1.3932501744721368e-14,1.0640520959620776e-11,Inf
1,778,2000.0,9.185590144213611e-14,9.22168567784647e-11,Inf
1,779,2000.0,1.356644083577008e-14,1.0347876833049753e-11,Inf
1,780,2000.0,1.0800890564916318e-13,1.0895730105645384e-10,Inf
2,1,1800.0,1.1486496753717149e-14,9.112799759795974e-12,Inf
2,2,1800.0,1.1665142055985313e-13,1.191263526421467e-10,Inf
2,3,1800.0,1.3506477560719334e-14,1.0165232704841236e-11,Inf
2,4,1800.0,1.1093283949002473e-13,1.0906465273694633e-10,Inf
2,5,1800.0,1.2249029503966443e-14,9.488352328292905e-12,Inf
2,6,1800.0,1.1073453953083954e-13,1.0891699508599032e-10,Inf
2,7,1800.0,1.1874304329186745e-14,9.312160514487081e-12,Inf
2,8,1800.0,1.16715841511897e-13,1.1736289232605486e-10,Inf
2,9,1800.0,1.3097269737021809e-14,9.904937891953235e-12,Inf
2,10,1800.0,1.1124070607483607e-13,1.0942897707591875e-10,Inf
2,11,1800.0,1.3029754825595042e-14,9.863272349695186e-12,Inf
2,12,1800.0,1.0560879423965488e-13,1.0429151695412459e-10,Inf
2,13,1800.0,1.1860665830180164e-14,9.164766940101515e-12,Inf
2,14,1800.0,1.0099058677346107e-13,1.0195090991442372e-10,Inf
2,15,1800.0,1.1270593764523675e-14,8.889534355982305e-12,Inf
2,16,1800.0,1.1420198757072838e-13,1.1267486441981399e-10,Inf
2,17,1800.0,1.1598337286481501e-14,9.036738234025647e-12,Inf
2,18,1800.0,9.314822305830382e-14,9.611947474229142e-11,Inf
2,19,1800.0,1.1091004984191198e-14,8.933339413796698e-12,Inf
2,20,1800.0,8.39966524687138e-14,9.073930919544865e-11,Inf
2,21,1800.0,1.0897373211639134e-14,8.838031120230986e-12,Inf
2,22,1800.0,9.175904572913953e-14,9.511656452557298e-11,Inf
2,23,1800.0,1.0560204503968165e-14,8.689957033236963e-12,Inf
2,24,1800.0,8.527837165010157e-14,9.093425204555973e-11,Inf
2,25,1800.0,1.0170732857623869e-14,8.537625676892231e-12,Inf
2,26,1800.0,9.388922657956769e-14,9.69531167850178e-11,Inf
2,27,1800.0,1.0645596797217702e-14,8.734016663575813e-12,Inf
2,28,1800.0,8.799028583134252e-14,9.253503164308057e-11,Inf
2,29,1800.0,1.025986395945954e-14,8.567262357406272e-12,Inf
2,30,1800.0,8.430319190331442e-14,9.086635960422381e-11,Inf
2,31,1800.0,1.0511473370784344e-14,8.679052737370678e-12,Inf
2,32,1800.0,9.575436044027783e-14,9.858158376119126e-11,Inf
2,33,1800.0,1.0426380648014986e-14,8.636517245194668e-12,Inf
2,34,1800.0,8.577772196559896e-14,9.121763963314039e-11,Inf
2,35,1800.0,1.0326414497616104e-14,8.600175256060278e-12,Inf
2,36,1800.0,8.398053077373775e-14,9.077969703845557e-11,Inf
2,37,1800.0,1.0336626182465798e-14,8.599661157285194e-12,Inf
2,38,1800.0,9.608480154702815e-14,9.884292954688534e-11,Inf
2,39,1800.0,1.0288330746138758e-14,8.578062943854506e-12,Inf
2,40,1800.0,8.499659775798854e-14,9.089759334737088e-11,Inf
2,41,1800.0,1.0283511652238666e-14,8.582563744138811e-12,Inf
2,42,1800.0,8.610577903054892e-14,9.136559241602836e-11,Inf
2,43,1800.0,1.0708398552511827e-14,8.758742598282587e-12,Inf
2,44,1800.0,9.01541899145115e-14,9.391665979517669e-11,Inf
2,45,1800.0,1.0359473584328918e-14,8.613806743085499e-12,Inf
2,46,1800.0,9.055032848801712e-14,9.416002785539275e-11,Inf
2,47,1800.0,5.246925009466174e-15,4.297846329292832e-12,Inf
2,48,1800.0,9.059888785942149e-14,9.41849350013122e-11,Inf
2,49,1800.0,1.1058439425659565e-14,8.916924181160323e-12,Inf
2,50,1800.0,1.0384951727535117e-13,1.0358791768119069e-10,Inf
2,51,1800.0,1.0773402560866265e-14,8.785269168915534e-12,Inf
2,52,1800.0,9.627385732420384e-14,9.879149690532166e-11,Inf
2,53,1800.0,1.0703895282916299e-14,8.749312060640571e-12,Inf
2,54,1800.0,9.274627890888021e-14,9.581174014477319e-11,Inf
2,55,1800.0,1.1101438904415199e-14,8.937245894150683e-12,Inf
2,56,1800.0,9.617378203168522e-14,9.884632031749546e-11,Inf
2,57,1800.0,1.093654626314815e-14,8.856502425277715e-12,Inf
2,58,1800.0,1.0411687997161799e-13,1.0356301230183483e-10,Inf
2,59,1800.0,1.0339473026813796e-14,8.604925846183298e-12,Inf
2,60,1800.0,1.12276369852623e-13,1.1048000551665265e-10,Inf
2,61,1800.0,1.0201419054766284e-14,8.550015043389734e-12,Inf
2,62,1800.0,1.0573199823790349e-13,1.0436412340416936e-10,Inf
2,63,1800.0,5.246925009466174e-15,4.297846329292832e-12,Inf
2,64,1800.0,8.999601598936967e-14,9.372838673036732e-11,Inf
2,65,1800.0,1.0171993001988292e-14,8.533493314388825e-12,Inf
2,66,1800.0,1.1311263768446856e-13,1.1139843848346148e-10,Inf
2,67,1800.0,1.187384016770738e-14,9.30523134315775e-12,Inf
2,68,1800.0,9.842609091993278e-14,1.0036132902887735e-10,Inf
2,69,1800.0,1.1819949097145908e-14,9.286234265426683e-12,Inf
2,70,1800.0,8.499247689356045e-14,9.084369391600298e-11,Inf
2,71,1800.0,1.0784783375080928e-14,8.790695829415057e-12,Inf
2,72,1800.0,9.296669671715912e-14,9.610289510257754e-11,Inf
2,73,1800.0,1.0471196499768215e-14,8.66023979871742e-12,Inf
2,74,1800.0,1.1673631827448935e-13,1.174865849454957e-10,Inf
2,75,1800.0,1.0804292800786184e-14,8.791787054977429e-12,Inf
2,76,1800.0,8.536884332336343e-14,9.099126157124983e-11,Inf
2,77,1800.0,1.1668261215965169e-14,9.210418972747969e-12,Inf
2,78,1800.0,8.89455036757307e-14,9.318250516399258e-11,Inf
2,79,1800.0,1.0259958190185018e-14,8.567326207954108e-12,Inf
2,80,1800.0,9.038683612853512e-14,9.391023466769867e-11,Inf
2,81,1800.0,1.0900040845287938e-14,8.838574344323142e-12,Inf
2,82,1800.0,1.1647010106884323e-13,1.166278016469155e-10,Inf
2,83,1800.0,1.190136266432496e-14,9.324959034770692e-12,Inf
2,84,1800.0,1.1402690136844905e-13,1.124280087575188e-10,Inf
2,85,1800.0,1.0299218050282972e-14,8.584884647181471e-12,Inf
2,86,1800.0,1.1365019911412242e-13,1.1195548393290707e-10,Inf
2,87,1800.0,1.219411781902309e-14,9.465815054232095e-12,Inf
2,88,1800.0,1.0022539663529992e-13,1.0136972215891846e-10,Inf
2,89,1800.0,1.3729161271858635e-14,1.0315025701065464e-11,Inf
2,90,1800.0,1.0652269145641272e-13,1.0490052655972518e-10,Inf
2,91,1800.0,1.1526692845221488e-14,9.139553301777357e-12,Inf
2,92,1800.0,1.039803641094236e-13,1.0350580929728051e-10,Inf
2,93,1800.0,1.4000447689260456e-14,1.0530164651147381e-11,Inf
2,94,1800.0,9.612431610915528e-14,9.863427009879975e-11,Inf
2,95,1800.0,1.0163620237628895e-14,8.528428812951341e-12,Inf
2,96,1800.0,8.458985769961652e-14,9.058767327739415e-11,Inf
2,97,1800.0,1.0460870936036243e-14,8.64533995435332e-12,Inf
2,98,1800.0,8.450434884473765e-14,9.058048213061745e-11,Inf
2,99,1800.0,1.0180907822585234e-14,8.535382309060255e-12,Inf
2,100,1800.0,1.0310689240411532e-13,1.0299999411451681e-10,Inf
2,101,1800.0,1.0587479868774599e-14,8.704481782151848e-12,Inf
2,102,1800.0,9.494144489293926e-14,9.764131412448761e-11,Inf
2,103,1800.0,1.094458908587949e-14,8.859772095655819e-12,Inf
2,104,1800.0,1.015041543028343e-13,1.0207665882740992e-10,Inf
2,105,1800.0,1.0582550211270733e-14,8.696338490976257e-12,Inf
2,106,1800.0,8.624984025559415e-14,9.133509615801072e-11,Inf
2,107,1800.0,1.0332702906250575e-14,8.597430424503097e-12,Inf
2,108,1800.0,9.127138796478086e-14,9.455173624344959e-11,Inf
2,109,1800.0,1.0663772856624415e-14,8.736433815561817e-12,Inf
2,110,1800.0,8.788035050893178e-14,9.227958764220318e-11,Inf
2,111,1800.0,1.0834523372465248e-14,8.802674272684293e-12,Inf
2,112,1800.0,9.779983203648029e-14,1.0000879581222671e-10,Inf
2,113,1800.0,1.1346814221351672e-14,9.044580770101515e-12,Inf
2,114,1800.0,9.282114002670098e-14,9.582271736943227e-11,Inf
2,115,1800.0,1.06371937058935e-14,8.72566565093469e-12,Inf
2,116,1800.0,9.328433118006493e-14,9.623685829845584e-11,Inf
2,117,1800.0,1.1012817077012855e-14,8.89569356591407e-12,Inf
2,118,1800.0,9.391812639433146e-14,9.679107425890475e-11,Inf
2,119,1800.0,1.0559029187017564e-14,8.69309515353114e-12,Inf
2,120,1800.0,9.412351855309448e-14,9.693366356070254e-11,Inf
2,121,1800.0,1.0999023207418123e-14,8.882250214186496e-12,Inf
2,122,1800.0,9.460134323002266e-14,9.733044604419559e-11,Inf
2,123,1800.0,1.0676319300535354e-14,8.736733205764882e-12,Inf
2,124,1800.0,9.426473890061706e-14,9.712456458733633e-11,Inf
2,125,1800.0,1.1028605655919538e-14,8.902942457257088e-12,Inf
2,126,1800.0,9.526063754628627e-14,9.794458368055455e-11,Inf
2,127,1800.0,1.1378344593141352e-14,9.060051658377971e-12,Inf
2,128,1800.0,1.029363916045113e-13,1.0289822692926099e-10,Inf
2,129,1800.0,1.102540063574886e-14,8.894750040384376e-12,Inf
2,130,1800.0,9.589857076499037e-14,9.84214812858893e-11,Inf
2,131,1800.0,1.095348831925299e-14,8.864302044468736e-12,Inf
2,132,1800.0,9.499432049614036e-14,9.778446265198236e-11,Inf
2,133,1800.0,1.059962958448513e-14,8.708996116409364e-12,Inf
2,134,1800.0,9.956402670918247e-14,1.0089930797712628e-10,Inf
2,135,1800.0,1.1507686063508875e-14,9.130846791538029e-12,Inf
2,136,1800.0,9.413830517217707e-14,9.689499520117691e-11,Inf
2,137,1800.0,1.0220949516430612e-14,8.553260173998819e-12,Inf
2,138,1800.0,8.477566905675203e-14,9.079059194730426e-11,Inf
2,139,1800.0,1.1089247302049132e-14,8.923856325818775e-12,Inf
2,140,1800.0,8.377524778606518e-14,9.082753697428344e-11,Inf
2,141,1800.0,1.0419707534069363e-14,8.641596885361549e-12,Inf
2,142,1800.0,9.210008882538813e-14,9.558375725892516e-11,Inf
2,143,1800.0,1.0830490332378038e-14,8.807558890908125e-12,Inf
2,144,1800.0,9.177591271025443e-14,9.506352790430475e-11,Inf
2,145,1800.0,1.0588978442237875e-14,8.699935822474318e-12,Inf
2,146,1800.0,9.005418304120327e-14,9.375543796603627e-11,Inf
2,147,1800.0,1.016009908581728e-14,8.527582077007396e-12,Inf
2,148,1800.0,8.398242411563608e-14,9.071400907747325e-11,Inf
2,149,1800.0,1.0411081689914452e-14,8.638336169648156e-12,Inf
2,150,1800.0,9.692178866114244e-14,9.95448069022916e-11,Inf
2,151,1800.0,1.0481247959057942e-14,8.659584151984219e-12,Inf
2,152,1800.0,9.526415124990839e-14,9.793768976920074e-11,Inf
2,153,1800.0,1.0228508435198117e-14,8.556255221475474e-12,Inf
2,154,1800.0,8.928626159556946e-14,9.336553009167105e-11,Inf
2,155,1800.0,1.064282001601109e-14,8.733093956012934e-12,Inf
2,156,1800.0,8.629240953957856e-14,9.16085353775953e-11,Inf
2,157,1800.0,1.0851254867974479e-14,8.818338626376352e-12,Inf
2,158,1800.0,8.676845076829282e-14,9.163128705184933e-11,Inf
2,159,1800.0,1.0300780376326741e-14,8.589035222297847e-12,Inf
2,160,1800.0,9.778801759009366e-14,9.976604742365006e-11,Inf
2,161,1800.0,1.0875411453730654e-14,8.826194007914513e-12,Inf
2,162,1800.0,9.157494669535147e-14,9.485193232412261e-11,Inf
2,163,1800.0,1.0464033527121237e-14,8.655169745132124e-12,Inf
2,164,1800.0,8.737754514322496e-14,9.211622449386389e-11,Inf
2,165,1800.0,1.047019536904082e-14,8.652955245831483e-12,Inf
2,166,1800.0,8.854330459774675e-14,9.28487714708439e-11,Inf
2,167,1800.0,1.0198707373035771e-14,8.54344623969664e-12,Inf
2,168,1800.0,9.015416836834355e-14,9.391093138125535e-11,Inf
2,169,1800.0,1.1818116953710827e-14,9.283959964775345e-12,Inf
2,170,1800.0,1.0440053350532121e-13,1.0356702771116235e-10,Inf
2,171,1800.0,1.1205331848356364e-14,8.984971108146147e-12,Inf
2,172,1800.0,8.84229565507331e-14,9.272053373876347e-11,Inf
2,173,1800.0,1.0960542928247656e-14,8.86145493824717e-12,Inf
2,174,1800.0,9.833022566493666e-14,1.0027084668139361e-10,Inf
2,175,1800.0,1.0778796025409066e-14,8.779000061070756e-12,Inf
2,176,1800.0,8.857741627091016e-14,9.277314457578252e-11,Inf
2,177,1800.0,1.1685422320459586e-14,9.211151955891995e-12,Inf
2,178,1800.0,9.215209747901983e-14,9.536266572565082e-11,Inf
2,179,1800.0,1.0498901538273794e-14,8.670083996750399e-12,Inf
2,180,1800.0,9.348599169208788e-14,9.650822622921342e-11,Inf
2,181,1800.0,1.0627659831517151e-14,8.717557494545751e-12,Inf
2,182,1800.0,1.0263363046787954e-13,1.0295234292041255e-10,Inf
2,183,1800.0,1.0840058930449103e-14,8.811597515177628e-12,Inf
2,184,1800.0,8.761174869070483e-14,9.220242674422955e-11,Inf
2,185,1800.0,1.1036074566666893e-14,8.900391865878929e-12,Inf
2,186,1800.0,9.080861144187696e-14,9.442531978465529e-11,Inf
2,187,1800.0,1.0275091088042344e-14,8.573312737066343e-12,Inf
2,188,1800.0,1.1798066482963368e-13,1.2095325478353333e-10,Inf
2,189,1800.0,1.3824148101695627e-14,1.0381140466329358e-11,Inf
2,190,1800.0,1.2756404879155196e-13,1.3011742064275725e-10,Inf
2,191,1800.0,1.2804307013252605e-14,9.72541325085623e-12,Inf
2,192,1800.0,9.836923748656566e-14,1.0029480440988745e-10,Inf
2,193,1800.0,1.0719164116475404e-14,8.760759370463264e-12,Inf
2,194,1800.0,8.987951588035045e-14,9.358633946391437e-11,Inf
2,195,1800.0,1.1671807207729466e-14,9.211441697303057e-12,Inf
2,196,1800.0,8.495807535309765e-14,9.071267485441235e-11,Inf
2,197,1800.0,1.034789798278664e-14,8.603142833255988e-12,Inf
2,198,1800.0,1.0089904585275426e-13,1.0176027538672395e-10,Inf
2,199,1800.0,1.1813137550653827e-14,9.28155292912293e-12,Inf
2,200,1800.0,1.1215002065914648e-13,1.1028914076340661e-10,Inf
2,201,1800.0,1.1017855564004196e-14,8.898222852937967e-12,Inf
2,202,1800.0,8.556844711267672e-14,9.096832422126319e-11,Inf
2,203,1800.0,1.2269901457754217e-14,9.49277674843233e-12,Inf
2,204,1800.0,1.0930462259206612e-13,1.074370221335961e-10,Inf
2,205,1800.0,1.2167564254639652e-14,9.456505264908292e-12,Inf
2,206,1800.0,1.0642822445620202e-13,1.0482206719383029e-10,Inf
2,207,1800.0,1.190512429615544e-14,9.326827629227496e-12,Inf
2,208,1800.0,1.1463279719963081e-13,1.1322955627824061e-10,Inf
2,209,1800.0,1.075232970152563e-14,8.774651959164713e-12,Inf
2,210,1800.0,1.0716510670262697e-13,1.0545800726179237e-10,Inf
2,211,1800.0,1.0526876662703885e-14,8.680252432556685e-12,Inf
2,212,1800.0,1.0276668197149766e-13,1.0287110722691298e-10,Inf
2,213,1800.0,1.0623425852747852e-14,8.713489930294136e-12,Inf
2,214,1800.0,8.854318781196762e-14,9.268113057928964e-11,Inf
2,215,1800.0,1.0579074852782058e-14,8.696512844815207e-12,Inf
2,216,1800.0,9.008965268307813e-14,9.373046767415314e-11,Inf
2,217,1800.0,1.0820549945408162e-14,8.803356408889552e-12,Inf
2,218,1800.0,8.514611867459356e-14,9.074043502332994e-11,Inf
2,219,1800.0,1.0358117109062984e-14,8.604179266489589e-12,Inf
2,220,1800.0,9.613236570822775e-14,9.857166058805145e-11,Inf
2,221,1800.0,1.0694614102811136e-14,8.661027156151774e-12,Inf
2,222,1800.0,8.929429711501978e-14,9.335655027494161e-11,Inf
2,223,1800.0,1.2071435238558473e-14,9.413477516726785e-12,Inf
2,224,1800.0,1.1661133646471986e-13,1.1730015243376998e-10,Inf
2,225,1800.0,1.1911854358271218e-14,9.330254956582356e-12,Inf
2,226,1800.0,1.0091399151351719e-13,1.0171747562173721e-10,Inf
2,227,1800.0,1.0626551836780353e-14,8.720973951401927e-12,Inf
2,228,1800.0,1.1013196778781505e-13,1.0817917385165985e-10,Inf
2,229,1800.0,1.1852993020888461e-14,9.300694767201523e-12,Inf
2,230,1800.0,1.1316251810404983e-13,1.1121744557288037e-10,Inf
2,231,1800.0,1.1644635975895478e-14,9.198557058130446e-12,Inf
2,232,1800.0,1.0741919943226643e-13,1.0561948117637796e-10,Inf
2,233,1800.0,1.1156424677906533e-14,8.962138978386069e-12,Inf
2,234,1800.0,1.1655721503523392e-13,1.1661370769221064e-10,Inf
2,235,1800.0,1.1282474701807592e-14,9.02097767383831e-12,Inf
2,236,1800.0,1.0073918640639026e-13,1.0159722655088672e-10,Inf
2,237,1800.0,1.04549483434491e-14,8.650648310738362e-12,Inf
2,238,1800.0,1.1187653353951875e-13,1.0989569240973926e-10,Inf
2,239,1800.0,1.0429108414595627e-14,8.638845248593424e-12,Inf
2,240,1800.0,1.004575764072943e-13,1.0141415762476536e-10,Inf
2,241,1800.0,1.0481082661420329e-14,8.659124269547747e-12,Inf
2,242,1800.0,1.0294906465682573e-13,1.028755285307185e-10,Inf
2,243,1800.0,1.0893897109621718e-14,8.833832289706696e-12,Inf
2,244,1800.0,1.1661773141419138e-13,1.1698219089094363e-10,Inf
2,245,1800.0,1.2362569656102679e-14,9.526460492555569e-12,Inf
2,246,1800.0,1.1656601378361134e-13,1.1754712629017584e-10,Inf
2,247,1800.0,1.359739264865604e-14,1.0225291625319129e-11,Inf
2,248,1800.0,1.1303933351900641e-13,1.1123043413493844e-10,Inf
2,249,1800.0,1.2938153835736551e-14,9.805715503778459e-12,Inf
2,250,1800.0,1.1655354726687042e-13,1.1676651851452316e-10,Inf
2,251,1800.0,1.29839472186509e-14,9.833520764633605e-12,Inf
2,252,1800.0,1.190250095733438e-13,1.2236769792175863e-10,Inf
2,253,1800.0,1.0343647443738692e-14,8.603266548561173e-12,Inf
2,254,1800.0,8.893441519073435e-14,9.296448281793227e-11,Inf
2,255,1800.0,1.0560882533705764e-14,8.688782956455377e-12,Inf
2,256,1800.0,9.363260315027189e-14,9.661086945027805e-11,Inf
2,257,1800.0,1.0334190571540942e-14,8.595101136549228e-12,Inf
2,258,1800.0,8.44209762877311e-14,9.061988529725663e-11,Inf
2,259,1800.0,1.014125984238392e-14,8.511176405901209e-12,Inf
2,260,1800.0,8.521484244619166e-14,9.079646652005015e-11,Inf
2,261,1800.0,1.0139672158740426e-14,8.509882514480984e-12,Inf
2,262,1800.0,9.44460101584411e-14,9.731362398214886e-11,Inf
2,263,1800.0,1.0264684056509995e-14,8.57078967420055e-12,Inf
2,264,1800.0,1.168512294889502e-13,1.197542665041194e-10,Inf
2,265,1800.0,1.1828731788512992e-14,9.289096858857103e-12,Inf
2,266,1800.0,1.1809472354710235e-13,1.2106150277003827e-10,Inf
2,267,1800.0,1.3598087985994428e-14,1.0225756901813635e-11,Inf
2,268,1800.0,1.1902096030501665e-13,1.2234817253154332e-10,Inf
2,269,1800.0,1.179353589584508e-14,9.272152340982575e-12,Inf
2,270,1800.0,1.1513784422960564e-13,1.1393997268798946e-10,Inf
2,271,1800.0,1.0116089837088683e-14,8.48608063639629e-12,Inf
2,272,1800.0,8.93310441123059e-14,9.323176758392322e-11,Inf
2,273,1800.0,1.0644472569339263e-14,8.72860249709234e-12,Inf
2,274,1800.0,8.571984064208561e-14,9.101188849256758e-11,Inf
2,275,1800.0,1.0134595767557839e-14,8.504939488391277e-12,Inf
2,276,1800.0,8.657323168202148e-14,9.14911320987045e-11,Inf
2,277,1800.0,1.037501041978591e-14,8.614466384304535e-12,Inf
2,278,1800.0,8.627370778501105e-14,9.133334845925842e-11,Inf
2,279,1800.0,1.068753229157813e-14,8.658105907763369e-12,Inf
2,280,1800.0,8.47735102419119e-14,9.055881826330327e-11,Inf
2,281,1800.0,1.015167636116737e-14,8.521725247568948e-12,Inf
2,282,1800.0,8.636596558474256e-14,9.136412926813571e-11,Inf
2,283,1800.0,1.0752350138176193e-14,8.773389782486749e-12,Inf
2,284,1800.0,8.514796695058059e-14,9.078073687717639e-11,Inf
2,285,1800.0,1.090799975281765e-14,8.834813317191831e-12,Inf
2,286,1800.0,1.0347264057525079e-13,1.0338361611670229e-10,Inf
2,287,1800.0,1.021088970025471e-14,8.550216906463814e-12,Inf
2,288,1800.0,8.637936892059522e-14,9.14281162767355e-11,Inf
2,289,1800.0,1.1634615290962174e-14,9.19293835687963e-12,Inf
2,290,1800.0,8.65105803211585e-14,9.152939859355422e-11,Inf
2,291,1800.0,1.2041595661752052e-14,9.244693554890513e-12,Inf
2,292,1800.0,9.739755047853385e-14,9.964812159129186e-11,Inf
2,293,1800.0,1.1450392742332396e-14,9.094716733408316e-12,Inf
2,294,1800.0,9.883956291653084e-14,1.0059185248618962e-10,Inf
2,295,1800.0,1.0645383718235175e-14,8.723525409315394e-12,Inf
2,296,1800.0,1.0142822823957985e-13,1.0206695471420475e-10,Inf
2,297,1800.0,1.0146524522085017e-14,8.516660776355196e-12,Inf
2,298,1800.0,9.128294648210635e-14,9.458754036786192e-11,Inf
2,299,1800.0,1.1563489324522937e-14,9.157643967743815e-12,Inf
2,300,1800.0,9.828343545279566e-14,1.0023121464702966e-10,Inf
2,301,1800.0,1.0682587823098434e-14,8.745571873553629e-12,Inf
2,302,1800.0,9.857152083043469e-14,1.0039322294568739e-10,Inf
2,303,1800.0,1.1026280088815608e-14,8.902002947587448e-12,Inf
2,304,1800.0,9.797259820091218e-14,1.0003423962876498e-10,Inf
2,305,1800.0,1.1079741801547838e-14,8.926753325812764e-12,Inf
2,306,1800.0,9.554711299987668e-14,9.817267631059313e-11,Inf
2,307,1800.0,1.144455653303734e-14,9.099374906841117e-12,Inf
2,308,1800.0,9.847533303005888e-14,1.0043190492593208e-10,Inf
2,309,1800.0,1.092341468306178e-14,8.848889144074544e-12,Inf
2,310,1800.0,9.263498331791157e-14,9.580590526672616e-11,Inf
2,311,1800.0,1.0283364034875788e-14,8.576259563814968e-12,Inf
2,312,1800.0,9.0898091895822e-14,9.443786892580644e-11,Inf
2,313,1800.0,1.0899017842686996e-14,8.832223438533919e-12,Inf
2,314,1800.0,9.294133518372482e-14,9.610501035351849e-11,Inf
2,315,1800.0,1.0897986442726189e-14,8.838397099325797e-12,Inf
2,316,1800.0,8.667006076662658e-14,9.172645501975385e-11,Inf
2,317,1800.0,1.0573435566921307e-14,8.701763327038957e-12,Inf
2,318,1800.0,8.895463715652071e-14,9.31591993590996e-11,Inf
2,319,1800.0,1.1114004463487817e-14,8.943069736033508e-12,Inf
2,320,1800.0,9.644638131582083e-14,9.898338976018713e-11,Inf
2,321,1800.0,1.0595149645250591e-14,8.711731455642138e-12,Inf
2,322,1800.0,8.9144577485023e-14,9.325718549621028e-11,Inf
2,323,1800.0,1.1018252617512768e-14,8.898887504600802e-12,Inf
2,324,1800.0,9.945256843282876e-14,1.0102428050197925e-10,Inf
2,325,1800.0,1.0838915323422048e-14,8.811917169787204e-12,Inf
2,326,1800.0,9.088899065956625e-14,9.4339439915483e-11,Inf
2,327,1800.0,1.0774386688405029e-14,8.78476798477903e-12,Inf
2,328,1800.0,1.0052684524712721e-13,1.0162782494408517e-10,Inf
2,329,1800.0,1.1328183514790703e-14,9.043855352628631e-12,Inf
2,330,1800.0,8.625700005854965e-14,9.141607009633425e-11,Inf
2,331,1800.0,1.1112978393739937e-14,8.942508142203408e-12,Inf
2,332,1800.0,9.174348252932323e-14,9.502338798236955e-11,Inf
2,333,1800.0,1.2846317453465866e-14,9.752339905580098e-12,Inf
2,334,1800.0,9.776868636951062e-14,1.0001450248245729e-10,Inf
2,335,1800.0,1.1949034041276357e-14,9.350878182636854e-12,Inf
2,336,1800.0,1.000690631790594e-13,1.0141040256481905e-10,Inf
2,337,1800.0,1.0969295741579596e-14,8.866447893455423e-12,Inf
2,338,1800.0,9.969660983472928e-14,1.0116795684271352e-10,Inf
2,339,1800.0,1.1347873492006458e-14,9.053072797989564e-12,Inf
2,340,1800.0,1.0130350314151361e-13,1.0192342668848749e-10,Inf
2,341,1800.0,1.1541743227091966e-14,9.147549098239242e-12,Inf
2,342,1800.0,9.142105873699286e-14,9.476414897229648e-11,Inf
2,343,1800.0,1.0843294344867327e-14,8.81247600477441e-12,Inf
2,344,1800.0,1.0228615575585366e-13,1.0251869661053152e-10,Inf
2,345,1800.0,1.0851638019656263e-14,8.81643152373216e-12,Inf
2,346,1800.0,1.0231497279305086e-13,1.0254269095081642e-10,Inf
2,347,1800.0,1.1576451506979902e-14,9.164673422568602e-12,Inf
2,348,1800.0,9.186987699886662e-14,9.497175148405116e-11,Inf
2,349,1800.0,1.1845239389019877e-14,9.290235339048603e-12,Inf
2,350,1800.0,8.606996618177024e-14,9.13092611846126e-11,Inf
2,351,1800.0,1.0369090504162024e-14,8.610405962857624e-12,Inf
2,352,1800.0,9.647788947871902e-14,9.901253702111064e-11,Inf
2,353,1800.0,1.0308158071493037e-14,8.589926227274221e-12,Inf
2,354,1800.0,1.0384991253474053e-13,1.0364269974161531e-10,Inf
2,355,1800.0,1.1619550954257494e-14,9.185670403192947e-12,Inf
2,356,1800.0,8.534449102169832e-14,9.093016338110436e-11,Inf
2,357,1800.0,1.032240392033898e-14,8.59646050841625e-12,Inf
2,358,1800.0,9.321970127069534e-14,9.62666873791759e-11,Inf
2,359,1800.0,1.0374799962901302e-14,8.611807031939898e-12,Inf
2,360,1800.0,9.28996085048157e-14,9.600501194047041e-11,Inf
2,361,1800.0,1.1028570719985141e-14,8.896157594529177e-12,Inf
2,362,1800.0,9.89801747635509e-14,1.0071090473030914e-10,Inf
2,363,1800.0,1.1479705666594017e-14,9.109236318435229e-12,Inf
2,364,1800.0,9.074806849814338e-14,9.419960668632495e-11,Inf
2,365,1800.0,1.1222338692271158e-14,8.993391013607081e-12,Inf
2,366,1800.0,9.574361753409986e-14,9.835600112917311e-11,Inf
2,367,1800.0,1.0872914856766406e-14,8.820044788457885e-12,Inf
2,368,1800.0,8.41803651175197e-14,9.063406063884006e-11,Inf
2,369,1800.0,1.039305631610646e-14,8.624978598696147e-12,Inf
2,370,1800.0,8.567403014628104e-14,9.104276042750689e-11,Inf
2,371,1800.0,1.0978911443437718e-14,8.878050280187656e-12,Inf
2,372,1800.0,9.785590539905774e-14,1.000162184780313e-10,Inf
2,373,1800.0,1.1279718565962782e-14,9.020324769911142e-12,Inf
2,374,1800.0,1.0509248908501026e-13,1.0383731937242257e-10,Inf
2,375,1800.0,1.0413486071775885e-14,8.63418986275254e-12,Inf
2,376,1800.0,9.016060292032766e-14,9.377631107408453e-11,Inf
2,377,1800.0,1.0601410357726192e-14,8.712836468209375e-12,Inf
2,378,1800.0,9.792906740761212e-14,9.996865240569444e-11,Inf
2,379,1800.0,1.0908520476858834e-14,8.84101462301881e-12,Inf
2,380,1800.0,9.264224089674325e-14,9.563005892169765e-11,Inf
2,381,1800.0,1.0188821356146726e-14,8.538167798358834e-12,Inf
2,382,1800.0,9.601752487882371e-14,9.851528710328772e-11,Inf
2,383,1800.0,1.0428048902885546e-14,8.633503724285483e-12,Inf
2,384,1800.0,9.622113648814972e-14,9.885128084808718e-11,Inf
2,385,1800.0,1.0126459445180049e-14,8.49677758113131e-12,Inf
2,386,1800.0,8.414673963276357e-14,9.067969241594508e-11,Inf
2,387,1800.0,1.108617199790904e-14,8.929858087389225e-12,Inf
2,388,1800.0,8.521618086896128e-14,9.083724625900507e-11,Inf
2,389,1800.0,1.0143041322195554e-14,8.51205570748937e-12,Inf
2,390,1800.0,8.510701287857783e-14,9.078090923152209e-11,Inf
2,391,1800.0,1.041709892128884e-14,8.629138521394255e-12,Inf
2,392,1800.0,9.70116151830281e-14,9.975781941111325e-11,Inf
2,393,1800.0,1.0667711890093932e-14,8.744996505533786e-12,Inf
2,394,1800.0,8.428894940989432e-14,9.090208841306167e-11,Inf
2,395,1800.0,1.0532558392930545e-14,8.68999347931473e-12,Inf
2,396,1800.0,9.546022875226959e-14,9.848944664811828e-11,Inf
2,397,1800.0,1.0253344292936225e-14,8.56840788158257e-12,Inf
2,398,1800.0,8.718769995339197e-14,9.194811738638835e-11,Inf
2,399,1800.0,1.0553586645810246e-14,8.693001451765045e-12,Inf
2,400,1800.0,8.878368328747697e-14,9.30146845288635e-11,Inf
2,401,1800.0,1.0514114840613439e-14,8.676370378077944e-12,Inf
2,402,1800.0,8.535188623508627e-14,9.092623785239735e-11,Inf
2,403,1800.0,1.0657194026906054e-14,8.736477081177995e-12,Inf
2,404,1800.0,1.0225193890023886e-13,1.0274105809873475e-10,Inf
2,405,1800.0,1.1066099326710567e-14,8.92088741947025e-12,Inf
2,406,1800.0,9.242658713446724e-14,9.560768897518848e-11,Inf
2,407,1800.0,1.108738295719982e-14,8.930791379046222e-12,Inf
2,408,1800.0,9.659524356018799e-14,9.910423475723376e-11,Inf
2,409,1800.0,1.0212529367879623e-14,8.551359561191408e-12,Inf
2,410,1800.0,8.595830588428459e-14,9.12786772547236e-11,Inf
2,411,1800.0,1.0843724775317179e-14,8.814508655293035e-12,Inf
2,412,1800.0,9.493610555251385e-14,9.778277634596759e-11,Inf
2,413,1800.0,1.1016703802553114e-14,8.89801133090219e-12,Inf
2,414,1800.0,9.734895518502777e-14,9.973590823017955e-11,Inf
2,415,1800.0,1.0754249279182535e-14,8.776927885473282e-12,Inf
2,416,1800.0,9.983323223752808e-14,1.0124757988674447e-10,Inf
2,417,1800.0,1.0131835019302235e-14,8.49992206897261e-12,Inf
2,418,1800.0,8.465617196295304e-14,9.071053457884365e-11,Inf
2,419,1800.0,1.0238636470009268e-14,8.562690284145984e-12,Inf
2,420,1800.0,8.663186947761124e-14,9.165835298712941e-11,Inf
2,421,1800.0,1.0137512762114445e-14,8.505666314569417e-12,Inf
2,422,1800.0,9.188400098095714e-14,9.515981226786006e-11,Inf
2,423,1800.0,1.1036975289636193e-14,8.907547204337843e-12,Inf
2,424,1800.0,8.952407347442746e-14,9.352704985694554e-11,Inf
2,425,1800.0,1.095184629795996e-14,8.863438596828121e-12,Inf
2,426,1800.0,8.437471932873893e-14,9.056248676821625e-11,Inf
2,427,1800.0,1.1104023923652356e-14,8.930748640940853e-12,Inf
2,428,1800.0,1.0223558310430896e-13,1.026252425997547e-10,Inf
2,429,1800.0,1.0614194542292301e-14,8.710470879548656e-12,Inf
2,430,1800.0,9.603749466764019e-14,9.863981450817147e-11,Inf
2,431,1800.0,1.0684577751409842e-14,8.747574020942614e-12,Inf
2,432,1800.0,9.366870676120429e-14,9.657709596010737e-11,Inf
2,433,1800.0,1.0925260625924505e-14,8.85031717485569e-12,Inf
2,434,1800.0,8.6832639112935e-14,9.169488273084995e-11,Inf
2,435,1800.0,1.0393533661574937e-14,8.627204668802785e-12,Inf
2,436,1800.0,9.135143851737564e-14,9.473106865561714e-11,Inf
2,437,1800.0,1.1079093305127556e-14,8.926229560909806e-12,Inf
2,438,1800.0,1.0101418162092788e-13,1.0193888792975073e-10,Inf
2,439,1800.0,1.0436614812483334e-14,8.636779809489485e-12,Inf
2,440,1800.0,8.713681410570231e-14,9.197797755833637e-11,Inf
2,441,1800.0,1.0540475033808933e-14,8.68718793996613e-12,Inf
2,442,1800.0,8.546945236195297e-14,9.100358727491932e-11,Inf
2,443,1800.0,1.1208389255645803e-14,8.986832047663303e-12,Inf
2,444,1800.0,8.863999470727184e-14,9.293195876356545e-11,Inf
2,445,1800.0,1.1602104553483134e-14,9.177045483941353e-12,Inf
2,446,1800.0,9.366165116584198e-14,9.670958940205984e-11,Inf
2,447,1800.0,1.0700793268648939e-14,8.754851575132125e-12,Inf
2,448,1800.0,9.060953820147813e-14,9.416891242784263e-11,Inf
2,449,1800.0,1.0730574611135674e-14,8.767338896566138e-12,Inf
2,450,1800.0,1.0477212872248015e-13,1.0379642502104826e-10,Inf
2,451,1800.0,1.3314560027478267e-14,1.004127233818952e-11,Inf
2,452,1800.0,1.0392903634796217e-13,1.0362087768674672e-10,Inf
2,453,1800.0,1.1294634914885998e-14,9.027632572026384e-12,Inf
2,454,1800.0,1.0555247518114519e-13,1.0424028502599123e-10,Inf
2,455,1800.0,1.096754273014194e-14,8.872290149849954e-12,Inf
2,456,1800.0,1.0394282077587505e-13,1.0341609168326341e-10,Inf
2,457,1800.0,1.1025624023043255e-14,8.90130208982272e-12,Inf
2,458,1800.0,1.069528135135322e-13,1.0526996614072507e-10,Inf
2,459,1800.0,1.0444872771188589e-14,8.645904033798398e-12,Inf
2,460,1800.0,9.736836898390439e-14,9.953819050427131e-11,Inf
2,461,1800.0,1.1406528956167643e-14,9.074311479613008e-12,Inf
2,462,1800.0,1.0478708966349204e-13,1.0360471326203196e-10,Inf
2,463,1800.0,1.1102342467793475e-14,8.937140871547738e-12,Inf
2,464,1800.0,1.060656463338407e-13,1.0453752811915757e-10,Inf
2,465,1800.0,1.0804154184353599e-14,8.797361325596597e-12,Inf
2,466,1800.0,1.1400838388847382e-13,1.1240215951107805e-10,Inf
2,467,1800.0,1.0171727647174993e-14,8.536793138836638e-12,Inf
2,468,1800.0,1.0400269162026488e-13,1.0352553400925765e-10,Inf
2,469,1800.0,1.0662784827956479e-14,8.731149966827379e-12,Inf
2,470,1800.0,8.680279673320445e-14,9.170492227828985e-11,Inf
2,471,1800.0,1.0925982157565501e-14,8.843821409807112e-12,Inf
2,472,1800.0,8.50454215104046e-14,9.075243684158163e-11,Inf
2,473,1800.0,1.0136758704051553e-14,8.506776606484668e-12,Inf
2,474,1800.0,8.488290260043531e-14,9.070402751098458e-11,Inf
2,475,1800.0,1.0536125071002084e-14,8.678180356073154e-12,Inf
2,476,1800.0,8.466494533655704e-14,9.069894232484566e-11,Inf
2,477,1800.0,1.0615931018389512e-14,8.713405246500788e-12,Inf
2,478,1800.0,9.840183552671573e-14,1.0039751784033567e-10,Inf
2,479,1800.0,1.0952157825691322e-14,8.864254131998634e-12,Inf
2,480,1800.0,8.6518956544826e-14,9.159030160415922e-11,Inf
2,481,1800.0,1.0923759958282256e-14,8.849543693316347e-12,Inf
2,482,1800.0,9.670100763775316e-14,9.916983305018367e-11,Inf
2,483,1800.0,1.1861831850073045e-14,9.306352760906416e-12,Inf
2,484,1800.0,9.180642437709558e-14,9.500483060874335e-11,Inf
2,485,1800.0,1.071972264227961e-14,8.762187651100284e-12,Inf
2,486,1800.0,9.124071873187204e-14,9.455716026332233e-11,Inf
2,487,1800.0,1.0932130610571669e-14,8.846788962736368e-12,Inf
2,488,1800.0,9.519840265144882e-14,9.798076876031782e-11,Inf
2,489,1800.0,1.054375820898949e-14,8.687161554676668e-12,Inf
2,490,1800.0,8.642736874719934e-14,9.152363159922354e-11,Inf
2,491,1800.0,1.0831802581039886e-14,8.809064633487272e-12,Inf
2,492,1800.0,8.488101116324959e-14,9.073582089018581e-11,Inf
2,493,1800.0,1.2428275481440515e-14,9.553253492138233e-12,Inf
2,494,1800.0,9.7087920165391e-14,9.948510754605105e-11,Inf
2,495,1800.0,1.1627296805629694e-14,9.189707264367688e-12,Inf
2,496,1800.0,9.506491190381019e-14,9.780279566061153e-11,Inf
2,497,1800.0,1.0377615204865697e-14,8.620019768523384e-12,Inf
2,498,1800.0,9.248499593319528e-14,9.57194107511681e-11,Inf
2,499,1800.0,1.0241945308927156e-14,8.563888833305151e-12,Inf
2,500,1800.0,9.46652139383953e-14,9.76257927769969e-11,Inf
2,501,1800.0,1.0532639702086728e-14,8.683912924838434e-12,Inf
2,502,1800.0,9.1376531731824e-14,9.474218321291108e-11,Inf
2,503,1800.0,1.0830842802008354e-14,8.811374226463697e-12,Inf
2,504,1800.0,9.363241981184127e-14,9.680400554212945e-11,Inf
2,505,1800.0,1.0741958914401392e-14,8.773532163764141e-12,Inf
2,506,1800.0,9.484626557291661e-14,9.769040909622429e-11,Inf
2,507,1800.0,1.0970524671243167e-14,8.874338003982048e-12,Inf
2,508,1800.0,8.418171757312407e-14,9.067790951263905e-11,Inf
2,509,1800.0,1.0224918894707476e-14,8.557139460671336e-12,Inf
2,510,1800.0,8.43506932906045e-14,9.067816077409632e-11,Inf
2,511,1800.0,1.0646640857048537e-14,8.7334641229296e-12,Inf
2,512,1800.0,8.54650342102086e-14,9.103433268297201e-11,Inf
2,513,1800.0,1.0449515011418024e-14,8.650726981018897e-12,Inf
2,514,1800.0,9.350742800608522e-14,9.666815335176437e-11,Inf
2,515,1800.0,1.0556191536210157e-14,8.693804963394043e-12,Inf
2,516,1800.0,9.360366299300491e-14,9.676210669771118e-11,Inf
2,517,1800.0,1.0511629988056464e-14,8.671105042674395e-12,Inf
2,518,1800.0,8.528793104675767e-14,9.091954875196704e-11,Inf
2,519,1800.0,1.0193028312246964e-14,8.544683516490591e-12,Inf
2,520,1800.0,9.615901203632215e-14,9.897096116678052e-11,Inf
2,521,1800.0,1.064898884760685e-14,8.732582405217412e-12,Inf
2,522,1800.0,9.039907836326626e-14,9.405008629008567e-11,Inf
2,523,1800.0,1.0153947821799359e-14,8.52199410428818e-12,Inf
2,524,1800.0,9.005412004361895e-14,9.378147563448513e-11,Inf
2,525,1800.0,1.0461209825852136e-14,8.65469205056414e-12,Inf
2,526,1800.0,8.653887293137912e-14,9.157807118716234e-11,Inf
2,527,1800.0,1.0332645523064196e-14,8.598378772666653e-12,Inf
2,528,1800.0,8.609982055905763e-14,9.125110718989556e-11,Inf
2,529,1800.0,1.1276236478266121e-14,9.01885319185365e-12,Inf
2,530,1800.0,9.501651753133753e-14,9.776803646155762e-11,Inf
2,531,1800.0,1.0967015719046656e-14,8.86502948901996e-12,Inf
2,532,1800.0,1.0277149207980262e-13,1.0294864266479506e-10,Inf
2,533,1800.0,1.0194903630261026e-14,8.545413812137009e-12,Inf
2,534,1800.0,8.640958819379814e-14,9.153098336439175e-11,Inf
2,535,1800.0,1.0557475763388815e-14,8.696252378583571e-12,Inf
2,536,1800.0,8.685240677293098e-14,9.186447558357107e-11,Inf
2,537,1800.0,1.0470002775208782e-14,8.657671811183953e-12,Inf
2,538,1800.0,8.50797971486371e-14,9.091820943370951e-11,Inf
2,539,1800.0,1.0397153922096268e-14,8.62863742667246e-12,Inf
2,540,1800.0,9.236569383075964e-14,9.563044868668101e-11,Inf
2,541,1800.0,1.0937324315164754e-14,8.85657826248634e-12,Inf
2,542,1800.0,9.726344646521198e-14,9.959627955115928e-11,Inf
2,543,1800.0,1.07067711156053e-14,8.748872485796392e-12,Inf
2,544,1800.0,9.530465835517735e-14,9.803583894497195e-11,Inf
2,545,1800.0,1.0683373688291518e-14,8.748775303933085e-12,Inf
2,546,1800.0,8.911353892858518e-14,9.317344519466916e-11,Inf
2,547,1800.0,1.0918879294007524e-14,8.84692689328604e-12,Inf
2,548,1800.0,8.968666702568556e-14,9.35248071908992e-11,Inf
2,549,1800.0,1.1471936690221339e-14,9.113263757022964e-12,Inf
2,550,1800.0,9.343270032549949e-14,9.642342821439885e-11,Inf
2,551,1800.0,1.0367557592980724e-14,8.61433016308666e-12,Inf
2,552,1800.0,9.403699164107552e-14,9.700544121249025e-11,Inf
2,553,1800.0,1.047621817528942e-14,8.659488992005385e-12,Inf
2,554,1800.0,1.0042601398512194e-13,1.015625141118002e-10,Inf
2,555,1800.0,1.0190944425749934e-14,8.539052948308443e-12,Inf
2,556,1800.0,9.592437585551999e-14,9.869662949782185e-11,Inf
2,557,1800.0,1.0794861779184573e-14,8.79723487508492e-12,Inf
2,558,1800.0,9.771348182507772e-14,9.995327946875549e-11,Inf
2,559,1800.0,1.0472823359386684e-14,8.659940902678127e-12,Inf
2,560,1800.0,9.614835608127637e-14,9.873672928000709e-11,Inf
2,561,1800.0,1.0603370255171145e-14,8.713661905746927e-12,Inf
2,562,1800.0,8.618982662543248e-14,9.147146161216356e-11,Inf
2,563,1800.0,1.0728646143516694e-14,8.765780682116223e-12,Inf
2,564,1800.0,8.554070644003814e-14,9.104564195795622e-11,Inf
2,565,1800.0,1.0290524716503888e-14,8.587378979652454e-12,Inf
2,566,1800.0,1.005943726237199e-13,1.0162989350683847e-10,Inf
2,567,1800.0,1.0197350719131137e-14,8.541759341101876e-12,Inf
2,568,1800.0,8.696734846938514e-14,9.184744160129688e-11,Inf
2,569,1800.0,1.1372324233040307e-14,9.064828140028017e-12,Inf
2,570,1800.0,8.646770790114805e-14,9.158051110202893e-11,Inf
2,571,1800.0,1.0343710621958572e-14,8.610327061379798e-12,Inf
2,572,1800.0,1.0186939156141834e-13,1.0281458223382391e-10,Inf
2,573,1800.0,1.0173078720670415e-14,8.53953955456272e-12,Inf
2,574,1800.0,8.538239812159557e-14,9.119215417221298e-11,Inf
2,575,1800.0,1.0158858826735842e-14,8.524103892822548e-12,Inf
2,576,1800.0,1.0043558033704867e-13,1.0176932334530659e-10,Inf
2,577,1800.0,1.0549029597978384e-14,8.696084441168994e-12,Inf
2,578,1800.0,9.29333363380766e-14,9.630414843892674e-11,Inf
2,579,1800.0,1.0677558224805778e-14,8.744795029262932e-12,Inf
2,580,1800.0,9.189408540184008e-14,9.506922029510957e-11,Inf
2,581,1800.0,1.057585183841514e-14,8.702082654889986e-12,Inf
2,582,1800.0,8.465457015972423e-14,9.064306295335739e-11,Inf
2,583,1800.0,1.0518946454748363e-14,8.676871788153274e-12,Inf
2,584,1800.0,9.875527842583108e-14,1.0061805793408523e-10,Inf
2,585,1800.0,1.1269993144729174e-14,9.00873933836723e-12,Inf
2,586,1800.0,1.0192017783687986e-13,1.0229375308454356e-10,Inf
2,587,1800.0,1.0958120184091379e-14,8.86036948885703e-12,Inf
2,588,1800.0,9.346742253330595e-14,9.64689583882654e-11,Inf
2,589,1800.0,1.0500292276097408e-14,8.667555350402055e-12,Inf
2,590,1800.0,9.752212113101959e-14,9.961589734828226e-11,Inf
2,591,1800.0,1.0563274446023027e-14,8.690638844461829e-12,Inf
2,592,1800.0,9.213574062292873e-14,9.534528846063136e-11,Inf
2,593,1800.0,1.0348815763945617e-14,8.599047225925334e-12,Inf
2,594,1800.0,1.1168770847645758e-13,1.0980446869064063e-10,Inf
2,595,1800.0,1.0377543878445032e-14,8.619009247168322e-12,Inf
2,596,1800.0,9.083895983851634e-14,9.411326129304039e-11,Inf
2,597,1800.0,1.0268307829039874e-14,8.575961809168133e-12,Inf
2,598,1800.0,8.533402198762823e-14,9.094720668282991e-11,Inf
2,599,1800.0,1.0308407880965375e-14,8.592116302290492e-12,Inf
2,600,1800.0,8.387676898876943e-14,9.077735004838268e-11,Inf
2,601,1800.0,1.048558850593863e-14,8.665063191031554e-12,Inf
2,602,1800.0,8.654147738181265e-14,9.151509526316169e-11,Inf
2,603,1800.0,1.0326527177199584e-14,8.597222028245956e-12,Inf
2,604,1800.0,8.3744305046714e-14,9.085052133128996e-11,Inf
2,605,1800.0,1.0840613297870966e-14,8.81078142995354e-12,Inf
2,606,1800.0,8.740894932590124e-14,9.199379990554403e-11,Inf
2,607,1800.0,1.0765733164728564e-14,8.77900157984387e-12,Inf
2,608,1800.0,8.405068637941485e-14,9.065160564617965e-11,Inf
2,609,1800.0,1.0162994383281016e-14,8.531172134001734e-12,Inf
2,610,1800.0,8.678127459045562e-14,9.171738287714436e-11,Inf
2,611,1800.0,1.0400876447877614e-14,8.629180428588918e-12,Inf
2,612,1800.0,9.016576208124768e-14,9.388414329697729e-11,Inf
2,613,1800.0,1.0472965033240372e-14,8.65914079184252e-12,Inf
2,614,1800.0,8.567165764765687e-14,9.111613511081256e-11,Inf
2,615,1800.0,1.0399633546797455e-14,8.62788499354847e-12,Inf
2,616,1800.0,9.57910143645973e-14,9.844670985223803e-11,Inf
2,617,1800.0,1.0798183156418945e-14,8.78814204290338e-12,Inf
2,618,1800.0,9.359711837740247e-14,9.656607319080272e-11,Inf
2,619,1800.0,1.0849743845410672e-14,8.810314281435647e-12,Inf
2,620,1800.0,9.733266299688298e-14,9.966474342245922e-11,Inf
2,621,1800.0,1.0541037408209878e-14,8.687118102908921e-12,Inf
2,622,1800.0,9.257050895843446e-14,9.566437447136064e-11,Inf
2,623,1800.0,1.0439886902962238e-14,8.639292932040477e-12,Inf
2,624,1800.0,8.880719323514196e-14,9.301912354595204e-11,Inf
2,625,1800.0,1.0220812466216049e-14,8.554861330061447e-12,Inf
2,626,1800.0,8.595551388964647e-14,9.125895303807842e-11,Inf
2,627,1800.0,1.0250220429736653e-14,8.567366168195565e-12,Inf
2,628,1800.0,8.562579842261656e-14,9.109110335897924e-11,Inf
2,629,1800.0,1.0194755122489917e-14,8.540538466464483e-12,Inf
2,630,1800.0,9.699096536272278e-14,9.939681760106291e-11,Inf
2,631,1800.0,1.047118414542187e-14,8.660231339478035e-12,Inf
2,632,1800.0,8.842780622585263e-14,9.271555619255352e-11,Inf
2,633,1800.0,1.0253458838545463e-14,8.567945761123906e-12,Inf
2,634,1800.0,8.422131397996482e-14,9.077505800196467e-11,Inf
2,635,1800.0,1.0145217419229749e-14,8.513459964654972e-12,Inf
2,636,1800.0,8.424985440439798e-14,9.078883134497224e-11,Inf
2,637,1800.0,1.0358835629417583e-14,8.61096414057637e-12,Inf
2,638,1800.0,8.378512118296335e-14,9.143815243446783e-11,Inf
2,639,1800.0,1.0200646903836783e-14,8.545372187876372e-12,Inf
2,640,1800.0,8.372279743057504e-14,9.115605680922828e-11,Inf
2,641,1800.0,1.0138840664952897e-14,8.508122104026382e-12,Inf
2,642,1800.0,9.544374896209512e-14,9.811501652505969e-11,Inf
2,643,1800.0,1.0291153843627403e-14,8.582001267214696e-12,Inf
2,644,1800.0,9.613446633000705e-14,9.870264502675207e-11,Inf
2,645,1800.0,1.021803703324275e-14,8.55350557765009e-12,Inf
2,646,1800.0,9.257593209197158e-14,9.565452359492441e-11,Inf
2,647,1800.0,1.0288008607208483e-14,8.580899160501544e-12,Inf
2,648,1800.0,8.439741070506133e-14,9.066846023182957e-11,Inf
2,649,1800.0,1.0281647797981773e-14,8.5735591326344e-12,Inf
2,650,1800.0,8.450787679359898e-14,9.064698092529742e-11,Inf
2,651,1800.0,1.0373378537950046e-14,8.616743020417175e-12,Inf
2,652,1800.0,8.695314690126869e-14,9.179102458387767e-11,Inf
2,653,1800.0,1.0459672020973397e-14,8.646698892410845e-12,Inf
2,654,1800.0,8.85504661708946e-14,9.283729957229776e-11,Inf
2,655,1800.0,1.020964959201741e-14,8.549355361159523e-12,Inf
2,656,1800.0,8.388819359922808e-14,9.170809940295056e-11,Inf
2,657,1800.0,1.0224430691414246e-14,8.551873518663054e-12,Inf
2,658,1800.0,8.372025853477374e-14,9.093694464383724e-11,Inf
2,659,1800.0,1.0161730132042399e-14,8.529686374270801e-12,Inf
2,660,1800.0,8.637271653005395e-14,9.149054383578644e-11,Inf
2,661,1800.0,1.0211759088320242e-14,8.5459904538972e-12,Inf
2,662,1800.0,8.79761993805819e-14,9.23973105960453e-11,Inf
2,663,1800.0,1.0199056717797453e-14,8.546000057813388e-12,Inf
2,664,1800.0,8.456214434963246e-14,9.064787633867161e-11,Inf
2,665,1800.0,1.0452073499366947e-14,8.643174931191433e-12,Inf
2,666,1800.0,9.033883149764015e-14,9.387882377524136e-11,Inf
2,667,1800.0,1.0227397758835477e-14,8.556608989035897e-12,Inf
2,668,1800.0,9.386400494845701e-14,9.682097881298281e-11,Inf
2,669,1800.0,1.0260424230324032e-14,8.566043115746271e-12,Inf
2,670,1800.0,8.770269780985037e-14,9.22576382140854e-11,Inf
2,671,1800.0,1.044632964010531e-14,8.641254793546617e-12,Inf
2,672,1800.0,9.353098374781309e-14,9.652839589786935e-11,Inf
2,673,1800.0,1.038140534608991e-14,8.614250995726411e-12,Inf
2,674,1800.0,8.574167345267602e-14,9.105041044992086e-11,Inf
2,675,1800.0,1.0131297032098602e-14,8.501937727752052e-12,Inf
2,676,1800.0,9.719390809206614e-14,9.95880349684443e-11,Inf
2,677,1800.0,1.1043006546752903e-14,8.903125715920507e-12,Inf
2,678,1800.0,8.684861256251452e-14,9.170582196234928e-11,Inf
2,679,1800.0,1.0373651034349948e-14,8.61014949120302e-12,Inf
2,680,1800.0,8.482330242342303e-14,9.067685792237258e-11,Inf
2,681,1800.0,1.0428094118787952e-14,8.632662512399511e-12,Inf
2,682,1800.0,9.481086219035432e-14,9.764099431898565e-11,Inf
2,683,1800.0,1.0393259700700228e-14,8.620096237482955e-12,Inf
2,684,1800.0,8.567223148070973e-14,9.109438525103292e-11,Inf
2,685,1800.0,1.0426164042506245e-14,8.632750391972352e-12,Inf
2,686,1800.0,8.463933655449495e-14,9.064094018076388e-11,Inf
2,687,1800.0,1.0201134086469916e-14,8.543212084600902e-12,Inf
2,688,1800.0,8.395014001994509e-14,9.186568740560478e-11,Inf
2,689,1800.0,1.0210613332277956e-14,8.547459475959413e-12,Inf
2,690,1800.0,8.396442717589669e-14,9.072369697859543e-11,Inf
2,691,1800.0,1.0195119647886689e-14,8.54615935936236e-12,Inf
2,692,1800.0,9.158386737966375e-14,9.487165155756303e-11,Inf
2,693,1800.0,1.0240758478931054e-14,8.563069960532934e-12,Inf
2,694,1800.0,8.441296960201334e-14,9.066952123246396e-11,Inf
2,695,1800.0,1.0235110312675735e-14,8.561934244946002e-12,Inf
2,696,1800.0,9.386494810943327e-14,9.68195276453005e-11,Inf
2,697,1800.0,1.0458526819665571e-14,8.653865839709651e-12,Inf
2,698,1800.0,8.87346455130634e-14,9.299002243113751e-11,Inf
2,699,1800.0,1.0144550402481122e-14,8.512892415068498e-12,Inf
2,700,1800.0,9.562433289388639e-14,9.827397788246311e-11,Inf
2,701,1800.0,1.090172311759024e-14,8.837843756446609e-12,Inf
2,702,1800.0,8.696212083122285e-14,9.176971090088274e-11,Inf
2,703,1800.0,1.142740016880482e-14,9.091678304656943e-12,Inf
2,704,1800.0,8.37115011905083e-14,9.122894030592883e-11,Inf
2,705,1800.0,1.0226127853138826e-14,8.556842907532207e-12,Inf
2,706,1800.0,9.744592313999697e-14,9.962430598875805e-11,Inf
2,707,1800.0,1.0399666531823146e-14,8.62152871957917e-12,Inf
2,708,1800.0,8.876183081180487e-14,9.298912113956257e-11,Inf
2,709,1800.0,1.089825635394757e-14,8.8307469235641e-12,Inf
2,710,1800.0,1.084920673594842e-13,1.067180359065513e-10,Inf
2,711,1800.0,1.0539405354575709e-14,8.683251316438627e-12,Inf
2,712,1800.0,1.0085097673547912e-13,1.0185545297569026e-10,Inf
2,713,1800.0,1.129080064053557e-14,9.02552549246879e-12,Inf
2,714,1800.0,1.1020918644635297e-13,1.0831759421697161e-10,Inf
2,715,1800.0,1.2658923669797704e-14,9.654499659592146e-12,Inf
2,716,1800.0,1.1250085782670648e-13,1.1067092755025165e-10,Inf
2,717,1800.0,1.122716854740974e-14,8.988278443097455e-12,Inf
2,718,1800.0,1.1289753168452876e-13,1.1106876018367045e-10,Inf
2,719,1800.0,1.275386490983373e-14,9.696361165175317e-12,Inf
2,720,1800.0,1.1269432844274234e-13,1.1088429520466939e-10,Inf
2,721,1800.0,1.1054144470870746e-14,8.910436223302955e-12,Inf
2,722,1800.0,9.237578094427058e-14,9.58623638248296e-11,Inf
2,723,1800.0,1.0796243708100118e-14,8.796544420786836e-12,Inf
2,724,1800.0,8.830141289161463e-14,9.279766133751398e-11,Inf
2,725,1800.0,1.0404593830198212e-14,8.633038085887878e-12,Inf
2,726,1800.0,8.373331202133302e-14,9.097185861364643e-11,Inf
2,727,1800.0,1.0323254381012833e-14,8.602745148159683e-12,Inf
2,728,1800.0,8.472694078147722e-14,9.071199114681721e-11,Inf
2,729,1800.0,1.074483948542328e-14,8.779724472035932e-12,Inf
2,730,1800.0,8.488597927602794e-14,9.096568683029862e-11,Inf
2,731,1800.0,1.0982978875714088e-14,8.881466998925544e-12,Inf
2,732,1800.0,8.60435152322631e-14,9.387267862231657e-11,Inf
2,733,1800.0,1.0358336884337526e-14,8.616096678441454e-12,Inf
2,734,1800.0,8.555993915119089e-14,9.105528144002576e-11,Inf
2,735,1800.0,1.065915281095944e-14,8.737301427899238e-12,Inf
2,736,1800.0,9.541738283574635e-14,9.814061170221709e-11,Inf
2,737,1800.0,1.0187019581578317e-14,8.537469837739634e-12,Inf
2,738,1800.0,8.461556867800799e-14,9.074990017530152e-11,Inf
2,739,1800.0,1.0198270035931534e-14,8.54474347582485e-12,Inf
2,740,1800.0,9.002358670728239e-14,9.378603399793201e-11,Inf
2,741,1800.0,1.0585965441987755e-14,8.706787366725537e-12,Inf
2,742,1800.0,8.383450253214347e-14,9.077936158034332e-11,Inf
2,743,1800.0,1.0157801352171277e-14,8.524715735363385e-12,Inf
2,744,1800.0,8.585291220803892e-14,9.130477069172893e-11,Inf
2,745,1800.0,1.020767425041895e-14,8.550865409148308e-12,Inf
2,746,1800.0,8.410903424282324e-14,9.066948699405636e-11,Inf
2,747,1800.0,1.1362425036265741e-14,9.060227534397063e-12,Inf
2,748,1800.0,9.169003544823343e-14,9.50518955334268e-11,Inf
2,749,1800.0,1.0321820024478872e-14,8.596584255594486e-12,Inf
2,750,1800.0,8.596127854450012e-14,9.13289864094054e-11,Inf
2,751,1800.0,1.0134852896076102e-14,8.503101664535782e-12,Inf
2,752,1800.0,8.647904871402304e-14,9.164847286680751e-11,Inf
2,753,1800.0,1.0124393003363144e-14,8.492171004173237e-12,Inf
2,754,1800.0,8.550885636746212e-14,9.102895010057548e-11,Inf
2,755,1800.0,1.049023189845974e-14,8.666283600900717e-12,Inf
2,756,1800.0,8.948307159438382e-14,9.35798104495306e-11,Inf
2,757,1800.0,1.0738877358653181e-14,8.77012754112937e-12,Inf
2,758,1800.0,8.5762656852847e-14,9.117518620936791e-11,Inf
2,759,1800.0,1.0187151477323522e-14,8.538731999719555e-12,Inf
2,760,1800.0,1.0742097375293003e-13,1.0594366643465617e-10,Inf
2,761,1800.0,1.0675603108816964e-14,8.738547654578581e-12,Inf
2,762,1800.0,8.60897710898126e-14,9.136630428724308e-11,Inf
2,763,1800.0,1.0571872078708165e-14,8.695191188102244e-12,Inf
2,764,1800.0,8.951908376000836e-14,9.35393968272308e-11,Inf
2,765,1800.0,1.0584476481678285e-14,8.699429347397691e-12,Inf
2,766,1800.0,8.517449225904945e-14,9.085043967951648e-11,Inf
2,767,1800.0,1.0463530403402612e-14,8.648288108163026e-12,Inf
2,768,1800.0,8.761015352428212e-14,9.222915323848629e-11,Inf
2,769,1800.0,1.0268500686034901e-14,8.573936501818709e-12,Inf
2,770,1800.0,8.962002232869068e-14,9.352969611460053e-11,Inf
2,771,1800.0,1.0629358833330853e-14,8.724306001160497e-12,Inf
2,772,1800.0,8.496742947224439e-14,9.074406170390161e-11,Inf
2,773,1800.0,1.039660847017245e-14,8.62637326305201e-12,Inf
2,774,1800.0,8.376653999467472e-14,9.14242305840571e-11,Inf
2,775,1800.0,1.0747394847379119e-14,8.77349354436749e-12,Inf
2,776,1800.0,8.445972058038335e-14,9.06730777860863e-11,Inf
2,777,1800.0,1.048005560218349e-14,8.660637173407609e-12,Inf
2,778,1800.0,8.474242897066857e-14,9.069370179320113e-11,Inf
2,779,1800.0,1.034952918902597e-14,8.601343266396807e-12,Inf
2,780,1800.0,9.150419588015483e-14,9.476959489171905e-11,Inf
3,1,1100.0,1.892153767692796e-14,1.717533372232663e-11,Inf
3,2,1100.0,2.1262976597718693e-13,1.99292749105335e-10,Inf
3,3,1100.0,2.146102547897269e-14,1.867557498603682e-11,Inf
3,4,1100.0,1.881405432026974e-13,1.800689403139281e-10,Inf
3,5,1100.0,1.9705194157007572e-14,1.7652438211671393e-11,Inf
3,6,1100.0,1.87733546222906e-13,1.7990413924852635e-10,Inf
3,7,1100.0,1.930471850850186e-14,1.7413767901713933e-11,Inf
3,8,1100.0,2.0900725893911365e-13,1.954408777567503e-10,Inf
3,9,1100.0,2.0805150348092603e-14,1.8341051104056714e-11,Inf
3,10,1100.0,1.8878996026753043e-13,1.8068461893056532e-10,Inf
3,11,1100.0,2.0693738380333957e-14,1.8273681910942192e-11,Inf
3,12,1100.0,1.7707055467347684e-13,1.7408413241212575e-10,Inf
3,13,1100.0,1.9054907132976337e-14,1.5094426898355632e-11,Inf
3,14,1100.0,1.7073838073506453e-13,1.7254265692639748e-10,Inf
3,15,1100.0,1.8367914015523784e-14,1.4820158070127863e-11,Inf
3,16,1100.0,1.9612066829223788e-13,1.8621949452857344e-10,Inf
3,17,1100.0,1.8734901761652633e-14,1.4963593519564905e-11,Inf
3,18,1100.0,1.6181352849118212e-13,1.6401422198032962e-10,Inf
3,19,1100.0,1.8502437832948845e-14,1.6970716788622435e-11,Inf
3,20,1100.0,1.5207893207387864e-13,1.5827199317367385e-10,Inf
3,21,1100.0,1.8267711817601818e-14,1.6848525605678337e-11,Inf
3,22,1100.0,1.5959915149596801e-13,1.62837690773373e-10,Inf
3,23,1100.0,1.794769593612448e-14,1.6688979554709188e-11,Inf
3,24,1100.0,1.523043335997757e-13,1.5771921157813787e-10,Inf
3,25,1100.0,1.77976343062258e-14,1.6656919299330435e-11,Inf
3,26,1100.0,1.6291505075175556e-13,1.6551483069227088e-10,Inf
3,27,1100.0,1.8051337897696436e-14,1.6756238875410117e-11,Inf
3,28,1100.0,1.5489680025133714e-13,1.5945510467657956e-10,Inf
3,29,1100.0,1.7735886733466036e-14,1.6619987606841814e-11,Inf
3,30,1100.0,1.5186231050434058e-13,1.5849974804211642e-10,Inf
3,31,1100.0,1.7945947865973e-14,1.671801839248182e-11,Inf
3,32,1100.0,1.6516566971880047e-13,1.6810674724485688e-10,Inf
3,33,1100.0,1.7856834711006558e-14,1.6666659978330702e-11,Inf
3,34,1100.0,1.5268034824080526e-13,1.579918063946142e-10,Inf
3,35,1100.0,1.7777353233537908e-14,1.664646929067831e-11,Inf
3,36,1100.0,1.5204648987763205e-13,1.5841637304438977e-10,Inf
3,37,1100.0,1.7787538552105743e-14,1.6646078602406908e-11,Inf
3,38,1100.0,1.6554311522566826e-13,1.6849547477140959e-10,Inf
3,39,1100.0,1.7734145110101754e-14,1.6617341144084083e-11,Inf
3,40,1100.0,1.5207132200311831e-13,1.57918197295611e-10,Inf
3,41,1100.0,1.7753465278230258e-14,1.663825293803099e-11,Inf
3,42,1100.0,1.529737105050791e-13,1.5804991344142272e-10,Inf
3,43,1100.0,1.8090170624085794e-14,1.676427706027454e-11,Inf
3,44,1100.0,1.5722980720580257e-13,1.6111487619737612e-10,Inf
3,45,1100.0,1.780124692413788e-14,1.6653277886078263e-11,Inf
3,46,1100.0,1.5779521758869967e-13,1.614071687345327e-10,Inf
3,47,1100.0,8.924148861004102e-15,8.263694385911427e-12,Inf
3,48,1100.0,1.5786274466474146e-13,1.6142697308776504e-10,Inf
3,49,1100.0,1.8436667358822327e-14,1.6922246449624978e-11,Inf
3,50,1100.0,1.741479753604622e-13,1.7426274575292022e-10,Inf
3,51,1100.0,1.814243422796547e-14,1.6784451314010953e-11,Inf
3,52,1100.0,1.6581074141729484e-13,1.6813754460332243e-10,Inf
3,53,1100.0,1.8070583518792716e-14,1.674040538219033e-11,Inf
3,54,1100.0,1.6117810676665491e-13,1.6361845667610604e-10,Inf
3,55,1100.0,1.84953394693568e-14,1.6958367894151384e-11,Inf
3,56,1100.0,1.656497714304229e-13,1.684047589385728e-10,Inf
3,57,1100.0,1.8315271911699742e-14,1.6873581773426107e-11,Inf
3,58,1100.0,1.7464963308810988e-13,1.739284567113985e-10,Inf
3,59,1100.0,1.778027754051007e-14,1.664290515646793e-11,Inf
3,60,1100.0,1.9104889196535828e-13,1.8238081819514164e-10,Inf
3,61,1100.0,1.7766890466517724e-14,1.6636389292209988e-11,Inf
3,62,1100.0,1.7726647986645147e-13,1.7412088963169338e-10,Inf
3,63,1100.0,8.924148861004102e-15,8.263694385911427e-12,Inf
3,64,1100.0,1.5702657307533432e-13,1.6071162415413377e-10,Inf
3,65,1100.0,1.775960843074384e-14,1.662603570023702e-11,Inf
3,66,1100.0,1.930190940561671e-13,1.8399510827167768e-10,Inf
3,67,1100.0,1.930243198456195e-14,1.74019842277824e-11,Inf
3,68,1100.0,1.6828390333094565e-13,1.7037286757672328e-10,Inf
3,69,1100.0,1.9252147970832226e-14,1.739018068900462e-11,Inf
3,70,1100.0,1.5211735528347727e-13,1.577765693253104e-10,Inf
3,71,1100.0,1.8161767470714298e-14,1.6797862583423052e-11,Inf
3,72,1100.0,1.6147031966737087e-13,1.641692859178738e-10,Inf
3,73,1100.0,1.7890125434573258e-14,1.668292650377456e-11,Inf
3,74,1100.0,2.091686531978302e-13,1.9576826676667717e-10,Inf
3,75,1100.0,1.8171884110207783e-14,1.6791726936278603e-11,Inf
3,76,1100.0,1.5232099115406234e-13,1.5776491336598107e-10,Inf
3,77,1100.0,1.904039069019097e-14,1.536758657811181e-11,Inf
3,78,1100.0,1.5595561173715728e-13,1.6017082658223062e-10,Inf
3,79,1100.0,1.773617658799583e-14,1.662025558671744e-11,Inf
3,80,1100.0,1.5761209028383694e-13,1.608597855653155e-10,Inf
3,81,1100.0,1.8262651840655264e-14,1.6842424955212604e-11,Inf
3,82,1100.0,2.0682294835303959e-13,1.9387131972386293e-10,Inf
3,83,1100.0,1.9322318876251963e-14,1.7417968809470023e-11,Inf
3,84,1100.0,1.955824328937604e-13,1.8574050624457683e-10,Inf
3,85,1100.0,1.7718439785928522e-14,1.6599928370191975e-11,Inf
3,86,1100.0,1.9447824400627513e-13,1.8486174667799128e-10,Inf
3,87,1100.0,1.9628536383874407e-14,1.7602411734569185e-11,Inf
3,88,1100.0,1.700458212970364e-13,1.7162059607717254e-10,Inf
3,89,1100.0,2.179921303061669e-14,1.8869907492084486e-11,Inf
3,90,1100.0,1.7869620779900441e-13,1.7449443556041845e-10,Inf
3,91,1100.0,1.893434478176088e-14,1.718567879352852e-11,Inf
3,92,1100.0,1.7440284096516961e-13,1.7391646979048551e-10,Inf
3,93,1100.0,2.2184103061725993e-14,1.9165395773054625e-11,Inf
3,94,1100.0,1.6566398264098377e-13,1.6785449842846836e-10,Inf
3,95,1100.0,1.7707929183134294e-14,1.4857851910276225e-11,Inf
3,96,1100.0,1.520016666864862e-13,1.5740496011034997e-10,Inf
3,97,1100.0,1.7824891890833436e-14,1.661697450105893e-11,Inf
3,98,1100.0,1.5200968002780257e-13,1.574551405603188e-10,Inf
3,99,1100.0,1.7703286961251466e-14,1.485530383395491e-11,Inf
3,100,1100.0,1.7314237656257645e-13,1.7349438963925172e-10,Inf
3,101,1100.0,1.7938867186174436e-14,1.6673763702592336e-11,Inf
3,102,1100.0,1.6431628690657397e-13,1.6630702890432837e-10,Inf
3,103,1100.0,1.82920103760953e-14,1.6843514221325656e-11,Inf
3,104,1100.0,1.7132776144948846e-13,1.7243824582220798e-10,Inf
3,105,1100.0,1.7930965979268125e-14,1.66619716451132e-11,Inf
3,106,1100.0,1.5309984578401404e-13,1.5774975371092648e-10,Inf
3,107,1100.0,1.7728395249702935e-14,1.659334618814427e-11,Inf
3,108,1100.0,1.589659994673088e-13,1.617754444866298e-10,Inf
3,109,1100.0,1.8000481573989237e-14,1.492691125185331e-11,Inf
3,110,1100.0,1.5480935652285536e-13,1.5878987308701358e-10,Inf
3,111,1100.0,1.8174754073601204e-14,1.6780950616890064e-11,Inf
3,112,1100.0,1.676401991646114e-13,1.6994165010193354e-10,Inf
3,113,1100.0,1.8737287716308163e-14,1.7063500543749316e-11,Inf
3,114,1100.0,1.6130022788637511e-13,1.6356199358179646e-10,Inf
3,115,1100.0,1.7985145263365534e-14,1.6695645225317373e-11,Inf
3,116,1100.0,1.620241341760443e-13,1.641885222597488e-10,Inf
3,117,1100.0,1.8383491910129352e-14,1.6892539478897875e-11,Inf
3,118,1100.0,1.6301772689411975e-13,1.6501146772784e-10,Inf
3,119,1100.0,1.7920848671348082e-14,1.6669714706572e-11,Inf
3,120,1100.0,1.6334656060416842e-13,1.6518337623142216e-10,Inf
3,121,1100.0,1.8351755589431073e-14,1.5050543294691855e-11,Inf
3,122,1100.0,1.6394322192416772e-13,1.6578587099648045e-10,Inf
3,123,1100.0,1.803024325717162e-14,1.6714433538135123e-11,Inf
3,124,1100.0,1.635463318075223e-13,1.6556405549919705e-10,Inf
3,125,1100.0,1.8397798021554767e-14,1.6898684615400666e-11,Inf
3,126,1100.0,1.6467404083581247e-13,1.6682017269264418e-10,Inf
3,127,1100.0,1.8782786252660952e-14,1.709249543715561e-11,Inf
3,128,1100.0,1.7294587576749398e-13,1.7337882517401857e-10,Inf
3,129,1100.0,1.8403176602381544e-14,1.689932112677316e-11,Inf
3,130,1100.0,1.6541914842177638e-13,1.6749120886221084e-10,Inf
3,131,1100.0,1.8300518739619983e-14,1.6846171539162054e-11,Inf
3,132,1100.0,1.6436044865176444e-13,1.6665877235890318e-10,Inf
3,133,1100.0,1.7939120974211037e-14,1.490434180623349e-11,Inf
3,134,1100.0,1.6942323428215246e-13,1.708942372603237e-10,Inf
3,135,1100.0,1.8892103085574863e-14,1.5285534656102084e-11,Inf
3,136,1100.0,1.6338234877385842e-13,1.6505431828774867e-10,Inf
3,137,1100.0,1.7713773539780337e-14,1.659352087563779e-11,Inf
3,138,1100.0,1.5200985015078213e-13,1.5784874204817093e-10,Inf
3,139,1100.0,1.8466034894556115e-14,1.693004117102487e-11,Inf
3,140,1100.0,1.5217546919009389e-13,1.5844443857249701e-10,Inf
3,141,1100.0,1.7876227565479427e-14,1.669625851743115e-11,Inf
3,142,1100.0,1.6009482333235374e-13,1.6373339907316285e-10,Inf
3,143,1100.0,1.8174104410206793e-14,1.6788898502414277e-11,Inf
3,144,1100.0,1.5963407253816724e-13,1.626401486235157e-10,Inf
3,145,1100.0,1.7947610644255207e-14,1.6675171912170265e-11,Inf
3,146,1100.0,1.5710013508829624e-13,1.607352532483583e-10,Inf
3,147,1100.0,1.7789898284719034e-14,1.6646437290798285e-11,Inf
3,148,1100.0,1.5208081358497456e-13,1.5818203710096003e-10,Inf
3,149,1100.0,1.787229182554261e-14,1.669700671571272e-11,Inf
3,150,1100.0,1.665246016225679e-13,1.6959653789970773e-10,Inf
3,151,1100.0,1.7907137289628982e-14,1.6688232932096773e-11,Inf
3,152,1100.0,1.646820178168799e-13,1.6679756423775763e-10,Inf
3,153,1100.0,1.7712246869201776e-14,1.6593433692693998e-11,Inf
3,154,1100.0,1.5634341683400925e-13,1.6029173363855733e-10,Inf
3,155,1100.0,1.8051563810980703e-14,1.6757791338256073e-11,Inf
3,156,1100.0,1.5305842515919153e-13,1.585671711711228e-10,Inf
3,157,1100.0,1.8220346856929047e-14,1.6823980468825314e-11,Inf
3,158,1100.0,1.5354264438443449e-13,1.5808083857457495e-10,Inf
3,159,1100.0,1.775359584552663e-14,1.6635302016125908e-11,Inf
3,160,1100.0,1.676939888725963e-13,1.6927771772296123e-10,Inf
3,161,1100.0,1.8212580284191364e-14,1.680546826330424e-11,Inf
3,162,1100.0,1.5935441844979003e-13,1.6229588013458034e-10,Inf
3,163,1100.0,1.7861606619183475e-14,1.665812330414682e-11,Inf
3,164,1100.0,1.5423748777724416e-13,1.5892339460964091e-10,Inf
3,165,1100.0,1.787530427546236e-14,1.6662235745994155e-11,Inf
3,166,1100.0,1.555527321644892e-13,1.5961653634467774e-10,Inf
3,167,1100.0,1.7707941633087855e-14,1.6584817011728017e-11,Inf
3,168,1100.0,1.5722588323098808e-13,1.6109270569262902e-10,Inf
3,169,1100.0,1.9222257855594205e-14,1.736381747019658e-11,Inf
3,170,1100.0,1.751474074395621e-13,1.7362968654896098e-10,Inf
3,171,1100.0,1.8599586479832764e-14,1.7005930533146692e-11,Inf
3,172,1100.0,1.5541721970525827e-13,1.5940431897650273e-10,Inf
3,173,1100.0,1.8309758918763557e-14,1.6844341791205657e-11,Inf
3,174,1100.0,1.6820597614139317e-13,1.7020302442278096e-10,Inf
3,175,1100.0,1.8118903388264367e-14,1.6752490034898772e-11,Inf
3,176,1100.0,1.556272330327972e-13,1.5936141464533099e-10,Inf
3,177,1100.0,1.9068552443327355e-14,1.7268709077981864e-11,Inf
3,178,1100.0,1.6023360950126316e-13,1.6303728941254296e-10,Inf
3,179,1100.0,1.7894644662259948e-14,1.6673337696973763e-11,Inf
3,180,1100.0,1.623096840960841e-13,1.6472140346072987e-10,Inf
3,181,1100.0,1.8000573405215623e-14,1.670845941350752e-11,Inf
3,182,1100.0,1.725179720028094e-13,1.737940448807005e-10,Inf
3,183,1100.0,1.8182724811031828e-14,1.679288224147899e-11,Inf
3,184,1100.0,1.5448871523016953e-13,1.5889118182886678e-10,Inf
3,185,1100.0,1.843288066284414e-14,1.6923050448480107e-11,Inf
3,186,1100.0,1.5814639502447512e-13,1.619174678561704e-10,Inf
3,187,1100.0,1.773449184075298e-14,1.662128266453707e-11,Inf
3,188,1100.0,2.1572622398417472e-13,2.0343979944827812e-10,Inf
3,189,1100.0,2.1940312963182757e-14,1.8971706637856396e-11,Inf
3,190,1100.0,2.1367366223054827e-13,2.144764978984721e-10,Inf
3,191,1100.0,2.0358929034511956e-14,1.804866943030833e-11,Inf
3,192,1100.0,1.682444797225226e-13,1.7023650487306305e-10,Inf
3,193,1100.0,1.806932698263213e-14,1.6738888971671142e-11,Inf
3,194,1100.0,1.5696843747435517e-13,1.6042619968169853e-10,Inf
3,195,1100.0,1.9061838241772974e-14,1.727217983327102e-11,Inf
3,196,1100.0,1.5213523165001016e-13,1.5739999207076276e-10,Inf
3,197,1100.0,1.7732716545816023e-14,1.485244928705211e-11,Inf
3,198,1100.0,1.707141298160674e-13,1.7210854512407096e-10,Inf
3,199,1100.0,1.9216953688736665e-14,1.7361197532986608e-11,Inf
3,200,1100.0,1.9073779609225096e-13,1.8190915817600867e-10,Inf
3,201,1100.0,1.8389652842851427e-14,1.689594995971221e-11,Inf
3,202,1100.0,1.5253000859812318e-13,1.5747538023880438e-10,Inf
3,203,1100.0,1.9704593069271183e-14,1.7646018089971402e-11,Inf
3,204,1100.0,1.8464658976571442e-13,1.7762435929905828e-10,Inf
3,205,1100.0,1.9602062402550628e-14,1.7587384473749397e-11,Inf
3,206,1100.0,1.7850268710555767e-13,1.744103877493775e-10,Inf
3,207,1100.0,1.932684696812565e-14,1.7420421230894912e-11,Inf
3,208,1100.0,1.9751402038251498e-13,1.8725180892631212e-10,Inf
3,209,1100.0,1.8100216812331857e-14,1.675333978819594e-11,Inf
3,210,1100.0,1.8002494110267358e-13,1.7512168706576743e-10,Inf
3,211,1100.0,1.7900550280238198e-14,1.666535999462347e-11,Inf
3,212,1100.0,1.727306682071199e-13,1.734637507372694e-10,Inf
3,213,1100.0,1.796714098315107e-14,1.667803389974778e-11,Inf
3,214,1100.0,1.556226798748888e-13,1.5911512323780773e-10,Inf
3,215,1100.0,1.7948189362064846e-14,1.668040472360973e-11,Inf
3,216,1100.0,1.571797007128485e-13,1.606414007969805e-10,Inf
3,217,1100.0,1.8164191668895765e-14,1.678390779259144e-11,Inf
3,218,1100.0,1.5225700346797884e-13,1.5727368061074094e-10,Inf
3,219,1100.0,1.7759190171435983e-14,1.660513273886457e-11,Inf
3,220,1100.0,1.6568740413843266e-13,1.6767131023634323e-10,Inf
3,221,1100.0,1.7747896184987277e-14,1.4607918202462344e-11,Inf
3,222,1100.0,1.5587500562354163e-13,1.574985716792303e-10,Inf
3,223,1100.0,1.948449318180871e-14,1.557104226425502e-11,Inf
3,224,1100.0,2.0895827101660085e-13,1.9517116915170242e-10,Inf
3,225,1100.0,1.9313128876582377e-14,1.5486384013781653e-11,Inf
3,226,1100.0,1.707396936475065e-13,1.71972500438084e-10,Inf
3,227,1100.0,1.797351849283769e-14,1.6689243724832294e-11,Inf
3,228,1100.0,1.8647875843789445e-13,1.7855081292314943e-10,Inf
3,229,1100.0,1.924158709825592e-14,1.5455214798490894e-11,Inf
3,230,1100.0,1.9314415824728363e-13,1.834138995598704e-10,Inf
3,231,1100.0,1.901909443595299e-14,1.535592580451517e-11,Inf
3,232,1100.0,1.805515867709148e-13,1.7516684111566439e-10,Inf
3,233,1100.0,1.8522183268840967e-14,1.5125611343198073e-11,Inf
3,234,1100.0,2.0727507685004425e-13,1.9377463351069247e-10,Inf
3,235,1100.0,1.866851734574551e-14,1.7034464637266493e-11,Inf
3,236,1100.0,1.7056840378059308e-13,1.7179536988113186e-10,Inf
3,237,1100.0,1.784612014367771e-14,1.6647323045786e-11,Inf
3,238,1100.0,1.901473638683656e-13,1.811582299210317e-10,Inf
3,239,1100.0,1.7814391492313728e-14,1.6628903510562026e-11,Inf
3,240,1100.0,1.7030065325761998e-13,1.7153715768366632e-10,Inf
3,241,1100.0,1.7839082963226685e-14,1.4875857205799807e-11,Inf
3,242,1100.0,1.7294409948217303e-13,1.7328718094049172e-10,Inf
3,243,1100.0,1.8220402527076076e-14,1.5008041099953024e-11,Inf
3,244,1100.0,2.080131566167763e-13,1.9458930786434653e-10,Inf
3,245,1100.0,1.9798680590430315e-14,1.7700639714697945e-11,Inf
3,246,1100.0,2.0912832467061912e-13,1.957761678722031e-10,Inf
3,247,1100.0,2.1592806130324895e-14,1.874572596220073e-11,Inf
3,248,1100.0,1.9282553965717833e-13,1.8354036766991342e-10,Inf
3,249,1100.0,2.0532869729265073e-14,1.816830641800129e-11,Inf
3,250,1100.0,2.073603970788697e-13,1.9414820577348867e-10,Inf
3,251,1100.0,2.060108548562816e-14,1.8211110981969565e-11,Inf
3,252,1100.0,2.164256249637729e-13,2.0659066306428665e-10,Inf
3,253,1100.0,1.7749367269914016e-14,1.66091513199352e-11,Inf
3,254,1100.0,1.5599772143106305e-13,1.595198684459739e-10,Inf
3,255,1100.0,1.7930703259671312e-14,1.667202772952493e-11,Inf
3,256,1100.0,1.6255513623704514e-13,1.6484815118073525e-10,Inf
3,257,1100.0,1.774977121604075e-14,1.6608889643828204e-11,Inf
3,258,1100.0,1.5201044863492877e-13,1.5764601799429404e-10,Inf
3,259,1100.0,1.7736645636458254e-14,1.4877796015416086e-11,Inf
3,260,1100.0,1.5228980804010936e-13,1.5736578910764446e-10,Inf
3,261,1100.0,1.772706522483602e-14,1.486989160584284e-11,Inf
3,262,1100.0,1.637379518411331e-13,1.6590593809885992e-10,Inf
3,263,1100.0,1.770753386068533e-14,1.6595272534302257e-11,Inf
3,264,1100.0,2.143242288823555e-13,2.006607693914192e-10,Inf
3,265,1100.0,1.9235518584853335e-14,1.737104479960163e-11,Inf
3,266,1100.0,2.1587598926309003e-13,2.03691419547395e-10,Inf
3,267,1100.0,2.1593886799163082e-14,1.8746341797160458e-11,Inf
3,268,1100.0,2.1645712404187567e-13,2.065523189311797e-10,Inf
3,269,1100.0,1.9193707006756322e-14,1.734893822728937e-11,Inf
3,270,1100.0,1.9929433920911684e-13,1.886113224389369e-10,Inf
3,271,1100.0,1.780676178813722e-14,1.4928485811640466e-11,Inf
3,272,1100.0,1.5647647231887352e-13,1.5985941453721735e-10,Inf
3,273,1100.0,1.799045924342211e-14,1.669739078658619e-11,Inf
3,274,1100.0,1.5265558312801215e-13,1.5742511334955927e-10,Inf
3,275,1100.0,1.7741849842800687e-14,1.4880908332935323e-11,Inf
3,276,1100.0,1.533589198032122e-13,1.5786242406008367e-10,Inf
3,277,1100.0,1.7752713536825612e-14,1.48552788189827e-11,Inf
3,278,1100.0,1.5310993195058412e-13,1.5772259219014982e-10,Inf
3,279,1100.0,1.7737425870587007e-14,1.4602354098494704e-11,Inf
3,280,1100.0,1.5209604078369e-13,1.5713232584499467e-10,Inf
3,281,1100.0,1.7714198819437907e-14,1.4861723883672687e-11,Inf
3,282,1100.0,1.5319815274543218e-13,1.5770373742782737e-10,Inf
3,283,1100.0,1.807903574912048e-14,1.495201668702795e-11,Inf
3,284,1100.0,1.522438984774323e-13,1.5739177773259235e-10,Inf
3,285,1100.0,1.8263429871320268e-14,1.6832574496449125e-11,Inf
3,286,1100.0,1.7361694620728003e-13,1.7414194110293845e-10,Inf
3,287,1100.0,1.7726510365080133e-14,1.6602931910606267e-11,Inf
3,288,1100.0,1.531938101764891e-13,1.578917534860244e-10,Inf
3,289,1100.0,1.9038987919694104e-14,1.725840063706396e-11,Inf
3,290,1100.0,1.5329117792705445e-13,1.5805806292958831e-10,Inf
3,291,1100.0,1.9245596953950438e-14,1.5177122094801282e-11,Inf
3,292,1100.0,1.6717147124615182e-13,1.693726625940989e-10,Inf
3,293,1100.0,1.8856647645211744e-14,1.713008957893897e-11,Inf
3,294,1100.0,1.6867577910653172e-13,1.7066381316541173e-10,Inf
3,295,1100.0,1.799783684193429e-14,1.6697563690437834e-11,Inf
3,296,1100.0,1.7124215295969668e-13,1.7248106653655132e-10,Inf
3,297,1100.0,1.7748538684790788e-14,1.6609993036850377e-11,Inf
3,298,1100.0,1.5897547945276494e-13,1.6187003478278563e-10,Inf
3,299,1100.0,1.8966208295947538e-14,1.720731681142374e-11,Inf
3,300,1100.0,1.6816050966943667e-13,1.7013359523793512e-10,Inf
3,301,1100.0,1.803713399147966e-14,1.6724919435736643e-11,Inf
3,302,1100.0,1.6843784650800455e-13,1.7034085900367675e-10,Inf
3,303,1100.0,1.8397782777074905e-14,1.689979889868822e-11,Inf
3,304,1100.0,1.678744368620619e-13,1.6984592292274375e-10,Inf
3,305,1100.0,1.8460011281531768e-14,1.693471796154159e-11,Inf
3,306,1100.0,1.650045937092426e-13,1.6715923784715145e-10,Inf
3,307,1100.0,1.8851337361004607e-14,1.7134140293034582e-11,Inf
3,308,1100.0,1.6830507000859438e-13,1.7052237491841988e-10,Inf
3,309,1100.0,1.826750459101583e-14,1.683293985931904e-11,Inf
3,310,1100.0,1.6096853614080315e-13,1.6372775524504948e-10,Inf
3,311,1100.0,1.7733002106564348e-14,1.6618780540706547e-11,Inf
3,312,1100.0,1.5832849143998983e-13,1.618642689706733e-10,Inf
3,313,1100.0,1.8270637640482618e-14,1.684362559193304e-11,Inf
3,314,1100.0,1.6143620101802466e-13,1.6420872492001117e-10,Inf
3,315,1100.0,1.826979539440372e-14,1.6850246006969538e-11,Inf
3,316,1100.0,1.5343428465399275e-13,1.58523725762157e-10,Inf
3,317,1100.0,1.7963912064743754e-14,1.6705101183215357e-11,Inf
3,318,1100.0,1.559630814446993e-13,1.600774916554137e-10,Inf
3,319,1100.0,1.850937885923713e-14,1.6965740852625454e-11,Inf
3,320,1100.0,1.6600499210269864e-13,1.6850171672320274e-10,Inf
3,321,1100.0,1.7993022529878078e-14,1.6723212980123452e-11,Inf
3,322,1100.0,1.56169517689107e-13,1.601299724884596e-10,Inf
3,323,1100.0,1.8406565742090138e-14,1.6912613156477342e-11,Inf
3,324,1100.0,1.6923413803423472e-13,1.7132980838245402e-10,Inf
3,325,1100.0,1.8193039402897983e-14,1.6803270841746846e-11,Inf
3,326,1100.0,1.583321772743915e-13,1.6156976703718685e-10,Inf
3,327,1100.0,1.8131653022126368e-14,1.6773591386115343e-11,Inf
3,328,1100.0,1.703011424371899e-13,1.720594754981649e-10,Inf
3,329,1100.0,1.8747329593301798e-14,1.7088546196856465e-11,Inf
3,330,1100.0,1.5308965655174776e-13,1.580031638820556e-10,Inf
3,331,1100.0,1.8506148403149525e-14,1.6963077204271578e-11,Inf
3,332,1100.0,1.5958561793301316e-13,1.6256392916974172e-10,Inf
3,333,1100.0,2.043481243720586e-14,1.810436145396548e-11,Inf
3,334,1100.0,1.6760174745132528e-13,1.699993703962613e-10,Inf
3,335,1100.0,1.9397792189749388e-14,1.746754946139958e-11,Inf
3,336,1100.0,1.698338173405867e-13,1.7186355967158495e-10,Inf
3,337,1100.0,1.8343609478039587e-14,1.6873275069278935e-11,Inf
3,338,1100.0,1.694721406858091e-13,1.7151416383771464e-10,Inf
3,339,1100.0,1.8761663791260403e-14,1.7092834144992622e-11,Inf
3,340,1100.0,1.711337115773778e-13,1.721974228361143e-10,Inf
3,341,1100.0,1.8922416715380118e-14,1.5302030337723947e-11,Inf
3,342,1100.0,1.5912237090230637e-13,1.62198686677458e-10,Inf
3,343,1100.0,1.8179558492974725e-14,1.6788339688841097e-11,Inf
3,344,1100.0,1.7219827911146996e-13,1.7294611680059328e-10,Inf
3,345,1100.0,1.819351955981119e-14,1.679796113381496e-11,Inf
3,346,1100.0,1.7222891491079825e-13,1.7298485721507307e-10,Inf
3,347,1100.0,1.8951595274768868e-14,1.5317552254829648e-11,Inf
3,348,1100.0,1.5983110397049154e-13,1.6227356196031327e-10,Inf
3,349,1100.0,1.9246259492695427e-14,1.7363802464654482e-11,Inf
3,350,1100.0,1.5293052158405278e-13,1.578982993769333e-10,Inf
3,351,1100.0,1.7785487203026295e-14,1.6625713596558805e-11,Inf
3,352,1100.0,1.6604238734855782e-13,1.6854955278364915e-10,Inf
3,353,1100.0,1.7737618090110125e-14,1.6615065418604136e-11,Inf
3,354,1100.0,1.741400403182273e-13,1.74404366033864e-10,Inf
3,355,1100.0,1.9035005075317533e-14,1.725716607230151e-11,Inf
3,356,1100.0,1.523197801856855e-13,1.576057289765511e-10,Inf
3,357,1100.0,1.775425311857878e-14,1.6624853404691517e-11,Inf
3,358,1100.0,1.619001680468733e-13,1.643488723111111e-10,Inf
3,359,1100.0,1.777968673079006e-14,1.6616751612401417e-11,Inf
3,360,1100.0,1.613961884521458e-13,1.639763757279937e-10,Inf
3,361,1100.0,1.8405840173371544e-14,1.6900386227880107e-11,Inf
3,362,1100.0,1.6879802918712154e-13,1.7087184009539207e-10,Inf
3,363,1100.0,1.889980478103784e-14,1.7157840197294405e-11,Inf
3,364,1100.0,1.581199969966911e-13,1.6133996562537892e-10,Inf
3,365,1100.0,1.862838954235636e-14,1.7025371047113663e-11,Inf
3,366,1100.0,1.652118364628384e-13,1.6746744297787046e-10,Inf
3,367,1100.0,1.8229328604712582e-14,1.681583216690266e-11,Inf
3,368,1100.0,1.5206829797312558e-13,1.5785445628332047e-10,Inf
3,369,1100.0,1.7798331133400482e-14,1.6631833803317373e-11,Inf
3,370,1100.0,1.5260591228725359e-13,1.5757234123973742e-10,Inf
3,371,1100.0,1.8350780683980324e-14,1.688110539223388e-11,Inf
3,372,1100.0,1.6771928865319803e-13,1.6990822796938733e-10,Inf
3,373,1100.0,1.8683922153951737e-14,1.7050799923783557e-11,Inf
3,374,1100.0,1.7625249794021487e-13,1.7349019418923807e-10,Inf
3,375,1100.0,1.7821500038331094e-14,1.6644300414348502e-11,Inf
3,376,1100.0,1.5727282457835863e-13,1.6069844676341408e-10,Inf
3,377,1100.0,1.7980316777818326e-14,1.670778235015588e-11,Inf
3,378,1100.0,1.6784770723887021e-13,1.696985521087439e-10,Inf
3,379,1100.0,1.824304422928015e-14,1.681788810255982e-11,Inf
3,380,1100.0,1.610433272854772e-13,1.63230891652968e-10,Inf
3,381,1100.0,1.7734529015706968e-14,1.6607101478196274e-11,Inf
3,382,1100.0,1.6555438667665716e-13,1.6763149874531322e-10,Inf
3,383,1100.0,1.781834919811249e-14,1.662723968857178e-11,Inf
3,384,1100.0,1.6571349262794192e-13,1.6835407926356428e-10,Inf
3,385,1100.0,1.7786453761930627e-14,1.6632759901825127e-11,Inf
3,386,1100.0,1.5203368447548903e-13,1.5801343830630352e-10,Inf
3,387,1100.0,1.8469197437884352e-14,1.6940497752382228e-11,Inf
3,388,1100.0,1.5227344609406576e-13,1.5748428886067882e-10,Inf
3,389,1100.0,1.7770700982709383e-14,1.6624457080885078e-11,Inf
3,390,1100.0,1.522008986048644e-13,1.5743784527508415e-10,Inf
3,391,1100.0,1.7811487217083987e-14,1.6626082481728093e-11,Inf
3,392,1100.0,1.666215351330643e-13,1.7010037371418608e-10,Inf
3,393,1100.0,1.8091902496286355e-14,1.6785327867479067e-11,Inf
3,394,1100.0,1.5184329045930707e-13,1.5861588373303497e-10,Inf
3,395,1100.0,1.798679927237972e-14,1.6748039662995658e-11,Inf
3,396,1100.0,1.6480366200225008e-13,1.6815436480790585e-10,Inf
3,397,1100.0,1.7733379865151323e-14,1.6615845767843137e-11,Inf
3,398,1100.0,1.5401072923707283e-13,1.5858678758560893e-10,Inf
3,399,1100.0,1.7941115211057455e-14,1.6692348828892574e-11,Inf
3,400,1100.0,1.5580142514881316e-13,1.598376924586099e-10,Inf
3,401,1100.0,1.7906415384667805e-14,1.6677444226149356e-11,Inf
3,402,1100.0,1.523388819004581e-13,1.5759132481005974e-10,Inf
3,403,1100.0,1.8032883352233e-14,1.6732750353407825e-11,Inf
3,404,1100.0,1.7208389669491145e-13,1.7357657014841774e-10,Inf
3,405,1100.0,1.8453341537510267e-14,1.6934866622108003e-11,Inf
3,406,1100.0,1.6064807852682937e-13,1.6341091567533522e-10,Inf
3,407,1100.0,1.8480312888506616e-14,1.6950814600715565e-11,Inf
3,408,1100.0,1.6618187650544113e-13,1.6868650895684367e-10,Inf
3,409,1100.0,1.7731549454911657e-14,1.6607571212500536e-11,Inf
3,410,1100.0,1.5278741175125808e-13,1.5791582707481304e-10,Inf
3,411,1100.0,1.8204382605597934e-14,1.6812056990597215e-11,Inf
3,412,1100.0,1.6425695536135115e-13,1.6669954571684446e-10,Inf
3,413,1100.0,1.8401595073045818e-14,1.690853500584156e-11,Inf
3,414,1100.0,1.6705748375942875e-13,1.6965834322771622e-10,Inf
3,415,1100.0,1.8120715341907368e-14,1.6772275244708368e-11,Inf
3,416,1100.0,1.696050418790777e-13,1.7161484520706338e-10,Inf
3,417,1100.0,1.7840081051189583e-14,1.6675791671125695e-11,Inf
3,418,1100.0,1.5193148603664943e-13,1.5769967598734008e-10,Inf
3,419,1100.0,1.773722578712243e-14,1.6616772347625174e-11,Inf
3,420,1100.0,1.533924765612794e-13,1.5835239954404175e-10,Inf
3,421,1100.0,1.7823769119681448e-14,1.6665310001010788e-11,Inf
3,422,1100.0,1.5980362838677617e-13,1.6278238327733967e-10,Inf
3,423,1100.0,1.8423854600678438e-14,1.6920047535969674e-11,Inf
3,424,1100.0,1.5660716162050835e-13,1.60519178162181e-10,Inf
3,425,1100.0,1.8298126178014407e-14,1.6844799743507107e-11,Inf
3,426,1100.0,1.5207221626944856e-13,1.5749742823798758e-10,Inf
3,427,1100.0,1.8483545524263603e-14,1.6939821689775717e-11,Inf
3,428,1100.0,1.7210614179925422e-13,1.732810679346808e-10,Inf
3,429,1100.0,1.7969672506808555e-14,1.6684789203437788e-11,Inf
3,430,1100.0,1.655325521741205e-13,1.6795391146399103e-10,Inf
3,431,1100.0,1.8053215753129032e-14,1.6739645332172528e-11,Inf
3,432,1100.0,1.626144058978878e-13,1.64700980430297e-10,Inf
3,433,1100.0,1.828782908138333e-14,1.685289139940578e-11,Inf
3,434,1100.0,1.5360407859692502e-13,1.5820624359240775e-10,Inf
3,435,1100.0,1.7819507726870335e-14,1.665303179219347e-11,Inf
3,436,1100.0,1.590203083612281e-13,1.6218360838751819e-10,Inf
3,437,1100.0,1.8454367786963135e-14,1.6929471960790416e-11,Inf
3,438,1100.0,1.7077034046529415e-13,1.7248417443121807e-10,Inf
3,439,1100.0,1.782233824685095e-14,1.662676792087399e-11,Inf
3,440,1100.0,1.5395491580535291e-13,1.5876350987383332e-10,Inf
3,441,1100.0,1.7926434840901167e-14,1.6684241796060087e-11,Inf
3,442,1100.0,1.5238853307078415e-13,1.5767387831494166e-10,Inf
3,443,1100.0,1.861277152505145e-14,1.7017441119054063e-11,Inf
3,444,1100.0,1.556583957733951e-13,1.5975953058942665e-10,Inf
3,445,1100.0,1.9019743456023834e-14,1.72467937891714e-11,Inf
3,446,1100.0,1.6256109414949157e-13,1.6507410185392878e-10,Inf
3,447,1100.0,1.8074175642526404e-14,1.675234811313983e-11,Inf
3,448,1100.0,1.5788164189405598e-13,1.613674178668384e-10,Inf
3,449,1100.0,1.8102745327588385e-14,1.6765930742205408e-11,Inf
3,450,1100.0,1.7572892077078253e-13,1.7378575600613347e-10,Inf
3,451,1100.0,2.115812362722189e-14,1.8523633354371775e-11,Inf
3,452,1100.0,1.7429113748097193e-13,1.7426688039594744e-10,Inf
3,453,1100.0,1.8706823805508597e-14,1.706566637708661e-11,Inf
3,454,1100.0,1.7698291777324812e-13,1.7401864023972136e-10,Inf
3,455,1100.0,1.8345501753934752e-14,1.688318059112304e-11,Inf
3,456,1100.0,1.743085750810777e-13,1.7366064517994167e-10,Inf
3,457,1100.0,1.8388512600436443e-14,1.6891070978977447e-11,Inf
3,458,1100.0,1.7959373733205788e-13,1.7492109259914634e-10,Inf
3,459,1100.0,1.7832377873826077e-14,1.6638729881986566e-11,Inf
3,460,1100.0,1.671635454677194e-13,1.6909766195299996e-10,Inf
3,461,1100.0,1.8788083071682805e-14,1.5229524055557526e-11,Inf
3,462,1100.0,1.7570365037696114e-13,1.7314905518760851e-10,Inf
3,463,1100.0,1.8463970213813197e-14,1.5102266793852583e-11,Inf
3,464,1100.0,1.7779614567145646e-13,1.741478555027746e-10,Inf
3,465,1100.0,1.8160867670028763e-14,1.6788151322298027e-11,Inf
3,466,1100.0,1.955172234145302e-13,1.8576793516464076e-10,Inf
3,467,1100.0,1.7759231303001636e-14,1.6624822027574138e-11,Inf
3,468,1100.0,1.7445373717128019e-13,1.7395652656647162e-10,Inf
3,469,1100.0,1.8018107929983503e-14,1.6709077678799135e-11,Inf
3,470,1100.0,1.5357829436445248e-13,1.5826938594599085e-10,Inf
3,471,1100.0,1.827930739189497e-14,1.6836786547768058e-11,Inf
3,472,1100.0,1.5217874635609487e-13,1.5742160722992717e-10,Inf
3,473,1100.0,1.7770542475274635e-14,1.6623885084762312e-11,Inf
3,474,1100.0,1.520910258751589e-13,1.5745448188688527e-10,Inf
3,475,1100.0,1.790589408010416e-14,1.66596881576584e-11,Inf
3,476,1100.0,1.5195075354855717e-13,1.5765819419858053e-10,Inf
3,477,1100.0,1.799956741917391e-14,1.6712962959351308e-11,Inf
3,478,1100.0,1.6823162114515145e-13,1.7048901067967284e-10,Inf
3,479,1100.0,1.832198244609751e-14,1.686952140381129e-11,Inf
3,480,1100.0,1.5326663581163379e-13,1.5823464262602247e-10,Inf
3,481,1100.0,1.8285907453326633e-14,1.6851951535383727e-11,Inf
3,482,1100.0,1.6630517873810832e-13,1.6876249836141894e-10,Inf
3,483,1100.0,1.9296981154187406e-14,1.7412187799717593e-11,Inf
3,484,1100.0,1.5971670058247466e-13,1.6246165765820485e-10,Inf
3,485,1100.0,1.8085425172224175e-14,1.675421128631549e-11,Inf
3,486,1100.0,1.5891747744104114e-13,1.6182935321526303e-10,Inf
3,487,1100.0,1.8278886891741908e-14,1.683200717224706e-11,Inf
3,488,1100.0,1.6456844854378235e-13,1.6698507486793732e-10,Inf
3,489,1100.0,1.7913358778553798e-14,1.6669720057895714e-11,Inf
3,490,1100.0,1.532217530052193e-13,1.5814631077222663e-10,Inf
3,491,1100.0,1.818788117772927e-14,1.6801570144030185e-11,Inf
3,492,1100.0,1.5206340703890918e-13,1.5754794143078693e-10,Inf
3,493,1100.0,1.9884667715161694e-14,1.7755488507348416e-11,Inf
3,494,1100.0,1.6677432204469953e-13,1.6924792216086012e-10,Inf
3,495,1100.0,1.9048824321621155e-14,1.7267736580129804e-11,Inf
3,496,1100.0,1.6444379657559083e-13,1.6662601493535194e-10,Inf
3,497,1100.0,1.7801611952130883e-14,1.6643562423357792e-11,Inf
3,498,1100.0,1.6073124240462383e-13,1.6367766943877924e-10,Inf
3,499,1100.0,1.7735119983315078e-14,1.661548297475494e-11,Inf
3,500,1100.0,1.6394084272132224e-13,1.6656450367900619e-10,Inf
3,501,1100.0,1.791965334126016e-14,1.668140570431846e-11,Inf
3,502,1100.0,1.590628395421457e-13,1.6218923721526396e-10,Inf
3,503,1100.0,1.8222209139546007e-14,1.683508130296825e-11,Inf
3,504,1100.0,1.624915810659454e-13,1.6539881495873854e-10,Inf
3,505,1100.0,1.8131459864202388e-14,1.678840014060223e-11,Inf
3,506,1100.0,1.6416652785027992e-13,1.6654040133974264e-10,Inf
3,507,1100.0,1.8366492725974885e-14,1.69030134904012e-11,Inf
3,508,1100.0,1.52020203270999e-13,1.5798893559215728e-10,Inf
3,509,1100.0,1.7738432695037664e-14,1.6615573762680002e-11,Inf
3,510,1100.0,1.5194572064915794e-13,1.5787713060214482e-10,Inf
3,511,1100.0,1.804051371522332e-14,1.674516913578112e-11,Inf
3,512,1100.0,1.524627191640145e-13,1.5782576657542484e-10,Inf
3,513,1100.0,1.7867123074203334e-14,1.6671140089464745e-11,Inf
3,514,1100.0,1.6230126656156924e-13,1.6516477298345392e-10,Inf
3,515,1100.0,1.794015941302326e-14,1.6690127251861657e-11,Inf
3,516,1100.0,1.6244967443399742e-13,1.6531573389947267e-10,Inf
3,517,1100.0,1.7920876053171858e-14,1.6686510798677143e-11,Inf
3,518,1100.0,1.5226068664671715e-13,1.576309949525078e-10,Inf
3,519,1100.0,1.774750014878161e-14,1.6618193033068303e-11,Inf
3,520,1100.0,1.6561978008719967e-13,1.6877477741455396e-10,Inf
3,521,1100.0,1.8019729954356476e-14,1.6723821344153066e-11,Inf
3,522,1100.0,1.5757337623027125e-13,1.6123236629801141e-10,Inf
3,523,1100.0,1.7777937345679896e-14,1.6634281195359053e-11,Inf
3,524,1100.0,1.5706968633846684e-13,1.6079536990462518e-10,Inf
3,525,1100.0,1.786679594510245e-14,1.666476769256877e-11,Inf
3,526,1100.0,1.5331763429503404e-13,1.5818819701632186e-10,Inf
3,527,1100.0,1.7738113042237494e-14,1.6603279246469952e-11,Inf
3,528,1100.0,1.5296676100416064e-13,1.5768360260624022e-10,Inf
3,529,1100.0,1.8686828322061524e-14,1.705529696891301e-11,Inf
3,530,1100.0,1.643762755170812e-13,1.665793332423688e-10,Inf
3,531,1100.0,1.8330612736813503e-14,1.6861396339982178e-11,Inf
3,532,1100.0,1.7271952599658767e-13,1.7367029687640716e-10,Inf
3,533,1100.0,1.7746861960165904e-14,1.6617948026775728e-11,Inf
3,534,1100.0,1.5317365187039343e-13,1.5817436412831985e-10,Inf
3,535,1100.0,1.7963699460356104e-14,1.6712649001175692e-11,Inf
3,536,1100.0,1.5358553259118693e-13,1.5873630988003137e-10,Inf
3,537,1100.0,1.7866792266730432e-14,1.66602342985676e-11,Inf
3,538,1100.0,1.5212371738128982e-13,1.5788921695714826e-10,Inf
3,539,1100.0,1.7821625841387023e-14,1.665320370275115e-11,Inf
3,540,1100.0,1.6054792150165424e-13,1.6358810572461328e-10,Inf
3,541,1100.0,1.8303316233949353e-14,1.6860538436052778e-11,Inf
3,542,1100.0,1.6698555098492425e-13,1.693634678818481e-10,Inf
3,543,1100.0,1.8051619908970748e-14,1.6720745386171936e-11,Inf
3,544,1100.0,1.6470422749824692e-13,1.6703079005046403e-10,Inf
3,545,1100.0,1.807291665506454e-14,1.6759390130359347e-11,Inf
3,546,1100.0,1.5615310305724184e-13,1.59928426941445e-10,Inf
3,547,1100.0,1.827606907947532e-14,1.684512768958696e-11,Inf
3,548,1100.0,1.567812654530368e-13,1.6038957400290263e-10,Inf
3,549,1100.0,1.8901385079635442e-14,1.7169443720496465e-11,Inf
3,550,1100.0,1.622382137247444e-13,1.6453997346556272e-10,Inf
3,551,1100.0,1.777844141541203e-14,1.6625552003735848e-11,Inf
3,552,1100.0,1.6315944226586366e-13,1.6547712150459963e-10,Inf
3,553,1100.0,1.7863059788286107e-14,1.66533873177867e-11,Inf
3,554,1100.0,1.702045336725804e-13,1.7196949580362117e-10,Inf
3,555,1100.0,1.773466771748456e-14,1.6607577686532972e-11,Inf
3,556,1100.0,1.6535451224829726e-13,1.6825471796125885e-10,Inf
3,557,1100.0,1.8200275404571514e-14,1.683043199276646e-11,Inf
3,558,1100.0,1.6753013189076293e-13,1.698784376526385e-10,Inf
3,559,1100.0,1.7880944758912617e-14,1.667291878394998e-11,Inf
3,560,1100.0,1.656603827951604e-13,1.6812135351489344e-10,Inf
3,561,1100.0,1.7982076954617565e-14,1.6708567467591752e-11,Inf
3,562,1100.0,1.5301121528694462e-13,1.582674476527934e-10,Inf
3,563,1100.0,1.8091570009895304e-14,1.675598888614511e-11,Inf
3,564,1100.0,1.5251256749948284e-13,1.5776171118417584e-10,Inf
3,565,1100.0,1.7775063409838825e-14,1.665815043791389e-11,Inf
3,566,1100.0,1.7038254477462311e-13,1.7201067916992243e-10,Inf
3,567,1100.0,1.7735407216541822e-14,1.6609278531943895e-11,Inf
3,568,1100.0,1.5375369663022082e-13,1.585537211711446e-10,Inf
3,569,1100.0,1.8787875185662616e-14,1.7106392316532466e-11,Inf
3,570,1100.0,1.531982583919319e-13,1.5825274628697774e-10,Inf
3,571,1100.0,1.781895811913942e-14,1.66803374013441e-11,Inf
3,572,1100.0,1.7168595166640395e-13,1.7416203060397773e-10,Inf
3,573,1100.0,1.7809697539812317e-14,1.6667644772556283e-11,Inf
3,574,1100.0,1.5230348746904986e-13,1.5833647028385045e-10,Inf
3,575,1100.0,1.7910110089650964e-14,1.6744959959241534e-11,Inf
3,576,1100.0,1.701648603171856e-13,1.7255073726944064e-10,Inf
3,577,1100.0,1.7993313188417733e-14,1.6746158570679697e-11,Inf
3,578,1100.0,1.6137965527431287e-13,1.6479470551709953e-10,Inf
3,579,1100.0,1.804869204860839e-14,1.6738555426690894e-11,Inf
3,580,1100.0,1.5986007275169738e-13,1.6252353100620365e-10,Inf
3,581,1100.0,1.7957500894073015e-14,1.6697677154254167e-11,Inf
3,582,1100.0,1.5200969349404445e-13,1.57509991053155e-10,Inf
3,583,1100.0,1.7893550450168074e-14,1.6662295560909814e-11,Inf
3,584,1100.0,1.6856882715606695e-13,1.7080513845130649e-10,Inf
3,585,1100.0,1.8646340380641572e-14,1.5171961413299086e-11,Inf
3,586,1100.0,1.7178861244119992e-13,1.7266194292528002e-10,Inf
3,587,1100.0,1.8319235442378362e-14,1.6855708065347228e-11,Inf
3,588,1100.0,1.6229683549704436e-13,1.6464209815788282e-10,Inf
3,589,1100.0,1.7860674556974173e-14,1.6638965713261942e-11,Inf
3,590,1100.0,1.6736201386776067e-13,1.6915179190214886e-10,Inf
3,591,1100.0,1.7943524521092957e-14,1.6683385613617516e-11,Inf
3,592,1100.0,1.6019727826025575e-13,1.6300643474322052e-10,Inf
3,593,1100.0,1.773837739827544e-14,1.6589203490416647e-11,Inf
3,594,1100.0,1.897181106579284e-13,1.8109450397191702e-10,Inf
3,595,1100.0,1.7791525358477116e-14,1.6633348887500528e-11,Inf
3,596,1100.0,1.5830561924891315e-13,1.6099006221451394e-10,Inf
3,597,1100.0,1.774899134067897e-14,1.6631860147593668e-11,Inf
3,598,1100.0,1.5236344024728202e-13,1.5770350169375496e-10,Inf
3,599,1100.0,1.7758465497755893e-14,1.66363232543862e-11,Inf
3,600,1100.0,1.5211096308115011e-13,1.5838658510463563e-10,Inf
3,601,1100.0,1.7889221770127082e-14,1.66746861875514e-11,Inf
3,602,1100.0,1.5331142328385417e-13,1.579817210275433e-10,Inf
3,603,1100.0,1.774785309385014e-14,1.6616232898898968e-11,Inf
3,604,1100.0,1.5226239588786038e-13,1.5842588213924076e-10,Inf
3,605,1100.0,1.816307183865843e-14,1.4983225886858285e-11,Inf
3,606,1100.0,1.5427052369093156e-13,1.584592341459834e-10,Inf
3,607,1100.0,1.8090755977173184e-14,1.495582820083846e-11,Inf
3,608,1100.0,1.5210103574302872e-13,1.5796426942177988e-10,Inf
3,609,1100.0,1.7762240318289767e-14,1.662508739043849e-11,Inf
3,610,1100.0,1.5354586233808134e-13,1.58349534862194e-10,Inf
3,611,1100.0,1.7814277028230248e-14,1.664374106722418e-11,Inf
3,612,1100.0,1.572412449091086e-13,1.6098910225308854e-10,Inf
3,613,1100.0,1.7871751169259786e-14,1.6663668815000606e-11,Inf
3,614,1100.0,1.5253488209547567e-13,1.5776863814633623e-10,Inf
3,615,1100.0,1.7805268079019397e-14,1.6635298097783495e-11,Inf
3,616,1100.0,1.6525445662316092e-13,1.6768023973104976e-10,Inf
3,617,1100.0,1.815126529204052e-14,1.6774739049867216e-11,Inf
3,618,1100.0,1.6249454691634484e-13,1.6475023095484993e-10,Inf
3,619,1100.0,1.820746226101824e-14,1.680532367054741e-11,Inf
3,620,1100.0,1.6706228036695703e-13,1.6948643016578e-10,Inf
3,621,1100.0,1.792350911665196e-14,1.6681073131979387e-11,Inf
3,622,1100.0,1.609053808894025e-13,1.6341718963426505e-10,Inf
3,623,1100.0,1.7838070251880242e-14,1.6640740607954635e-11,Inf
3,624,1100.0,1.5580413787618075e-13,1.5981858024134282e-10,Inf
3,625,1100.0,1.7732023412280658e-14,1.6609338847079037e-11,Inf
3,626,1100.0,1.5279737971514034e-13,1.578690572576023e-10,Inf
3,627,1100.0,1.7735981390176605e-14,1.6617585030606676e-11,Inf
3,628,1100.0,1.5249897138670688e-13,1.577493637059535e-10,Inf
3,629,1100.0,1.7733737237616838e-14,1.6607403335132084e-11,Inf
3,630,1100.0,1.6665238619255023e-13,1.6909963659730054e-10,Inf
3,631,1100.0,1.78900852463974e-14,1.6682892805343125e-11,Inf
3,632,1100.0,1.5542834762787393e-13,1.5938459764593335e-10,Inf
3,633,1100.0,1.772763793378597e-14,1.6610883021182655e-11,Inf
3,634,1100.0,1.5195830323732998e-13,1.5828999311401198e-10,Inf
3,635,1100.0,1.7798245615465332e-14,1.6647694735366656e-11,Inf
3,636,1100.0,1.5193805218084224e-13,1.5831142683601178e-10,Inf
3,637,1100.0,1.7774441783886372e-14,1.6626321585886665e-11,Inf
3,638,1100.0,1.5288779229286148e-13,1.5954230724274452e-10,Inf
3,639,1100.0,1.772017838763434e-14,1.659575299766696e-11,Inf
3,640,1100.0,1.5257291896646595e-13,1.5900020783554694e-10,Inf
3,641,1100.0,1.7772273477740018e-14,1.66242488977283e-11,Inf
3,642,1100.0,1.6487461322252623e-13,1.6710362482699876e-10,Inf
3,643,1100.0,1.7717167976701875e-14,1.6602801598614202e-11,Inf
3,644,1100.0,1.6565046422442971e-13,1.6802943181062697e-10,Inf
3,645,1100.0,1.7729769107161315e-14,1.6606929805501927e-11,Inf
3,646,1100.0,1.609177048149141e-13,1.633825383440038e-10,Inf
3,647,1100.0,1.7716909806110523e-14,1.6604176378274974e-11,Inf
3,648,1100.0,1.5192160303292733e-13,1.578132853782694e-10,Inf
3,649,1100.0,1.7712298060618152e-14,1.659835844746795e-11,Inf
3,650,1100.0,1.5195145659833695e-13,1.5765848354022017e-10,Inf
3,651,1100.0,1.7782794851702136e-14,1.662676835574419e-11,Inf
3,652,1100.0,1.5374121206220174e-13,1.5836155299373834e-10,Inf
3,653,1100.0,1.7845222212194177e-14,1.6637727443280423e-11,Inf
3,654,1100.0,1.5556636059190297e-13,1.5957011773586125e-10,Inf
3,655,1100.0,1.7722699177508622e-14,1.659941889493442e-11,Inf
3,656,1100.0,1.5321675366676056e-13,1.6006131086683276e-10,Inf
3,657,1100.0,1.7724876030695757e-14,1.660459217267381e-11,Inf
3,658,1100.0,1.5229011169227026e-13,1.586429298897223e-10,Inf
3,659,1100.0,1.7771434084994793e-14,1.66320758892033e-11,Inf
3,660,1100.0,1.5315726633623483e-13,1.5810783212769484e-10,Inf
3,661,1100.0,1.7716992816722297e-14,1.6595666720018865e-11,Inf
3,662,1100.0,1.5489828694069979e-13,1.5902996916836067e-10,Inf
3,663,1100.0,1.773424821959652e-14,1.660769658731537e-11,Inf
3,664,1100.0,1.5195696577512385e-13,1.5761418881309698e-10,Inf
3,665,1100.0,1.783459765731865e-14,1.663106377397775e-11,Inf
3,666,1100.0,1.5754285584029355e-13,1.608173447155255e-10,Inf
3,667,1100.0,1.7721223530929605e-14,1.660104189738953e-11,Inf
3,668,1100.0,1.6291579748905354e-13,1.6516530907985414e-10,Inf
3,669,1100.0,1.771945374744214e-14,1.6605799571613565e-11,Inf
3,670,1100.0,1.545907089683807e-13,1.5893403410389316e-10,Inf
3,671,1100.0,1.7835016701556284e-14,1.663442217498337e-11,Inf
3,672,1100.0,1.623934351002667e-13,1.647352917950415e-10,Inf
3,673,1100.0,1.778180685819907e-14,1.661530147033912e-11,Inf
3,674,1100.0,1.526576030218492e-13,1.5751310866738417e-10,Inf
3,675,1100.0,1.775951787487163e-14,1.6612894338813862e-11,Inf
3,676,1100.0,1.6688915348927423e-13,1.6941713928400427e-10,Inf
3,677,1100.0,1.8429183755709088e-14,1.6916188949254946e-11,Inf
3,678,1100.0,1.5363277943778684e-13,1.582151739208378e-10,Inf
3,679,1100.0,1.776600854126662e-14,1.6603590948887616e-11,Inf
3,680,1100.0,1.5207107359992733e-13,1.574378582200838e-10,Inf
3,681,1100.0,1.7808732519240974e-14,1.661762758038207e-11,Inf
3,682,1100.0,1.6413163794171138e-13,1.664442317376646e-10,Inf
3,683,1100.0,1.7801303600330403e-14,1.6628532762202762e-11,Inf
3,684,1100.0,1.5254868221107567e-13,1.5771181322300805e-10,Inf
3,685,1100.0,1.7817022048648168e-14,1.6626903985019547e-11,Inf
3,686,1100.0,1.5200460255626717e-13,1.5751855444920808e-10,Inf
3,687,1100.0,1.773439644097896e-14,1.6609029667540864e-11,Inf
3,688,1100.0,1.5340776298113777e-13,1.603726771236093e-10,Inf
3,689,1100.0,1.7738413482501317e-14,1.6614081529340227e-11,Inf
3,690,1100.0,1.5208603444320266e-13,1.5821600286734282e-10,Inf
3,691,1100.0,1.7753927860935257e-14,1.6624112211600334e-11,Inf
3,692,1100.0,1.5934723331378204e-13,1.623315330693976e-10,Inf
3,693,1100.0,1.7731470293475004e-14,1.6612124933597598e-11,Inf
3,694,1100.0,1.5191332474475602e-13,1.5780345314430614e-10,Inf
3,695,1100.0,1.7744943030601778e-14,1.662289794843074e-11,Inf
3,696,1100.0,1.629183434781354e-13,1.651605275067724e-10,Inf
3,697,1100.0,1.786765323503114e-14,1.6667018975610784e-11,Inf
3,698,1100.0,1.5575319996902621e-13,1.598230613813321e-10,Inf
3,699,1100.0,1.7795951296304575e-14,1.664558575353046e-11,Inf
3,700,1100.0,1.6507429750620664e-13,1.6735932549669957e-10,Inf
3,701,1100.0,1.8244952799612333e-14,1.68246144572074e-11,Inf
3,702,1100.0,1.537564644110852e-13,1.582815165155284e-10,Inf
3,703,1100.0,1.8853983055594056e-14,1.714449630045104e-11,Inf
3,704,1100.0,1.5254109961090594e-13,1.592361885189827e-10,Inf
3,705,1100.0,1.7729692784085074e-14,1.660818932262881e-11,Inf
3,706,1100.0,1.6725060572178325e-13,1.6925692336734244e-10,Inf
3,707,1100.0,1.7792973089128945e-14,1.6616770965897483e-11,Inf
3,708,1100.0,1.557612510843466e-13,1.59782936360274e-10,Inf
3,709,1100.0,1.8253959180899132e-14,1.6827996536217727e-11,Inf
3,710,1100.0,1.8287317546702244e-13,1.7681484621648343e-10,Inf
3,711,1100.0,1.7882809067013785e-14,1.4884602018269717e-11,Inf
3,712,1100.0,1.706194792878725e-13,1.7241023158117595e-10,Inf
3,713,1100.0,1.8694750739429704e-14,1.7055829840859627e-11,Inf
3,714,1100.0,1.8666917210018465e-13,1.789296139400416e-10,Inf
3,715,1100.0,2.017306840963321e-14,1.7931900397177306e-11,Inf
3,716,1100.0,1.915693595249502e-13,1.826682404426101e-10,Inf
3,717,1100.0,1.862887317595169e-14,1.7017795337986396e-11,Inf
3,718,1100.0,1.9250038843739522e-13,1.8332237197979246e-10,Inf
3,719,1100.0,2.0305609562135812e-14,1.8007461427223612e-11,Inf
3,720,1100.0,1.920302079302747e-13,1.8305445595066647e-10,Inf
3,721,1100.0,1.849306431554755e-14,1.6972883061687418e-11,Inf
3,722,1100.0,1.6051672488131527e-13,1.6419944508707962e-10,Inf
3,723,1100.0,1.8186134277951112e-14,1.6816092183660145e-11,Inf
3,724,1100.0,1.5524932357257645e-13,1.5983170514300498e-10,Inf
3,725,1100.0,1.7841191416949134e-14,1.666895413610715e-11,Inf
3,726,1100.0,1.520609774587223e-13,1.589444637595186e-10,Inf
3,727,1100.0,1.781189801618561e-14,1.6683650323188604e-11,Inf
3,728,1100.0,1.5195101828411915e-13,1.576310282448718e-10,Inf
3,729,1100.0,1.819333245163741e-14,1.6847386832496025e-11,Inf
3,730,1100.0,1.5198712859301732e-13,1.5821982935180203e-10,Inf
3,731,1100.0,1.8403550483530317e-14,1.693301031339452e-11,Inf
3,732,1100.0,1.5692061658446928e-13,1.641336435262426e-10,Inf
3,733,1100.0,1.7827157683614174e-14,1.66805304228243e-11,Inf
3,734,1100.0,1.5250924936891299e-13,1.5775632945266877e-10,Inf
3,735,1100.0,1.8034690019064207e-14,1.6733584288251044e-11,Inf
3,736,1100.0,1.648252596724308e-13,1.6721111827724933e-10,Inf
3,737,1100.0,1.773530889904975e-14,1.6607486805032895e-11,Inf
3,738,1100.0,1.5196172438290537e-13,1.578917538127312e-10,Inf
3,739,1100.0,1.7763536495578714e-14,1.6633837823724765e-11,Inf
3,740,1100.0,1.5704770020284131e-13,1.608521918929386e-10,Inf
3,741,1100.0,1.7971995627784317e-14,1.6707014336744537e-11,Inf
3,742,1100.0,1.5213018150960787e-13,1.5836550925675718e-10,Inf
3,743,1100.0,1.7817740884562478e-14,1.6668100847641385e-11,Inf
3,744,1100.0,1.5270261187456244e-13,1.581454955008023e-10,Inf
3,745,1100.0,1.7748114576608373e-14,1.6621144101021582e-11,Inf
3,746,1100.0,1.520479623033507e-13,1.580045247149288e-10,Inf
3,747,1100.0,1.87838210463144e-14,1.7107148525611746e-11,Inf
3,748,1100.0,1.5949463603396657e-13,1.6274323304190504e-10,Inf
3,749,1100.0,1.7757347706402445e-14,1.6628320495414506e-11,Inf
3,750,1100.0,1.5283733744995644e-13,1.581075799911724e-10,Inf
3,751,1100.0,1.7826598942597607e-14,1.666646109279219e-11,Inf
3,752,1100.0,1.5321464264654547e-13,1.5849346756512571e-10,Inf
3,753,1100.0,1.7865109638330108e-14,1.6691865558482112e-11,Inf
3,754,1100.0,1.5246578976941974e-13,1.5773513695232068e-10,Inf
3,755,1100.0,1.788525098496463e-14,1.666837536275435e-11,Inf
3,756,1100.0,1.5656177740114306e-13,1.6072402778618791e-10,Inf
3,757,1100.0,1.8102225377355278e-14,1.67614745033389e-11,Inf
3,758,1100.0,1.526015921475196e-13,1.5782972107501561e-10,Inf
3,759,1100.0,1.7748400673285725e-14,1.6618859417452345e-11,Inf
3,760,1100.0,1.805548991410764e-13,1.761119004990461e-10,Inf
3,761,1100.0,1.8056479997160054e-14,1.6740192596901097e-11,Inf
3,762,1100.0,1.529636495188433e-13,1.5807006679282346e-10,Inf
3,763,1100.0,1.7962626622401233e-14,1.6697932462049002e-11,Inf
3,764,1100.0,1.5661298531297423e-13,1.6056857132205138e-10,Inf
3,765,1100.0,1.796144580256052e-14,1.6690726523821417e-11,Inf
3,766,1100.0,1.5221658177634595e-13,1.5756104151938864e-10,Inf
3,767,1100.0,1.7848338526149275e-14,1.6638855175639626e-11,Inf
3,768,1100.0,1.544722860846192e-13,1.5895749436148085e-10,Inf
3,769,1100.0,1.772535248871899e-14,1.6611374240235596e-11,Inf
3,770,1100.0,1.5669495181653653e-13,1.6044578616737758e-10,Inf
3,771,1100.0,1.800184036828833e-14,1.671559251375165e-11,Inf
3,772,1100.0,1.521123533101898e-13,1.5748329950124783e-10,Inf
3,773,1100.0,1.7800244315280735e-14,1.6631850575428936e-11,Inf
3,774,1100.0,1.528142946262277e-13,1.5956512114964992e-10,Inf
3,775,1100.0,1.8107135406868103e-14,1.6762320054282277e-11,Inf
3,776,1100.0,1.518892333996524e-13,1.5777453148636033e-10,Inf
3,777,1100.0,1.786128399912812e-14,1.664967039957923e-11,Inf
3,778,1100.0,1.5201327129640922e-13,1.575713027858704e-10,Inf
3,779,1100.0,1.7760574479636394e-14,1.661123911920684e-11,Inf
3,780,1100.0,1.5927774185876e-13,1.6215018785755718e-10,Inf
4,1,400.0,7.567661532803802e-14,8.637568236888248e-11,Inf
4,2,400.0,8.541439104461861e-13,6.888871066545464e-10,Inf
4,3,400.0,7.39337766234579e-14,8.552506517011636e-11,Inf
4,4,400.0,8.359493416716838e-13,6.668807852513696e-10,Inf
4,5,400.0,7.502266226345234e-14,8.602738838410869e-11,Inf
4,6,400.0,8.34772693040171e-13,6.683068775585608e-10,Inf
4,7,400.0,7.525458512885197e-14,8.606095526736507e-11,Inf
4,8,400.0,8.671106283613077e-13,6.849057511047079e-10,Inf
4,9,400.0,7.414511280560693e-14,8.58899058053268e-11,Inf
4,10,400.0,8.371234505754066e-13,6.695785049851078e-10,Inf
4,11,400.0,7.416268877475368e-14,8.583487270114835e-11,Inf
4,12,400.0,8.174106302926479e-13,6.586699025070758e-10,Inf
4,13,400.0,6.684194872992926e-14,7.905822835612237e-11,Inf
4,14,400.0,8.124398707340378e-13,6.624885377059237e-10,Inf
4,15,400.0,6.768981464829304e-14,7.961519443945607e-11,Inf
4,16,400.0,8.487189071063694e-13,6.721855611080807e-10,Inf
4,17,400.0,6.72503436064015e-14,7.929788072402157e-11,Inf
4,18,400.0,7.997655057489022e-13,6.372436681395242e-10,Inf
4,19,400.0,7.605371708963666e-14,8.679744724878887e-11,Inf
4,20,400.0,8.283508089584208e-13,6.445958406006416e-10,Inf
4,21,400.0,7.573310094123813e-14,8.65971606317758e-11,Inf
4,22,400.0,7.968967219025488e-13,6.431092854962842e-10,Inf
4,23,400.0,7.513352840474883e-14,8.630162297639714e-11,Inf
4,24,400.0,8.026307277656709e-13,6.342553017622468e-10,Inf
4,25,400.0,7.488717482665465e-14,8.617928336864755e-11,Inf
4,26,400.0,7.980927393132456e-13,6.486852045338446e-10,Inf
4,27,400.0,7.592132279387528e-14,8.70127630514033e-11,Inf
4,28,400.0,7.961744754792502e-13,6.369548029102834e-10,Inf
4,29,400.0,7.476589847066679e-14,8.60598057281741e-11,Inf
4,30,400.0,8.165458226689814e-13,6.483857214270429e-10,Inf
4,31,400.0,7.597972814696955e-14,8.723438269824929e-11,Inf
4,32,400.0,7.996423824903573e-13,6.573436890110108e-10,Inf
4,33,400.0,7.537431500014166e-14,8.6696683401744e-11,Inf
4,34,400.0,7.987078795910312e-13,6.352803474722836e-10,Inf
4,35,400.0,7.510447121157107e-14,8.643749457827248e-11,Inf
4,36,400.0,8.276078254666493e-13,6.477842191482126e-10,Inf
4,37,400.0,7.523088349967053e-14,8.653537059195645e-11,Inf
4,38,400.0,7.99968151803379e-13,6.581548052143532e-10,Inf
4,39,400.0,7.47024207456056e-14,8.600498272577639e-11,Inf
4,40,400.0,8.035937252497689e-13,6.397957056114632e-10,Inf
4,41,400.0,7.499709566125545e-14,8.63199565058129e-11,Inf
4,42,400.0,7.981119537717534e-13,6.325835770719856e-10,Inf
4,43,400.0,7.557150273709613e-14,8.65873560202513e-11,Inf
4,44,400.0,7.969513624236447e-13,6.387038041336287e-10,Inf
4,45,400.0,7.516259177878815e-14,8.650337433260845e-11,Inf
4,46,400.0,7.966015779404786e-13,6.377110092811624e-10,Inf
4,47,400.0,3.6720762974091525e-14,4.202469785189371e-11,Inf
4,48,400.0,7.964137543002139e-13,6.371699285928017e-10,Inf
4,49,400.0,7.524627541440898e-14,8.598800902876212e-11,Inf
4,50,400.0,8.223514753452038e-13,6.618889493991593e-10,Inf
4,51,400.0,7.544707581696119e-14,8.639903482926865e-11,Inf
4,52,400.0,8.020409012846488e-13,6.492360792881575e-10,Inf
4,53,400.0,7.516403258658772e-14,8.617833364977192e-11,Inf
4,54,400.0,7.992549104274318e-13,6.377824110372008e-10,Inf
4,55,400.0,7.55833033250151e-14,8.631478184850866e-11,Inf
4,56,400.0,8.003644560515194e-13,6.553746980750579e-10,Inf
4,57,400.0,7.585691890553346e-14,8.669420845359988e-11,Inf
4,58,400.0,8.189607831858977e-13,6.617963369077816e-10,Inf
4,59,400.0,7.498746891322743e-14,8.632636044306013e-11,Inf
4,60,400.0,8.419642647290125e-13,6.717100830809621e-10,Inf
4,61,400.0,7.476567459002055e-14,8.607020545483051e-11,Inf
4,62,400.0,8.175950001939137e-13,6.580290059140906e-10,Inf
4,63,400.0,3.6720762974091525e-14,4.202469785189371e-11,Inf
4,64,400.0,7.966865280993996e-13,6.32975672120957e-10,Inf
4,65,400.0,7.455014869977306e-14,8.582562383216661e-11,Inf
4,66,400.0,8.454529260780557e-13,6.745550018900835e-10,Inf
4,67,400.0,7.501872811656521e-14,8.584210418970675e-11,Inf
4,68,400.0,8.073807006914957e-13,6.542898564852394e-10,Inf
4,69,400.0,7.56386991701124e-14,8.641273316887751e-11,Inf
4,70,400.0,8.057356166394122e-13,6.373438749113101e-10,Inf
4,71,400.0,7.565961047351845e-14,8.660791088592902e-11,Inf
4,72,400.0,7.975663883801066e-13,6.427789248670259e-10,Inf
4,73,400.0,7.539770113346094e-14,8.668544391531032e-11,Inf
4,74,400.0,8.685778402805348e-13,6.887949328586529e-10,Inf
4,75,400.0,7.543794779799306e-14,8.637215326747121e-11,Inf
4,76,400.0,7.997756843283488e-13,6.341675212616297e-10,Inf
4,77,400.0,7.471911687646823e-14,8.54348540212494e-11,Inf
4,78,400.0,7.974756036196033e-13,6.372345165971775e-10,Inf
4,79,400.0,7.477138216068777e-14,8.60652576851891e-11,Inf
4,80,400.0,7.984788798970399e-13,6.306892632556858e-10,Inf
4,81,400.0,7.555547214666829e-14,8.641324056979786e-11,Inf
4,82,400.0,8.635185452617555e-13,6.804880602795158e-10,Inf
4,83,400.0,7.48463584718616e-14,8.567085729517707e-11,Inf
4,84,400.0,8.47866043733761e-13,6.709320989126766e-10,Inf
4,85,400.0,7.418250855786867e-14,8.552439988129285e-11,Inf
4,86,400.0,8.460353000087609e-13,6.698254821504454e-10,Inf
4,87,400.0,7.461391964712651e-14,8.558826553674513e-11,Inf
4,88,400.0,8.127345836841372e-13,6.561383985312608e-10,Inf
4,89,400.0,7.387121806547418e-14,8.529080148702897e-11,Inf
4,90,400.0,8.182577797757952e-13,6.544764441915629e-10,Inf
4,91,400.0,7.516632952953953e-14,8.58550388609792e-11,Inf
4,92,400.0,8.209971320249313e-13,6.59672599508374e-10,Inf
4,93,400.0,7.417144992713894e-14,8.545443310623333e-11,Inf
4,94,400.0,8.027246595302652e-13,6.472497621689195e-10,Inf
4,95,400.0,7.350724965084555e-14,8.481584496146612e-11,Inf
4,96,400.0,8.150182676626795e-13,6.295859168157613e-10,Inf
4,97,400.0,7.412056544515033e-14,8.537590960174422e-11,Inf
4,98,400.0,8.173942512810669e-13,6.300729524328576e-10,Inf
4,99,400.0,7.358498799078612e-14,8.48982703570999e-11,Inf
4,100,400.0,8.209093517206908e-13,6.580496962203838e-10,Inf
4,101,400.0,7.44719914880297e-14,8.557903768968268e-11,Inf
4,102,400.0,8.013698728709629e-13,6.426491662303219e-10,Inf
4,103,400.0,7.492951623013511e-14,8.573353597357339e-11,Inf
4,104,400.0,8.161139924764007e-13,6.566229709979596e-10,Inf
4,105,400.0,7.435108902447711e-14,8.546450438545841e-11,Inf
4,106,400.0,7.972514670459578e-13,6.246265195027906e-10,Inf
4,107,400.0,7.39457834081553e-14,8.530163186498191e-11,Inf
4,108,400.0,7.985327000725166e-13,6.327154445185737e-10,Inf
4,109,400.0,7.441565520741287e-14,8.543801035486223e-11,Inf
4,110,400.0,7.967661394375715e-13,6.257133787174098e-10,Inf
4,111,400.0,7.487028544457111e-14,8.576515819266749e-11,Inf
4,112,400.0,8.048702977058373e-13,6.542537943040615e-10,Inf
4,113,400.0,7.493248504328871e-14,8.561931425259083e-11,Inf
4,114,400.0,7.995890378763176e-13,6.359721507124163e-10,Inf
4,115,400.0,7.45761624141712e-14,8.5631654292251e-11,Inf
4,116,400.0,7.997070951867285e-13,6.376577916912728e-10,Inf
4,117,400.0,7.510716007503648e-14,8.586820235092421e-11,Inf
4,118,400.0,8.002755643912485e-13,6.396816932142438e-10,Inf
4,119,400.0,7.45876456324959e-14,8.573274317889105e-11,Inf
4,120,400.0,8.007653044796343e-13,6.390102508616388e-10,Inf
4,121,400.0,7.467076114118839e-14,8.543966244355791e-11,Inf
4,122,400.0,8.011948712620408e-13,6.403244305411603e-10,Inf
4,123,400.0,7.479547032650977e-14,8.58247953234157e-11,Inf
4,124,400.0,8.000685247324133e-13,6.421989533077089e-10,Inf
4,125,400.0,7.504645963771693e-14,8.579788577795783e-11,Inf
4,126,400.0,8.016164699976543e-13,6.450460719137086e-10,Inf
4,127,400.0,7.520738509974415e-14,8.589648018658208e-11,Inf
4,128,400.0,8.203052186511507e-13,6.579273973960705e-10,Inf
4,129,400.0,7.524515777048755e-14,8.601389026831842e-11,Inf
4,130,400.0,8.02972488509214e-13,6.452696572973886e-10,Inf
4,131,400.0,7.485731843845241e-14,8.565255787364749e-11,Inf
4,132,400.0,8.00897773873663e-13,6.468927293058719e-10,Inf
4,133,400.0,7.425609799124752e-14,8.534141135575607e-11,Inf
4,134,400.0,8.119384884125044e-13,6.517972151841878e-10,Inf
4,135,400.0,7.46005507276742e-14,8.528270048984692e-11,Inf
4,136,400.0,8.013054985322009e-13,6.369446907269016e-10,Inf
4,137,400.0,7.402995604705319e-14,8.535148564958237e-11,Inf
4,138,400.0,8.09064185988715e-13,6.388988331459299e-10,Inf
4,139,400.0,7.515698353298328e-14,8.589675684258773e-11,Inf
4,140,400.0,8.386020173185008e-13,6.445500217467575e-10,Inf
4,141,400.0,7.591023015688462e-14,8.725132582944636e-11,Inf
4,142,400.0,7.958082072783269e-13,6.494744821455216e-10,Inf
4,143,400.0,7.499001984740178e-14,8.588253333019649e-11,Inf
4,144,400.0,7.969577764795149e-13,6.386701289435468e-10,Inf
4,145,400.0,7.460296197824957e-14,8.571825295379802e-11,Inf
4,146,400.0,7.971256235644706e-13,6.327293186358223e-10,Inf
4,147,400.0,7.449777383294071e-14,8.578963793380501e-11,Inf
4,148,400.0,8.285883048021207e-13,6.423960725614258e-10,Inf
4,149,400.0,7.596394374343149e-14,8.730205451461595e-11,Inf
4,150,400.0,8.010682374655199e-13,6.615593425729292e-10,Inf
4,151,400.0,7.559484184066101e-14,8.687921573890807e-11,Inf
4,152,400.0,8.017589840634097e-13,6.446802232225065e-10,Inf
4,153,400.0,7.404729831582123e-14,8.537070396581167e-11,Inf
4,154,400.0,7.969745652581734e-13,6.339233682578977e-10,Inf
4,155,400.0,7.598059752342224e-14,8.707694852847592e-11,Inf
4,156,400.0,7.950424311661953e-13,6.387710216616675e-10,Inf
4,157,400.0,7.562233920763498e-14,8.651653809996719e-11,Inf
4,158,400.0,7.957119433054992e-13,6.253406701881966e-10,Inf
4,159,400.0,7.492002509036813e-14,8.624924986324332e-11,Inf
4,160,400.0,8.075416999245272e-13,6.453800474158895e-10,Inf
4,161,400.0,7.492281486958393e-14,8.578074899796025e-11,Inf
4,162,400.0,7.977562617551108e-13,6.3643621448474e-10,Inf
4,163,400.0,7.488524325169293e-14,8.616341292986425e-11,Inf
4,164,400.0,7.972728952866982e-13,6.347239146709981e-10,Inf
4,165,400.0,7.506976614756102e-14,8.634965387066761e-11,Inf
4,166,400.0,7.967693012297906e-13,6.315227457653854e-10,Inf
4,167,400.0,7.378943712289925e-14,8.510803024240667e-11,Inf
4,168,400.0,7.967399082098274e-13,6.381684165404159e-10,Inf
4,169,400.0,7.495679987535229e-14,8.573290216423677e-11,Inf
4,170,400.0,8.189254171658688e-13,6.584575059479867e-10,Inf
4,171,400.0,7.536461769290946e-14,8.606000139610418e-11,Inf
4,172,400.0,7.968273939941361e-13,6.297347761393692e-10,Inf
4,173,400.0,7.481977521949422e-14,8.561850750373563e-11,Inf
4,174,400.0,8.075651425634718e-13,6.528102026161696e-10,Inf
4,175,400.0,7.474824805430849e-14,8.56829088243193e-11,Inf
4,176,400.0,7.979843340477002e-13,6.270873122064896e-10,Inf
4,177,400.0,7.490764974177787e-14,8.564315046119393e-11,Inf
4,178,400.0,7.977088879451791e-13,6.384951468565957e-10,Inf
4,179,400.0,7.504603937349775e-14,8.628348376893051e-11,Inf
4,180,400.0,7.985980071752925e-13,6.423672438276853e-10,Inf
4,181,400.0,7.506582688922762e-14,8.615452268330704e-11,Inf
4,182,400.0,8.162137201873933e-13,6.658904275427188e-10,Inf
4,183,400.0,7.49872418282903e-14,8.587238628962411e-11,Inf
4,184,400.0,7.967305743085516e-13,6.308477284539619e-10,Inf
4,185,400.0,7.571598239387114e-14,8.64897101134282e-11,Inf
4,186,400.0,7.957444540213036e-13,6.428638590774849e-10,Inf
4,187,400.0,7.479482185631693e-14,8.609210724847556e-11,Inf
4,188,400.0,8.524629025834392e-13,6.857689793893357e-10,Inf
4,189,400.0,7.396817479795477e-14,8.533948158563802e-11,Inf
4,190,400.0,9.46777786953554e-13,6.964341605157291e-10,Inf
4,191,400.0,7.385112010237222e-14,8.529905747993652e-11,Inf
4,192,400.0,8.077099662283397e-13,6.52898542285132e-10,Inf
4,193,400.0,7.487331170336323e-14,8.585685415949465e-11,Inf
4,194,400.0,7.984463856158668e-13,6.299120046423079e-10,Inf
4,195,400.0,7.511280794807889e-14,8.583140772526239e-11,Inf
4,196,400.0,8.072421282761895e-13,6.293455226851957e-10,Inf
4,197,400.0,7.382214563784104e-14,8.518254837055686e-11,Inf
4,198,400.0,8.144168962516265e-13,6.572215745439072e-10,Inf
4,199,400.0,7.497888976208363e-14,8.575227886071035e-11,Inf
4,200,400.0,8.389899237343795e-13,6.658628695671096e-10,Inf
4,201,400.0,7.511987886071942e-14,8.58783002190429e-11,Inf
4,202,400.0,8.002062498465589e-13,6.27148060771796e-10,Inf
4,203,400.0,7.452488457956086e-14,8.55447847560203e-11,Inf
4,204,400.0,8.266803358570243e-13,6.591604875333242e-10,Inf
4,205,400.0,7.464583201590231e-14,8.560453745377621e-11,Inf
4,206,400.0,8.181180543964466e-13,6.544046971782893e-10,Inf
4,207,400.0,7.484052078649828e-14,8.566734812898927e-11,Inf
4,208,400.0,8.508747398286624e-13,6.727943254458421e-10,Inf
4,209,400.0,7.490779159734633e-14,8.58620446621763e-11,Inf
4,210,400.0,8.195911809203037e-13,6.552052011504281e-10,Inf
4,211,400.0,7.470345975795772e-14,8.58920511073492e-11,Inf
4,212,400.0,8.190456113879976e-13,6.603120250704301e-10,Inf
4,213,400.0,7.439422647128174e-14,8.546398105216483e-11,Inf
4,214,400.0,7.987779762302337e-13,6.232359432877697e-10,Inf
4,215,400.0,7.479901562261517e-14,8.593279457170177e-11,Inf
4,216,400.0,7.983324499028435e-13,6.309530462928562e-10,Inf
4,217,400.0,7.497064985333498e-14,8.587020842305041e-11,Inf
4,218,400.0,8.052332440697754e-13,6.264546364305636e-10,Inf
4,219,400.0,7.427987625668353e-14,8.560854428108369e-11,Inf
4,220,400.0,8.033086023593422e-13,6.447674264497942e-10,Inf
4,221,400.0,6.797132917762774e-14,7.998608725540584e-11,Inf
4,222,400.0,7.773755368189819e-13,5.967954798871884e-10,Inf
4,223,400.0,7.425297345971509e-14,8.516338727553016e-11,Inf
4,224,400.0,8.621816193153685e-13,6.777640937564122e-10,Inf
4,225,400.0,7.436779550150805e-14,8.519912365740129e-11,Inf
4,226,400.0,8.148491495009752e-13,6.551623857538671e-10,Inf
4,227,400.0,7.451655542054444e-14,8.558140333419213e-11,Inf
4,228,400.0,8.298816841951164e-13,6.583440722300046e-10,Inf
4,229,400.0,7.442503643321659e-14,8.52212601006634e-11,Inf
4,230,400.0,8.446617564938831e-13,6.644598921874312e-10,Inf
4,231,400.0,7.472211893198147e-14,8.543204523933778e-11,Inf
4,232,400.0,8.19339262148855e-13,6.519307224666607e-10,Inf
4,233,400.0,7.474804474785421e-14,8.544607386395525e-11,Inf
4,234,400.0,8.654504523790958e-13,6.772469144176909e-10,Inf
4,235,400.0,7.499716166044557e-14,8.567634218625634e-11,Inf
4,236,400.0,8.145494941274839e-13,6.543189526366891e-10,Inf
4,237,400.0,7.46903118571455e-14,8.597343253664576e-11,Inf
4,238,400.0,8.38348370309706e-13,6.618454445921121e-10,Inf
4,239,400.0,7.439765217763376e-14,8.570473885142533e-11,Inf
4,240,400.0,8.142327738394913e-13,6.530847967191062e-10,Inf
4,241,400.0,7.412556457469426e-14,8.53505258630975e-11,Inf
4,242,400.0,8.200690668601409e-13,6.563207852098523e-10,Inf
4,243,400.0,7.471305318433308e-14,8.555290246536278e-11,Inf
4,244,400.0,8.651807299747435e-13,6.809054237411294e-10,Inf
4,245,400.0,7.441870456045438e-14,8.549635886869215e-11,Inf
4,246,400.0,8.605620427235027e-13,6.825173508855009e-10,Inf
4,247,400.0,7.37493819971303e-14,8.526918138947589e-11,Inf
4,248,400.0,8.430771684226641e-13,6.68110834621028e-10,Inf
4,249,400.0,7.368631247047611e-14,8.52672046301595e-11,Inf
4,250,400.0,8.647315375715048e-13,6.804550884846708e-10,Inf
4,251,400.0,7.363163192821085e-14,8.52607880413766e-11,Inf
4,252,400.0,8.552525549401281e-13,6.866132178658263e-10,Inf
4,253,400.0,7.424613171998359e-14,8.559982718127211e-11,Inf
4,254,400.0,7.987679019942446e-13,6.256801280840746e-10,Inf
4,255,400.0,7.474077355892878e-14,8.58938910807654e-11,Inf
4,256,400.0,7.994200860440909e-13,6.420608481231851e-10,Inf
4,257,400.0,7.442863177190082e-14,8.574826655574337e-11,Inf
4,258,400.0,8.185137729545981e-13,6.333471556206004e-10,Inf
4,259,400.0,7.339608203195551e-14,8.469241528001796e-11,Inf
4,260,400.0,8.040369624697919e-13,6.276747670278034e-10,Inf
4,261,400.0,7.324951833209107e-14,8.454737559966973e-11,Inf
4,262,400.0,7.999236174836329e-13,6.444139364831753e-10,Inf
4,263,400.0,7.412221475031149e-14,8.54549403004948e-11,Inf
4,264,400.0,8.554268983407572e-13,6.855903233178742e-10,Inf
4,265,400.0,7.495558890183142e-14,8.573752893200221e-11,Inf
4,266,400.0,8.52925193289314e-13,6.860604345303624e-10,Inf
4,267,400.0,7.374997796774647e-14,8.5269268777008e-11,Inf
4,268,400.0,8.555192681482658e-13,6.867379914385478e-10,Inf
4,269,400.0,7.500837344356231e-14,8.57712197722123e-11,Inf
4,270,400.0,8.533984875501914e-13,6.744403931802209e-10,Inf
4,271,400.0,7.304919883146069e-14,8.433479078105267e-11,Inf
4,272,400.0,7.991980828825689e-13,6.261598940176885e-10,Inf
4,273,400.0,7.455686184596776e-14,8.560398955112463e-11,Inf
4,274,400.0,7.996004832038766e-13,6.249577691577752e-10,Inf
4,275,400.0,7.326806100276618e-14,8.456218928622647e-11,Inf
4,276,400.0,7.965177856329967e-13,6.23431752881288e-10,Inf
4,277,400.0,7.385313516919681e-14,8.52147297659283e-11,Inf
4,278,400.0,7.970327814657836e-13,6.241859718619289e-10,Inf
4,279,400.0,6.78921963662837e-14,7.990602130795901e-11,Inf
4,280,400.0,8.122097818530768e-13,6.249400869553257e-10,Inf
4,281,400.0,7.343187634639547e-14,8.473613752386733e-11,Inf
4,282,400.0,7.971613618689216e-13,6.227772494361761e-10,Inf
4,283,400.0,7.443168526162087e-14,8.537130751731886e-11,Inf
4,284,400.0,8.046797523880333e-13,6.284784290980707e-10,Inf
4,285,400.0,7.534422184359952e-14,8.620099668530984e-11,Inf
4,286,400.0,8.212126838094346e-13,6.634104457640427e-10,Inf
4,287,400.0,7.417817068970254e-14,8.549436279694877e-11,Inf
4,288,400.0,7.967067558537442e-13,6.257926529872921e-10,Inf
4,289,400.0,7.537163100335462e-14,8.608165669075366e-11,Inf
4,290,400.0,7.962129010563173e-13,6.273981107178118e-10,Inf
4,291,400.0,6.670052441045974e-14,7.903113665305891e-11,Inf
4,292,400.0,8.046631648971595e-13,6.514259519361402e-10,Inf
4,293,400.0,7.50452980926062e-14,8.573640895006357e-11,Inf
4,294,400.0,8.084294516592384e-13,6.548415023298718e-10,Inf
4,295,400.0,7.466482669424034e-14,8.572101702033432e-11,Inf
4,296,400.0,8.156157780229349e-13,6.578614675743883e-10,Inf
4,297,400.0,7.39505656198975e-14,8.522506759548169e-11,Inf
4,298,400.0,7.983947963347148e-13,6.344184222908586e-10,Inf
4,299,400.0,7.515542238075727e-14,8.585028125855155e-11,Inf
4,300,400.0,8.074359499153656e-13,6.523969073260948e-10,Inf
4,301,400.0,7.48726579219083e-14,8.589146302654011e-11,Inf
4,302,400.0,8.083314436989255e-13,6.527589336477051e-10,Inf
4,303,400.0,7.510600302470888e-14,8.585991531714372e-11,Inf
4,304,400.0,8.06819204417087e-13,6.511924712017707e-10,Inf
4,305,400.0,7.527332118826676e-14,8.600728755259086e-11,Inf
4,306,400.0,8.021164653074928e-13,6.456563076401369e-10,Inf
4,307,400.0,7.511046619211333e-14,8.578837937187305e-11,Inf
4,308,400.0,8.066954023950178e-13,6.559172888646887e-10,Inf
4,309,400.0,7.498668919369226e-14,8.580964319882746e-11,Inf
4,310,400.0,7.976628710193699e-13,6.413315444718915e-10,Inf
4,311,400.0,7.473830961696131e-14,8.60387352990991e-11,Inf
4,312,400.0,7.967658207962258e-13,6.407396463951456e-10,Inf
4,313,400.0,7.571360528507216e-14,8.658589283326658e-11,Inf
4,314,400.0,7.976995393138846e-13,6.438611823152478e-10,Inf
4,315,400.0,7.576870093771731e-14,8.66332414936057e-11,Inf
4,316,400.0,7.964451115351947e-13,6.351930486992296e-10,Inf
4,317,400.0,7.5290591563123e-14,8.64437530249654e-11,Inf
4,318,400.0,7.974194641287438e-13,6.350608522481035e-10,Inf
4,319,400.0,7.559658469187151e-14,8.632366864283792e-11,Inf
4,320,400.0,8.020278585207802e-13,6.520626311026159e-10,Inf
4,321,400.0,7.554842463124498e-14,8.668466210687496e-11,Inf
4,322,400.0,7.968788570065812e-13,6.33009679301475e-10,Inf
4,323,400.0,7.555462310409866e-14,8.632307526091522e-11,Inf
4,324,400.0,8.089371708915033e-13,6.585953813269323e-10,Inf
4,325,400.0,7.524946869972051e-14,8.614288871604201e-11,Inf
4,326,400.0,7.969324806749636e-13,6.349567139704805e-10,Inf
4,327,400.0,7.517859033740932e-14,8.612183825516386e-11,Inf
4,328,400.0,8.12084399275593e-13,6.594822939453828e-10,Inf
4,329,400.0,7.574167161732203e-14,8.64251835238893e-11,Inf
4,330,400.0,7.969569280300209e-13,6.290688670220143e-10,Inf
4,331,400.0,7.554151531326142e-14,8.626796454447141e-11,Inf
4,332,400.0,7.96950598845363e-13,6.378550420784281e-10,Inf
4,333,400.0,7.435436245991938e-14,8.583778191656054e-11,Inf
4,334,400.0,8.047147806960675e-13,6.556470602512009e-10,Inf
4,335,400.0,7.525816111284111e-14,8.610708797737589e-11,Inf
4,336,400.0,8.104061212168145e-13,6.608587846154776e-10,Inf
4,337,400.0,7.544924638244476e-14,8.625863183945816e-11,Inf
4,338,400.0,8.095816398534189e-13,6.590363147354038e-10,Inf
4,339,400.0,7.555584634766777e-14,8.623644509086774e-11,Inf
4,340,400.0,8.159468509374232e-13,6.551539987952926e-10,Inf
4,341,400.0,7.460937074688474e-14,8.529727636165661e-11,Inf
4,342,400.0,7.967035896574087e-13,6.370186771350048e-10,Inf
4,343,400.0,7.484574870493263e-14,8.572449835905696e-11,Inf
4,344,400.0,8.184149868743752e-13,6.572066664412568e-10,Inf
4,345,400.0,7.499055982441745e-14,8.586729778216345e-11,Inf
4,346,400.0,8.184041609195998e-13,6.574854338577208e-10,Inf
4,347,400.0,7.457558782944381e-14,8.526981699908601e-11,Inf
4,348,400.0,7.988953273693178e-13,6.31714146682867e-10,Inf
4,349,400.0,7.452584191360483e-14,8.533413069635078e-11,Inf
4,350,400.0,7.974702914154582e-13,6.292960401272229e-10,Inf
4,351,400.0,7.46971356732173e-14,8.602004592005932e-11,Inf
4,352,400.0,8.020738004084865e-13,6.522369562014644e-10,Inf
4,353,400.0,7.448029779009417e-14,8.581987383661625e-11,Inf
4,354,400.0,8.204944739137879e-13,6.647887490028727e-10,Inf
4,355,400.0,7.558838931135385e-14,8.62956228079401e-11,Inf
4,356,400.0,8.005949376366831e-13,6.310862498072578e-10,Inf
4,357,400.0,7.465266671929948e-14,8.599288063584954e-11,Inf
4,358,400.0,7.989291363707361e-13,6.412377517549515e-10,Inf
4,359,400.0,7.447676912071975e-14,8.58055761025792e-11,Inf
4,360,400.0,7.985864223581989e-13,6.406537606973926e-10,Inf
4,361,400.0,7.522979387848275e-14,8.599663923667301e-11,Inf
4,362,400.0,8.083495949664756e-13,6.563693477970018e-10,Inf
4,363,400.0,7.531030082830363e-14,8.600643084614964e-11,Inf
4,364,400.0,7.979771710412034e-13,6.336439421308571e-10,Inf
4,365,400.0,7.56301192322552e-14,8.632525289359481e-11,Inf
4,366,400.0,8.017794327217136e-13,6.472494454252632e-10,Inf
4,367,400.0,7.531421238839082e-14,8.619397443870834e-11,Inf
4,368,400.0,8.238331793788069e-13,6.368143785927409e-10,Inf
4,369,400.0,7.457276400817859e-14,8.59340693346318e-11,Inf
4,370,400.0,7.993395123604789e-13,6.27863244697666e-10,Inf
4,371,400.0,7.536942499353077e-14,8.615986430942791e-11,Inf
4,372,400.0,8.055089705660515e-13,6.532947695290156e-10,Inf
4,373,400.0,7.546611271358956e-14,8.615097024112112e-11,Inf
4,374,400.0,8.173652848681309e-13,6.541096078488181e-10,Inf
4,375,400.0,7.477710610028996e-14,8.612131473335448e-11,Inf
4,376,400.0,7.981104405887522e-13,6.311931820845648e-10,Inf
4,377,400.0,7.514296566449102e-14,8.62579812792322e-11,Inf
4,378,400.0,8.072404532280044e-13,6.494783462094682e-10,Inf
4,379,400.0,7.482531129033975e-14,8.565578191386289e-11,Inf
4,380,400.0,8.000473999081391e-13,6.337106842805589e-10,Inf
4,381,400.0,7.430598059988472e-14,8.55899643270664e-11,Inf
4,382,400.0,8.030712235850668e-13,6.456037464632153e-10,Inf
4,383,400.0,7.448665789698638e-14,8.580178469766264e-11,Inf
4,384,400.0,8.006945706559682e-13,6.531018081481049e-10,Inf
4,385,400.0,7.363524117619557e-14,8.49026142761829e-11,Inf
4,386,400.0,8.234947537141699e-13,6.39712207751497e-10,Inf
4,387,400.0,7.533207311291247e-14,8.606458088811326e-11,Inf
4,388,400.0,8.034035277010282e-13,6.297585749307582e-10,Inf
4,389,400.0,7.379110483395349e-14,8.508430200357559e-11,Inf
4,390,400.0,8.045876637166742e-13,6.297129124516843e-10,Inf
4,391,400.0,7.450134192132288e-14,8.583213769868368e-11,Inf
4,392,400.0,8.005919339368769e-13,6.659381267165336e-10,Inf
4,393,400.0,7.642970010686638e-14,8.751298407112798e-11,Inf
4,394,400.0,8.163890170679476e-13,6.499303630050344e-10,Inf
4,395,400.0,7.654434085725517e-14,8.779068432657853e-11,Inf
4,396,400.0,7.981926370164715e-13,6.608876417728605e-10,Inf
4,397,400.0,7.453005522273005e-14,8.585266732780355e-11,Inf
4,398,400.0,7.960402279461371e-13,6.29684535783366e-10,Inf
4,399,400.0,7.513702310658471e-14,8.630878532229723e-11,Inf
4,400,400.0,7.97384308094924e-13,6.325779177303944e-10,Inf
4,401,400.0,7.505116154190557e-14,8.626901019336897e-11,Inf
4,402,400.0,8.010385363040281e-13,6.308087182948738e-10,Inf
4,403,400.0,7.527236387080518e-14,8.633039790565352e-11,Inf
4,404,400.0,8.151211949771442e-13,6.663532764185466e-10,Inf
4,405,400.0,7.546576553518483e-14,8.620856305816484e-11,Inf
4,406,400.0,7.975260614177661e-13,6.397835682969796e-10,Inf
4,407,400.0,7.558486039940871e-14,8.632177375909334e-11,Inf
4,408,400.0,8.02302225206989e-13,6.525591400167856e-10,Inf
4,409,400.0,7.42722767992967e-14,8.558752231051049e-11,Inf
4,410,400.0,7.961604390679794e-13,6.30683263154275e-10,Inf
4,411,400.0,7.541100802707229e-14,8.630517446469348e-11,Inf
4,412,400.0,7.995182917293147e-13,6.481745837043233e-10,Inf
4,413,400.0,7.547090923727534e-14,8.623834175918915e-11,Inf
4,414,400.0,8.026382270649272e-13,6.561460023744642e-10,Inf
4,415,400.0,7.533837079892035e-14,8.630396187282052e-11,Inf
4,416,400.0,8.099178347575277e-13,6.592706837945657e-10,Inf
4,417,400.0,7.392563518338797e-14,8.520938945784094e-11,Inf
4,418,400.0,8.101551839753991e-13,6.352112028234347e-10,Inf
4,419,400.0,7.452541562480953e-14,8.584391419403952e-11,Inf
4,420,400.0,7.966086118679223e-13,6.324277323166269e-10,Inf
4,421,400.0,7.406252077047491e-14,8.534761084782293e-11,Inf
4,422,400.0,7.971030471163899e-13,6.391828360258762e-10,Inf
4,423,400.0,7.548302258789663e-14,8.623994150802268e-11,Inf
4,424,400.0,7.966468065391758e-13,6.348596561593836e-10,Inf
4,425,400.0,7.484750898087076e-14,8.564369107057988e-11,Inf
4,426,400.0,8.206448099737439e-13,6.305273596228396e-10,Inf
4,427,400.0,7.52015649054897e-14,8.593688827447861e-11,Inf
4,428,400.0,8.167142080834934e-13,6.621098805922857e-10,Inf
4,429,400.0,7.462503632379523e-14,8.571297785551797e-11,Inf
4,430,400.0,8.015649362968356e-13,6.497875969554602e-10,Inf
4,431,400.0,7.520018876619221e-14,8.622771337584718e-11,Inf
4,432,400.0,7.995230088266399e-13,6.392582306936167e-10,Inf
4,433,400.0,7.54847769003666e-14,8.632110833390041e-11,Inf
4,434,400.0,7.954453096086503e-13,6.268532426137422e-10,Inf
4,435,400.0,7.504356287507076e-14,8.639583694142897e-11,Inf
4,436,400.0,7.965107678273031e-13,6.382708125011083e-10,Inf
4,437,400.0,7.514653105455834e-14,8.587830129239288e-11,Inf
4,438,400.0,8.127727048105556e-13,6.612480133572193e-10,Inf
4,439,400.0,7.444292834470915e-14,8.574445754044873e-11,Inf
4,440,400.0,7.964828925747829e-13,6.343155058202547e-10,Inf
4,441,400.0,7.504113176885197e-14,8.622542717225612e-11,Inf
4,442,400.0,7.986379900238807e-13,6.31366196722503e-10,Inf
4,443,400.0,7.562084454975715e-14,8.631935192168663e-11,Inf
4,444,400.0,7.973198881973286e-13,6.330486162066442e-10,Inf
4,445,400.0,7.559431331965738e-14,8.629801045674941e-11,Inf
4,446,400.0,7.977913304417599e-13,6.448937521476567e-10,Inf
4,447,400.0,7.535654830281705e-14,8.637307232036674e-11,Inf
4,448,400.0,7.964317906289499e-13,6.358223828305947e-10,Inf
4,449,400.0,7.540813884899962e-14,8.639760614027035e-11,Inf
4,450,400.0,8.169265114081356e-13,6.599576628939648e-10,Inf
4,451,400.0,7.409972453328929e-14,8.583688447052693e-11,Inf
4,452,400.0,8.192386494280192e-13,6.645591580775471e-10,Inf
4,453,400.0,7.563854916547073e-14,8.632386360062466e-11,Inf
4,454,400.0,8.174621554761946e-13,6.582220232278933e-10,Inf
4,455,400.0,7.56126373755568e-14,8.641772645181871e-11,Inf
4,456,400.0,8.199175467360126e-13,6.557194099548478e-10,Inf
4,457,400.0,7.489176922864143e-14,8.564115414007834e-11,Inf
4,458,400.0,8.194385290974989e-13,6.554682046163164e-10,Inf
4,459,400.0,7.454781812197733e-14,8.583916634083329e-11,Inf
4,460,400.0,8.056309977358385e-13,6.480515956265145e-10,Inf
4,461,400.0,7.454865592066797e-14,8.52307627940879e-11,Inf
4,462,400.0,8.152887152870872e-13,6.499996129153974e-10,Inf
4,463,400.0,7.475604734262101e-14,8.547142982889798e-11,Inf
4,464,400.0,8.182288155249025e-13,6.549996287821025e-10,Inf
4,465,400.0,7.523630462818647e-14,8.615649488606253e-11,Inf
4,466,400.0,8.500846600071771e-13,6.742238318156523e-10,Inf
4,467,400.0,7.437148060116654e-14,8.567315659173545e-11,Inf
4,468,400.0,8.20550787571868e-13,6.609679961299567e-10,Inf
4,469,400.0,7.478625942551768e-14,8.582871723126662e-11,Inf
4,470,400.0,7.956812833066402e-13,6.280434396753238e-10,Inf
4,471,400.0,7.517719717853468e-14,8.601340414139507e-11,Inf
4,472,400.0,8.058287439931946e-13,6.294584859319919e-10,Inf
4,473,400.0,7.385684830501771e-14,8.512618349504017e-11,Inf
4,474,400.0,8.082036984872307e-13,6.304652726146386e-10,Inf
4,475,400.0,7.463163770792424e-14,8.581083781617407e-11,Inf
4,476,400.0,8.104662479843718e-13,6.343253206571645e-10,Inf
4,477,400.0,7.526672733419551e-14,8.637503422455744e-11,Inf
4,478,400.0,8.063807650551343e-13,6.561022596061168e-10,Inf
4,479,400.0,7.549677280134463e-14,8.631057529748337e-11,Inf
4,480,400.0,7.95304275901715e-13,6.305597717500788e-10,Inf
4,481,400.0,7.548349589677865e-14,8.632105075168859e-11,Inf
4,482,400.0,8.024659924586994e-13,6.523163409359924e-10,Inf
4,483,400.0,7.54502095959205e-14,8.624831229942438e-11,Inf
4,484,400.0,7.98662189669157e-13,6.358584931413455e-10,Inf
4,485,400.0,7.52307333900157e-14,8.622511742727856e-11,Inf
4,486,400.0,7.983585469263235e-13,6.343931615768679e-10,Inf
4,487,400.0,7.495294135522335e-14,8.577728460097406e-11,Inf
4,488,400.0,8.003710452949377e-13,6.484518493476065e-10,Inf
4,489,400.0,7.469250241457634e-14,8.585989935901104e-11,Inf
4,490,400.0,7.965312897001901e-13,6.300296385102301e-10,Inf
4,491,400.0,7.52806256414592e-14,8.618030300804778e-11,Inf
4,492,400.0,8.072572559281126e-13,6.322289731799489e-10,Inf
4,493,400.0,7.474673305403022e-14,8.586448089336794e-11,Inf
4,494,400.0,8.03311395527e-13,6.538844860793622e-10,Inf
4,495,400.0,7.574732595752096e-14,8.645641445261518e-11,Inf
4,496,400.0,8.01075344812274e-13,6.450924244592544e-10,Inf
4,497,400.0,7.48933433123112e-14,8.624436456616601e-11,Inf
4,498,400.0,7.974524643309504e-13,6.437006432721102e-10,Inf
4,499,400.0,7.450579647375758e-14,8.582576440721431e-11,Inf
4,500,400.0,7.987599780678179e-13,6.516394018876428e-10,Inf
4,501,400.0,7.502721380554096e-14,8.622069206767454e-11,Inf
4,502,400.0,7.967971954942301e-13,6.377117956235057e-10,Inf
4,503,400.0,7.61028824520456e-14,8.702541095681655e-11,Inf
4,504,400.0,7.968350761981219e-13,6.509956572830344e-10,Inf
4,505,400.0,7.583951426405144e-14,8.683112046813255e-11,Inf
4,506,400.0,7.99778723746641e-13,6.473519650067815e-10,Inf
4,507,400.0,7.609641843579759e-14,8.691158008528591e-11,Inf
4,508,400.0,8.22465003218894e-13,6.393718204837684e-10,Inf
4,509,400.0,7.446666247868947e-14,8.578237386920452e-11,Inf
4,510,400.0,8.177605801550678e-13,6.377802917933783e-10,Inf
4,511,400.0,7.565166542013632e-14,8.673334329371787e-11,Inf
4,512,400.0,8.018136259063402e-13,6.352738429307216e-10,Inf
4,513,400.0,7.523171764369627e-14,8.654319822793509e-11,Inf
4,514,400.0,7.969530178471765e-13,6.498807708915996e-10,Inf
4,515,400.0,7.506896760324334e-14,8.623515335194968e-11,Inf
4,516,400.0,7.969083375966403e-13,6.504442016455447e-10,Inf
4,517,400.0,7.53911608195725e-14,8.662859194749063e-11,Inf
4,518,400.0,8.004729289428022e-13,6.319248647246602e-10,Inf
4,519,400.0,7.438358496914921e-14,8.56914635644341e-11,Inf
4,520,400.0,7.996286951371041e-13,6.602391364414095e-10,Inf
4,521,400.0,7.513153840176821e-14,8.619357233286323e-11,Inf
4,522,400.0,7.963643695767831e-13,6.366957008794639e-10,Inf
4,523,400.0,7.41838304439666e-14,8.54772558227289e-11,Inf
4,524,400.0,7.959663288823562e-13,6.337737506529801e-10,Inf
4,525,400.0,7.504304967319358e-14,8.6331196189911e-11,Inf
4,526,400.0,7.964575984500286e-13,6.296283940005143e-10,Inf
4,527,400.0,7.41581847498744e-14,8.551028453935116e-11,Inf
4,528,400.0,7.97714619020765e-13,6.251889748452472e-10,Inf
4,529,400.0,7.563694787315519e-14,8.632418758405753e-11,Inf
4,530,400.0,8.006323090932414e-13,6.453267011678156e-10,Inf
4,531,400.0,7.516883114177738e-14,8.597246915524056e-11,Inf
4,532,400.0,8.182833834209882e-13,6.630726304255781e-10,Inf
4,533,400.0,7.438889557556905e-14,8.569726631709305e-11,Inf
4,534,400.0,7.953820953869751e-13,6.305675507516054e-10,Inf
4,535,400.0,7.557529765460983e-14,8.675791776900027e-11,Inf
4,536,400.0,7.945148326929049e-13,6.371583068258413e-10,Inf
4,537,400.0,7.490399764339465e-14,8.617473153715873e-11,Inf
4,538,400.0,8.026721634573298e-13,6.391010275047395e-10,Inf
4,539,400.0,7.503276040821807e-14,8.638615624267993e-11,Inf
4,540,400.0,7.978332772501804e-13,6.452882781283057e-10,Inf
4,541,400.0,7.5495871616773e-14,8.632214211842484e-11,Inf
4,542,400.0,8.036026085791476e-13,6.529425813787877e-10,Inf
4,543,400.0,7.4672878376942e-14,8.566861297026815e-11,Inf
4,544,400.0,8.010428221714204e-13,6.474832947981526e-10,Inf
4,545,400.0,7.567677957163751e-14,8.672066514781557e-11,Inf
4,546,400.0,7.975953467007347e-13,6.302072069276729e-10,Inf
4,547,400.0,7.537945321993757e-14,8.621805928964136e-11,Inf
4,548,400.0,7.976437518723346e-13,6.312438951177294e-10,Inf
4,549,400.0,7.561339370389766e-14,8.629698379449253e-11,Inf
4,550,400.0,7.990403728478368e-13,6.403670951500986e-10,Inf
4,551,400.0,7.453090981822775e-14,8.588625435253985e-11,Inf
4,552,400.0,7.986283802328484e-13,6.447001155416494e-10,Inf
4,553,400.0,7.472318795723795e-14,8.597847460298988e-11,Inf
4,554,400.0,8.11946737151251e-13,6.591301366443903e-10,Inf
4,555,400.0,7.432618844854147e-14,8.561038782723844e-11,Inf
4,556,400.0,7.997063093057963e-13,6.573556005703935e-10,Inf
4,557,400.0,7.634978445378103e-14,8.730831785100684e-11,Inf
4,558,400.0,8.043825451558604e-13,6.54424149237685e-10,Inf
4,559,400.0,7.516939954016314e-14,8.644638762395925e-11,Inf
4,560,400.0,8.017165192331306e-13,6.510004867794108e-10,Inf
4,561,400.0,7.51459466056763e-14,8.6258809577866e-11,Inf
4,562,400.0,7.964738491063395e-13,6.353734269533356e-10,Inf
4,563,400.0,7.518996327242168e-14,8.617453120220108e-11,Inf
4,564,400.0,8.00994381181866e-13,6.332187776953156e-10,Inf
4,565,400.0,7.540660452914266e-14,8.672406679278215e-11,Inf
4,566,400.0,8.12756042542968e-13,6.583935395759131e-10,Inf
4,567,400.0,7.438985267296181e-14,8.56746789368067e-11,Inf
4,568,400.0,7.960904890504697e-13,6.324460896612021e-10,Inf
4,569,400.0,7.55393065001354e-14,8.621884767812727e-11,Inf
4,570,400.0,7.945110593352464e-13,6.313577415665381e-10,Inf
4,571,400.0,7.578841683569739e-14,8.711291816973251e-11,Inf
4,572,400.0,8.13772083689431e-13,6.759857954370779e-10,Inf
4,573,400.0,7.509128421869424e-14,8.638082462190993e-11,Inf
4,574,400.0,7.984398321008608e-13,6.42428606859239e-10,Inf
4,575,400.0,7.588215838008026e-14,8.712432254016994e-11,Inf
4,576,400.0,8.101723414801553e-13,6.679554884286907e-10,Inf
4,577,400.0,7.640128027788314e-14,8.762216093022753e-11,Inf
4,578,400.0,7.961598206836767e-13,6.520529660956416e-10,Inf
4,579,400.0,7.523532179222884e-14,8.627106650623742e-11,Inf
4,580,400.0,7.98637623999148e-13,6.349169142535937e-10,Inf
4,581,400.0,7.51022219501532e-14,8.624578659605567e-11,Inf
4,582,400.0,8.129937164993333e-13,6.314065598839633e-10,Inf
4,583,400.0,7.468453017664009e-14,8.588242443704452e-11,Inf
4,584,400.0,8.073107314250795e-13,6.574432632765526e-10,Inf
4,585,400.0,7.475441805569596e-14,8.544305461626515e-11,Inf
4,586,400.0,8.174141162916907e-13,6.564166397224438e-10,Inf
4,587,400.0,7.516362879355079e-14,8.597369142413542e-11,Inf
4,588,400.0,7.993336060932091e-13,6.416433290104873e-10,Inf
4,589,400.0,7.42777862917047e-14,8.548373615842115e-11,Inf
4,590,400.0,8.063628637903099e-13,6.469648791835586e-10,Inf
4,591,400.0,7.4983909559963e-14,8.614299747284629e-11,Inf
4,592,400.0,7.973641812737781e-13,6.384794430589327e-10,Inf
4,593,400.0,7.396094044626422e-14,8.529359916415388e-11,Inf
4,594,400.0,8.367527456767034e-13,6.641851136281526e-10,Inf
4,595,400.0,7.466803907227627e-14,8.602332278876208e-11,Inf
4,596,400.0,7.989941920672677e-13,6.270601309281396e-10,Inf
4,597,400.0,7.486444517843014e-14,8.61856483554376e-11,Inf
4,598,400.0,8.029879296644505e-13,6.336866660031902e-10,Inf
4,599,400.0,7.492927478043116e-14,8.626044979062829e-11,Inf
4,600,400.0,8.327575513340185e-13,6.458729563271238e-10,Inf
4,601,400.0,7.514567619243706e-14,8.640452092937392e-11,Inf
4,602,400.0,7.960493589429037e-13,6.260021729680195e-10,Inf
4,603,400.0,7.445655206285445e-14,8.580140751908478e-11,Inf
4,604,400.0,8.424019581417635e-13,6.425063266376268e-10,Inf
4,605,400.0,7.453125888113087e-14,8.540322252642477e-11,Inf
4,606,400.0,7.960541838559839e-13,6.248807796318162e-10,Inf
4,607,400.0,7.442786600772976e-14,8.535586972299956e-11,Inf
4,608,400.0,8.273946987027325e-13,6.384262669599969e-10,Inf
4,609,400.0,7.426916840936675e-14,8.556819718846303e-11,Inf
4,610,400.0,7.95811553455722e-13,6.302338150520019e-10,Inf
4,611,400.0,7.480493356279928e-14,8.61636316812909e-11,Inf
4,612,400.0,7.964953495589134e-13,6.356627215991164e-10,Inf
4,613,400.0,7.496533623443968e-14,8.623437594189461e-11,Inf
4,614,400.0,7.96904981407051e-13,6.31244658823882e-10,Inf
4,615,400.0,7.462553802682792e-14,8.598360221522262e-11,Inf
4,616,400.0,8.014614821909502e-13,6.498449145967489e-10,Inf
4,617,400.0,7.508946245887354e-14,8.601858404663586e-11,Inf
4,618,400.0,7.990543799796023e-13,6.408608071596667e-10,Inf
4,619,400.0,7.530275207582173e-14,8.619862589845437e-11,Inf
4,620,400.0,8.035293070023988e-13,6.540090817594703e-10,Inf
4,621,400.0,7.496599002227941e-14,8.614685117070571e-11,Inf
4,622,400.0,7.990821635017217e-13,6.375677066444245e-10,Inf
4,623,400.0,7.473312048395313e-14,8.604156931021203e-11,Inf
4,624,400.0,7.966711570179416e-13,6.320907572583272e-10,Inf
4,625,400.0,7.433368755639596e-14,8.565046457925563e-11,Inf
4,626,400.0,7.966960045067309e-13,6.301904042741913e-10,Inf
4,627,400.0,7.456072028164673e-14,8.58820901223145e-11,Inf
4,628,400.0,7.971627737136124e-13,6.313360684153671e-10,Inf
4,629,400.0,7.434217808143146e-14,8.562714429814236e-11,Inf
4,630,400.0,8.029934402413957e-13,6.531325862860158e-10,Inf
4,631,400.0,7.539701939193129e-14,8.668475571555387e-11,Inf
4,632,400.0,7.969951048054286e-13,6.293483584827275e-10,Inf
4,633,400.0,7.443101162819313e-14,8.575536081202866e-11,Inf
4,634,400.0,8.201420862508411e-13,6.459535745106126e-10,Inf
4,635,400.0,7.412524183739574e-14,8.541403821042114e-11,Inf
4,636,400.0,8.191484001941706e-13,6.461541652807206e-10,Inf
4,637,400.0,7.457458804844576e-14,8.592670720144983e-11,Inf
4,638,400.0,8.628433163399262e-13,6.494469388258023e-10,Inf
4,639,400.0,7.400210299921421e-14,8.53180702537101e-11,Inf
4,640,400.0,8.543911915736959e-13,6.456608324924379e-10,Inf
4,641,400.0,7.367784844670477e-14,8.497047312791069e-11,Inf
4,642,400.0,8.015768879153845e-13,6.463399811728416e-10,Inf
4,643,400.0,7.42557356238034e-14,8.559405321946683e-11,Inf
4,644,400.0,8.018674278366942e-13,6.494660417178763e-10,Inf
4,645,400.0,7.42785492414325e-14,8.559537816037843e-11,Inf
4,646,400.0,7.991972102920155e-13,6.369591912676624e-10,Inf
4,647,400.0,7.428841889829815e-14,8.562520672943581e-11,Inf
4,648,400.0,8.16507035997178e-13,6.368591562755045e-10,Inf
4,649,400.0,7.431475447634991e-14,8.562249783381729e-11,Inf
4,650,400.0,8.159028036713412e-13,6.338542524788433e-10,Inf
4,651,400.0,7.453793389860326e-14,8.589469294337653e-11,Inf
4,652,400.0,7.954732989091111e-13,6.280807440760793e-10,Inf
4,653,400.0,7.457990733679821e-14,8.585517615236078e-11,Inf
4,654,400.0,7.968543657623546e-13,6.305144789343914e-10,Inf
4,655,400.0,7.410689467959551e-14,8.542384038379489e-11,Inf
4,656,400.0,8.707152934884361e-13,6.531021268210077e-10,Inf
4,657,400.0,7.440019264145931e-14,8.569155872197758e-11,Inf
4,658,400.0,8.446708018501594e-13,6.454783627650064e-10,Inf
4,659,400.0,7.43412830999131e-14,8.563778687239723e-11,Inf
4,660,400.0,7.960868273520609e-13,6.301227520595651e-10,Inf
4,661,400.0,7.418888677563482e-14,8.548061909251118e-11,Inf
4,662,400.0,7.963417211437232e-13,6.287285749356495e-10,Inf
4,663,400.0,7.42183520589494e-14,8.553063478210548e-11,Inf
4,664,400.0,8.142943442684145e-13,6.333978192799114e-10,Inf
4,665,400.0,7.44691346543869e-14,8.57503664260508e-11,Inf
4,666,400.0,7.984782479537994e-13,6.30619935104656e-10,Inf
4,667,400.0,7.419213019629865e-14,8.55129486879817e-11,Inf
4,668,400.0,7.996706966554571e-13,6.430516039329258e-10,Inf
4,669,400.0,7.447679483229784e-14,8.577606851645421e-11,Inf
4,670,400.0,7.963730886909579e-13,6.300447816231181e-10,Inf
4,671,400.0,7.45676837133336e-14,8.586068594418138e-11,Inf
4,672,400.0,7.992182195606058e-13,6.419923302472995e-10,Inf
4,673,400.0,7.441850853433978e-14,8.574996428712808e-11,Inf
4,674,400.0,7.989738469448863e-13,6.264160281837731e-10,Inf
4,675,400.0,7.357647774769059e-14,8.484764977374423e-11,Inf
4,676,400.0,8.03033762479294e-13,6.547631247319653e-10,Inf
4,677,400.0,7.544128543786324e-14,8.62057084080182e-11,Inf
4,678,400.0,7.956601634276652e-13,6.265771093091459e-10,Inf
4,679,400.0,7.418876532689641e-14,8.552298153696576e-11,Inf
4,680,400.0,8.094884705799842e-13,6.30218498633474e-10,Inf
4,681,400.0,7.427938238820154e-14,8.558613602567817e-11,Inf
4,682,400.0,7.999420539903551e-13,6.467882984647311e-10,Inf
4,683,400.0,7.466476456996489e-14,8.599408734070796e-11,Inf
4,684,400.0,7.974362955752394e-13,6.30500384826237e-10,Inf
4,685,400.0,7.448645056464406e-14,8.580412184452436e-11,Inf
4,686,400.0,8.133338387773744e-13,6.315394664302612e-10,Inf
4,687,400.0,7.440279455989299e-14,8.568832434398428e-11,Inf
4,688,400.0,8.747982541080326e-13,6.554690884747884e-10,Inf
4,689,400.0,7.453899885216657e-14,8.582460498721309e-11,Inf
4,690,400.0,8.293368023952472e-13,6.429991674504588e-10,Inf
4,691,400.0,7.450427771552023e-14,8.58109368845945e-11,Inf
4,692,400.0,7.96971905530258e-13,6.36941248119534e-10,Inf
4,693,400.0,7.443739181906939e-14,8.575821355132512e-11,Inf
4,694,400.0,8.160796027991554e-13,6.3672006875055e-10,Inf
4,695,400.0,7.463745574270738e-14,8.595316408951561e-11,Inf
4,696,400.0,7.997190168569966e-13,6.429702203395773e-10,Inf
4,697,400.0,7.510381638763592e-14,8.639798923672123e-11,Inf
4,698,400.0,7.974136988060194e-13,6.329767005795985e-10,Inf
4,699,400.0,7.408229500455343e-14,8.537143415130428e-11,Inf
4,700,400.0,8.015852247525887e-13,6.473211632759438e-10,Inf
4,701,400.0,7.510435952327954e-14,8.594931824002649e-11,Inf
4,702,400.0,7.95519693429635e-13,6.265480916567093e-10,Inf
4,703,400.0,7.56737553808874e-14,8.635409854109326e-11,Inf
4,704,400.0,8.543651039409907e-13,6.502255370202678e-10,Inf
4,705,400.0,7.432736585312145e-14,8.564563547005397e-11,Inf
4,706,400.0,8.055006740326023e-13,6.492788972746595e-10,Inf
4,707,400.0,7.436937072495516e-14,8.570642919638486e-11,Inf
4,708,400.0,7.967237972093144e-13,6.320460110717728e-10,Inf
4,709,400.0,7.533881061761166e-14,8.62020759609197e-11,Inf
4,710,400.0,8.251607186514495e-13,6.613851601850251e-10,Inf
4,711,400.0,7.409818646830748e-14,8.524811339330492e-11,Inf
4,712,400.0,8.127377791622528e-13,6.618243819013859e-10,Inf
4,713,400.0,7.543563358941665e-14,8.611911409955279e-11,Inf
4,714,400.0,8.32644509899604e-13,6.639175772211675e-10,Inf
4,715,400.0,7.434621664438713e-14,8.565510564653616e-11,Inf
4,716,400.0,8.433486461859603e-13,6.709445663830676e-10,Inf
4,717,400.0,7.550102998283707e-14,8.620608792020429e-11,Inf
4,718,400.0,8.447744548975316e-13,6.706030805236456e-10,Inf
4,719,400.0,7.404330252590974e-14,8.546174684185965e-11,Inf
4,720,400.0,8.445441765431999e-13,6.722534430669691e-10,Inf
4,721,400.0,7.678023428461743e-14,8.756618485794486e-11,Inf
4,722,400.0,7.956744657919786e-13,6.515572452394111e-10,Inf
4,723,400.0,7.598833840677353e-14,8.693607763992759e-11,Inf
4,724,400.0,7.963699223527608e-13,6.392847913473817e-10,Inf
4,725,400.0,7.535653204173868e-14,8.670516369759252e-11,Inf
4,726,400.0,8.371398306621156e-13,6.538079721686178e-10,Inf
4,727,400.0,7.590995401129666e-14,8.722683920150312e-11,Inf
4,728,400.0,8.084327398388649e-13,6.34151717202987e-10,Inf
4,729,400.0,7.724752748629942e-14,8.827512192368255e-11,Inf
4,730,400.0,8.04097080876828e-13,6.436101809965165e-10,Inf
4,731,400.0,7.670399657844348e-14,8.752427943765435e-11,Inf
4,732,400.0,9.141319166146437e-13,6.749029553004332e-10,Inf
4,733,400.0,7.57613273950397e-14,8.70903322097343e-11,Inf
4,734,400.0,8.001053422188776e-13,6.327402497829114e-10,Inf
4,735,400.0,7.527554591278055e-14,8.633161468006888e-11,Inf
4,736,400.0,8.009510137606401e-13,6.486895195220125e-10,Inf
4,737,400.0,7.430447828757477e-14,8.55878408173319e-11,Inf
4,738,400.0,8.127975401112522e-13,6.394675351690359e-10,Inf
4,739,400.0,7.485712387793384e-14,8.613466450053769e-11,Inf
4,740,400.0,7.965396032427475e-13,6.352119652621339e-10,Inf
4,741,400.0,7.524267076565186e-14,8.63791803465426e-11,Inf
4,742,400.0,8.34682308819959e-13,6.445542074494477e-10,Inf
4,743,400.0,7.470910293973576e-14,8.599475270936836e-11,Inf
4,744,400.0,7.96607712495949e-13,6.370373676484941e-10,Inf
4,745,400.0,7.45100763009995e-14,8.582023876254106e-11,Inf
4,746,400.0,8.246832869688058e-13,6.395852668257005e-10,Inf
4,747,400.0,7.571555989654865e-14,8.639709292750974e-11,Inf
4,748,400.0,7.970181633564974e-13,6.427743577223146e-10,Inf
4,749,400.0,7.472808139305532e-14,8.606684529276414e-11,Inf
4,750,400.0,7.980223958390057e-13,6.352075016582237e-10,Inf
4,751,400.0,7.397412935552466e-14,8.525916430541135e-11,Inf
4,752,400.0,7.948970027607485e-13,6.369086123746859e-10,Inf
4,753,400.0,7.364295945662983e-14,8.492525976430317e-11,Inf
4,754,400.0,8.003376314027496e-13,6.32758896076025e-10,Inf
4,755,400.0,7.498210802187777e-14,8.622857877437042e-11,Inf
4,756,400.0,7.964037056534707e-13,6.39601087925995e-10,Inf
4,757,400.0,7.522528308496546e-14,8.620141131272958e-11,Inf
4,758,400.0,7.962077221847948e-13,6.313428805016012e-10,Inf
4,759,400.0,7.451622144228792e-14,8.579619585376812e-11,Inf
4,760,400.0,8.195893344130873e-13,6.665350356960418e-10,Inf
4,761,400.0,7.54089936280151e-14,8.645899404183141e-11,Inf
4,762,400.0,7.982254676863571e-13,6.328985417425402e-10,Inf
4,763,400.0,7.525632560257737e-14,8.64148056437799e-11,Inf
4,764,400.0,7.970767554051994e-13,6.361110663569864e-10,Inf
4,765,400.0,7.499644425355039e-14,8.613103665477476e-11,Inf
4,766,400.0,8.027993142791635e-13,6.313860606574251e-10,Inf
4,767,400.0,7.458638122299114e-14,8.585668773250851e-11,Inf
4,768,400.0,7.960065177251799e-13,6.316709613562698e-10,Inf
4,769,400.0,7.444832951682074e-14,8.577671235711176e-11,Inf
4,770,400.0,7.966987004980375e-13,6.323720260656985e-10,Inf
4,771,400.0,7.510132298117192e-14,8.618349567209196e-11,Inf
4,772,400.0,8.061215529863162e-13,6.310714051369013e-10,Inf
4,773,400.0,7.45605668522576e-14,8.592037464691368e-11,Inf
4,774,400.0,8.61397236706556e-13,6.511330748321137e-10,Inf
4,775,400.0,7.516588571864193e-14,8.613243406165891e-11,Inf
4,776,400.0,8.148506809470904e-13,6.363053220828691e-10,Inf
4,777,400.0,7.462258061819437e-14,8.586877128216545e-11,Inf
4,778,400.0,8.101128835867645e-13,6.327064196422884e-10,Inf
4,779,400.0,7.444124383825664e-14,8.57644395804649e-11,Inf
4,780,400.0,7.985339371049927e-13,6.354334078034017e-10,Inf
