Segment,Zone,NSE_Price,Max_NSE_MW,Total_NSE_MWh,NSE_Percent_of_Demand
1,1,2000.0,6.392218190560954e-16,7.18696820522434e-13,Inf
1,2,2000.0,6.392221676309345e-16,7.185780608148967e-13,Inf
1,3,2000.0,6.392221668255643e-16,7.182689754154874e-13,Inf
1,4,2000.0,6.392219726762175e-16,7.184373690688394e-13,Inf
1,5,2000.0,6.392220134858476e-16,7.18523015308565e-13,Inf
1,6,2000.0,6.392219681793317e-16,7.18696827510015e-13,Inf
1,7,2000.0,6.392219412709202e-16,7.183925315863851e-13,Inf
1,8,2000.0,6.392221352931405e-16,7.183100933935306e-13,Inf
1,9,2000.0,6.392221279128355e-16,7.187351611219067e-13,Inf
1,10,2000.0,6.392219792186386e-16,7.186968280280238e-13,Inf
1,11,2000.0,6.392221207638625e-16,7.186598787755074e-13,Inf
1,12,2000.0,6.392218344929295e-16,7.185820260698346e-13,Inf
1,13,2000.0,6.392219349232784e-16,7.115080519918846e-13,Inf
1,14,2000.0,6.392216336634328e-16,7.186968118728309e-13,Inf
1,15,2000.0,6.392217170660991e-16,7.116766857395624e-13,Inf
1,16,2000.0,6.392220480931376e-16,7.180229372666755e-13,Inf
1,17,2000.0,6.39221855246156e-16,7.115833427458303e-13,Inf
1,18,2000.0,6.392212268147697e-16,7.178273120245317e-13,Inf
1,19,2000.0,6.392216287906201e-16,7.191320598861914e-13,Inf
1,20,2000.0,6.392191119808182e-16,7.188937019587127e-13,Inf
1,21,2000.0,6.392214708443595e-16,7.188777996497413e-13,Inf
1,22,2000.0,6.39221121574515e-16,7.19102436378089e-13,Inf
1,23,2000.0,6.392210807932588e-16,7.186967849684428e-13,Inf
1,24,2000.0,6.392202088586612e-16,7.187350682661072e-13,Inf
1,25,2000.0,6.392194152518678e-16,7.193250619652561e-13,Inf
1,26,2000.0,6.392212856319359e-16,7.190023396628378e-13,Inf
1,27,2000.0,6.392211898640705e-16,7.194883916527539e-13,Inf
1,28,2000.0,6.392207960876278e-16,7.191446484143259e-13,Inf
1,29,2000.0,6.392201794675971e-16,7.188539214605905e-13,Inf
1,30,2000.0,6.392195979530632e-16,7.204870721716826e-13,Inf
1,31,2000.0,6.39220951608993e-16,7.198837139337073e-13,Inf
1,32,2000.0,6.392214099645935e-16,7.194231577786804e-13,Inf
1,33,2000.0,6.392207764731883e-16,7.193587798313871e-13,Inf
1,34,2000.0,6.3922040215104e-16,7.190014586694303e-13,Inf
1,35,2000.0,6.392204491602837e-16,7.191083450050241e-13,Inf
1,36,2000.0,6.392191110475137e-16,7.192676820511472e-13,Inf
1,37,2000.0,6.392204930888047e-16,7.193009445905216e-13,Inf
1,38,2000.0,6.392214300265506e-16,7.193769956414825e-13,Inf
1,39,2000.0,6.39220327535754e-16,7.186967484807524e-13,Inf
1,40,2000.0,6.392200957740242e-16,7.194092187275081e-13,Inf
1,41,2000.0,6.392202654353109e-16,7.190624740531306e-13,Inf
1,42,2000.0,6.392204931309109e-16,7.186967565430473e-13,Inf
1,43,2000.0,6.392212815409663e-16,7.188996016716646e-13,Inf
1,44,2000.0,6.392209938190342e-16,7.189985539670652e-13,Inf
1,45,2000.0,6.392205695893798e-16,7.191239243520104e-13,Inf
1,46,2000.0,6.392210240788802e-16,7.18804971168347e-13,Inf
1,47,2000.0,3.196108514401172e-16,3.593484074829292e-13,Inf
1,48,2000.0,6.3922102768628435e-16,7.187428217867869e-13,Inf
1,49,2000.0,6.39221615885512e-16,7.180808512913209e-13,Inf
1,50,2000.0,6.392217249571316e-16,7.180210659523198e-13,Inf
1,51,2000.0,6.392213579709605e-16,7.186354064510086e-13,Inf
1,52,2000.0,6.392214348970409e-16,7.181891867077742e-13,Inf
1,53,2000.0,6.392212882497929e-16,7.184627864522075e-13,Inf
1,54,2000.0,6.3922119799582545e-16,7.18093610793845e-13,Inf
1,55,2000.0,6.392216393754421e-16,7.185040696511971e-13,Inf
1,56,2000.0,6.392214339231448e-16,7.189691226274689e-13,Inf
1,57,2000.0,6.3922150525061e-16,7.190015117919103e-13,Inf
1,58,2000.0,6.392217557473951e-16,7.184840077172188e-13,Inf
1,59,2000.0,6.392205075641625e-16,7.189268270468377e-13,Inf
1,60,2000.0,6.392220017701145e-16,7.186338339849134e-13,Inf
1,61,2000.0,6.392197733901749e-16,7.190035240341945e-13,Inf
1,62,2000.0,6.392218389610377e-16,7.184950133621903e-13,Inf
1,63,2000.0,3.196108514401172e-16,3.593484074829292e-13,Inf
1,64,2000.0,6.39220978832545e-16,7.183777179899056e-13,Inf
1,65,2000.0,6.392195796691606e-16,7.188608941413113e-13,Inf
1,66,2000.0,6.392220200069631e-16,7.18717389365216e-13,Inf
1,67,2000.0,6.39221943240018e-16,7.182124062183603e-13,Inf
1,68,2000.0,6.392215448629889e-16,7.181339085658309e-13,Inf
1,69,2000.0,6.392219244818397e-16,7.187699742966054e-13,Inf
1,70,2000.0,6.392200746881887e-16,7.189843998523812e-13,Inf
1,71,2000.0,6.392213667705588e-16,7.189074754829404e-13,Inf
1,72,2000.0,6.392212196352015e-16,7.186967918594878e-13,Inf
1,73,2000.0,6.392208823249427e-16,7.191947951681952e-13,Inf
1,74,2000.0,6.392221360433788e-16,7.187724296212998e-13,Inf
1,75,2000.0,6.392213933757448e-16,7.186968002725771e-13,Inf
1,76,2000.0,6.392202560650065e-16,7.188122190107007e-13,Inf
1,77,2000.0,6.392218857314774e-16,7.174157722574117e-13,Inf
1,78,2000.0,6.392208998318488e-16,7.190248591208454e-13,Inf
1,79,2000.0,6.392201786819169e-16,7.188609232683622e-13,Inf
1,80,2000.0,6.392210051007801e-16,7.17914780563153e-13,Inf
1,81,2000.0,6.392214756582033e-16,7.186374165234471e-13,Inf
1,82,2000.0,6.392221229911513e-16,7.179350827554003e-13,Inf
1,83,2000.0,6.392219503334553e-16,7.179350742170004e-13,Inf
1,84,2000.0,6.392220435722199e-16,7.179350787854207e-13,Inf
1,85,2000.0,6.392204026081502e-16,7.179349970393509e-13,Inf
1,86,2000.0,6.392220342437188e-16,7.179350783226505e-13,Inf
1,87,2000.0,6.392220061539092e-16,7.179350769400044e-13,Inf
1,88,2000.0,6.392216076950911e-16,7.179350575604026e-13,Inf
1,89,2000.0,6.392221848672297e-16,7.179350858004884e-13,Inf
1,90,2000.0,6.392218659096369e-16,7.179350701057403e-13,Inf
1,91,2000.0,6.392218386797236e-16,7.179350687821602e-13,Inf
1,92,2000.0,6.392217421693949e-16,7.179350641178019e-13,Inf
1,93,2000.0,6.392222036941715e-16,7.179350867187669e-13,Inf
1,94,2000.0,6.392214253779006e-16,7.179350485177146e-13,Inf
1,95,2000.0,6.392196416664081e-16,7.174364354596799e-13,Inf
1,96,2000.0,6.392197041015807e-16,7.175737528009712e-13,Inf
1,97,2000.0,6.392209177233656e-16,7.175469448148852e-13,Inf
1,98,2000.0,6.39219608659862e-16,7.17522335332978e-13,Inf
1,99,2000.0,6.392197755609182e-16,7.174729760449698e-13,Inf
1,100,2000.0,6.392216970068683e-16,7.175649546645921e-13,Inf
1,101,2000.0,6.392211403603603e-16,7.1762555730896e-13,Inf
1,102,2000.0,6.392213524802867e-16,7.177870303168099e-13,Inf
1,103,2000.0,6.392215279963602e-16,7.177458722685785e-13,Inf
1,104,2000.0,6.39221648896299e-16,7.177148982526716e-13,Inf
1,105,2000.0,6.39221140537469e-16,7.175696251365211e-13,Inf
1,106,2000.0,6.3922051521628995e-16,7.176279937762762e-13,Inf
1,107,2000.0,6.392205499560581e-16,7.175547598334593e-13,Inf
1,108,2000.0,6.392210764754002e-16,7.179350309186035e-13,Inf
1,109,2000.0,6.3922124969885465e-16,7.17401858981393e-13,Inf
1,110,2000.0,6.392207757356728e-16,7.176933565884814e-13,Inf
1,111,2000.0,6.39221430330281e-16,7.178942397547413e-13,Inf
1,112,2000.0,6.392215199495246e-16,7.183116036417531e-13,Inf
1,113,2000.0,6.392217650640822e-16,7.177040852942689e-13,Inf
1,114,2000.0,6.392212030830064e-16,7.177935069420607e-13,Inf
1,115,2000.0,6.392212113095761e-16,7.176679053113051e-13,Inf
1,116,2000.0,6.392212373347663e-16,7.178273125807279e-13,Inf
1,117,2000.0,6.392215866322777e-16,7.179225016071167e-13,Inf
1,118,2000.0,6.392212834733095e-16,7.178255053028205e-13,Inf
1,119,2000.0,6.392210902155649e-16,7.178466158578874e-13,Inf
1,120,2000.0,6.392212968488564e-16,7.176130947406551e-13,Inf
1,121,2000.0,6.392215804517482e-16,7.174542643629542e-13,Inf
1,122,2000.0,6.39221329685362e-16,7.175804919295696e-13,Inf
1,123,2000.0,6.39221261988626e-16,7.180039219274166e-13,Inf
1,124,2000.0,6.392213081922975e-16,7.180441535693009e-13,Inf
1,125,2000.0,6.392215983525546e-16,7.178316756106596e-13,Inf
1,126,2000.0,6.392213729702734e-16,7.179942331512385e-13,Inf
1,127,2000.0,6.392217792767051e-16,7.18065110425817e-13,Inf
1,128,2000.0,6.392216914039112e-16,7.175915298536225e-13,Inf
1,129,2000.0,6.392215937169302e-16,7.182123895194671e-13,Inf
1,130,2000.0,6.392214101752256e-16,7.177191679894473e-13,Inf
1,131,2000.0,6.392215369797315e-16,7.176405374883016e-13,Inf
1,132,2000.0,6.392213569840387e-16,7.183789015117199e-13,Inf
1,133,2000.0,6.392211634481102e-16,7.173048285673793e-13,Inf
1,134,2000.0,6.392215835576135e-16,7.174317226351229e-13,Inf
1,135,2000.0,6.392218352505389e-16,7.171877675382193e-13,Inf
1,136,2000.0,6.392212970667587e-16,7.172540619310195e-13,Inf
1,137,2000.0,6.392200066793415e-16,7.179349769066429e-13,Inf
1,138,2000.0,6.3921992063963305e-16,7.190176698687744e-13,Inf
1,139,2000.0,6.392216367561715e-16,7.180606263768116e-13,Inf
1,140,2000.0,6.392187394264251e-16,7.185165298154644e-13,Inf
1,141,2000.0,6.392207245921416e-16,7.200217726091137e-13,Inf
1,142,2000.0,6.392211568229912e-16,7.204956472285257e-13,Inf
1,143,2000.0,6.392214210078383e-16,7.179505617871817e-13,Inf
1,144,2000.0,6.392211218177619e-16,7.185982942164238e-13,Inf
1,145,2000.0,6.392211440284499e-16,7.179018964292423e-13,Inf
1,146,2000.0,6.392209824509553e-16,7.183204501028326e-13,Inf
1,147,2000.0,6.392192418325234e-16,7.188957772454256e-13,Inf
1,148,2000.0,6.392190868098697e-16,7.186324886662318e-13,Inf
1,149,2000.0,6.39220695253887e-16,7.201032330988053e-13,Inf
1,150,2000.0,6.392214813500178e-16,7.197034938605631e-13,Inf
1,151,2000.0,6.392209056092893e-16,7.195373401304168e-13,Inf
1,152,2000.0,6.392213729828952e-16,7.179350459346969e-13,Inf
1,153,2000.0,6.392200527900158e-16,7.179349792369529e-13,Inf
1,154,2000.0,6.392209299569952e-16,7.186122180047556e-13,Inf
1,155,2000.0,6.392211850512365e-16,7.195744611100812e-13,Inf
1,156,2000.0,6.392205439416311e-16,7.198430493367845e-13,Inf
1,157,2000.0,6.392214318861924e-16,7.18777289008343e-13,Inf
1,158,2000.0,6.392206153416967e-16,7.177656657040054e-13,Inf
1,159,2000.0,6.392203533743439e-16,7.189176864987793e-13,Inf
1,160,2000.0,6.392215143929146e-16,7.169159075706174e-13,Inf
1,161,2000.0,6.392214624508795e-16,7.178131144236858e-13,Inf
1,162,2000.0,6.392211026320588e-16,7.183769477759766e-13,Inf
1,163,2000.0,6.392208859739482e-16,7.185056101798031e-13,Inf
1,164,2000.0,6.392207104851377e-16,7.189206085921374e-13,Inf
1,165,2000.0,6.392209009104551e-16,7.188408849522944e-13,Inf
1,166,2000.0,6.39220859001721e-16,7.184213039677114e-13,Inf
1,167,2000.0,6.39219882878414e-16,7.176825183902728e-13,Inf
1,168,2000.0,6.3922099386729985e-16,7.18939210500603e-13,Inf
1,169,2000.0,6.392219274252375e-16,7.179162909644902e-13,Inf
1,170,2000.0,6.392217712515789e-16,7.181990667464044e-13,Inf
1,171,2000.0,6.392216993815794e-16,7.181717409238081e-13,Inf
1,172,2000.0,6.392208458134813e-16,7.182146341322286e-13,Inf
1,173,2000.0,6.392215422102958e-16,7.176941070387563e-13,Inf
1,174,2000.0,6.392215403499473e-16,7.179350542077307e-13,Inf
1,175,2000.0,6.392213781210681e-16,7.177935158079823e-13,Inf
1,176,2000.0,6.39220859553444e-16,7.177667550514268e-13,Inf
1,177,2000.0,6.392218887759504e-16,7.177895776116308e-13,Inf
1,178,2000.0,6.392211523143924e-16,7.184439812642628e-13,Inf
1,179,2000.0,6.392209590836079e-16,7.186297772214176e-13,Inf
1,180,2000.0,6.392212540549824e-16,7.184275718834351e-13,Inf
1,181,2000.0,6.392211902610001e-16,7.184612122103884e-13,Inf
1,182,2000.0,6.392216869268163e-16,7.188200746191455e-13,Inf
1,183,2000.0,6.39221430134593e-16,7.179354157810223e-13,Inf
1,184,2000.0,6.39220744124792e-16,7.184847451949917e-13,Inf
1,185,2000.0,6.392215969470948e-16,7.188339338825611e-13,Inf
1,186,2000.0,6.392210460638909e-16,7.195395798226326e-13,Inf
1,187,2000.0,6.392202558388243e-16,7.18853101460805e-13,Inf
1,188,2000.0,6.392222029403991e-16,7.179350866822095e-13,Inf
1,189,2000.0,6.39222191804056e-16,7.179350861381636e-13,Inf
1,190,2000.0,6.392222898875626e-16,7.179350909142926e-13,Inf
1,191,2000.0,6.392220951737701e-16,7.179350813862693e-13,Inf
1,192,2000.0,6.392215416548368e-16,7.179350542742297e-13,Inf
1,193,2000.0,6.392213081369637e-16,7.179350427103255e-13,Inf
1,194,2000.0,6.392209669166811e-16,7.179350253052102e-13,Inf
1,195,2000.0,3.196110554371239e-16,3.5896754106976617e-13,Inf
1,196,2000.0,6.392200182258417e-16,7.179349774929199e-13,Inf
1,197,2000.0,6.392206090845278e-16,7.173676533555267e-13,Inf
1,198,2000.0,6.392216300533024e-16,7.179350586636896e-13,Inf
1,199,2000.0,6.392219261016677e-16,7.179350730390287e-13,Inf
1,200,2000.0,6.392220005910388e-16,7.179350766673099e-13,Inf
1,201,2000.0,6.392215900841816e-16,7.17935056685563e-13,Inf
1,202,2000.0,6.392203106766984e-16,7.179349923781832e-13,Inf
1,203,2000.0,6.392220180345331e-16,7.179350775231388e-13,Inf
1,204,2000.0,6.392219380738752e-16,7.179350736202491e-13,Inf
1,205,2000.0,6.392220018107062e-16,7.179350767273676e-13,Inf
1,206,2000.0,6.392218629108043e-16,7.179350699607872e-13,Inf
1,207,2000.0,6.392219513308784e-16,7.179350742650394e-13,Inf
1,208,2000.0,6.392220592169599e-16,7.17935079567189e-13,Inf
1,209,2000.0,6.39221344625605e-16,7.179350445300369e-13,Inf
1,210,2000.0,3.196110554371239e-16,3.5896754106976617e-13,Inf
1,211,2000.0,6.392210280406028e-16,7.180826919425122e-13,Inf
1,212,2000.0,6.392216884489013e-16,7.179883334525148e-13,Inf
1,213,2000.0,6.392212001697999e-16,7.175469594813087e-13,Inf
1,214,2000.0,6.392208497413775e-16,7.17099980258563e-13,Inf
1,215,2000.0,6.392211220061797e-16,7.181937218679408e-13,Inf
1,216,2000.0,6.392209828047689e-16,7.180381842660103e-13,Inf
1,217,2000.0,6.392214127395663e-16,7.179350478973937e-13,Inf
1,218,2000.0,6.392201179860248e-16,7.176038885850445e-13,Inf
1,219,2000.0,6.392206271280107e-16,7.180012986324946e-13,Inf
1,220,2000.0,6.392214242979815e-16,7.17545924121544e-13,Inf
1,221,2000.0,6.392212890143695e-16,7.114684894733316e-13,Inf
1,222,2000.0,6.392212074920447e-16,7.116363124238551e-13,Inf
1,223,2000.0,6.392219868443108e-16,7.173343714888608e-13,Inf
1,224,2000.0,6.392221375576888e-16,7.173391297548231e-13,Inf
1,225,2000.0,6.392219543364763e-16,7.173404783940502e-13,Inf
1,226,2000.0,6.392216297112018e-16,7.176280503932231e-13,Inf
1,227,2000.0,6.392211979089876e-16,7.17607460049791e-13,Inf
1,228,2000.0,6.392219561542138e-16,7.175819250761716e-13,Inf
1,229,2000.0,6.392219388702587e-16,7.173041920804147e-13,Inf
1,230,2000.0,6.392220216538522e-16,7.173501824707614e-13,Inf
1,231,2000.0,6.392218783454169e-16,7.174070266842333e-13,Inf
1,232,2000.0,6.392218897771095e-16,7.174518672376954e-13,Inf
1,233,2000.0,6.392216784381176e-16,7.173677082555514e-13,Inf
1,234,2000.0,6.392221244656775e-16,7.174522235174649e-13,Inf
1,235,2000.0,6.392217410318197e-16,7.176783516390614e-13,Inf
1,236,2000.0,6.392216173861905e-16,7.175434921356796e-13,Inf
1,237,2000.0,6.39220873034206e-16,7.182624043919777e-13,Inf
1,238,2000.0,6.392219941696858e-16,7.17450838776815e-13,Inf
1,239,2000.0,6.392208209292995e-16,7.179350179508713e-13,Inf
1,240,2000.0,6.392216138894541e-16,7.174053011791247e-13,Inf
1,241,2000.0,6.392209551920624e-16,7.174069797695888e-13,Inf
1,242,2000.0,6.39221692374778e-16,7.173460882588473e-13,Inf
1,243,2000.0,6.392214806342117e-16,7.175104558325176e-13,Inf
1,244,2000.0,6.392221295862809e-16,7.179350830786804e-13,Inf
1,245,2000.0,6.392220316641311e-16,7.179350781950314e-13,Inf
1,246,2000.0,6.392221400820437e-16,7.179350836018038e-13,Inf
1,247,2000.0,6.392221746704515e-16,7.179350853040348e-13,Inf
1,248,2000.0,6.392220197820935e-16,7.179350776091135e-13,Inf
1,249,2000.0,6.392221113108602e-16,7.179350821833156e-13,Inf
1,250,2000.0,6.392221255847745e-16,7.179350828819259e-13,Inf
1,251,2000.0,6.39222116484879e-16,7.179350824382172e-13,Inf
1,252,2000.0,6.392222249659005e-16,7.179350877529766e-13,Inf
1,253,2000.0,6.392205697576028e-16,7.179350054536248e-13,Inf
1,254,2000.0,6.39220891828836e-16,7.174535396179618e-13,Inf
1,255,2000.0,6.392210937584465e-16,7.181539100090157e-13,Inf
1,256,2000.0,6.392212648033827e-16,7.183135167209183e-13,Inf
1,257,2000.0,6.392205355308845e-16,7.182378855898262e-13,Inf
1,258,2000.0,6.392195424509808e-16,7.179467903638394e-13,Inf
1,259,2000.0,6.39219157886212e-16,7.175051291442103e-13,Inf
1,260,2000.0,6.392201595907257e-16,7.178469317038221e-13,Inf
1,261,2000.0,6.392191785466432e-16,7.17305401330647e-13,Inf
1,262,2000.0,6.392213220327296e-16,7.182892775327362e-13,Inf
1,263,2000.0,6.392202475123911e-16,7.179349891636521e-13,Inf
1,264,2000.0,6.392221814431948e-16,7.179350856341703e-13,Inf
1,265,2000.0,6.392219305311028e-16,7.179350732541576e-13,Inf
1,266,2000.0,6.392222047327921e-16,7.179350867691229e-13,Inf
1,267,2000.0,6.392221747265932e-16,7.179350853067914e-13,Inf
1,268,2000.0,6.392222246749938e-16,7.179350877390148e-13,Inf
1,269,2000.0,6.392219204124786e-16,7.179350727629146e-13,Inf
1,270,2000.0,6.39222072935819e-16,7.179350802585503e-13,Inf
1,271,2000.0,6.39217999377355e-16,7.174363491279979e-13,Inf
1,272,2000.0,6.392209257893863e-16,7.17422928156486e-13,Inf
1,273,2000.0,6.392212205731508e-16,7.176287350882771e-13,Inf
1,274,2000.0,6.392203626706343e-16,7.176248124855809e-13,Inf
1,275,2000.0,6.39218999065212e-16,7.174027691158973e-13,Inf
1,276,2000.0,6.39220576886482e-16,7.174364834332318e-13,Inf
1,277,2000.0,6.392206935904381e-16,7.173618678269851e-13,Inf
1,278,2000.0,6.39220521981965e-16,7.175702937397598e-13,Inf
1,279,2000.0,6.392212830036785e-16,7.113378822842825e-13,Inf
1,280,2000.0,6.392198422269096e-16,7.169831591515702e-13,Inf
1,281,2000.0,6.392194916208735e-16,7.174075895445665e-13,Inf
1,282,2000.0,6.392205364125912e-16,7.173205497216757e-13,Inf
1,283,2000.0,6.392213526508321e-16,7.172897893074351e-13,Inf
1,284,2000.0,6.392201288312593e-16,7.179349831102679e-13,Inf
1,285,2000.0,6.392214876309157e-16,7.184612267310198e-13,Inf
1,286,2000.0,6.392217111061982e-16,7.182900643650984e-13,Inf
1,287,2000.0,6.392199214219811e-16,7.181697610832499e-13,Inf
1,288,2000.0,6.392205429645038e-16,7.178236585845667e-13,Inf
1,289,2000.0,6.39221872182154e-16,7.182448475564206e-13,Inf
1,290,2000.0,6.392205696750059e-16,7.180770605739211e-13,Inf
1,291,2000.0,6.392219707083314e-16,7.115951767050217e-13,Inf
1,292,2000.0,6.392214979741065e-16,7.180441629402252e-13,Inf
1,293,2000.0,6.392218071415442e-16,7.178685545011877e-13,Inf
1,294,2000.0,6.392215567471469e-16,7.181165619025592e-13,Inf
1,295,2000.0,6.392212241873202e-16,7.178780885957743e-13,Inf
1,296,2000.0,6.392216470608911e-16,7.179129827600108e-13,Inf
1,297,2000.0,6.392192895971551e-16,7.182092338565713e-13,Inf
1,298,2000.0,6.392210805219411e-16,7.181891689855104e-13,Inf
1,299,2000.0,6.392218510977321e-16,7.179350693861876e-13,Inf
1,300,2000.0,6.392215354931894e-16,7.178931498562065e-13,Inf
1,301,2000.0,6.392212645385273e-16,7.179927485135875e-13,Inf
1,302,2000.0,6.392215462477491e-16,7.178656309181547e-13,Inf
1,303,2000.0,6.392215960916414e-16,7.179122483152895e-13,Inf
1,304,2000.0,6.392215248886774e-16,7.177895598510468e-13,Inf
1,305,2000.0,6.392216292206692e-16,7.181052519473494e-13,Inf
1,306,2000.0,6.392213908003979e-16,7.179505603556455e-13,Inf
1,307,2000.0,6.392218091267979e-16,7.178383102378913e-13,Inf
1,308,2000.0,6.392215476693648e-16,7.183618428236484e-13,Inf
1,309,2000.0,6.392215065440894e-16,7.178459110887618e-13,Inf
1,310,2000.0,6.392211917074555e-16,7.186226298046683e-13,Inf
1,311,2000.0,6.392203017024148e-16,7.187569423345461e-13,Inf
1,312,2000.0,6.392210520895261e-16,7.190667349789088e-13,Inf
1,313,2000.0,6.39221476571414e-16,7.189653679233218e-13,Inf
1,314,2000.0,6.392212158862315e-16,7.188021161852913e-13,Inf
1,315,2000.0,6.392214710229829e-16,7.189247969154012e-13,Inf
1,316,2000.0,6.392206021376041e-16,7.190269465822929e-13,Inf
1,317,2000.0,6.392210928145397e-16,7.187793121442362e-13,Inf
1,318,2000.0,6.392208996830128e-16,7.187699248392058e-13,Inf
1,319,2000.0,6.392216467175788e-16,7.185147005540687e-13,Inf
1,320,2000.0,6.392214463380232e-16,7.185060325279738e-13,Inf
1,321,2000.0,6.392211215716878e-16,7.190839353459822e-13,Inf
1,322,2000.0,6.392209172485849e-16,7.185146647471832e-13,Inf
1,323,2000.0,6.392215849349015e-16,7.185146975597231e-13,Inf
1,324,2000.0,6.392215837329047e-16,7.185146974994456e-13,Inf
1,325,2000.0,6.392214256215513e-16,7.182904344780262e-13,Inf
1,326,2000.0,6.39221049037581e-16,7.184041624062073e-13,Inf
1,327,2000.0,6.392213630634931e-16,7.182716176843386e-13,Inf
1,328,2000.0,6.392216195374458e-16,7.18376973196502e-13,Inf
1,329,2000.0,6.392217563642464e-16,7.186458544116802e-13,Inf
1,330,2000.0,6.39220522013065e-16,7.183080897000981e-13,Inf
1,331,2000.0,6.392216465656127e-16,7.184420483308829e-13,Inf
1,332,2000.0,6.39221118749358e-16,7.185146747981546e-13,Inf
1,333,2000.0,6.392220994162009e-16,7.186226734128415e-13,Inf
1,334,2000.0,6.392215191201226e-16,7.18513904626412e-13,Inf
1,335,2000.0,6.39221960058381e-16,7.185147154612073e-13,Inf
1,336,2000.0,6.392216053217936e-16,7.186634736093238e-13,Inf
1,337,2000.0,6.392215435091269e-16,7.185320618061402e-13,Inf
1,338,2000.0,6.392215921719241e-16,7.185146979125772e-13,Inf
1,339,2000.0,6.392217664510637e-16,7.184041975373318e-13,Inf
1,340,2000.0,6.39221636691649e-16,7.175393089067953e-13,Inf
1,341,2000.0,6.392218463285189e-16,7.172135151421883e-13,Inf
1,342,2000.0,6.39221093200867e-16,7.185146735160542e-13,Inf
1,343,2000.0,6.39221435839736e-16,7.177418101274313e-13,Inf
1,344,2000.0,6.392216729090735e-16,7.176231167766677e-13,Inf
1,345,2000.0,6.392214412132798e-16,7.179284456602918e-13,Inf
1,346,2000.0,6.392216739337597e-16,7.176611954523782e-13,Inf
1,347,2000.0,6.392218579215683e-16,7.171847758807906e-13,Inf
1,348,2000.0,6.392211251382983e-16,7.175403285054642e-13,Inf
1,349,2000.0,6.392219377933689e-16,7.17540369251725e-13,Inf
1,350,2000.0,6.392204791503267e-16,7.183304533076652e-13,Inf
1,351,2000.0,6.392206397646284e-16,7.185379559740709e-13,Inf
1,352,2000.0,6.392214487159655e-16,7.185146909552764e-13,Inf
1,353,2000.0,6.392204184271716e-16,7.183134745165555e-13,Inf
1,354,2000.0,6.392217304977876e-16,7.185147045515429e-13,Inf
1,355,2000.0,6.392218663450376e-16,7.185147109982996e-13,Inf
1,356,2000.0,6.392202378110933e-16,7.184275215353957e-13,Inf
1,357,2000.0,6.392204640231804e-16,7.185146425853247e-13,Inf
1,358,2000.0,6.392212345872584e-16,7.183870536478446e-13,Inf
1,359,2000.0,6.392206702624706e-16,7.182378921734726e-13,Inf
1,360,2000.0,6.392212107563385e-16,7.184373322477543e-13,Inf
1,361,2000.0,6.392215934071414e-16,7.18190332024855e-13,Inf
1,362,2000.0,6.392215659707358e-16,7.183016015796417e-13,Inf
1,363,2000.0,6.392218181679264e-16,7.182192478930701e-13,Inf
1,364,2000.0,6.392210349458242e-16,7.182474794151294e-13,Inf
1,365,2000.0,6.392217059833733e-16,7.185147033863059e-13,Inf
1,366,2000.0,6.392214026387136e-16,7.18115427388828e-13,Inf
1,367,2000.0,6.392214580342682e-16,7.184545593004898e-13,Inf
1,368,2000.0,6.3921930936245e-16,7.18162129570302e-13,Inf
1,369,2000.0,6.392207104101138e-16,7.182946242997491e-13,Inf
1,370,2000.0,6.392203534090791e-16,7.180748076150386e-13,Inf
1,371,2000.0,6.392215528681222e-16,7.183016009178058e-13,Inf
1,372,2000.0,6.392215213582156e-16,7.181603504998557e-13,Inf
1,373,2000.0,6.392217360193596e-16,7.182900655722915e-13,Inf
1,374,2000.0,6.392218107406684e-16,7.17859462165273e-13,Inf
1,375,2000.0,6.392207595122497e-16,7.185146570333418e-13,Inf
1,376,2000.0,6.392209911759336e-16,7.180680575110394e-13,Inf
1,377,2000.0,6.392211432832603e-16,7.185146760238402e-13,Inf
1,378,2000.0,6.39221523438587e-16,7.17524172518764e-13,Inf
1,379,2000.0,6.392214935208415e-16,7.176468963811943e-13,Inf
1,380,2000.0,6.392211862769622e-16,7.174898181570218e-13,Inf
1,381,2000.0,6.39219763122008e-16,7.184576121783566e-13,Inf
1,382,2000.0,6.39221417898237e-16,7.177198822542331e-13,Inf
1,383,2000.0,6.392208216758017e-16,7.181550287947627e-13,Inf
1,384,2000.0,6.392214344302372e-16,7.187173614763615e-13,Inf
1,385,2000.0,6.392185699866758e-16,7.180649489817254e-13,Inf
1,386,2000.0,6.392192844057687e-16,7.185145840199143e-13,Inf
1,387,2000.0,6.392216325129328e-16,7.181785499377448e-13,Inf
1,388,2000.0,6.392201695121472e-16,7.181716648646586e-13,Inf
1,389,2000.0,6.392189995713956e-16,7.180773546719137e-13,Inf
1,390,2000.0,6.3922011760444335e-16,7.181161145820424e-13,Inf
1,391,2000.0,6.392207913360851e-16,7.182104486698714e-13,Inf
1,392,2000.0,6.408737211395804e-16,7.206879208434615e-13,Inf
1,393,2000.0,6.392212083858683e-16,7.201378473415854e-13,Inf
1,394,2000.0,6.411820316803884e-16,7.207039491942881e-13,Inf
1,395,2000.0,6.393364184729677e-16,7.206001244829468e-13,Inf
1,396,2000.0,6.401852231728356e-16,7.206513483160861e-13,Inf
1,397,2000.0,6.392201490134767e-16,7.185146269481075e-13,Inf
1,398,2000.0,6.392206815178623e-16,7.183699409203526e-13,Inf
1,399,2000.0,6.392210626899991e-16,7.186142232213118e-13,Inf
1,400,2000.0,6.392208820010175e-16,7.185146630092479e-13,Inf
1,401,2000.0,6.392209901176231e-16,7.185954950256165e-13,Inf
1,402,2000.0,6.392202378628931e-16,7.183889478956093e-13,Inf
1,403,2000.0,6.39221221440822e-16,7.18581200134901e-13,Inf
1,404,2000.0,6.392216759182056e-16,7.189198251022675e-13,Inf
1,405,2000.0,6.392216180920001e-16,7.183664970913567e-13,Inf
1,406,2000.0,6.392211754038589e-16,7.18514677627103e-13,Inf
1,407,2000.0,6.392216308515034e-16,7.185146997879585e-13,Inf
1,408,2000.0,6.392214554103527e-16,7.1851469127802e-13,Inf
1,409,2000.0,6.392199213921937e-16,7.182918958179424e-13,Inf
1,410,2000.0,6.392204567257753e-16,7.185146422157748e-13,Inf
1,411,2000.0,6.392214275315792e-16,7.185012990325013e-13,Inf
1,412,2000.0,6.392213548355098e-16,7.185839944395472e-13,Inf
1,413,2000.0,6.392215844808205e-16,7.184041887639406e-13,Inf
1,414,2000.0,6.392214990486739e-16,7.187201994137089e-13,Inf
1,415,2000.0,6.39221338935608e-16,7.185146856740825e-13,Inf
1,416,2000.0,6.392215969328574e-16,7.185146981431431e-13,Inf
1,417,2000.0,6.392181940344e-16,7.185145287021805e-13,Inf
1,418,2000.0,6.392198158747649e-16,7.185146104799364e-13,Inf
1,419,2000.0,6.39220063655748e-16,7.18551371752631e-13,Inf
1,420,2000.0,6.392205956595035e-16,7.186979732289459e-13,Inf
1,421,2000.0,6.392185035753413e-16,7.18600957433075e-13,Inf
1,422,2000.0,6.392211311967501e-16,7.186254289768714e-13,Inf
1,423,2000.0,6.39221598624781e-16,7.184069165886032e-13,Inf
1,424,2000.0,6.392209501766741e-16,7.186802962335917e-13,Inf
1,425,2000.0,6.392215349406586e-16,7.176287509575863e-13,Inf
1,426,2000.0,6.39219471740367e-16,7.174166772381439e-13,Inf
1,427,2000.0,6.392216458820174e-16,7.181120597350873e-13,Inf
1,428,2000.0,6.392216732464283e-16,7.183796934341874e-13,Inf
1,429,2000.0,6.392211812491541e-16,7.178813661476569e-13,Inf
1,430,2000.0,6.392214217324292e-16,7.183645493190646e-13,Inf
1,431,2000.0,6.3922125868959705e-16,7.184349882912864e-13,Inf
1,432,2000.0,6.392212673580298e-16,7.179019027212339e-13,Inf
1,433,2000.0,6.392214999022087e-16,7.185146934193025e-13,Inf
1,434,2000.0,6.39220627608244e-16,7.180053712599574e-13,Inf
1,435,2000.0,6.392206875851998e-16,7.189147989785781e-13,Inf
1,436,2000.0,6.392210905622093e-16,7.186967853511141e-13,Inf
1,437,2000.0,6.392216289093657e-16,7.179376283032174e-13,Inf
1,438,2000.0,6.392216361878887e-16,7.185147000469957e-13,Inf
1,439,2000.0,6.392208452189452e-16,7.180676766947537e-13,Inf
1,440,2000.0,6.392206759291425e-16,7.189008141005711e-13,Inf
1,441,2000.0,6.392210419948328e-16,7.185146709580445e-13,Inf
1,442,2000.0,6.392202927725598e-16,7.18514634105882e-13,Inf
1,443,2000.0,6.392216987341329e-16,7.185068338354779e-13,Inf
1,444,2000.0,6.392208686924165e-16,7.185954891546469e-13,Inf
1,445,2000.0,6.392218608755684e-16,7.185147107374295e-13,Inf
1,446,2000.0,6.392212697141617e-16,7.186839406953074e-13,Inf
1,447,2000.0,6.392212769193774e-16,7.186198329628763e-13,Inf
1,448,2000.0,6.39221027981028e-16,7.185807923893457e-13,Inf
1,449,2000.0,6.392213113540016e-16,7.186430239120283e-13,Inf
1,450,2000.0,6.39221799097031e-16,7.186158582374621e-13,Inf
1,451,2000.0,6.39222149487689e-16,7.186643040854624e-13,Inf
1,452,2000.0,6.392217415804125e-16,7.186594587035149e-13,Inf
1,453,2000.0,6.392217417088516e-16,7.185147050828929e-13,Inf
1,454,2000.0,6.392218325563454e-16,7.185147093881523e-13,Inf
1,455,2000.0,6.392215390353642e-16,7.186382215046972e-13,Inf
1,456,2000.0,6.392217399558386e-16,7.173532285221095e-13,Inf
1,457,2000.0,6.392215980825496e-16,7.176280487848966e-13,Inf
1,458,2000.0,6.392218775877066e-16,7.180098789285366e-13,Inf
1,459,2000.0,6.392208542723926e-16,7.180954661667386e-13,Inf
1,460,2000.0,6.392214940540862e-16,7.175224317982821e-13,Inf
1,461,2000.0,6.392217919043361e-16,7.171979646933508e-13,Inf
1,462,2000.0,6.39221800701208e-16,7.172321008545008e-13,Inf
1,463,2000.0,6.392216475047737e-16,7.174005101485257e-13,Inf
1,464,2000.0,6.392218509395056e-16,7.180382273023652e-13,Inf
1,465,2000.0,6.392213915218585e-16,7.183123675119275e-13,Inf
1,466,2000.0,6.392220417272194e-16,7.183008554493847e-13,Inf
1,467,2000.0,6.39219572432441e-16,7.185854999190756e-13,Inf
1,468,2000.0,6.392217455728312e-16,7.181873063940974e-13,Inf
1,469,2000.0,6.39221245236704e-16,7.180131840010818e-13,Inf
1,470,2000.0,6.392206214393265e-16,7.181697960854908e-13,Inf
1,471,2000.0,6.392215081470548e-16,7.182131457833391e-13,Inf
1,472,2000.0,6.392200747805801e-16,7.180209831927487e-13,Inf
1,473,2000.0,6.392189286860965e-16,7.182290353154159e-13,Inf
1,474,2000.0,6.392199707396969e-16,7.180452027657207e-13,Inf
1,475,2000.0,6.39221053486605e-16,7.180605972781649e-13,Inf
1,476,2000.0,6.392198151819809e-16,7.184095563662258e-13,Inf
1,477,2000.0,6.392211673543979e-16,7.187598329246221e-13,Inf
1,478,2000.0,6.392215447487871e-16,7.184069139590917e-13,Inf
1,479,2000.0,6.392215261401516e-16,7.18498544516698e-13,Inf
1,480,2000.0,6.392205763440486e-16,7.185146480996948e-13,Inf
1,481,2000.0,6.392214983481149e-16,7.185146933467694e-13,Inf
1,482,2000.0,6.392214618512947e-16,7.184573035839673e-13,Inf
1,483,2000.0,6.392219370973538e-16,7.186130661994231e-13,Inf
1,484,2000.0,6.3922112261343855e-16,7.182093248379925e-13,Inf
1,485,2000.0,6.39221301248706e-16,7.184201550806973e-13,Inf
1,486,2000.0,6.392210772212966e-16,7.181990324365942e-13,Inf
1,487,2000.0,6.392215166320174e-16,7.179037428525524e-13,Inf
1,488,2000.0,6.392213716586186e-16,7.185146872544698e-13,Inf
1,489,2000.0,6.392210596748086e-16,7.180269726551124e-13,Inf
1,490,2000.0,6.392205562305947e-16,7.184372998623432e-13,Inf
1,491,2000.0,6.392214185643638e-16,7.183401631908616e-13,Inf
1,492,2000.0,6.392199825556973e-16,7.183115272425598e-13,Inf
1,493,2000.0,6.392220398599036e-16,7.184350259810079e-13,Inf
1,494,2000.0,6.392214829663117e-16,7.185146926027338e-13,Inf
1,495,2000.0,6.392218675241133e-16,7.187202169541822e-13,Inf
1,496,2000.0,6.392213613731851e-16,7.180928698991205e-13,Inf
1,497,2000.0,6.392206458787169e-16,7.187387424911208e-13,Inf
1,498,2000.0,6.392211811387893e-16,7.189247830680605e-13,Inf
1,499,2000.0,6.392200853649982e-16,7.185146237900837e-13,Inf
1,500,2000.0,6.392213399097061e-16,7.190521132893459e-13,Inf
1,501,2000.0,6.392210276539726e-16,7.185146702386127e-13,Inf
1,502,2000.0,6.392210899928158e-16,7.186042802538786e-13,Inf
1,503,2000.0,6.392214074024742e-16,7.19446769044142e-13,Inf
1,504,2000.0,6.392212718936897e-16,7.195731198458322e-13,Inf
1,505,2000.0,6.392213167424895e-16,7.19210534663141e-13,Inf
1,506,2000.0,6.39221349379672e-16,7.185146861798386e-13,Inf
1,507,2000.0,6.392215348236295e-16,7.192820878357548e-13,Inf
1,508,2000.0,6.392193239614002e-16,7.185145860151466e-13,Inf
1,509,2000.0,6.392199824894582e-16,7.185146186902187e-13,Inf
1,510,2000.0,6.392195080886542e-16,7.185145952275624e-13,Inf
1,511,2000.0,6.392211973780653e-16,7.191188527978855e-13,Inf
1,512,2000.0,6.392202845009557e-16,7.189024514399364e-13,Inf
1,513,2000.0,6.392208354050612e-16,7.190307423215419e-13,Inf
1,514,2000.0,6.392212610549176e-16,7.193437079702392e-13,Inf
1,515,2000.0,6.392210698156471e-16,7.185146723489548e-13,Inf
1,516,2000.0,6.392212689321166e-16,7.194275588379717e-13,Inf
1,517,2000.0,6.3922097981462e-16,7.191714040648876e-13,Inf
1,518,2000.0,6.392202185667243e-16,7.18514630416661e-13,Inf
1,519,2000.0,6.392197596477888e-16,7.185146077176205e-13,Inf
1,520,2000.0,6.392214399733167e-16,7.199404447621158e-13,Inf
1,521,2000.0,6.392212134174124e-16,7.184041706515804e-13,Inf
1,522,2000.0,6.392210127997596e-16,7.187351074725847e-13,Inf
1,523,2000.0,6.392191799349374e-16,7.185145787601222e-13,Inf
1,524,2000.0,6.392209874818937e-16,7.184867246223151e-13,Inf
1,525,2000.0,6.392208727977244e-16,7.187330720197865e-13,Inf
1,526,2000.0,6.392205763799955e-16,7.183866323384751e-13,Inf
1,527,2000.0,6.392205361657093e-16,7.178371590360656e-13,Inf
1,528,2000.0,6.392204794010456e-16,7.177130557482537e-13,Inf
1,529,2000.0,6.39221732922582e-16,7.185147046665339e-13,Inf
1,530,2000.0,6.392213594393273e-16,7.18162987385237e-13,Inf
1,531,2000.0,6.392215460323711e-16,7.181577078470433e-13,Inf
1,532,2000.0,6.392216897093622e-16,7.184049729503895e-13,Inf
1,533,2000.0,6.392197740683176e-16,7.185146084226721e-13,Inf
1,534,2000.0,6.392205561703131e-16,7.185146471173997e-13,Inf
1,535,2000.0,6.392210561150643e-16,7.192083738300853e-13,Inf
1,536,2000.0,6.392206401583268e-16,7.193662112171834e-13,Inf
1,537,2000.0,6.392208998566884e-16,7.185146638861662e-13,Inf
1,538,2000.0,6.392201381002866e-16,7.192987559753665e-13,Inf
1,539,2000.0,6.392206991494715e-16,7.188958482245647e-13,Inf
1,540,2000.0,6.392211738754125e-16,7.191641453409492e-13,Inf
1,541,2000.0,6.392215116906432e-16,7.185146939940229e-13,Inf
1,542,2000.0,6.392214898286191e-16,7.183220171748407e-13,Inf
1,543,2000.0,6.392213020841665e-16,7.177884681216074e-13,Inf
1,544,2000.0,6.392213748474847e-16,7.18342093238351e-13,Inf
1,545,2000.0,6.39221246285119e-16,7.190847879677011e-13,Inf
1,546,2000.0,6.392209133205877e-16,7.181512592660244e-13,Inf
1,547,2000.0,6.392214932282183e-16,7.183804613256529e-13,Inf
1,548,2000.0,6.392209594913417e-16,7.181872675449228e-13,Inf
1,549,2000.0,6.392218161209775e-16,7.184938305778593e-13,Inf
1,550,2000.0,6.392212497747872e-16,7.181717188618438e-13,Inf
1,551,2000.0,6.392206336565983e-16,7.182742636650496e-13,Inf
1,552,2000.0,6.392212949982013e-16,7.185146835365844e-13,Inf
1,553,2000.0,6.392209216299562e-16,7.182455643844861e-13,Inf
1,554,2000.0,6.39221616296477e-16,7.183509996590781e-13,Inf
1,555,2000.0,6.392197770627074e-16,7.184772257322414e-13,Inf
1,556,2000.0,6.39221421474844e-16,7.193031606399094e-13,Inf
1,557,2000.0,6.392213696364084e-16,7.198244451008009e-13,Inf
1,558,2000.0,6.392215160608064e-16,7.183661044596974e-13,Inf
1,559,2000.0,6.392208954112995e-16,7.188740566725001e-13,Inf
1,560,2000.0,6.392214282949441e-16,7.184812385420983e-13,Inf
1,561,2000.0,6.392211462798716e-16,7.185146761748316e-13,Inf
1,562,2000.0,6.392205145044219e-16,7.190574217531343e-13,Inf
1,563,2000.0,6.392213132375742e-16,7.1835021104503e-13,Inf
1,564,2000.0,6.392203100220827e-16,7.186855069532631e-13,Inf
1,565,2000.0,6.39220264155362e-16,7.195934751555079e-13,Inf
1,566,2000.0,6.392216194689852e-16,7.182070693170827e-13,Inf
1,567,2000.0,6.392198189401395e-16,7.185402923165872e-13,Inf
1,568,2000.0,6.392206523209716e-16,7.187016122697458e-13,Inf
1,569,2000.0,6.392217773083141e-16,7.183835825296675e-13,Inf
1,570,2000.0,6.392205695773639e-16,7.186197981114127e-13,Inf
1,571,2000.0,6.392204710571439e-16,7.199828753104141e-13,Inf
1,572,2000.0,6.42668119603869e-16,7.207827944975849e-13,Inf
1,573,2000.0,6.392193972934051e-16,7.195979299215636e-13,Inf
1,574,2000.0,6.394085943944902e-16,7.206106024772768e-13,Inf
1,575,2000.0,6.419118547518447e-16,7.207419797711864e-13,Inf
1,576,2000.0,6.392216216723432e-16,7.195487521612204e-13,Inf
1,577,2000.0,6.392210176409674e-16,7.20362888293553e-13,Inf
1,578,2000.0,6.392212436550442e-16,7.205321022352178e-13,Inf
1,579,2000.0,6.392212498842433e-16,7.184945910539315e-13,Inf
1,580,2000.0,6.392211282202327e-16,7.180321775402126e-13,Inf
1,581,2000.0,6.392211029182197e-16,7.185146740033037e-13,Inf
1,582,2000.0,6.392197746295322e-16,7.179445970834799e-13,Inf
1,583,2000.0,6.392210130081704e-16,7.180774563761954e-13,Inf
1,584,2000.0,6.392215584936976e-16,7.185146962718664e-13,Inf
1,585,2000.0,6.392217310642529e-16,7.174590991515799e-13,Inf
1,586,2000.0,6.392216556411734e-16,7.175918793030649e-13,Inf
1,587,2000.0,6.392215363780263e-16,7.18160351295523e-13,Inf
1,588,2000.0,6.392212524069826e-16,7.183266332522805e-13,Inf
1,589,2000.0,6.392209906782318e-16,7.175631699919874e-13,Inf
1,590,2000.0,6.392215014095515e-16,7.172786777136609e-13,Inf
1,591,2000.0,6.392210906263279e-16,7.184839753095647e-13,Inf
1,592,2000.0,6.392211527915965e-16,7.184627797123724e-13,Inf
1,593,2000.0,6.392206148742872e-16,7.175918263669908e-13,Inf
1,594,2000.0,6.392219906376085e-16,7.17874483777759e-13,Inf
1,595,2000.0,6.392206580120792e-16,7.184412171472846e-13,Inf
1,596,2000.0,6.392210394088836e-16,7.171682445427836e-13,Inf
1,597,2000.0,6.392201987718439e-16,7.189234897024298e-13,Inf
1,598,2000.0,6.39220228064963e-16,7.186713986386848e-13,Inf
1,599,2000.0,6.392203860785733e-16,7.189131258858456e-13,Inf
1,600,2000.0,6.392189488460996e-16,7.18878914947891e-13,Inf
1,601,2000.0,6.392209258818786e-16,7.188037386288532e-13,Inf
1,602,2000.0,6.392205761175635e-16,7.178755060710636e-13,Inf
1,603,2000.0,6.392204934555429e-16,7.182455432142055e-13,Inf
1,604,2000.0,6.39218627621737e-16,7.181013497699327e-13,Inf
1,605,2000.0,6.392214372410559e-16,7.173192418658627e-13,Inf
1,606,2000.0,6.392207107277786e-16,7.176230679632201e-13,Inf
1,607,2000.0,6.392213663698932e-16,7.172670318094312e-13,Inf
1,608,2000.0,6.392191634864429e-16,7.182164526451183e-13,Inf
1,609,2000.0,6.3921945601474675e-16,7.185075125877833e-13,Inf
1,610,2000.0,6.39220621194666e-16,7.184745162642327e-13,Inf
1,611,2000.0,6.392207215416102e-16,7.185910956521333e-13,Inf
1,612,2000.0,6.392209940997424e-16,7.186714361038463e-13,Inf
1,613,2000.0,6.392209041140634e-16,7.185911045250581e-13,Inf
1,614,2000.0,6.392203698696905e-16,7.185569424745417e-13,Inf
1,615,2000.0,6.39220727157694e-16,7.1835095572443e-13,Inf
1,616,2000.0,6.392214077966775e-16,7.184627922606618e-13,Inf
1,617,2000.0,6.39221392012896e-16,7.182325889595526e-13,Inf
1,618,2000.0,6.392212621355434e-16,7.1816793764922e-13,Inf
1,619,2000.0,6.392214380040169e-16,7.184627937159336e-13,Inf
1,620,2000.0,6.392214958815172e-16,7.184627965180865e-13,Inf
1,621,2000.0,6.392210458073155e-16,7.184096175823997e-13,Inf
1,622,2000.0,6.392211841516574e-16,7.181410471705747e-13,Inf
1,623,2000.0,6.392208410460856e-16,7.184627642552364e-13,Inf
1,624,2000.0,6.39220887289339e-16,7.184627665033206e-13,Inf
1,625,2000.0,6.39219970880152e-16,7.183474364455904e-13,Inf
1,626,2000.0,6.39220456335813e-16,7.184584306885288e-13,Inf
1,627,2000.0,6.39220128331538e-16,7.185644769003584e-13,Inf
1,628,2000.0,6.392203531176675e-16,7.185577357273683e-13,Inf
1,629,2000.0,6.392198048867529e-16,7.18484699157544e-13,Inf
1,630,2000.0,6.392214774554431e-16,7.184627956226976e-13,Inf
1,631,2000.0,6.39220882010711e-16,7.191939372105527e-13,Inf
1,632,2000.0,6.392208458241845e-16,7.181550299827141e-13,Inf
1,633,2000.0,6.392201593377853e-16,7.183807836300797e-13,Inf
1,634,2000.0,6.392193947990395e-16,7.194645876742688e-13,Inf
1,635,2000.0,6.392188731426147e-16,7.185568673276485e-13,Inf
1,636,2000.0,6.392194293865386e-16,7.196238002701257e-13,Inf
1,637,2000.0,6.392206021532551e-16,7.183455343091843e-13,Inf
1,638,2000.0,6.392180804853827e-16,7.180773079064017e-13,Inf
1,639,2000.0,6.392198701287052e-16,7.179656561625326e-13,Inf
1,640,2000.0,6.392183029022537e-16,7.179777450838291e-13,Inf
1,641,2000.0,6.392189012779637e-16,7.179674489673394e-13,Inf
1,642,2000.0,6.392213852867019e-16,7.181052399794866e-13,Inf
1,643,2000.0,6.392203619803747e-16,7.180504363753734e-13,Inf
1,644,2000.0,6.3922142801029785e-16,7.182643454786711e-13,Inf
1,645,2000.0,6.392199591611878e-16,7.182819182194276e-13,Inf
1,646,2000.0,6.392211841823535e-16,7.180426587045207e-13,Inf
1,647,2000.0,6.392203449065469e-16,7.181014375593859e-13,Inf
1,648,2000.0,6.392195640550159e-16,7.184627015840197e-13,Inf
1,649,2000.0,6.392203272013275e-16,7.181925446414578e-13,Inf
1,650,2000.0,6.392196411403326e-16,7.181417236437312e-13,Inf
1,651,2000.0,6.392206520984245e-16,7.182750311467819e-13,Inf
1,652,2000.0,6.392206460690533e-16,7.181716887176155e-13,Inf
1,653,2000.0,6.392208959514104e-16,7.181902971446379e-13,Inf
1,654,2000.0,6.392208593725992e-16,7.182927107739102e-13,Inf
1,655,2000.0,6.392199213816924e-16,7.180770277838898e-13,Inf
1,656,2000.0,6.392179159674185e-16,7.18176848731662e-13,Inf
1,657,2000.0,6.392200077578468e-16,7.184627234301765e-13,Inf
1,658,2000.0,6.392185653506475e-16,7.183974181088325e-13,Inf
1,659,2000.0,6.392193776691711e-16,7.186337056133843e-13,Inf
1,660,2000.0,6.392205494177647e-16,7.184627501554792e-13,Inf
1,661,2000.0,6.392199480543292e-16,7.182164917779799e-13,Inf
1,662,2000.0,6.392207914526093e-16,7.181523853070439e-13,Inf
1,663,2000.0,6.392198298198062e-16,7.182661797178677e-13,Inf
1,664,2000.0,6.392197051544387e-16,7.181564834452019e-13,Inf
1,665,2000.0,6.392208826472523e-16,7.180579783034197e-13,Inf
1,666,2000.0,6.392210021697012e-16,7.179180759521158e-13,Inf
1,667,2000.0,6.39220030018921e-16,7.18134585898585e-13,Inf
1,668,2000.0,6.392212811522157e-16,7.183502094495309e-13,Inf
1,669,2000.0,6.392202091992471e-16,7.184627334053267e-13,Inf
1,670,2000.0,6.392207543167234e-16,7.183598666726498e-13,Inf
1,671,2000.0,6.392208646062937e-16,7.182119730030136e-13,Inf
1,672,2000.0,6.392212572309238e-16,7.183494344778543e-13,Inf
1,673,2000.0,6.392206932665129e-16,7.181523805860143e-13,Inf
1,674,2000.0,6.392203780679874e-16,7.178813259802783e-13,Inf
1,675,2000.0,6.392188779141504e-16,7.178830721935115e-13,Inf
1,676,2000.0,6.392214891013019e-16,7.185959183889904e-13,Inf
1,677,2000.0,6.392216025661068e-16,7.184628017655333e-13,Inf
1,678,2000.0,6.3922062753009e-16,7.179468453220792e-13,Inf
1,679,2000.0,6.392206815991465e-16,7.178583154709391e-13,Inf
1,680,2000.0,6.392199218418318e-16,7.179479123542538e-13,Inf
1,681,2000.0,6.392208309652258e-16,7.178652309357655e-13,Inf
1,682,2000.0,6.392213474560126e-16,7.184627893416964e-13,Inf
1,683,2000.0,6.392207163819297e-16,7.184627582544127e-13,Inf
1,684,2000.0,6.392203690841113e-16,7.184666661819859e-13,Inf
1,685,2000.0,6.3922081640030385e-16,7.181603153282114e-13,Inf
1,686,2000.0,6.392197608741204e-16,7.17946801588577e-13,Inf
1,687,2000.0,6.392198446877517e-16,7.185442564546283e-13,Inf
1,688,2000.0,6.392178295422916e-16,7.182687593169229e-13,Inf
1,689,2000.0,6.392198977026376e-16,7.186967274512052e-13,Inf
1,690,2000.0,6.392190698447912e-16,7.186753683319147e-13,Inf
1,691,2000.0,6.39219760328052e-16,7.186713758282984e-13,Inf
1,692,2000.0,6.392211067135368e-16,7.184627773998764e-13,Inf
1,693,2000.0,6.392200855856268e-16,7.184255609922234e-13,Inf
1,694,2000.0,6.392195799584517e-16,7.184627023967276e-13,Inf
1,695,2000.0,6.392200293006915e-16,7.187136495945118e-13,Inf
1,696,2000.0,6.392212812518772e-16,7.183382248268697e-13,Inf
1,697,2000.0,6.39220863748316e-16,7.188249564908642e-13,Inf
1,698,2000.0,6.392208774997898e-16,7.185764063749995e-13,Inf
1,699,2000.0,6.392188732332896e-16,7.185011716485996e-13,Inf
1,700,2000.0,6.392213966979978e-16,7.181705913722983e-13,Inf
1,701,2000.0,6.39221482597655e-16,7.180314519448967e-13,Inf
1,702,2000.0,6.392206461808317e-16,7.179386806823226e-13,Inf
1,703,2000.0,6.392217986733433e-16,7.18562571990398e-13,Inf
1,704,2000.0,6.392183028345e-16,7.18554060475342e-13,Inf
1,705,2000.0,6.392200065036464e-16,7.183219436187498e-13,Inf
1,706,2000.0,6.392214990742203e-16,7.176857984986448e-13,Inf
1,707,2000.0,6.392207493966547e-16,7.180650592763279e-13,Inf
1,708,2000.0,6.392208827827597e-16,7.184627662859829e-13,Inf
1,709,2000.0,6.392214790113544e-16,7.184627956991238e-13,Inf
1,710,2000.0,6.392219170596304e-16,7.1846281660536e-13,Inf
1,711,2000.0,6.392210695409973e-16,7.172198193363535e-13,Inf
1,712,2000.0,6.392216310435563e-16,7.186250528650545e-13,Inf
1,713,2000.0,6.392217413486767e-16,7.182501882290142e-13,Inf
1,714,2000.0,6.392219569291907e-16,7.182670506056086e-13,Inf
1,715,2000.0,6.392220747581003e-16,7.18310090432137e-13,Inf
1,716,2000.0,6.392220063826158e-16,7.184459801463321e-13,Inf
1,717,2000.0,6.392217064874365e-16,7.184612374378821e-13,Inf
1,718,2000.0,6.392220151926144e-16,7.182494372881226e-13,Inf
1,719,2000.0,6.39222089742772e-16,7.181892183522704e-13,Inf
1,720,2000.0,6.392220103179841e-16,7.185415875193305e-13,Inf
1,721,2000.0,6.392216025913504e-16,7.202397596437782e-13,Inf
1,722,2000.0,6.408388264461751e-16,7.20686140859512e-13,Inf
1,723,2000.0,6.392213742643587e-16,7.193367313581502e-13,Inf
1,724,2000.0,6.392208362495084e-16,7.195730992017383e-13,Inf
1,725,2000.0,6.392207051373423e-16,7.193129360223654e-13,Inf
1,726,2000.0,6.392187563467721e-16,7.201170831492e-13,Inf
1,727,2000.0,6.392203747413926e-16,7.201878973629913e-13,Inf
1,728,2000.0,6.392198854148858e-16,7.184627174104447e-13,Inf
1,729,2000.0,6.426008658235097e-16,7.2077916113987e-13,Inf
1,730,2000.0,6.392200452613797e-16,7.204210931556425e-13,Inf
1,731,2000.0,6.392215421514279e-16,7.200803156900222e-13,Inf
1,732,2000.0,6.392170488176852e-16,7.184625768562858e-13,Inf
1,733,2000.0,6.3922052967559285e-16,7.199187686807188e-13,Inf
1,734,2000.0,6.392203189008447e-16,7.186457844890077e-13,Inf
1,735,2000.0,6.392212246246394e-16,7.185819967388911e-13,Inf
1,736,2000.0,6.392213852990208e-16,7.184627911742436e-13,Inf
1,737,2000.0,6.392197488022514e-16,7.184627107225241e-13,Inf
1,738,2000.0,6.392197733365576e-16,7.189387354272887e-13,Inf
1,739,2000.0,6.3921976203391e-16,7.191743407586862e-13,Inf
1,740,2000.0,6.392209827608451e-16,7.186501806495926e-13,Inf
1,741,2000.0,6.392211154196329e-16,7.186847396198661e-13,Inf
1,742,2000.0,6.392188725236429e-16,7.1865770890363e-13,Inf
1,743,2000.0,6.392190194280722e-16,7.1925791158387e-13,Inf
1,744,2000.0,6.392204337285993e-16,7.192458889120131e-13,Inf
1,745,2000.0,6.39219855662839e-16,7.186325271721983e-13,Inf
1,746,2000.0,6.392192479674126e-16,7.184626860619934e-13,Inf
1,747,2000.0,6.392217715349125e-16,7.186130583633662e-13,Inf
1,748,2000.0,6.392211155503945e-16,7.19083088581353e-13,Inf
1,749,2000.0,6.392204568595661e-16,7.186161926914756e-13,Inf
1,750,2000.0,6.392204568469443e-16,7.190085893175622e-13,Inf
1,751,2000.0,6.392184052768606e-16,7.185165140529705e-13,Inf
1,752,2000.0,6.392205765691201e-16,7.192896629828533e-13,Inf
1,753,2000.0,6.392176439834255e-16,7.182818015341164e-13,Inf
1,754,2000.0,6.392203015045054e-16,7.186393640736975e-13,Inf
1,755,2000.0,6.392209425604934e-16,7.18564516918755e-13,Inf
1,756,2000.0,6.392209505968277e-16,7.19248071372663e-13,Inf
1,757,2000.0,6.392213234341505e-16,7.183835605672212e-13,Inf
1,758,2000.0,6.39220402475773e-16,7.185918772649398e-13,Inf
1,759,2000.0,6.392197191704648e-16,7.187520329990002e-13,Inf
1,760,2000.0,6.392218917957857e-16,7.19425383693014e-13,Inf
1,761,2000.0,6.392212484253681e-16,7.188425463604241e-13,Inf
1,762,2000.0,6.39220486356855e-16,7.187258228257594e-13,Inf
1,763,2000.0,6.392210968254367e-16,7.188396613175464e-13,Inf
1,764,2000.0,6.392209503338909e-16,7.188049674695831e-13,Inf
1,765,2000.0,6.392211251860591e-16,7.18454542926349e-13,Inf
1,766,2000.0,6.392201592082354e-16,7.183866117398085e-13,Inf
1,767,2000.0,6.392209047763532e-16,7.181884019542773e-13,Inf
1,768,2000.0,6.392207436928244e-16,7.185779918551519e-13,Inf
1,769,2000.0,6.39220237687198e-16,7.183637156249485e-13,Inf
1,770,2000.0,6.392209551226931e-16,7.183660767395952e-13,Inf
1,771,2000.0,6.392211870260898e-16,7.184006645448004e-13,Inf
1,772,2000.0,6.392200413058166e-16,7.182237590702929e-13,Inf
1,773,2000.0,6.392207217015533e-16,7.182708196297784e-13,Inf
1,774,2000.0,6.392181189354477e-16,7.183632214900297e-13,Inf
1,775,2000.0,6.392213347798131e-16,7.182904300903722e-13,Inf
1,776,2000.0,6.39219628338824e-16,7.184627047785506e-13,Inf
1,777,2000.0,6.392209343195854e-16,7.180954703009329e-13,Inf
1,778,2000.0,6.392198704272859e-16,7.182500954197348e-13,Inf
1,779,2000.0,6.392205891838264e-16,7.182291189834357e-13,Inf
1,780,2000.0,6.392210965576532e-16,7.182493924160779e-13,Inf
2,1,1800.0,7.203053025181206e-16,8.055922023546272e-13,Inf
2,2,1800.0,7.203057581524665e-16,8.054431171743734e-13,Inf
2,3,1800.0,7.203057570994066e-16,8.050552134031443e-13,Inf
2,4,1800.0,7.203055031484962e-16,8.052664929678238e-13,Inf
2,5,1800.0,7.203055565109353e-16,8.053739980667841e-13,Inf
2,6,1800.0,7.203054972950221e-16,8.055922256701901e-13,Inf
2,7,1800.0,7.20305462096831e-16,8.052102197151165e-13,Inf
2,8,1800.0,7.203057158629587e-16,8.051067969868223e-13,Inf
2,9,1800.0,7.20305706208008e-16,8.056403843764829e-13,Inf
2,10,1800.0,7.203055117239317e-16,8.05592227421039e-13,Inf
2,11,1800.0,7.203056968553741e-16,8.055458421915342e-13,Inf
2,12,1800.0,7.203053225813904e-16,8.054480618283679e-13,Inf
2,13,1800.0,7.203054487035127e-16,7.966045172554798e-13,Inf
2,14,1800.0,7.203050603455473e-16,8.055921733290968e-13,Inf
2,15,1800.0,7.20305161359426e-16,7.968159695409773e-13,Inf
2,16,1800.0,7.203056017707001e-16,8.047466262739803e-13,Inf
2,17,1800.0,7.203053435508027e-16,7.966989160517344e-13,Inf
2,18,1800.0,7.203045284612442e-16,8.045013250943184e-13,Inf
2,19,1800.0,7.203050538402847e-16,8.061390507242918e-13,Inf
2,20,1800.0,7.203017632635033e-16,8.058392332793993e-13,Inf
2,21,1800.0,7.203048474548849e-16,8.058194944588195e-13,Inf
2,22,1800.0,7.203043908370503e-16,8.061017605365089e-13,Inf
2,23,1800.0,7.203043374633021e-16,8.05592083407159e-13,Inf
2,24,1800.0,7.203031973051925e-16,8.056400733951703e-13,Inf
2,25,1800.0,7.203021598191598e-16,8.063815097438786e-13,Inf
2,26,1800.0,7.203046053805594e-16,8.059759668890966e-13,Inf
2,27,1800.0,7.203044801165158e-16,8.065871517201228e-13,Inf
2,28,1800.0,7.203039652087014e-16,8.061547920760231e-13,Inf
2,29,1800.0,7.203031588708794e-16,8.057893637581381e-13,Inf
2,30,1800.0,7.203023957991877e-16,8.07845019417245e-13,Inf
2,31,1800.0,7.203041685295344e-16,8.070847556877608e-13,Inf
2,32,1800.0,7.203047678439006e-16,8.065051032036918e-13,Inf
2,33,1800.0,7.20303939528439e-16,8.064240574374332e-13,Inf
2,34,1800.0,7.203034500811671e-16,8.059747693044918e-13,Inf
2,35,1800.0,7.203035115436553e-16,8.061091191205531e-13,Inf
2,36,1800.0,7.203017620783692e-16,8.063093164314577e-13,Inf
2,37,1800.0,7.203035690122101e-16,8.063512879508174e-13,Inf
2,38,1800.0,7.203047940574077e-16,8.064470363577708e-13,Inf
2,39,1800.0,7.203033525065705e-16,8.055919605722641e-13,Inf
2,40,1800.0,7.203030494553418e-16,8.064874340918333e-13,Inf
2,41,1800.0,7.203032712913082e-16,8.060514410413331e-13,Inf
2,42,1800.0,7.203035690657264e-16,8.055919877346822e-13,Inf
2,43,1800.0,7.20304600009237e-16,8.058468674553732e-13,Inf
2,44,1800.0,7.20304223772517e-16,8.059711794355245e-13,Inf
2,45,1800.0,7.203036690438119e-16,8.061287160029509e-13,Inf
2,46,1800.0,7.203042633286533e-16,8.057279579117293e-13,Inf
2,47,1800.0,3.601525753077343e-16,4.0279609174759645e-13,Inf
2,48,1800.0,7.203042680472785e-16,8.056498953170748e-13,Inf
2,49,1800.0,7.203050370462564e-16,8.048192016172217e-13,Inf
2,50,1800.0,7.203051795254916e-16,8.047442480075162e-13,Inf
2,51,1800.0,7.203046999414802e-16,8.055150368517668e-13,Inf
2,52,1800.0,7.203048005685267e-16,8.049550517284893e-13,Inf
2,53,1800.0,7.203046087938911e-16,8.05298325994836e-13,Inf
2,54,1800.0,7.203044907559649e-16,8.048351598752035e-13,Inf
2,55,1800.0,7.20305067714947e-16,8.053501791630884e-13,Inf
2,56,1800.0,7.203047992022449e-16,8.059342382854609e-13,Inf
2,57,1800.0,7.203048924070822e-16,8.059749484130053e-13,Inf
2,58,1800.0,7.203052198175279e-16,8.053250087513951e-13,Inf
2,59,1800.0,7.203035879375007e-16,8.058809962694397e-13,Inf
2,60,1800.0,7.203055411877982e-16,8.055131262168827e-13,Inf
2,61,1800.0,7.203026279567365e-16,8.05977300659887e-13,Inf
2,62,1800.0,7.20305328417497e-16,8.053388309512272e-13,Inf
2,63,1800.0,3.601525753077343e-16,4.0279609174759645e-13,Inf
2,64,1800.0,7.203042041571687e-16,8.051915338057743e-13,Inf
2,65,1800.0,7.20302374499186e-16,8.057980619493251e-13,Inf
2,66,1800.0,7.203055650446685e-16,8.056180535414709e-13,Inf
2,67,1800.0,7.203054646994409e-16,8.049842269759303e-13,Inf
2,68,1800.0,7.203049442280493e-16,8.048857315246283e-13,Inf
2,69,1800.0,7.203054401621055e-16,8.056840886836179e-13,Inf
2,70,1800.0,7.203030218571755e-16,8.059532977100971e-13,Inf
2,71,1800.0,7.203047114177024e-16,8.058567690178741e-13,Inf
2,72,1800.0,7.203045190485307e-16,8.055921063177575e-13,Inf
2,73,1800.0,7.203040779591138e-16,8.062178474032568e-13,Inf
2,74,1800.0,7.203057168418025e-16,8.056871941978561e-13,Inf
2,75,1800.0,7.203047462225989e-16,8.055921345417364e-13,Inf
2,76,1800.0,7.203032590438451e-16,8.057369836928797e-13,Inf
2,77,1800.0,7.203053894930521e-16,8.039858917953054e-13,Inf
2,78,1800.0,7.203041008614751e-16,8.060042292461679e-13,Inf
2,79,1800.0,7.203031578730524e-16,8.057981601241622e-13,Inf
2,80,1800.0,7.203042385284821e-16,8.046109314562671e-13,Inf
2,81,1800.0,7.203048537460821e-16,8.055175725285355e-13,Inf
2,82,1800.0,7.203056997736293e-16,8.046364929032032e-13,Inf
2,83,1800.0,7.203054739314107e-16,8.046364645207244e-13,Inf
2,84,1800.0,7.203055958556317e-16,8.046364797017265e-13,Inf
2,85,1800.0,7.203034506619707e-16,8.046362113376546e-13,Inf
2,86,1800.0,7.2030558365178945e-16,8.046364781618442e-13,Inf
2,87,1800.0,7.203055469098039e-16,8.046364735540123e-13,Inf
2,88,1800.0,7.203050263532911e-16,8.046364100560679e-13,Inf
2,89,1800.0,7.20305780690109e-16,8.046365030020871e-13,Inf
2,90,1800.0,7.203053636108413e-16,8.046364509990097e-13,Inf
2,91,1800.0,7.203053280400555e-16,8.04636446669712e-13,Inf
2,92,1800.0,7.203052019946736e-16,8.046364314235362e-13,Inf
2,93,1800.0,7.203058053121618e-16,8.046365060685184e-13,Inf
2,94,1800.0,7.203047880890249e-16,8.046363805237996e-13,Inf
2,95,1800.0,7.2030245564104e-16,8.040115345796778e-13,Inf
2,96,1800.0,7.203025372351575e-16,8.041834982202086e-13,Inf
2,97,1800.0,7.203041242374053e-16,8.041500477336222e-13,Inf
2,98,1800.0,7.203024125322276e-16,8.041190939737025e-13,Inf
2,99,1800.0,7.203026307165632e-16,8.040573012313548e-13,Inf
2,100,1800.0,7.203051430323065e-16,8.041726824935938e-13,Inf
2,101,1800.0,7.203044153898348e-16,8.042485331326664e-13,Inf
2,102,1800.0,7.203046928171448e-16,8.044508584191239e-13,Inf
2,103,1800.0,7.203049221998217e-16,8.043993031963045e-13,Inf
2,104,1800.0,7.203050801868758e-16,8.043605068156356e-13,Inf
2,105,1800.0,7.203044156158151e-16,8.041784759207499e-13,Inf
2,106,1800.0,7.203035979233438e-16,8.042515210905615e-13,Inf
2,107,1800.0,7.20303643349918e-16,8.041597976703003e-13,Inf
2,108,1800.0,7.20304331852368e-16,8.046363228678112e-13,Inf
2,109,1800.0,7.203045583864618e-16,8.039684095027788e-13,Inf
2,110,1800.0,7.203039385921053e-16,8.043334295168145e-13,Inf
2,111,1800.0,7.203047945749004e-16,8.045852279139447e-13,Inf
2,112,1800.0,7.203049116669004e-16,8.051086305545964e-13,Inf
2,113,1800.0,7.203052321485977e-16,8.043469715204205e-13,Inf
2,114,1800.0,7.20304497423291e-16,8.044589590224958e-13,Inf
2,115,1800.0,7.203045081743166e-16,8.043015891166719e-13,Inf
2,116,1800.0,7.203045422093859e-16,8.045013268459956e-13,Inf
2,117,1800.0,7.203049988252009e-16,8.046206687313611e-13,Inf
2,118,1800.0,7.203046025517673e-16,8.044990666613383e-13,Inf
2,119,1800.0,7.203043498035605e-16,8.045255036260434e-13,Inf
2,120,1800.0,7.203046200592792e-16,8.042329385572143e-13,Inf
2,121,1800.0,7.203049908428878e-16,8.040340563751943e-13,Inf
2,122,1800.0,7.203046630057252e-16,8.041921057291145e-13,Inf
2,123,1800.0,7.203045744587265e-16,8.047227069547099e-13,Inf
2,124,1800.0,7.203046348888545e-16,8.047731545707448e-13,Inf
2,125,1800.0,7.203050141479342e-16,8.045068311352478e-13,Inf
2,126,1800.0,7.203047195879285e-16,8.047105711069254e-13,Inf
2,127,1800.0,7.203052505991076e-16,8.04799479586847e-13,Inf
2,128,1800.0,7.203051357531777e-16,8.042059669651591e-13,Inf
2,129,1800.0,7.203050081313867e-16,8.049841717902375e-13,Inf
2,130,1800.0,7.203047682484032e-16,8.043658326118105e-13,Inf
2,131,1800.0,7.203049339663447e-16,8.042673382581162e-13,Inf
2,132,1800.0,7.203046986880875e-16,8.051930576880703e-13,Inf
2,133,1800.0,7.203044456051513e-16,8.038469369725295e-13,Inf
2,134,1800.0,7.203049948312676e-16,8.040058325014911e-13,Inf
2,135,1800.0,7.203053235638694e-16,8.037005031390696e-13,Inf
2,136,1800.0,7.203046203360495e-16,8.037834115894667e-13,Inf
2,137,1800.0,7.203029329245564e-16,8.046361454526044e-13,Inf
2,138,1800.0,7.203028204650506e-16,8.059950935882669e-13,Inf
2,139,1800.0,7.203050643503858e-16,8.047938427381588e-13,Inf
2,140,1800.0,7.203012760592722e-16,8.053655237574345e-13,Inf
2,141,1800.0,7.203038716179407e-16,8.072586302116849e-13,Inf
2,142,1800.0,7.203044368595742e-16,8.078560009127467e-13,Inf
2,143,1800.0,7.203047824071059e-16,8.046558271047845e-13,Inf
2,144,1800.0,7.203043911460314e-16,8.054684152800325e-13,Inf
2,145,1800.0,7.203044201624812e-16,8.045947957749338e-13,Inf
2,146,1800.0,7.203042088994218e-16,8.051196754606514e-13,Inf
2,147,1800.0,7.203019330094065e-16,8.058418539421076e-13,Inf
2,148,1800.0,7.203017304511306e-16,8.055111413618071e-13,Inf
2,149,1800.0,7.20303833295608e-16,8.073612614038746e-13,Inf
2,150,1800.0,7.203048610319762e-16,8.06857891315024e-13,Inf
2,151,1800.0,7.203041083636559e-16,8.066487130393502e-13,Inf
2,152,1800.0,7.203047196039834e-16,8.046363720254339e-13,Inf
2,153,1800.0,7.203029932062523e-16,8.04636153067865e-13,Inf
2,154,1800.0,7.203041402527206e-16,8.054858776418686e-13,Inf
2,155,1800.0,7.203044737937136e-16,8.066954546556566e-13,Inf
2,156,1800.0,7.203036354529281e-16,8.070335040715877e-13,Inf
2,157,1800.0,7.203047965497537e-16,8.056932276694592e-13,Inf
2,158,1800.0,7.203037288596128e-16,8.044240115355911e-13,Inf
2,159,1800.0,7.203033862815302e-16,8.058694952717237e-13,Inf
2,160,1800.0,7.203049044512843e-16,8.033603983747745e-13,Inf
2,161,1800.0,7.203048365560331e-16,8.044835565551749e-13,Inf
2,162,1800.0,7.203043660630314e-16,8.05190579995549e-13,Inf
2,163,1800.0,7.203040827621534e-16,8.053520366338072e-13,Inf
2,164,1800.0,7.203038532826423e-16,8.058732035257459e-13,Inf
2,165,1800.0,7.203041022320988e-16,8.05773060159631e-13,Inf
2,166,1800.0,7.203040474790431e-16,8.052462190731091e-13,Inf
2,167,1800.0,7.203027710717052e-16,8.043197597721722e-13,Inf
2,168,1800.0,7.203042238339093e-16,8.05896606170601e-13,Inf
2,169,1800.0,7.203054439964996e-16,8.046129171228795e-13,Inf
2,170,1800.0,7.203052401837203e-16,8.049674781079662e-13,Inf
2,171,1800.0,7.203051461126253e-16,8.049331959789044e-13,Inf
2,172,1800.0,7.203040302014494e-16,8.049869112078574e-13,Inf
2,173,1800.0,7.203049409599185e-16,8.043344482573955e-13,Inf
2,174,1800.0,7.203049383470092e-16,8.046363991442392e-13,Inf
2,175,1800.0,7.203047263494636e-16,8.04458988093409e-13,Inf
2,176,1800.0,7.203040481802079e-16,8.044254014521951e-13,Inf
2,177,1800.0,7.203053935735203e-16,8.044541036445958e-13,Inf
2,178,1800.0,7.203044310226598e-16,8.052747098007004e-13,Inf
2,179,1800.0,7.203041783278684e-16,8.055079278754852e-13,Inf
2,180,1800.0,7.203045641053373e-16,8.052541258315081e-13,Inf
2,181,1800.0,7.203044806213868e-16,8.052963400472643e-13,Inf
2,182,1800.0,7.203051298334645e-16,8.057469972407486e-13,Inf
2,183,1800.0,7.203047943257971e-16,8.046368414306902e-13,Inf
2,184,1800.0,7.203038972509471e-16,8.053258319773665e-13,Inf
2,185,1800.0,7.203050122765794e-16,8.057643985632924e-13,Inf
2,186,1800.0,7.203042921946516e-16,8.066515461014859e-13,Inf
2,187,1800.0,7.203032587580881e-16,8.057883414729759e-13,Inf
2,188,1800.0,7.203058043263507e-16,8.046365059461474e-13,Inf
2,189,1800.0,7.203057897610249e-16,8.046365041283776e-13,Inf
2,190,1800.0,7.203059180322819e-16,8.046365200848596e-13,Inf
2,191,1800.0,7.203056633740473e-16,8.046364883035712e-13,Inf
2,192,1800.0,7.203049400541799e-16,8.046363993628704e-13,Inf
2,193,1800.0,7.203046348184755e-16,8.046363614015592e-13,Inf
2,194,1800.0,7.20304188578062e-16,8.046363045924026e-13,Inf
2,195,1800.0,3.6015284194756704e-16,4.0231824540275906e-13,Inf
2,196,1800.0,7.203029480254494e-16,8.046361473788434e-13,Inf
2,197,1800.0,7.203037206734328e-16,8.039255216862761e-13,Inf
2,198,1800.0,7.203050555635103e-16,8.046364136456112e-13,Inf
2,199,1800.0,7.203054422605512e-16,8.046364606280262e-13,Inf
2,200,1800.0,7.203055396347141e-16,8.046364726465404e-13,Inf
2,201,1800.0,7.203050033420796e-16,8.046364072118465e-13,Inf
2,202,1800.0,7.203033304391649e-16,8.046361960288192e-13,Inf
2,203,1800.0,7.2030556244842e-16,8.046364754971945e-13,Inf
2,204,1800.0,7.203054579074116e-16,8.046364625482954e-13,Inf
2,205,1800.0,7.203055412302074e-16,8.046364728463943e-13,Inf
2,206,1800.0,7.203053596936483e-16,8.046364505238101e-13,Inf
2,207,1800.0,7.203054752346846e-16,8.046364646795954e-13,Inf
2,208,1800.0,7.203056163247168e-16,8.046364822969007e-13,Inf
2,209,1800.0,7.203046825321152e-16,8.046363673993025e-13,Inf
2,210,1800.0,3.6015284194756704e-16,4.0231824540275906e-13,Inf
2,211,1800.0,7.203042684973205e-16,8.04821450190131e-13,Inf
2,212,1800.0,7.203051318337633e-16,8.047032059431216e-13,Inf
2,213,1800.0,7.203044936210067e-16,8.041500951287414e-13,Inf
2,214,1800.0,7.203040353666834e-16,8.035905655075414e-13,Inf
2,215,1800.0,7.2030439138635e-16,8.049607082195613e-13,Inf
2,216,1800.0,7.20304209348757e-16,8.047656365157045e-13,Inf
2,217,1800.0,7.203047715727767e-16,8.046363784858103e-13,Inf
2,218,1800.0,7.203030784646224e-16,8.042212862489771e-13,Inf
2,219,1800.0,7.20303744300082e-16,8.047193530830451e-13,Inf
2,220,1800.0,7.203047867188051e-16,8.041488213832417e-13,Inf
2,221,1800.0,7.203045968603567e-16,7.965548732117078e-13,Inf
2,222,1800.0,7.20304489229437e-16,7.967652980509555e-13,Inf
2,223,1800.0,7.2030552165434e-16,8.038839982829867e-13,Inf
2,224,1800.0,7.203057188261474e-16,8.03889970024689e-13,Inf
2,225,1800.0,7.203054791605614e-16,8.03891639424515e-13,Inf
2,226,1800.0,7.203050551293213e-16,8.042517055207208e-13,Inf
2,227,1800.0,7.20304490645802e-16,8.042258704891273e-13,Inf
2,228,1800.0,7.20305481564757e-16,8.041939628021018e-13,Inf
2,229,1800.0,7.203054589447196e-16,8.03846217631849e-13,Inf
2,230,1800.0,7.203055671771426e-16,8.039037936600542e-13,Inf
2,231,1800.0,7.203053798606186e-16,8.039749417991298e-13,Inf
2,232,1800.0,7.20305394893455e-16,8.040310852266592e-13,Inf
2,233,1800.0,7.203051187814349e-16,8.039256991165743e-13,Inf
2,234,1800.0,7.203057017049628e-16,8.040315549346822e-13,Inf
2,235,1800.0,7.20305200521763e-16,8.043147289739287e-13,Inf
2,236,1800.0,7.203050392796037e-16,8.04145795470278e-13,Inf
2,237,1800.0,7.203040658194911e-16,8.050468395441831e-13,Inf
2,238,1800.0,7.203055312434555e-16,8.040298076701089e-13,Inf
2,239,1800.0,7.203039976927061e-16,8.04636280470438e-13,Inf
2,240,1800.0,7.203050344703037e-16,8.039727557382171e-13,Inf
2,241,1800.0,7.203041732335183e-16,8.039747903045203e-13,Inf
2,242,1800.0,7.203051369857697e-16,8.038986361130364e-13,Inf
2,243,1800.0,7.203048602994084e-16,8.041044088369872e-13,Inf
2,244,1800.0,7.203057083996529e-16,8.046364939820153e-13,Inf
2,245,1800.0,7.203055802774338e-16,8.046364777367891e-13,Inf
2,246,1800.0,7.203057221267919e-16,8.046364957078611e-13,Inf
2,247,1800.0,7.203057673566683e-16,8.046365013481044e-13,Inf
2,248,1800.0,7.203055647342739e-16,8.046364757837122e-13,Inf
2,249,1800.0,7.203056844912857e-16,8.04636490979795e-13,Inf
2,250,1800.0,7.203057031659584e-16,8.046364933266905e-13,Inf
2,251,1800.0,7.203056912633221e-16,8.046364918398988e-13,Inf
2,252,1800.0,7.203058331285332e-16,8.046365095211705e-13,Inf
2,253,1800.0,7.203036692580791e-16,8.046362390993665e-13,Inf
2,254,1800.0,7.203040903663182e-16,8.04033078572524e-13,Inf
2,255,1800.0,7.203043544276738e-16,8.049107709320042e-13,Inf
2,256,1800.0,7.203045781240898e-16,8.051110051210971e-13,Inf
2,257,1800.0,7.203036245135856e-16,8.050160465480901e-13,Inf
2,258,1800.0,7.203023259769449e-16,8.04650906981008e-13,Inf
2,259,1800.0,7.203018232192545e-16,8.040975008397788e-13,Inf
2,260,1800.0,7.203031328652782e-16,8.045258040487342e-13,Inf
2,261,1800.0,7.203018502680202e-16,8.038474506820064e-13,Inf
2,262,1800.0,7.203046529624277e-16,8.050805995118149e-13,Inf
2,263,1800.0,7.203032478320742e-16,8.046361854831067e-13,Inf
2,264,1800.0,7.203057762127112e-16,8.046365024472636e-13,Inf
2,265,1800.0,7.203054480497048e-16,8.046364613391275e-13,Inf
2,266,1800.0,7.203058066704666e-16,8.046365062372927e-13,Inf
2,267,1800.0,7.203057674300766e-16,8.046365013572181e-13,Inf
2,268,1800.0,7.203058327480625e-16,8.046365094741904e-13,Inf
2,269,1800.0,7.203054348258212e-16,8.046364597166102e-13,Inf
2,270,1800.0,7.203056342745967e-16,8.04636484582158e-13,Inf
2,271,1800.0,7.203003084271883e-16,8.040112575520679e-13,Inf
2,272,1800.0,7.203041348010228e-16,8.039947546176799e-13,Inf
2,273,1800.0,7.2030452033797115e-16,8.042525220436548e-13,Inf
2,274,1800.0,7.203033984031795e-16,8.042475203346169e-13,Inf
2,275,1800.0,7.203016155148288e-16,8.039693183074766e-13,Inf
2,276,1800.0,7.203036785609327e-16,8.04011690595367e-13,Inf
2,277,1800.0,7.203038311839347e-16,8.039182877954299e-13,Inf
2,278,1800.0,7.203036067815071e-16,8.04179250015863e-13,Inf
2,279,1800.0,7.203045889334784e-16,7.963911646359161e-13,Inf
2,280,1800.0,7.203027179606918e-16,8.034443327164279e-13,Inf
2,281,1800.0,7.203022594949285e-16,8.039754037758276e-13,Inf
2,282,1800.0,7.203036256327836e-16,8.038665506741622e-13,Inf
2,283,1800.0,7.203046930327247e-16,8.038281325449613e-13,Inf
2,284,1800.0,7.203030926340284e-16,8.046361657049902e-13,Inf
2,285,1800.0,7.203048694155608e-16,8.052963884074704e-13,Inf
2,286,1800.0,7.203051614158706e-16,8.050816254440321e-13,Inf
2,287,1800.0,7.203028214605552e-16,8.049305316358093e-13,Inf
2,288,1800.0,7.203036342131669e-16,8.044966765008203e-13,Inf
2,289,1800.0,7.203053718080275e-16,8.050249149710164e-13,Inf
2,290,1800.0,7.203036691532679e-16,8.048143417444396e-13,Inf
2,291,1800.0,7.203054959632734e-16,7.967137639617738e-13,Inf
2,292,1800.0,7.203048829455981e-16,8.047731853630487e-13,Inf
2,293,1800.0,7.203052870611927e-16,8.045530720921308e-13,Inf
2,294,1800.0,7.203049599058078e-16,8.048639784160042e-13,Inf
2,295,1800.0,7.203045250276167e-16,8.045649630708416e-13,Inf
2,296,1800.0,7.203050777807617e-16,8.046087429016518e-13,Inf
2,297,1800.0,7.203019952091072e-16,8.049799775435638e-13,Inf
2,298,1800.0,7.203043371188791e-16,8.049549932032715e-13,Inf
2,299,1800.0,7.20305344261762e-16,8.046364486441144e-13,Inf
2,300,1800.0,7.203049321302299e-16,8.045838726220595e-13,Inf
2,301,1800.0,7.203045777878457e-16,8.047086987118718e-13,Inf
2,302,1800.0,7.203049461852321e-16,8.045493820363155e-13,Inf
2,303,1800.0,7.20305011190097e-16,8.046078172571584e-13,Inf
2,304,1800.0,7.203049182022532e-16,8.044540455979356e-13,Inf
2,305,1800.0,7.203050544664257e-16,8.048498017652936e-13,Inf
2,306,1800.0,7.203047428808579e-16,8.046558221732754e-13,Inf
2,307,1800.0,7.203052894472129e-16,8.045151665625936e-13,Inf
2,308,1800.0,7.203049478906863e-16,8.051716706941089e-13,Inf
2,309,1800.0,7.203048941598933e-16,8.045246626788268e-13,Inf
2,310,1800.0,7.203044825623128e-16,8.054989773777226e-13,Inf
2,311,1800.0,7.203033187107091e-16,8.056675561333117e-13,Inf
2,312,1800.0,7.203042999782475e-16,8.060568773137799e-13,Inf
2,313,1800.0,7.203048549059727e-16,8.059295241683878e-13,Inf
2,314,1800.0,7.20304514187027e-16,8.057243913416998e-13,Inf
2,315,1800.0,7.203048476816729e-16,8.058785434946747e-13,Inf
2,316,1800.0,7.203037116104939e-16,8.060068223904798e-13,Inf
2,317,1800.0,7.203043532277974e-16,8.056957344604038e-13,Inf
2,318,1800.0,7.203041006725524e-16,8.05683923712193e-13,Inf
2,319,1800.0,7.203050773067888e-16,8.053635244505908e-13,Inf
2,320,1800.0,7.203048154775687e-16,8.053526239012303e-13,Inf
2,321,1800.0,7.203043908335162e-16,8.060785045364702e-13,Inf
2,322,1800.0,7.203041236338826e-16,8.053634056717047e-13,Inf
2,323,1800.0,7.203049965799387e-16,8.053635145714677e-13,Inf
2,324,1800.0,7.203049950085782e-16,8.053635143745315e-13,Inf
2,325,1800.0,7.203047883983089e-16,8.050820615091169e-13,Inf
2,326,1800.0,7.203042959705816e-16,8.052247263041886e-13,Inf
2,327,1800.0,7.203047066353625e-16,8.050584480955833e-13,Inf
2,328,1800.0,7.203050418068869e-16,8.051906640895278e-13,Inf
2,329,1800.0,7.203052205191976e-16,8.055281954145635e-13,Inf
2,330,1800.0,7.203036068206851e-16,8.051041200242575e-13,Inf
2,331,1800.0,7.203050771137261e-16,8.052723336298504e-13,Inf
2,332,1800.0,7.203043871312973e-16,8.053634389077842e-13,Inf
2,333,1800.0,7.203056689250027e-16,8.054991228326857e-13,Inf
2,334,1800.0,7.203049105606271e-16,8.053625126351673e-13,Inf
2,335,1800.0,7.20305486651837e-16,8.053635739495211e-13,Inf
2,336,1800.0,7.203050232121858e-16,8.05550304958641e-13,Inf
2,337,1800.0,7.203049425092665e-16,8.053853080246473e-13,Inf
2,338,1800.0,7.203050060369799e-16,8.053635157344732e-13,Inf
2,339,1800.0,7.20305233701076e-16,8.052248424594277e-13,Inf
2,340,1800.0,7.203050644622652e-16,8.041405583196596e-13,Inf
2,341,1800.0,7.203053380506373e-16,8.037327236889998e-13,Inf
2,342,1800.0,7.203043537184311e-16,8.053634346767691e-13,Inf
2,343,1800.0,7.20304801764768e-16,8.043942042381854e-13,Inf
2,344,1800.0,7.203051115514805e-16,8.042455297883003e-13,Inf
2,345,1800.0,7.203048087802532e-16,8.046281051804975e-13,Inf
2,346,1800.0,7.20305112887672e-16,8.042932299497946e-13,Inf
2,347,1800.0,7.203053531920208e-16,8.036967618965851e-13,Inf
2,348,1800.0,7.203043954815604e-16,8.041417829074305e-13,Inf
2,349,1800.0,7.203054575776299e-16,8.041419152432437e-13,Inf
2,350,1800.0,7.203035507588018e-16,8.051321750503285e-13,Inf
2,351,1800.0,7.203037608138059e-16,8.053926151358466e-13,Inf
2,352,1800.0,7.20304818559907e-16,8.053634926940829e-13,Inf
2,353,1800.0,7.203034713484532e-16,8.051108654922885e-13,Inf
2,354,1800.0,7.203051867392901e-16,8.053635376663001e-13,Inf
2,355,1800.0,7.203053641818504e-16,8.053635590373888e-13,Inf
2,356,1800.0,7.203032351564805e-16,8.052539584276598e-13,Inf
2,357,1800.0,7.203035309885591e-16,8.053633314767431e-13,Inf
2,358,1800.0,7.203045386237922e-16,8.052032751643217e-13,Inf
2,359,1800.0,7.203038006794281e-16,8.050160685914071e-13,Inf
2,360,1800.0,7.203045074716372e-16,8.052663709447449e-13,Inf
2,361,1800.0,7.203050078255359e-16,8.049565044039811e-13,Inf
2,362,1800.0,7.203049718073334e-16,8.05096086000629e-13,Inf
2,363,1800.0,7.203053013905418e-16,8.049927970000223e-13,Inf
2,364,1800.0,7.203042775388529e-16,8.050281326994802e-13,Inf
2,365,1800.0,7.203051547209785e-16,8.0536353381071e-13,Inf
2,366,1800.0,7.203047584051357e-16,8.04862539988518e-13,Inf
2,367,1800.0,7.203048307657688e-16,8.052880171856615e-13,Inf
2,368,1800.0,7.203020210590062e-16,8.04920896966813e-13,Inf
2,369,1800.0,7.203038531876256e-16,8.050872451276521e-13,Inf
2,370,1800.0,7.203033863270696e-16,8.048114943574777e-13,Inf
2,371,1800.0,7.20304954688976e-16,8.050960838745757e-13,Inf
2,372,1800.0,7.20304913562085e-16,8.049188922247001e-13,Inf
2,373,1800.0,7.20305193955613e-16,8.050816293934885e-13,Inf
2,374,1800.0,7.203052916533981e-16,8.045416764343612e-13,Inf
2,375,1800.0,7.203039173958041e-16,8.053633799189077e-13,Inf
2,376,1800.0,7.203042202721455e-16,8.04803095301399e-13,Inf
2,377,1800.0,7.203044192155452e-16,8.053634429602179e-13,Inf
2,378,1800.0,7.203049162557737e-16,8.041215905495324e-13,Inf
2,379,1800.0,7.20304877178154e-16,8.042752995675168e-13,Inf
2,380,1800.0,7.203044754564557e-16,8.040785355081516e-13,Inf
2,381,1800.0,7.203026143851987e-16,8.052916752834588e-13,Inf
2,382,1800.0,7.20304778325325e-16,8.043667282468059e-13,Inf
2,383,1800.0,7.203039986411567e-16,8.049121462998956e-13,Inf
2,384,1800.0,7.20304799910175e-16,8.056179605779699e-13,Inf
2,385,1800.0,7.203010543069124e-16,8.047989487785819e-13,Inf
2,386,1800.0,7.203019886067075e-16,8.053631372814105e-13,Inf
2,387,1800.0,7.203050587661089e-16,8.049417297134331e-13,Inf
2,388,1800.0,7.203031458470257e-16,8.049329448442459e-13,Inf
2,389,1800.0,7.2030161615965e-16,8.048145496495178e-13,Inf
2,390,1800.0,7.203030779832784e-16,8.048632700859686e-13,Inf
2,391,1800.0,7.2030395898445e-16,8.049816555442761e-13,Inf
2,392,1800.0,7.224035375827805e-16,8.080991571075996e-13,Inf
2,393,1800.0,7.203045043600163e-16,8.074049313715278e-13,Inf
2,394,1800.0,7.227952319344754e-16,8.081192506872495e-13,Inf
2,395,1800.0,7.2045059385295285e-16,8.07987814396511e-13,Inf
2,396,1800.0,7.215288362802036e-16,8.080527065660801e-13,Inf
2,397,1800.0,7.203031190460507e-16,8.053632794679934e-13,Inf
2,398,1800.0,7.203038154154003e-16,8.051817443725939e-13,Inf
2,399,1800.0,7.20304313832513e-16,8.054884089387569e-13,Inf
2,400,1800.0,7.203040775478459e-16,8.053633998987349e-13,Inf
2,401,1800.0,7.203042189271692e-16,8.054648873567834e-13,Inf
2,402,1800.0,7.203032352222147e-16,8.052055500777807e-13,Inf
2,403,1800.0,7.203045214398016e-16,8.054469638472002e-13,Inf
2,404,1800.0,7.203051154425211e-16,8.058723168127893e-13,Inf
2,405,1800.0,7.203050399303824e-16,8.051775180354471e-13,Inf
2,406,1800.0,7.203044612224262e-16,8.053634482646902e-13,Inf
2,407,1800.0,7.203050565769883e-16,8.053635219208355e-13,Inf
2,408,1800.0,7.20304827309826e-16,8.053634937693672e-13,Inf
2,409,1800.0,7.203028214230938e-16,8.050837409801966e-13,Inf
2,410,1800.0,7.203035214380158e-16,8.053633302415508e-13,Inf
2,411,1800.0,7.2030479088944325e-16,8.053466803040003e-13,Inf
2,412,1800.0,7.203046958834282e-16,8.054504856644635e-13,Inf
2,413,1800.0,7.20304996003578e-16,8.052248136104177e-13,Inf
2,414,1800.0,7.203048843098605e-16,8.056215310354812e-13,Inf
2,415,1800.0,7.203046750702231e-16,8.053634750576623e-13,Inf
2,416,1800.0,7.203050122581011e-16,8.053635164959827e-13,Inf
2,417,1800.0,7.203005629182097e-16,8.053629555150257e-13,Inf
2,418,1800.0,7.203026834785088e-16,8.05363224786559e-13,Inf
2,419,1800.0,7.203030074261454e-16,8.054093976682455e-13,Inf
2,420,1800.0,7.203037031413842e-16,8.055935261978731e-13,Inf
2,421,1800.0,7.203009676045104e-16,8.054714906020309e-13,Inf
2,422,1800.0,7.20304403407429e-16,8.055024857845409e-13,Inf
2,423,1800.0,7.203050144934679e-16,8.052282383216368e-13,Inf
2,424,1800.0,7.203041667107872e-16,8.055713636382255e-13,Inf
2,425,1800.0,7.203049313260714e-16,8.042525737311339e-13,Inf
2,426,1800.0,7.203022335851518e-16,8.039867796024778e-13,Inf
2,427,1800.0,7.203050762459539e-16,8.048583408431591e-13,Inf
2,428,1800.0,7.20305111979914e-16,8.05194082938257e-13,Inf
2,429,1800.0,7.203044688598115e-16,8.04569066665903e-13,Inf
2,430,1800.0,7.203047833272838e-16,8.051750543550713e-13,Inf
2,431,1800.0,7.203045701762089e-16,8.052634341302031e-13,Inf
2,432,1800.0,7.203045814598733e-16,8.045948163253105e-13,Inf
2,433,1800.0,7.203048854496572e-16,8.053635008805602e-13,Inf
2,434,1800.0,7.203037449099661e-16,8.047244591668647e-13,Inf
2,435,1800.0,7.203038233398552e-16,8.058659014800065e-13,Inf
2,436,1800.0,7.20304350243909e-16,8.055920849092795e-13,Inf
2,437,1800.0,7.203050541108955e-16,8.04639634806599e-13,Inf
2,438,1800.0,7.203050635503673e-16,8.053635227766065e-13,Inf
2,439,1800.0,7.203040294458595e-16,8.048026029402187e-13,Inf
2,440,1800.0,7.203038080968916e-16,8.058483289144436e-13,Inf
2,441,1800.0,7.203042867602204e-16,8.053634262339892e-13,Inf
2,442,1800.0,7.203033070339521e-16,8.053633032034544e-13,Inf
2,443,1800.0,7.203051452580807e-16,8.053536547394595e-13,Inf
2,444,1800.0,7.203040601332303e-16,8.054648675471308e-13,Inf
2,445,1800.0,7.203053570357046e-16,8.053635581705455e-13,Inf
2,446,1800.0,7.203045845422116e-16,8.055759729061244e-13,Inf
2,447,1800.0,7.203045939622963e-16,8.05495474301227e-13,Inf
2,448,1800.0,7.203042684216908e-16,8.054464320698857e-13,Inf
2,449,1800.0,7.203046389877e-16,8.055245969869799e-13,Inf
2,450,1800.0,7.203052763437915e-16,8.054905356552566e-13,Inf
2,451,1800.0,7.203057344251461e-16,8.055514020693472e-13,Inf
2,452,1800.0,7.20305201218384e-16,8.055452767777411e-13,Inf
2,453,1800.0,7.203052013814573e-16,8.053635394247345e-13,Inf
2,454,1800.0,7.203053200400719e-16,8.053635536956431e-13,Inf
2,455,1800.0,7.203049365766286e-16,8.055185896346229e-13,Inf
2,456,1800.0,7.203051991270064e-16,8.039075789302467e-13,Inf
2,457,1800.0,7.203050138051268e-16,8.042517003746369e-13,Inf
2,458,1800.0,7.203053789157021e-16,8.047302368718347e-13,Inf
2,459,1800.0,7.203040412973018e-16,8.048374514055456e-13,Inf
2,460,1800.0,7.203048778554889e-16,8.041194076829081e-13,Inf
2,461,1800.0,7.203052672113823e-16,8.037132596277208e-13,Inf
2,462,1800.0,7.203052784508201e-16,8.03755977790521e-13,Inf
2,463,1800.0,7.20305078382265e-16,8.03966760868235e-13,Inf
2,464,1800.0,7.203053440415373e-16,8.047657775933211e-13,Inf
2,465,1800.0,7.203047438674768e-16,8.051095762451544e-13,Inf
2,466,1800.0,7.203055934415407e-16,8.050951969156537e-13,Inf
2,467,1800.0,7.203023653011436e-16,8.054521936453245e-13,Inf
2,468,1800.0,7.20305206457733e-16,8.049527239129266e-13,Inf
2,469,1800.0,7.20304552531574e-16,8.047343176567211e-13,Inf
2,470,1800.0,7.203037368393006e-16,8.049306473519418e-13,Inf
2,471,1800.0,7.203048962501601e-16,8.04985111752105e-13,Inf
2,472,1800.0,7.203030219684491e-16,8.047439762167182e-13,Inf
2,473,1800.0,7.203015233769858e-16,8.050047795596078e-13,Inf
2,474,1800.0,7.203028859421718e-16,8.047743330149136e-13,Inf
2,475,1800.0,7.2030430175327285e-16,8.047937470688628e-13,Inf
2,476,1800.0,7.203026825964992e-16,8.052313691868593e-13,Inf
2,477,1800.0,7.203044506763783e-16,8.056712753217589e-13,Inf
2,478,1800.0,7.203049440828484e-16,8.052282296434577e-13,Inf
2,479,1800.0,7.203049197383737e-16,8.053432325312683e-13,Inf
2,480,1800.0,7.203036778724907e-16,8.053633499347599e-13,Inf
2,481,1800.0,7.203048834204798e-16,8.053635006392132e-13,Inf
2,482,1800.0,7.20304835734507e-16,8.052914618730987e-13,Inf
2,483,1800.0,7.203054566411952e-16,8.054870436258757e-13,Inf
2,484,1800.0,7.203043921572879e-16,8.049802796909157e-13,Inf
2,485,1800.0,7.203046258175347e-16,8.052448225097743e-13,Inf
2,486,1800.0,7.203043328006166e-16,8.049673647798653e-13,Inf
2,487,1800.0,7.203049074018513e-16,8.045971481770649e-13,Inf
2,488,1800.0,7.20304717848345e-16,8.053634803417563e-13,Inf
2,489,1800.0,7.203043098735167e-16,8.047515868693957e-13,Inf
2,490,1800.0,7.203036515736604e-16,8.052662633095327e-13,Inf
2,491,1800.0,7.203047791709839e-16,8.051444544787799e-13,Inf
2,492,1800.0,7.203029013998066e-16,8.051083776248195e-13,Inf
2,493,1800.0,7.203055910056392e-16,8.052635591104503e-13,Inf
2,494,1800.0,7.203048633185369e-16,8.053634981717499e-13,Inf
2,495,1800.0,7.203053657331169e-16,8.056215894385281e-13,Inf
2,496,1800.0,7.203047044135263e-16,8.048342474854344e-13,Inf
2,497,1800.0,7.203037688081349e-16,8.056447329267653e-13,Inf
2,498,1800.0,7.203044687193564e-16,8.05878496845561e-13,Inf
2,499,1800.0,7.203030358234214e-16,8.053632689985658e-13,Inf
2,500,1800.0,7.20304676307157e-16,8.060385284368675e-13,Inf
2,501,1800.0,7.20304268006283e-16,8.053634238607541e-13,Inf
2,502,1800.0,7.203043495205298e-16,8.054759276960806e-13,Inf
2,503,1800.0,7.203047644527832e-16,8.065348066845786e-13,Inf
2,504,1800.0,7.203045873093085e-16,8.066937754729684e-13,Inf
2,505,1800.0,7.203046459969248e-16,8.062376815635167e-13,Inf
2,506,1800.0,7.203046887244587e-16,8.05363476747888e-13,Inf
2,507,1800.0,7.203049310239566e-16,8.06327679358305e-13,Inf
2,508,1800.0,7.203020403289218e-16,8.053631438484339e-13,Inf
2,509,1800.0,7.203029013165029e-16,8.053632520896321e-13,Inf
2,510,1800.0,7.203022810585739e-16,8.053631742121904e-13,Inf
2,511,1800.0,7.203044899712944e-16,8.061224047788494e-13,Inf
2,512,1800.0,7.203032961898283e-16,8.058503458408707e-13,Inf
2,513,1800.0,7.203040166229444e-16,8.060116167657849e-13,Inf
2,514,1800.0,7.203045731796864e-16,8.064051497111522e-13,Inf
2,515,1800.0,7.203043231395066e-16,8.053634308234119e-13,Inf
2,516,1800.0,7.203045834578498e-16,8.065106255166888e-13,Inf
2,517,1800.0,7.203042054050078e-16,8.061884480949029e-13,Inf
2,518,1800.0,7.203032099988606e-16,8.053632909590118e-13,Inf
2,519,1800.0,7.203026099681835e-16,8.053632155940684e-13,Inf
2,520,1800.0,7.20304806883453e-16,8.071562556648504e-13,Inf
2,521,1800.0,7.203045109518138e-16,8.052247535240818e-13,Inf
2,522,1800.0,7.203042485875314e-16,8.056402050192135e-13,Inf
2,523,1800.0,7.203018520326452e-16,8.053631200306801e-13,Inf
2,524,1800.0,7.203042154353805e-16,8.053283413140144e-13,Inf
2,525,1800.0,7.2030406551879e-16,8.056376343166668e-13,Inf
2,526,1800.0,7.20303677918333e-16,8.05202679126464e-13,Inf
2,527,1800.0,7.203036253187539e-16,8.045135949926069e-13,Inf
2,528,1800.0,7.203035510776783e-16,8.043580792833207e-13,Inf
2,529,1800.0,7.203051899067497e-16,8.053635380478497e-13,Inf
2,530,1800.0,7.2030470188281005e-16,8.049221831182953e-13,Inf
2,531,1800.0,7.203049458126374e-16,8.04915580248431e-13,Inf
2,532,1800.0,7.203051334679297e-16,8.052258080705786e-13,Inf
2,533,1800.0,7.203026288178444e-16,8.053632179345792e-13,Inf
2,534,1800.0,7.203036514972229e-16,8.053633466464241e-13,Inf
2,535,1800.0,7.203043052218375e-16,8.062349381207372e-13,Inf
2,536,1800.0,7.203037613135272e-16,8.064333909233955e-13,Inf
2,537,1800.0,7.20304100893181e-16,8.053634028174324e-13,Inf
2,538,1800.0,7.203031048017219e-16,8.063484990655023e-13,Inf
2,539,1800.0,7.203038384592265e-16,8.058420920276033e-13,Inf
2,540,1800.0,7.203044591739627e-16,8.06179342015605e-13,Inf
2,541,1800.0,7.203049008580166e-16,8.053635027852052e-13,Inf
2,542,1800.0,7.203048723765281e-16,8.051216934475584e-13,Inf
2,543,1800.0,7.203046268787735e-16,8.044526549119559e-13,Inf
2,544,1800.0,7.203047221185438e-16,8.051468720589523e-13,Inf
2,545,1800.0,7.203045539569258e-16,8.060795890982714e-13,Inf
2,546,1800.0,7.203041184837947e-16,8.049074279510038e-13,Inf
2,547,1800.0,7.20304876806468e-16,8.051950288157616e-13,Inf
2,548,1800.0,7.203041788463709e-16,8.049525958181124e-13,Inf
2,549,1800.0,7.203052985732608e-16,8.053373440391466e-13,Inf
2,550,1800.0,7.203045584828921e-16,8.049331233004712e-13,Inf
2,551,1800.0,7.203037528245255e-16,8.050616930512841e-13,Inf
2,552,1800.0,7.203046176231757e-16,8.05363467916785e-13,Inf
2,553,1800.0,7.203041293589175e-16,8.050257187436111e-13,Inf
2,554,1800.0,7.203050375679901e-16,8.051580714673475e-13,Inf
2,555,1800.0,7.20302632626793e-16,8.053162943953494e-13,Inf
2,556,1800.0,7.203047828672453e-16,8.063541693692441e-13,Inf
2,557,1800.0,7.203047149810818e-16,8.070101607865747e-13,Inf
2,558,1800.0,7.203049065690161e-16,8.051770151217236e-13,Inf
2,559,1800.0,7.203040950818131e-16,8.058147334635292e-13,Inf
2,560,1800.0,7.203047919253375e-16,8.053215004013619e-13,Inf
2,561,1800.0,7.203044231343537e-16,8.053634434568977e-13,Inf
2,562,1800.0,7.203035970194228e-16,8.060451164062182e-13,Inf
2,563,1800.0,7.203046414632844e-16,8.051570515667967e-13,Inf
2,564,1800.0,7.203033296081472e-16,8.05577841591387e-13,Inf
2,565,1800.0,7.203032696668353e-16,8.067192895472827e-13,Inf
2,566,1800.0,7.203050418021411e-16,8.049775009219437e-13,Inf
2,567,1800.0,7.203026873762137e-16,8.053954636590666e-13,Inf
2,568,1800.0,7.203037772184776e-16,8.055981019902263e-13,Inf
2,569,1800.0,7.203052478739151e-16,8.051989733881985e-13,Inf
2,570,1800.0,7.203036690288677e-16,8.054953582481954e-13,Inf
2,571,1800.0,7.203035402024545e-16,8.072096040023526e-13,Inf
2,572,1800.0,7.24684350766091e-16,8.082196461068153e-13,Inf
2,573,1800.0,7.20302136320546e-16,8.067248076454869e-13,Inf
2,574,1800.0,7.205424182766064e-16,8.080009441237873e-13,Inf
2,575,1800.0,7.237227662660556e-16,8.081673951518529e-13,Inf
2,576,1800.0,7.2030504447644265e-16,8.066631457977894e-13,Inf
2,577,1800.0,7.203042547347395e-16,8.076885734030011e-13,Inf
2,578,1800.0,7.203045496463373e-16,8.079019879457722e-13,Inf
2,579,1800.0,7.203045586218326e-16,8.053382422570467e-13,Inf
2,580,1800.0,7.203043995112386e-16,8.04758119919822e-13,Inf
2,581,1800.0,7.203043664264375e-16,8.053634362847132e-13,Inf
2,582,1800.0,7.20302629531833e-16,8.046481812333376e-13,Inf
2,583,1800.0,7.203042488522858e-16,8.048148833901138e-13,Inf
2,584,1800.0,7.203049620266698e-16,8.053635103220251e-13,Inf
2,585,1800.0,7.203051877512535e-16,8.040401253300247e-13,Inf
2,586,1800.0,7.20305089233053e-16,8.0420640165767e-13,Inf
2,587,1800.0,7.203049332536688e-16,8.049188948833644e-13,Inf
2,588,1800.0,7.203045619194479e-16,8.051274611215797e-13,Inf
2,589,1800.0,7.203042196393402e-16,8.041703758465164e-13,Inf
2,590,1800.0,7.203048874747957e-16,8.038142401662326e-13,Inf
2,591,1800.0,7.20304350326102e-16,8.05324900980311e-13,Inf
2,592,1800.0,7.203044316297167e-16,8.052983036290765e-13,Inf
2,593,1800.0,7.203037282656826e-16,8.042062289588341e-13,Inf
2,594,1800.0,7.203055266311562e-16,8.045605212197378e-13,Inf
2,595,1800.0,7.203037846726957e-16,8.05271190165011e-13,Inf
2,596,1800.0,7.203042833424458e-16,8.036759942602591e-13,Inf
2,597,1800.0,7.203031841283628e-16,8.058767711539956e-13,Inf
2,598,1800.0,7.203032224216149e-16,8.055601163591201e-13,Inf
2,599,1800.0,7.203034290617727e-16,8.058637683787968e-13,Inf
2,600,1800.0,7.203015499064411e-16,8.058206381370844e-13,Inf
2,601,1800.0,7.203041349185568e-16,8.057263996179725e-13,Inf
2,602,1800.0,7.203036775852191e-16,8.045616598908682e-13,Inf
2,603,1800.0,7.203035694770953e-16,8.050256483826647e-13,Inf
2,604,1800.0,7.20301129753115e-16,8.048446011263458e-13,Inf
2,605,1800.0,7.203048036085569e-16,8.038650058146505e-13,Inf
2,606,1800.0,7.203038535910175e-16,8.042453709814875e-13,Inf
2,607,1800.0,7.203047109838163e-16,8.037996509679695e-13,Inf
2,608,1800.0,7.203018303418733e-16,8.049890197741538e-13,Inf
2,609,1800.0,7.203022129492574e-16,8.053542782310892e-13,Inf
2,610,1800.0,7.203037365298147e-16,8.053129803714961e-13,Inf
2,611,1800.0,7.203038677451764e-16,8.054593364659002e-13,Inf
2,612,1800.0,7.203042241290569e-16,8.055602418990657e-13,Inf
2,613,1800.0,7.203041064646342e-16,8.054593662295261e-13,Inf
2,614,1800.0,7.203034078588071e-16,8.054164225651766e-13,Inf
2,615,1800.0,7.203038750858994e-16,8.051579260904412e-13,Inf
2,616,1800.0,7.203047650922528e-16,8.052983453959491e-13,Inf
2,617,1800.0,7.203047444920022e-16,8.050094898118943e-13,Inf
2,618,1800.0,7.20304574644418e-16,8.049283819847123e-13,Inf
2,619,1800.0,7.203048045780101e-16,8.052983502581462e-13,Inf
2,620,1800.0,7.203048802329264e-16,8.052983595908527e-13,Inf
2,621,1800.0,7.203042917354209e-16,8.052315719519033e-13,Inf
2,622,1800.0,7.203044726518974e-16,8.048946479259588e-13,Inf
2,623,1800.0,7.203040239682113e-16,8.052982523288807e-13,Inf
2,624,1800.0,7.203040844334783e-16,8.052982598685144e-13,Inf
2,625,1800.0,7.203028861235215e-16,8.051534325559891e-13,Inf
2,626,1800.0,7.203035209436461e-16,8.052927739000571e-13,Inf
2,627,1800.0,7.203030919993046e-16,8.054258565903588e-13,Inf
2,628,1800.0,7.203033859564943e-16,8.054174167188146e-13,Inf
2,629,1800.0,7.203026690133494e-16,8.053256777289576e-13,Inf
2,630,1800.0,7.203048561466427e-16,8.052983566141352e-13,Inf
2,631,1800.0,7.203040775599628e-16,8.062167686629112e-13,Inf
2,632,1800.0,7.203040302149799e-16,8.049121502396827e-13,Inf
2,633,1800.0,7.203031325415549e-16,8.051952967763111e-13,Inf
2,634,1800.0,7.203021331518747e-16,8.065570195333395e-13,Inf
2,635,1800.0,7.203014509164892e-16,8.05416175100771e-13,Inf
2,636,1800.0,7.203021784550584e-16,8.067573708758864e-13,Inf
2,637,1800.0,7.203037116311936e-16,8.051511106346157e-13,Inf
2,638,1800.0,7.203004144323225e-16,8.048143961472586e-13,Inf
2,639,1800.0,7.203027543918788e-16,8.046745907495783e-13,Inf
2,640,1800.0,7.203007052387134e-16,8.046895850855223e-13,Inf
2,641,1800.0,7.203014876139451e-16,8.046767390130806e-13,Inf
2,642,1800.0,7.20304735664838e-16,8.048497623871531e-13,Inf
2,643,1800.0,7.203033975277333e-16,8.047809354798368e-13,Inf
2,644,1800.0,7.203047914977118e-16,8.050493312711191e-13,Inf
2,645,1800.0,7.2030287078513725e-16,8.050712269488037e-13,Inf
2,646,1800.0,7.203044726908734e-16,8.047712674602803e-13,Inf
2,647,1800.0,7.203033752107194e-16,8.048448874993215e-13,Inf
2,648,1800.0,7.203023540501948e-16,8.052980425539217e-13,Inf
2,649,1800.0,7.203033520816711e-16,8.049591502509379e-13,Inf
2,650,1800.0,7.203024549716821e-16,8.048953382691321e-13,Inf
2,651,1800.0,7.203037769356489e-16,8.05062657787753e-13,Inf
2,652,1800.0,7.203037690501701e-16,8.04933023752009e-13,Inf
2,653,1800.0,7.203040957684376e-16,8.049563893774901e-13,Inf
2,654,1800.0,7.203040479500877e-16,8.050848595695609e-13,Inf
2,655,1800.0,7.203028214091594e-16,8.048142340708732e-13,Inf
2,656,1800.0,7.203001993989876e-16,8.049392153866758e-13,Inf
2,657,1800.0,7.203029342991181e-16,8.052981156067084e-13,Inf
2,658,1800.0,7.203010483986093e-16,8.052160079445082e-13,Inf
2,659,1800.0,7.203021106952136e-16,8.055126990917595e-13,Inf
2,660,1800.0,7.203036426667266e-16,8.052982048995338e-13,Inf
2,661,1800.0,7.203028562228407e-16,8.049891492711825e-13,Inf
2,662,1800.0,7.203039591322762e-16,8.049088277831505e-13,Inf
2,663,1800.0,7.203027016995044e-16,8.050514689166691e-13,Inf
2,664,1800.0,7.203025385705413e-16,8.049138560750571e-13,Inf
2,665,1800.0,7.203040783690691e-16,8.047904456370339e-13,Inf
2,666,1800.0,7.203042346641996e-16,8.046150618238412e-13,Inf
2,667,1800.0,7.20302963436636e-16,8.048864262146065e-13,Inf
2,668,1800.0,7.203045995156751e-16,8.051570463150743e-13,Inf
2,669,1800.0,7.203031977423098e-16,8.052981488629669e-13,Inf
2,670,1800.0,7.203039105979183e-16,8.051691103423177e-13,Inf
2,671,1800.0,7.203040547715005e-16,8.049835750687327e-13,Inf
2,672,1800.0,7.203045682314459e-16,8.051560714446025e-13,Inf
2,673,1800.0,7.203038307731716e-16,8.049088118720556e-13,Inf
2,674,1800.0,7.203034185816609e-16,8.045689340433566e-13,Inf
2,675,1800.0,7.203014569917026e-16,8.045709687098882e-13,Inf
2,676,1800.0,7.203048713392202e-16,8.054654695812497e-13,Inf
2,677,1800.0,7.203050197137328e-16,8.052983769738121e-13,Inf
2,678,1800.0,7.203037448106075e-16,8.046510870708893e-13,Inf
2,679,1800.0,7.203038155191008e-16,8.045401250066286e-13,Inf
2,680,1800.0,7.203028219950117e-16,8.046523521917429e-13,Inf
2,681,1800.0,7.203040108042054e-16,8.045488075363587e-13,Inf
2,682,1800.0,7.203046862049506e-16,8.052983356322644e-13,Inf
2,683,1800.0,7.203038609834393e-16,8.052982321299042e-13,Inf
2,684,1800.0,7.203034068625957e-16,8.053031015200247e-13,Inf
2,685,1800.0,7.20303991756837e-16,8.049187761936902e-13,Inf
2,686,1800.0,7.203026115282348e-16,8.046509433121654e-13,Inf
2,687,1800.0,7.203027210931133e-16,8.054004428046504e-13,Inf
2,688,1800.0,7.20300086418354e-16,8.050544996224294e-13,Inf
2,689,1800.0,7.203027903896844e-16,8.055918899386833e-13,Inf
2,690,1800.0,7.20301708051015e-16,8.055649828784252e-13,Inf
2,691,1800.0,7.203026108340372e-16,8.055600399005476e-13,Inf
2,692,1800.0,7.203043713684176e-16,8.052982959980778e-13,Inf
2,693,1800.0,7.203030361053414e-16,8.052514823476606e-13,Inf
2,694,1800.0,7.203023748676408e-16,8.052980452656999e-13,Inf
2,695,1800.0,7.203029625225166e-16,8.056131552018957e-13,Inf
2,696,1800.0,7.203045996422968e-16,8.051420083984694e-13,Inf
2,697,1800.0,7.203040536810801e-16,8.057530466339521e-13,Inf
2,698,1800.0,7.203040716615552e-16,8.054409102099817e-13,Inf
2,699,1800.0,7.203014510315997e-16,8.053462591541698e-13,Inf
2,700,1800.0,7.20304750581554e-16,8.049317240564151e-13,Inf
2,701,1800.0,7.203048628506224e-16,8.047572461205034e-13,Inf
2,702,1800.0,7.203037691921398e-16,8.046408540291148e-13,Inf
2,703,1800.0,7.20305275782375e-16,8.054236346706821e-13,Inf
2,704,1800.0,7.203007051532892e-16,8.054125923905714e-13,Inf
2,705,1800.0,7.203029327022112e-16,8.051214493399193e-13,Inf
2,706,1800.0,7.203048843985158e-16,8.043240344044397e-13,Inf
2,707,1800.0,7.203039041486964e-16,8.047993110744988e-13,Inf
2,708,1800.0,7.203040785413311e-16,8.052982591369168e-13,Inf
2,709,1800.0,7.203048581809698e-16,8.052983568677187e-13,Inf
2,710,1800.0,7.203054304970574e-16,8.052984263323298e-13,Inf
2,711,1800.0,7.203043227906407e-16,8.037405348837984e-13,Inf
2,712,1800.0,7.20305056820942e-16,8.055020639026851e-13,Inf
2,713,1800.0,7.203052009241452e-16,8.050316019660847e-13,Inf
2,714,1800.0,7.203054825606655e-16,8.050527772028185e-13,Inf
2,715,1800.0,7.203056366622325e-16,8.051067870263555e-13,Inf
2,716,1800.0,7.203055472181791e-16,8.052773037781757e-13,Inf
2,717,1800.0,7.203051555515922e-16,8.052964239789843e-13,Inf
2,718,1800.0,7.203055587382242e-16,8.050306869865216e-13,Inf
2,719,1800.0,7.20305656272734e-16,8.049551563804806e-13,Inf
2,720,1800.0,7.203055523754362e-16,8.053973120247495e-13,Inf
2,721,1800.0,7.203050193995011e-16,8.075334109009928e-13,Inf
2,722,1800.0,7.223591885852461e-16,8.080968743940071e-13,Inf
2,723,1800.0,7.203047211569665e-16,8.063963862269922e-13,Inf
2,724,1800.0,7.203040176953913e-16,8.066937051643655e-13,Inf
2,725,1800.0,7.203038462783653e-16,8.063663906412211e-13,Inf
2,726,1800.0,7.203012986099404e-16,8.073785165187867e-13,Inf
2,727,1800.0,7.203034143562947e-16,8.07467920826369e-13,Inf
2,728,1800.0,7.203027742997493e-16,8.052980954546908e-13,Inf
2,729,1800.0,7.245988230541138e-16,8.082149798647691e-13,Inf
2,730,1800.0,7.203029836457125e-16,8.077618666112269e-13,Inf
2,731,1800.0,7.203049403797207e-16,8.073324705937904e-13,Inf
2,732,1800.0,7.20299066073095e-16,8.052976282761905e-13,Inf
2,733,1800.0,7.20303616815212e-16,8.071288619472528e-13,Inf
2,734,1800.0,7.203033412133135e-16,8.055279618167602e-13,Inf
2,735,1800.0,7.203045255817631e-16,8.054479642402905e-13,Inf
2,736,1800.0,7.203047356809939e-16,8.052983417626276e-13,Inf
2,737,1800.0,7.203025956605438e-16,8.052980730555164e-13,Inf
2,738,1800.0,7.20302627888175e-16,8.058958843725104e-13,Inf
2,739,1800.0,7.203026130045785e-16,8.061920155964228e-13,Inf
2,740,1800.0,7.203042092929183e-16,8.05533549923603e-13,Inf
2,741,1800.0,7.203043827836514e-16,8.055769604441565e-13,Inf
2,742,1800.0,7.203014501296982e-16,8.055427872395258e-13,Inf
2,743,1800.0,7.203016422693556e-16,8.06297020433712e-13,Inf
2,744,1800.0,7.203034913681022e-16,8.06282046394142e-13,Inf
2,745,1800.0,7.203027355240425e-16,8.055112678889342e-13,Inf
2,746,1800.0,7.203019408102689e-16,8.052979908514573e-13,Inf
2,747,1800.0,7.203052403386147e-16,8.054870174947713e-13,Inf
2,748,1800.0,7.20304382949653e-16,8.060774395318245e-13,Inf
2,749,1800.0,7.203035216073495e-16,8.054908197036603e-13,Inf
2,750,1800.0,7.203035215911936e-16,8.059837362898235e-13,Inf
2,751,1800.0,7.20300839107576e-16,8.053654695105484e-13,Inf
2,752,1800.0,7.203036781586515e-16,8.063371085152611e-13,Inf
2,753,1800.0,7.202998439181194e-16,8.05070842946213e-13,Inf
2,754,1800.0,7.203033184585765e-16,8.055198981435567e-13,Inf
2,755,1800.0,7.20304156729286e-16,8.054259902903935e-13,Inf
2,756,1800.0,7.203041672442339e-16,8.062848436711609e-13,Inf
2,757,1800.0,7.203046548234831e-16,8.051989008360916e-13,Inf
2,758,1800.0,7.203034504932428e-16,8.054602850027951e-13,Inf
2,759,1800.0,7.203025569287608e-16,8.056613302096187e-13,Inf
2,760,1800.0,7.203053974725379e-16,8.065079512263416e-13,Inf
2,761,1800.0,7.20304556675555e-16,8.057751828587758e-13,Inf
2,762,1800.0,7.203035601872673e-16,8.056284903257203e-13,Inf
2,763,1800.0,7.203043584446293e-16,8.057715430522919e-13,Inf
2,764,1800.0,7.203041669104132e-16,8.057279457527291e-13,Inf
2,765,1800.0,7.203043955421449e-16,8.052879627493767e-13,Inf
2,766,1800.0,7.203031323804001e-16,8.052026104259444e-13,Inf
2,767,1800.0,7.203041073063551e-16,8.049540131251029e-13,Inf
2,768,1800.0,7.203038967017485e-16,8.054428870807565e-13,Inf
2,769,1800.0,7.203032350009803e-16,8.051738870328028e-13,Inf
2,770,1800.0,7.203041731453678e-16,8.051769233343219e-13,Inf
2,771,1800.0,7.203044764077336e-16,8.05220350791583e-13,Inf
2,772,1800.0,7.203029782022946e-16,8.049982749887908e-13,Inf
2,773,1800.0,7.203038679485384e-16,8.05057381329056e-13,Inf
2,774,1800.0,7.203004647183808e-16,8.0517304947216e-13,Inf
2,775,1800.0,7.203046696342772e-16,8.050820468225858e-13,Inf
2,776,1800.0,7.203024381267629e-16,8.052980532054196e-13,Inf
2,777,1800.0,7.203041459507954e-16,8.04837464745889e-13,Inf
2,778,1800.0,7.203027547722485e-16,8.050312951010294e-13,Inf
2,779,1800.0,7.203036946731832e-16,8.050050548997869e-13,Inf
2,780,1800.0,7.203043581046492e-16,8.05030538824475e-13,Inf
3,1,1100.0,1.2954320443042147e-15,1.3986117270457839e-12,Inf
3,2,1100.0,1.2954335471906154e-15,1.3981654267341856e-12,Inf
3,3,1100.0,1.2954335437171031e-15,1.397007985812837e-12,Inf
3,4,1100.0,1.2954327056930736e-15,1.3976376368493115e-12,Inf
3,5,1100.0,1.2954328817470367e-15,1.3979587197851635e-12,Inf
3,6,1100.0,1.2954326864397178e-15,1.3986118355284973e-12,Inf
3,7,1100.0,1.295432570286273e-15,1.397469741969437e-12,Inf
3,8,1100.0,1.2954334076559898e-15,1.3971615600406706e-12,Inf
3,9,1100.0,1.2954333757925725e-15,1.3987562599446964e-12,Inf
3,10,1100.0,1.295432734029866e-15,1.398611843675108e-12,Inf
3,11,1100.0,1.2954333449255686e-15,1.3984729021352626e-12,Inf
3,12,1100.0,1.2954321102298633e-15,1.3981801291792209e-12,Inf
3,13,1100.0,1.2954325154437541e-15,1.3724364443480646e-12,Inf
3,14,1100.0,1.2954312458723693e-15,1.3986115917206535e-12,Inf
3,15,1100.0,1.2954315622758199e-15,1.3730639607545462e-12,Inf
3,16,1100.0,1.295433031085247e-15,1.396091308968008e-12,Inf
3,17,1100.0,1.2954321664997534e-15,1.3727163787906306e-12,Inf
3,18,1100.0,1.2954294914194628e-15,1.3953650205220617e-12,Inf
3,19,1100.0,1.2954312241160652e-15,1.4002564651410907e-12,Inf
3,20,1100.0,1.2954203692916605e-15,1.3993525557954099e-12,Inf
3,21,1100.0,1.2954305435520045e-15,1.3992938577578771e-12,Inf
3,22,1100.0,1.2954290373314358e-15,1.4001437999977565e-12,Inf
3,23,1100.0,1.2954288611375225e-15,1.3986111724869848e-12,Inf
3,24,1100.0,1.295425099372532e-15,1.3987548100089488e-12,Inf
3,25,1100.0,1.2954216774036842e-15,1.4009888829069975e-12,Inf
3,26,1100.0,1.2954297452053814e-15,1.399764635415933e-12,Inf
3,27,1100.0,1.2954293318529703e-15,1.401612876831074e-12,Inf
3,28,1100.0,1.2954276329903976e-15,1.4003037639732963e-12,Inf
3,29,1100.0,1.2954249725976116e-15,1.3992029548808594e-12,Inf
3,30,1100.0,1.2954224493092044e-15,1.4054631132718838e-12,Inf
3,31,1100.0,1.2954283037288612e-15,1.4031285255743189e-12,Inf
3,32,1100.0,1.2954302809086295e-15,1.4013639575486878e-12,Inf
3,33,1100.0,1.2954275482064043e-15,1.4011181189333452e-12,Inf
3,34,1100.0,1.2954259333862704e-15,1.3997607903234553e-12,Inf
3,35,1100.0,1.295426136148918e-15,1.4001658215755784e-12,Inf
3,36,1100.0,1.295420365458478e-15,1.4007703003114639e-12,Inf
3,37,1100.0,1.2954263258503515e-15,1.4008976803705627e-12,Inf
3,38,1100.0,1.295430367343147e-15,1.4011879196688109e-12,Inf
3,39,1100.0,1.2954256114781106e-15,1.3986105993140128e-12,Inf
3,40,1100.0,1.2954246117000836e-15,1.401310028916303e-12,Inf
3,41,1100.0,1.2954253434572538e-15,1.3999918053515298e-12,Inf
3,42,1100.0,1.2954263260236232e-15,1.3986107263765718e-12,Inf
3,43,1100.0,1.295429727437558e-15,1.3993761040211388e-12,Inf
3,44,1100.0,1.2954284861066363e-15,1.3997501370196797e-12,Inf
3,45,1100.0,1.2954266558511892e-15,1.4002249911733826e-12,Inf
3,46,1100.0,1.2954286165943779e-15,1.3990187461459597e-12,Inf
3,47,1100.0,6.477157715533383e-16,6.993058192480835e-13,Inf
3,48,1100.0,1.2954286321664164e-15,1.3987844913985878e-12,Inf
3,49,1100.0,1.2954311688884307e-15,1.3963064466907134e-12,Inf
3,50,1100.0,1.2954316386367477e-15,1.3960841713194466e-12,Inf
3,51,1100.0,1.295430057088823e-15,1.3983804466467914e-12,Inf
3,52,1100.0,1.2954303891343882e-15,1.3967098627839925e-12,Inf
3,53,1100.0,1.2954297564419919e-15,1.397732479364306e-12,Inf
3,54,1100.0,1.2954293669730073e-15,1.3963536895277074e-12,Inf
3,55,1100.0,1.2954312699652164e-15,1.3978874455678067e-12,Inf
3,56,1100.0,1.2954303844243459e-15,1.3996390195598925e-12,Inf
3,57,1100.0,1.2954306917673818e-15,1.3997616255261297e-12,Inf
3,58,1100.0,1.2954317716363234e-15,1.3978122866260334e-12,Inf
3,59,1100.0,1.295426388262704e-15,1.39947854423548e-12,Inf
3,60,1100.0,1.295432831184612e-15,1.3983748963876492e-12,Inf
3,61,1100.0,1.2954232213348839e-15,1.3997682432223664e-12,Inf
3,62,1100.0,1.2954321294706982e-15,1.3978535951349e-12,Inf
3,63,1100.0,6.477157715533383e-16,6.993058192480835e-13,Inf
3,64,1100.0,1.2954284213541059e-15,1.3974137602515746e-12,Inf
3,65,1100.0,1.2954223849292688e-15,1.3992289268655842e-12,Inf
3,66,1100.0,1.295432909916212e-15,1.3986892709405976e-12,Inf
3,67,1100.0,1.2954325789337032e-15,1.3967967397691036e-12,Inf
3,68,1100.0,1.2954308627819248e-15,1.3965039280776626e-12,Inf
3,69,1100.0,1.2954324979610819e-15,1.3988873107908245e-12,Inf
3,70,1100.0,1.295424520601366e-15,1.3996960375619906e-12,Inf
3,71,1100.0,1.2954300948822529e-15,1.399405902836047e-12,Inf
3,72,1100.0,1.2954294603123423e-15,1.3986112792763824e-12,Inf
3,73,1100.0,1.295428004972469e-15,1.4004942341925434e-12,Inf
3,74,1100.0,1.2954334108804997e-15,1.3988966860749489e-12,Inf
3,75,1100.0,1.295430209734948e-15,1.398611410902949e-12,Inf
3,76,1100.0,1.2954253030679793e-15,1.3990456375926316e-12,Inf
3,77,1100.0,1.2954323307946655e-15,1.3938470122811565e-12,Inf
3,78,1100.0,1.2954280805550877e-15,1.399849675256935e-12,Inf
3,79,1100.0,1.2954249693747172e-15,1.399229387447909e-12,Inf
3,80,1100.0,1.2954285348028559e-15,1.3956890971889878e-12,Inf
3,81,1100.0,1.2954305642997784e-15,1.3983880703173832e-12,Inf
3,82,1100.0,1.2954333545665848e-15,1.3957650649897163e-12,Inf
3,83,1100.0,1.295432609296442e-15,1.3957649329001915e-12,Inf
3,84,1100.0,1.2954330115622902e-15,1.395765003574929e-12,Inf
3,85,1100.0,1.2954259352706509e-15,1.3957637526639281e-12,Inf
3,86,1100.0,1.2954329712861068e-15,1.3957649964096932e-12,Inf
3,87,1100.0,1.2954328500403314e-15,1.3957649749580575e-12,Inf
3,88,1100.0,1.2954311336472247e-15,1.3957646793468565e-12,Inf
3,89,1100.0,1.2954336215482152e-15,1.3957651119313493e-12,Inf
3,90,1100.0,1.295432245483587e-15,1.3957648700003258e-12,Inf
3,91,1100.0,1.2954321282042799e-15,1.3957648498592265e-12,Inf
3,92,1100.0,1.2954317126841548e-15,1.3957647788745558e-12,Inf
3,93,1100.0,1.295433702793265e-15,1.3957651261968599e-12,Inf
3,94,1100.0,1.2954303478959208e-15,1.3957645416667962e-12,Inf
3,95,1100.0,1.2954226527556493e-15,1.39392166120656e-12,Inf
3,96,1100.0,1.2954229218349176e-15,1.3944272463619379e-12,Inf
3,97,1100.0,1.2954281576480784e-15,1.3943291662249204e-12,Inf
3,98,1100.0,1.2954225106558751e-15,1.394237742052983e-12,Inf
3,99,1100.0,1.2954232302801879e-15,1.3940561439444676e-12,Inf
3,100,1100.0,1.2954315183581031e-15,1.3943959870401044e-12,Inf
3,101,1100.0,1.295429118315972e-15,1.3946191505425546e-12,Inf
3,102,1100.0,1.2954300337058246e-15,1.3952159643871052e-12,Inf
3,103,1100.0,1.2954307901679474e-15,1.3950638051877649e-12,Inf
3,104,1100.0,1.2954313111614766e-15,1.3949493655666048e-12,Inf
3,105,1100.0,1.295429119052276e-15,1.3944128793998183e-12,Inf
3,106,1100.0,1.2954264211659535e-15,1.3946277739676693e-12,Inf
3,107,1100.0,1.2954265710453855e-15,1.3943577470923273e-12,Inf
3,108,1100.0,1.2954288426984226e-15,1.395764272824643e-12,Inf
3,109,1100.0,1.2954295901550608e-15,1.3937955165183794e-12,Inf
3,110,1100.0,1.2954275451840447e-15,1.3948692579241569e-12,Inf
3,111,1100.0,1.2954303693147692e-15,1.395613163025584e-12,Inf
3,112,1100.0,1.2954307553944538e-15,1.3971668557275779e-12,Inf
3,113,1100.0,1.2954318126443678e-15,1.394909474571568e-12,Inf
3,114,1100.0,1.2954293890061827e-15,1.3952398467117296e-12,Inf
3,115,1100.0,1.2954294244612521e-15,1.3947755083067487e-12,Inf
3,116,1100.0,1.2954295367607138e-15,1.3953650286585422e-12,Inf
3,117,1100.0,1.2954310428593057e-15,1.3957180783433588e-12,Inf
3,118,1100.0,1.2954297358594118e-15,1.3953583625216344e-12,Inf
3,119,1100.0,1.2954289018917177e-15,1.395436445695274e-12,Inf
3,120,1100.0,1.2954297936542142e-15,1.3945732639225332e-12,Inf
3,121,1100.0,1.2954310167441474e-15,1.393988371488477e-12,Inf
3,122,1100.0,1.2954299353502935e-15,1.3944530499246982e-12,Inf
3,123,1100.0,1.2954296431834773e-15,1.3960201952893036e-12,Inf
3,124,1100.0,1.295429842568942e-15,1.3961697657302501e-12,Inf
3,125,1100.0,1.2954310934045647e-15,1.3953813964370773e-12,Inf
3,126,1100.0,1.2954301219746394e-15,1.3959842626651735e-12,Inf
3,127,1100.0,1.2954318732234327e-15,1.3962479769989182e-12,Inf
3,128,1100.0,1.2954314944478174e-15,1.3944939555136012e-12,Inf
3,129,1100.0,1.2954310736558296e-15,1.3967964826771722e-12,Inf
3,130,1100.0,1.295430282526438e-15,1.3949650103447424e-12,Inf
3,131,1100.0,1.2954308290292803e-15,1.3946746628948168e-12,Inf
3,132,1100.0,1.295430053035315e-15,1.3974184086676306e-12,Inf
3,133,1100.0,1.2954292180596964e-15,1.393439235500502e-12,Inf
3,134,1100.0,1.295431029741344e-15,1.3939054776350867e-12,Inf
3,135,1100.0,1.2954321134531615e-15,1.3930106986050198e-12,Inf
3,136,1100.0,1.2954297945492495e-15,1.393253186692144e-12,Inf
3,137,1100.0,1.2954242271947886e-15,1.3957634441332593e-12,Inf
3,138,1100.0,1.2954238563010172e-15,1.3998218837421262e-12,Inf
3,139,1100.0,1.2954312589986109e-15,1.3962312167561198e-12,Inf
3,140,1100.0,1.295418762069229e-15,1.3979324894984495e-12,Inf
3,141,1100.0,1.2954273239665452e-15,1.403660423351741e-12,Inf
3,142,1100.0,1.2954291890150748e-15,1.4054974237995654e-12,Inf
3,143,1100.0,1.2954303292221569e-15,1.3958221166122234e-12,Inf
3,144,1100.0,1.2954290383328979e-15,1.3982408338595109e-12,Inf
3,145,1100.0,1.2954291340124108e-15,1.3956413896935944e-12,Inf
3,146,1100.0,1.2954284370210602e-15,1.3971996062634398e-12,Inf
3,147,1100.0,1.2954209291241063e-15,1.3993604716415672e-12,Inf
3,148,1100.0,1.295420261280169e-15,1.3983681555320472e-12,Inf
3,149,1100.0,1.2954271976215729e-15,1.4039749787458335e-12,Inf
3,150,1100.0,1.2954305879917579e-15,1.4024364056437848e-12,Inf
3,151,1100.0,1.295428105198446e-15,1.401799785448308e-12,Inf
3,152,1100.0,1.29543012202654e-15,1.3957645020121868e-12,Inf
3,153,1100.0,1.2954244260273186e-15,1.3957634798369167e-12,Inf
3,154,1100.0,1.2954282105218025e-15,1.3982930399652016e-12,Inf
3,155,1100.0,1.2954293109280877e-15,1.4019419295644447e-12,Inf
3,156,1100.0,1.2954265449023584e-15,1.4029718507374661e-12,Inf
3,157,1100.0,1.2954303756991656e-15,1.3989146062416434e-12,Inf
3,158,1100.0,1.2954268532080823e-15,1.39513648216396e-12,Inf
3,159,1100.0,1.2954257228443688e-15,1.3994439051004952e-12,Inf
3,160,1100.0,1.2954307316992432e-15,1.3920179426394288e-12,Inf
3,161,1100.0,1.295430507764932e-15,1.3953125827466146e-12,Inf
3,162,1100.0,1.29542895558616e-15,1.3974109507087976e-12,Inf
3,163,1100.0,1.2954280208740873e-15,1.3978927895689605e-12,Inf
3,164,1100.0,1.295427263729177e-15,1.3994551567061586e-12,Inf
3,165,1100.0,1.2954280849995679e-15,1.3991541669664774e-12,Inf
3,166,1100.0,1.2954279044437712e-15,1.3975768355207686e-12,Inf
3,167,1100.0,1.2954236933272514e-15,1.3948286940545273e-12,Inf
3,168,1100.0,1.2954284863061613e-15,1.3995256399388276e-12,Inf
3,169,1100.0,1.295432510580433e-15,1.3956952286012934e-12,Inf
3,170,1100.0,1.2954318390323583e-15,1.396746895207123e-12,Inf
3,171,1100.0,1.2954315284666299e-15,1.396644976445226e-12,Inf
3,172,1100.0,1.2954278473792142e-15,1.396804421483749e-12,Inf
3,173,1100.0,1.2954308524407535e-15,1.3948724803636248e-12,Inf
3,174,1100.0,1.2954308434237578e-15,1.3957646285052685e-12,Inf
3,175,1100.0,1.2954301443361828e-15,1.3952399822812965e-12,Inf
3,176,1100.0,1.2954279067237686e-15,1.3951406540740546e-12,Inf
3,177,1100.0,1.2954323444756593e-15,1.395225696047241e-12,Inf
3,178,1100.0,1.2954291698960147e-15,1.3976619407748996e-12,Inf
3,179,1100.0,1.295428336122595e-15,1.398359053449885e-12,Inf
3,180,1100.0,1.2954296090715666e-15,1.3976005376483565e-12,Inf
3,181,1100.0,1.295429333494003e-15,1.3977265227867037e-12,Inf
3,182,1100.0,1.2954314747723895e-15,1.3990760941383874e-12,Inf
3,183,1100.0,1.2954303685073795e-15,1.395765907518582e-12,Inf
3,184,1100.0,1.2954274087691178e-15,1.3978144700207302e-12,Inf
3,185,1100.0,1.295431087158301e-15,1.3991283350080602e-12,Inf
3,186,1100.0,1.2954287120834535e-15,1.4018084313777188e-12,Inf
3,187,1100.0,1.2954253021565863e-15,1.3991999037358401e-12,Inf
3,188,1100.0,1.2954336995404822e-15,1.3957651256277346e-12,Inf
3,189,1100.0,1.2954336514769669e-15,1.395765117171646e-12,Inf
3,190,1100.0,1.2954340747280803e-15,1.3957651914089269e-12,Inf
3,191,1100.0,1.2954332344188028e-15,1.3957650435584766e-12,Inf
3,192,1100.0,1.295430849058118e-15,1.3957646295242603e-12,Inf
3,193,1100.0,1.295429842341548e-15,1.3957644524422544e-12,Inf
3,194,1100.0,1.2954283699568266e-15,1.3957641877021274e-12,Inf
3,195,1100.0,6.47716651051408e-16,6.978825275654306e-13,Inf
3,196,1100.0,1.2954242770160627e-15,1.3957634531637109e-12,Inf
3,197,1100.0,1.2954268261649713e-15,1.393669486502682e-12,Inf
3,198,1100.0,1.2954312299596439e-15,1.3957646960680131e-12,Inf
3,199,1100.0,1.2954325048416655e-15,1.3957649147815272e-12,Inf
3,200,1100.0,1.2954328260361397e-15,1.3957649707327323e-12,Inf
3,201,1100.0,1.295431057766732e-15,1.3957646660973154e-12,Inf
3,202,1100.0,1.295425538591301e-15,1.3957636810355302e-12,Inf
3,203,1100.0,1.2954329013134125e-15,1.3957649840060127e-12,Inf
3,204,1100.0,1.2954325564453361e-15,1.3957649237198462e-12,Inf
3,205,1100.0,1.2954328313007323e-15,1.395764971663113e-12,Inf
3,206,1100.0,1.2954322325687853e-15,1.395764867788777e-12,Inf
3,207,1100.0,1.2954326135945096e-15,1.3957649336397677e-12,Inf
3,208,1100.0,1.2954330791208935e-15,1.3957650156447165e-12,Inf
3,209,1100.0,1.2954299997467889e-15,1.3957644804264137e-12,Inf
3,210,1100.0,6.47716651051408e-16,6.978825275654306e-13,Inf
3,211,1100.0,1.29542863362408e-15,1.3963129557278726e-12,Inf
3,212,1100.0,1.2954314813940753e-15,1.3959625257434828e-12,Inf
3,213,1100.0,1.295429376475487e-15,1.3943293871131085e-12,Inf
3,214,1100.0,1.2954278644703085e-15,1.3926890682719913e-12,Inf
3,215,1100.0,1.2954290391170635e-15,1.3967265902462939e-12,Inf
3,216,1100.0,1.295428438477108e-15,1.3961473797919435e-12,Inf
3,217,1100.0,1.2954302934298337e-15,1.3957645321569756e-12,Inf
3,218,1100.0,1.2954247073030581e-15,1.3945386113919853e-12,Inf
3,219,1100.0,1.2954269042153993e-15,1.3960100778319119e-12,Inf
3,220,1100.0,1.295430343465779e-15,1.3943257040132349e-12,Inf
3,221,1100.0,1.2954296899240286e-15,1.3722892264602922e-12,Inf
3,222,1100.0,1.2954293326349145e-15,1.3729133175817933e-12,Inf
3,223,1100.0,1.2954327667030964e-15,1.3935481024560632e-12,Inf
3,224,1100.0,1.2954334174373601e-15,1.3935656549779943e-12,Inf
3,225,1100.0,1.295432626537382e-15,1.3935704976273915e-12,Inf
3,226,1100.0,1.2954312285563045e-15,1.394628633723565e-12,Inf
3,227,1100.0,1.2954293666167704e-15,1.3945524206174078e-12,Inf
3,228,1100.0,1.2954326345286818e-15,1.3944586896083103e-12,Inf
3,229,1100.0,1.2954325598588698e-15,1.3934373460953491e-12,Inf
3,230,1100.0,1.2954329169056459e-15,1.393606158045892e-12,Inf
3,231,1100.0,1.2954322990703907e-15,1.3938148662550794e-12,Inf
3,232,1100.0,1.2954323488541024e-15,1.393979728752503e-12,Inf
3,233,1100.0,1.2954314384144089e-15,1.3936703134069888e-12,Inf
3,234,1100.0,1.2954333609455287e-15,1.3939811741789196e-12,Inf
3,235,1100.0,1.2954317078567804e-15,1.3948143912130975e-12,Inf
3,236,1100.0,1.2954311768514577e-15,1.3943168578025787e-12,Inf
3,237,1100.0,1.2954279649406431e-15,1.3969827102847113e-12,Inf
3,238,1100.0,1.2954327983623438e-15,1.3939760045221712e-12,Inf
3,239,1100.0,1.2954277401777377e-15,1.3957640753468581e-12,Inf
3,240,1100.0,1.2954311604651633e-15,1.3938083770147631e-12,Inf
3,241,1100.0,1.2954283193025154e-15,1.3938141602600646e-12,Inf
3,242,1100.0,1.2954314984324612e-15,1.3935909421849065e-12,Inf
3,243,1100.0,1.2954305860215494e-15,1.3941951003042216e-12,Inf
3,244,1100.0,1.2954333830308068e-15,1.3957650700099843e-12,Inf
3,245,1100.0,1.2954329601496628e-15,1.3957649944316592e-12,Inf
3,246,1100.0,1.2954334283266193e-15,1.3957650780224788e-12,Inf
3,247,1100.0,1.2954335775573932e-15,1.3957651042358576e-12,Inf
3,248,1100.0,1.2954329088563869e-15,1.3957649853400508e-12,Inf
3,249,1100.0,1.2954333041267428e-15,1.3957650560259687e-12,Inf
3,250,1100.0,1.2954333657607861e-15,1.3957650669615642e-12,Inf
3,251,1100.0,1.2954333264832376e-15,1.3957650600351967e-12,Inf
3,252,1100.0,1.2954337945721447e-15,1.395765142261811e-12,Inf
3,253,1100.0,1.2954266565551813e-15,1.3957638824175139e-12,Inf
3,254,1100.0,1.2954280458706533e-15,1.3939853014452282e-12,Inf
3,255,1100.0,1.2954289171323589e-15,1.3965781789471464e-12,Inf
3,256,1100.0,1.2954296552424216e-15,1.39717385862026e-12,Inf
3,257,1100.0,1.2954265089753356e-15,1.3968909936745728e-12,Inf
3,258,1100.0,1.2954222251614337e-15,1.3958070148710563e-12,Inf
3,259,1100.0,1.2954205669240112e-15,1.3941741181063827e-12,Inf
3,260,1100.0,1.2954248867604575e-15,1.3954370694912644e-12,Inf
3,261,1100.0,1.2954206562205413e-15,1.3934401607485249e-12,Inf
3,262,1100.0,1.2954299021388708e-15,1.397083328525419e-12,Inf
3,263,1100.0,1.295425266020143e-15,1.3957636316663162e-12,Inf
3,264,1100.0,1.2954336067760943e-15,1.3957651093496449e-12,Inf
3,265,1100.0,1.2954325239346743e-15,1.395764918091527e-12,Inf
3,266,1100.0,1.2954337072755095e-15,1.3957651269814223e-12,Inf
3,267,1100.0,1.2954335777997312e-15,1.395765104278281e-12,Inf
3,268,1100.0,1.2954337933172374e-15,1.3957651420429048e-12,Inf
3,269,1100.0,1.2954324803225054e-15,1.395764910539227e-12,Inf
3,270,1100.0,1.2954331383662912e-15,1.3957650262678582e-12,Inf
3,271,1100.0,1.2954155703326548e-15,1.3939203648189663e-12,Inf
3,272,1100.0,1.2954281925304222e-15,1.3938727612191064e-12,Inf
3,273,1100.0,1.2954294647010848e-15,1.3946309239459619e-12,Inf
3,274,1100.0,1.2954257627655268e-15,1.3946159445450907e-12,Inf
3,275,1100.0,1.2954198817179648e-15,1.3937975277508824e-12,Inf
3,276,1100.0,1.2954266872032732e-15,1.3939223920510015e-12,Inf
3,277,1100.0,1.2954271908076322e-15,1.393648291472281e-12,Inf
3,278,1100.0,1.2954264504365553e-15,1.3944149812320579e-12,Inf
3,279,1100.0,1.2954296636271169e-15,1.371804843662738e-12,Inf
3,280,1100.0,1.295423518225273e-15,1.3922620303016626e-12,Inf
3,281,1100.0,1.295422005823468e-15,1.3938155353086589e-12,Inf
3,282,1100.0,1.2954265125732482e-15,1.393496540204056e-12,Inf
3,283,1100.0,1.2954300344029504e-15,1.3933841900008173e-12,Inf
3,284,1100.0,1.2954247540171542e-15,1.395763539041747e-12,Inf
3,285,1100.0,1.2954306160236083e-15,1.3977267483206205e-12,Inf
3,286,1100.0,1.2954315788929413e-15,1.3970864883943382e-12,Inf
3,287,1100.0,1.2954238595323934e-15,1.3966365628169237e-12,Inf
3,288,1100.0,1.2954265409098387e-15,1.3953510898115127e-12,Inf
3,289,1100.0,1.2954322725178123e-15,1.3969177439386287e-12,Inf
3,290,1100.0,1.295426656219745e-15,1.3962917350803104e-12,Inf
3,291,1100.0,1.2954326723459415e-15,1.3727604662117395e-12,Inf
3,292,1100.0,1.2954306606707626e-15,1.3961699093377174e-12,Inf
3,293,1100.0,1.2954319935770001e-15,1.3955181565716735e-12,Inf
3,294,1100.0,1.2954309148082733e-15,1.3964393372956422e-12,Inf
3,295,1100.0,1.2954294800964184e-15,1.3955531611828787e-12,Inf
3,296,1100.0,1.2954313032091528e-15,1.3956828000176018e-12,Inf
3,297,1100.0,1.2954211337901176e-15,1.3967833641892215e-12,Inf
3,298,1100.0,1.295428860023777e-15,1.3967095898866228e-12,Inf
3,299,1100.0,1.295432181687888e-15,1.395764859045618e-12,Inf
3,300,1100.0,1.2954308232091277e-15,1.3956091832767741e-12,Inf
3,301,1100.0,1.2954296541547275e-15,1.3959786841162165e-12,Inf
3,302,1100.0,1.2954308695613323e-15,1.395507173407278e-12,Inf
3,303,1100.0,1.2954310836427834e-15,1.395680046852813e-12,Inf
3,304,1100.0,1.2954307771255144e-15,1.3952254255096627e-12,Inf
3,305,1100.0,1.2954312263223514e-15,1.3963972688961632e-12,Inf
3,306,1100.0,1.2954301987685445e-15,1.395822093494271e-12,Inf
3,307,1100.0,1.2954320009874963e-15,1.3954060895372358e-12,Inf
3,308,1100.0,1.2954308748503606e-15,1.3973547000038035e-12,Inf
3,309,1100.0,1.2954306976848736e-15,1.3954340768747087e-12,Inf
3,310,1100.0,1.2954293400019918e-15,1.398332322511485e-12,Inf
3,311,1100.0,1.2954254999347437e-15,1.3988372712419569e-12,Inf
3,312,1100.0,1.295428737559445e-15,1.4000084083108093e-12,Inf
3,313,1100.0,1.2954305680521815e-15,1.3996248394768777e-12,Inf
3,314,1100.0,1.2954294443578135e-15,1.3990080904903642e-12,Inf
3,315,1100.0,1.2954305442852791e-15,1.3994714243415569e-12,Inf
3,316,1100.0,1.2954267963077093e-15,1.3998574093078821e-12,Inf
3,317,1100.0,1.295428913242631e-15,1.398922037764513e-12,Inf
3,318,1100.0,1.2954280799437899e-15,1.3988865422238362e-12,Inf
3,319,1100.0,1.2954313015903345e-15,1.3979273230858521e-12,Inf
3,320,1100.0,1.2954304382070396e-15,1.39789469818597e-12,Inf
3,321,1100.0,1.2954290373201267e-15,1.4000736473595456e-12,Inf
3,322,1100.0,1.2954281556879673e-15,1.3979267694298876e-12,Inf
3,323,1100.0,1.2954310353950912e-15,1.3979272770785297e-12,Inf
3,324,1100.0,1.2954310302116818e-15,1.3979272761624098e-12,Inf
3,325,1100.0,1.2954303488959692e-15,1.3970877098173367e-12,Inf
3,326,1100.0,1.2954287243031487e-15,1.397512768315538e-12,Inf
3,327,1100.0,1.2954300792478123e-15,1.3970173968080263e-12,Inf
3,328,1100.0,1.2954311845608376e-15,1.3974113427918576e-12,Inf
3,329,1100.0,1.295431773719623e-15,1.3984199540187697e-12,Inf
3,330,1100.0,1.2954264505403568e-15,1.3971531462431714e-12,Inf
3,331,1100.0,1.295431300966516e-15,1.3976549827908824e-12,Inf
3,332,1100.0,1.2954290250818522e-15,1.3979269242537118e-12,Inf
3,333,1100.0,1.2954332527409746e-15,1.398333000044433e-12,Inf
3,334,1100.0,1.2954307516969807e-15,1.397924265333624e-12,Inf
3,335,1100.0,1.2954326512728288e-15,1.3979275534859898e-12,Inf
3,336,1100.0,1.295431123201444e-15,1.3984861335840345e-12,Inf
3,337,1100.0,1.2954308572265265e-15,1.3979923999107541e-12,Inf
3,338,1100.0,1.2954310665819813e-15,1.397927282495298e-12,Inf
3,339,1100.0,1.2954318171932553e-15,1.3975133097216006e-12,Inf
3,340,1100.0,1.2954312597987304e-15,1.3943014569691746e-12,Inf
3,341,1100.0,1.2954321612517205e-15,1.3931049677827393e-12,Inf
3,342,1100.0,1.2954289148315609e-15,1.397926904540494e-12,Inf
3,343,1100.0,1.2954303930021038e-15,1.3950487312489136e-12,Inf
3,344,1100.0,1.2954314145622843e-15,1.3946104539897608e-12,Inf
3,345,1100.0,1.2954304161219635e-15,1.395740049347128e-12,Inf
3,346,1100.0,1.2954314189625378e-15,1.3947509994611715e-12,Inf
3,347,1100.0,1.2954322111671026e-15,1.3929997619349537e-12,Inf
3,348,1100.0,1.295429052627007e-15,1.3943049127207587e-12,Inf
3,349,1100.0,1.2954325554380175e-15,1.3943055295953094e-12,Inf
3,350,1100.0,1.2954262655348293e-15,1.3972367043573842e-12,Inf
3,351,1100.0,1.2954269586782553e-15,1.3980139958433446e-12,Inf
3,352,1100.0,1.2954304483173839e-15,1.3979271750978463e-12,Inf
3,353,1100.0,1.2954260035170904e-15,1.397173207624817e-12,Inf
3,354,1100.0,1.295431662368309e-15,1.3979273846304935e-12,Inf
3,355,1100.0,1.2954322473709966e-15,1.397927484110727e-12,Inf
3,356,1100.0,1.2954252242245e-15,1.3975997565072211e-12,Inf
3,357,1100.0,1.2954262003372046e-15,1.3979264233747622e-12,Inf
3,358,1100.0,1.2954295249455212e-15,1.3974488421307354e-12,Inf
3,359,1100.0,1.295427090175335e-15,1.396891096657283e-12,Inf
3,360,1100.0,1.2954294221865054e-15,1.397637068331972e-12,Inf
3,361,1100.0,1.29543107286399e-15,1.3967142248348676e-12,Inf
3,362,1100.0,1.2954309537223148e-15,1.3971295082347254e-12,Inf
3,363,1100.0,1.2954320406576326e-15,1.3968221926448255e-12,Inf
3,364,1100.0,1.295428663480534e-15,1.3969270893081358e-12,Inf
3,365,1100.0,1.2954315568137217e-15,1.3979273666756741e-12,Inf
3,366,1100.0,1.2954302500775724e-15,1.3964350238072189e-12,Inf
3,367,1100.0,1.2954304886293121e-15,1.397701748259458e-12,Inf
3,368,1100.0,1.295421219070904e-15,1.3966077602696938e-12,Inf
3,369,1100.0,1.2954272634260524e-15,1.3971029461669689e-12,Inf
3,370,1100.0,1.2954257230144093e-15,1.3962832254972695e-12,Inf
3,371,1100.0,1.295430897278547e-15,1.3971294983553824e-12,Inf
3,372,1100.0,1.2954307617649158e-15,1.396602426214604e-12,Inf
3,373,1100.0,1.295431686167927e-15,1.397086506774855e-12,Inf
3,374,1100.0,1.2954320084773583e-15,1.3954844603045833e-12,Inf
3,375,1100.0,1.2954274752777913e-15,1.3979266494563678e-12,Inf
3,376,1100.0,1.2954284744721875e-15,1.3962584849812234e-12,Inf
3,377,1100.0,1.2954291309450167e-15,1.3979269431388722e-12,Inf
3,378,1100.0,1.295430770591878e-15,1.39424563573321e-12,Inf
3,379,1100.0,1.29543064176496e-15,1.3946981088183062e-12,Inf
3,380,1100.0,1.2954293165477056e-15,1.3941189561616303e-12,Inf
3,381,1100.0,1.2954231762660613e-15,1.3977121996860128e-12,Inf
3,382,1100.0,1.2954303157223108e-15,1.3949676546313494e-12,Inf
3,383,1100.0,1.2954277432542195e-15,1.3965821892624038e-12,Inf
3,384,1100.0,1.2954303868584298e-15,1.3986888381113587e-12,Inf
3,385,1100.0,1.295418030248849e-15,1.3962454949613491e-12,Inf
3,386,1100.0,1.2954211123702595e-15,1.3979255128918398e-12,Inf
3,387,1100.0,1.2954312404958973e-15,1.3966703195785776e-12,Inf
3,388,1100.0,1.2954249296046166e-15,1.396643804707288e-12,Inf
3,389,1100.0,1.295419883807121e-15,1.3962919041334617e-12,Inf
3,390,1100.0,1.295424705773703e-15,1.3964368311407757e-12,Inf
3,391,1100.0,1.2954276124510345e-15,1.3967887779599924e-12,Inf
3,392,1100.0,1.3022344053506036e-15,1.4062617821740087e-12,Inf
3,393,1100.0,1.2954294118861277e-15,1.4041090859367032e-12,Inf
3,394,1100.0,1.3035076106909122e-15,1.406325006136913e-12,Inf
3,395,1100.0,1.2959015713528232e-15,1.4059056870843435e-12,Inf
3,396,1100.0,1.299394802074641e-15,1.4061114133350747e-12,Inf
3,397,1100.0,1.2954248411952457e-15,1.3979261799544236e-12,Inf
3,398,1100.0,1.2954271388158168e-15,1.3973844918995423e-12,Inf
3,399,1100.0,1.295428783256529e-15,1.3983006526233257e-12,Inf
3,400,1100.0,1.2954280036426388e-15,1.3979267425414298e-12,Inf
3,401,1100.0,1.2954284701121217e-15,1.3982302412214015e-12,Inf
3,402,1100.0,1.2954252244365457e-15,1.3974553495459915e-12,Inf
3,403,1100.0,1.295429468264666e-15,1.3981766808471197e-12,Inf
3,404,1100.0,1.2954314273026025e-15,1.3994527475443682e-12,Inf
3,405,1100.0,1.2954311783993922e-15,1.3973721497533259e-12,Inf
3,406,1100.0,1.2954292695506798e-15,1.3979269678609173e-12,Inf
3,407,1100.0,1.2954312332370643e-15,1.397927311305616e-12,Inf
3,408,1100.0,1.2954304771745974e-15,1.397927180112594e-12,Inf
3,409,1100.0,1.2954238594118302e-15,1.3970922907102088e-12,Inf
3,410,1100.0,1.295426168807608e-15,1.3979264176031198e-12,Inf
3,411,1100.0,1.2954303570997187e-15,1.3978769353203334e-12,Inf
3,412,1100.0,1.2954300437935507e-15,1.3981872529865824e-12,Inf
3,413,1100.0,1.2954310335305017e-15,1.3975131754003473e-12,Inf
3,414,1100.0,1.2954306650823252e-15,1.3986995599778474e-12,Inf
3,415,1100.0,1.2954299750836396e-15,1.3979270928053394e-12,Inf
3,416,1100.0,1.2954310870961009e-15,1.397927286042085e-12,Inf
3,417,1100.0,1.2954164096859086e-15,1.3979246631619097e-12,Inf
3,418,1100.0,1.2954234044239211e-15,1.3979259234742825e-12,Inf
3,419,1100.0,1.2954244729639619e-15,1.3980640101548067e-12,Inf
3,420,1100.0,1.2954267683984416e-15,1.3986153653925522e-12,Inf
3,421,1100.0,1.2954177444522928e-15,1.398249308342948e-12,Inf
3,422,1100.0,1.2954290787811413e-15,1.3983428084737403e-12,Inf
3,423,1100.0,1.2954310945207335e-15,1.3975233950193838e-12,Inf
3,424,1100.0,1.2954282978505474e-15,1.398549045704489e-12,Inf
3,425,1100.0,1.2954308203751859e-15,1.3946311650379908e-12,Inf
3,426,1100.0,1.2954219205309686e-15,1.393848924186178e-12,Inf
3,427,1100.0,1.2954312981612508e-15,1.396422623168188e-12,Inf
3,428,1100.0,1.2954314159464386e-15,1.3974215509146198e-12,Inf
3,429,1100.0,1.2954292947356637e-15,1.3955652862081878e-12,Inf
3,430,1100.0,1.2954303321976645e-15,1.3973647524252097e-12,Inf
3,431,1100.0,1.2954296291240322e-15,1.3976283168681498e-12,Inf
3,432,1100.0,1.295429666236694e-15,1.3956414854875996e-12,Inf
3,433,1100.0,1.2954306688934953e-15,1.397927213278815e-12,Inf
3,434,1100.0,1.2954269061787416e-15,1.3960252103935376e-12,Inf
3,435,1100.0,1.2954271649319848e-15,1.3994331863933703e-12,Inf
3,436,1100.0,1.2954289033154538e-15,1.39861117966405e-12,Inf
3,437,1100.0,1.2954312252611126e-15,1.3957742319266243e-12,Inf
3,438,1100.0,1.2954312562333316e-15,1.3979273152899525e-12,Inf
3,439,1100.0,1.295427844926551e-15,1.3962569836297272e-12,Inf
3,440,1100.0,1.2954271146371417e-15,1.3993803350488902e-12,Inf
3,441,1100.0,1.295428693912945e-15,1.3979268652074069e-12,Inf
3,442,1100.0,1.2954254613846133e-15,1.3979262911049787e-12,Inf
3,443,1100.0,1.295431525629457e-15,1.397897845594273e-12,Inf
3,444,1100.0,1.2954279461616641e-15,1.3982301488408335e-12,Inf
3,445,1100.0,1.2954322238068505e-15,1.3979274800787424e-12,Inf
3,446,1100.0,1.2954296764080267e-15,1.3985629443246568e-12,Inf
3,447,1100.0,1.2954297074814218e-15,1.3983218595483178e-12,Inf
3,448,1100.0,1.2954286333789146e-15,1.3981750367913215e-12,Inf
3,449,1100.0,1.2954298560134542e-15,1.3984090599520787e-12,Inf
3,450,1100.0,1.2954319577826574e-15,1.3983072160059702e-12,Inf
3,451,1100.0,1.2954334689006766e-15,1.3984895639535399e-12,Inf
3,452,1100.0,1.2954317101095147e-15,1.3984711081181305e-12,Inf
3,453,1100.0,1.295431710636802e-15,1.3979273928197494e-12,Inf
3,454,1100.0,1.295432101825175e-15,1.3979274592593128e-12,Inf
3,455,1100.0,1.295430837470925e-15,1.3983911327403261e-12,Inf
3,456,1100.0,1.2954317032822454e-15,1.3936171812913536e-12,Inf
3,457,1100.0,1.2954310922956661e-15,1.3946286097803005e-12,Inf
3,458,1100.0,1.2954322960540896e-15,1.396042680549905e-12,Inf
3,459,1100.0,1.2954278840506187e-15,1.396360394285029e-12,Inf
3,460,1100.0,1.2954306439561e-15,1.3942392080758674e-12,Inf
3,461,1100.0,1.2954319282513402e-15,1.3930480046231775e-12,Inf
3,462,1100.0,1.2954319647545217e-15,1.3931730126083543e-12,Inf
3,463,1100.0,1.29543130523934e-15,1.3937907905134972e-12,Inf
3,464,1100.0,1.2954321809315913e-15,1.396148037326646e-12,Inf
3,465,1100.0,1.2954302021182625e-15,1.3971696377850829e-12,Inf
3,466,1100.0,1.2954330035942144e-15,1.3971269876966472e-12,Inf
3,467,1100.0,1.2954223551368323e-15,1.3981918701573771e-12,Inf
3,468,1100.0,1.2954317274366867e-15,1.396703027132977e-12,Inf
3,469,1100.0,1.2954295707964899e-15,1.3960546031085525e-12,Inf
3,470,1100.0,1.295426879521352e-15,1.396637104506326e-12,Inf
3,471,1100.0,1.295430704570506e-15,1.3967992541719246e-12,Inf
3,472,1100.0,1.2954245209214543e-15,1.3960829029952084e-12,Inf
3,473,1100.0,1.2954195775701563e-15,1.3968570223897947e-12,Inf
3,474,1100.0,1.2954240722274688e-15,1.3961728826852999e-12,Inf
3,475,1100.0,1.295428743311743e-15,1.3962307706403208e-12,Inf
3,476,1100.0,1.2954234015588793e-15,1.3975322404559441e-12,Inf
3,477,1100.0,1.2954292347141783e-15,1.398848664629738e-12,Inf
3,478,1100.0,1.295430862311183e-15,1.3975233545837432e-12,Inf
3,479,1100.0,1.295430781971872e-15,1.3978666614123868e-12,Inf
3,480,1100.0,1.295426684981033e-15,1.397926509612298e-12,Inf
3,481,1100.0,1.2954306622053684e-15,1.3979272121527868e-12,Inf
3,482,1100.0,1.2954305049729955e-15,1.3977120329624067e-12,Inf
3,483,1100.0,1.2954325522914597e-15,1.398296800183335e-12,Inf
3,484,1100.0,1.2954290416103183e-15,1.396784778876581e-12,Inf
3,485,1100.0,1.295429812660789e-15,1.397572790912989e-12,Inf
3,486,1100.0,1.2954288457720771e-15,1.3967463668353017e-12,Inf
3,487,1100.0,1.2954307414850564e-15,1.3956484548015312e-12,Inf
3,488,1100.0,1.2954301161823556e-15,1.3979271174630484e-12,Inf
3,489,1100.0,1.2954287701603778e-15,1.3961057439433607e-12,Inf
3,490,1100.0,1.2954265982133007e-15,1.397636566666204e-12,Inf
3,491,1100.0,1.29543031845649e-15,1.3972735518525665e-12,Inf
3,492,1100.0,1.2954241232384208e-15,1.3971656747657531e-12,Inf
3,493,1100.0,1.2954329955695932e-15,1.3976288990751823e-12,Inf
3,494,1100.0,1.2954305959145972e-15,1.397927200646839e-12,Inf
3,495,1100.0,1.2954322525099773e-15,1.3986998319660438e-12,Inf
3,496,1100.0,1.2954300718936596e-15,1.3963510272917418e-12,Inf
3,497,1100.0,1.295426985034338e-15,1.3987689046468346e-12,Inf
3,498,1100.0,1.2954292942796642e-15,1.3994712067639382e-12,Inf
3,499,1100.0,1.2954245666637747e-15,1.3979261308931256e-12,Inf
3,500,1100.0,1.2954299790828236e-15,1.3999531657653774e-12,Inf
3,501,1100.0,1.2954286320339383e-15,1.3979268541532184e-12,Inf
3,502,1100.0,1.295428900974872e-15,1.3982633056700677e-12,Inf
3,503,1100.0,1.2954302696324371e-15,1.401454061222474e-12,Inf
3,504,1100.0,1.2954296853549463e-15,1.4019368466647769e-12,Inf
3,505,1100.0,1.2954298790549579e-15,1.4005542874550503e-12,Inf
3,506,1100.0,1.295430020121968e-15,1.3979271006920087e-12,Inf
3,507,1100.0,1.2954308190508083e-15,1.4008265067010534e-12,Inf
3,508,1100.0,1.2954212829851465e-15,1.397925543682072e-12,Inf
3,509,1100.0,1.2954241229740704e-15,1.3979260516119872e-12,Inf
3,510,1100.0,1.2954220770133052e-15,1.3979256861255152e-12,Inf
3,511,1100.0,1.2954293644318907e-15,1.4002061123018255e-12,Inf
3,512,1100.0,1.2954254255282724e-15,1.3993862931830204e-12,Inf
3,513,1100.0,1.2954278026302778e-15,1.3998719188935539e-12,Inf
3,514,1100.0,1.2954296388363362e-15,1.4010609693785446e-12,Inf
3,515,1100.0,1.2954288139413755e-15,1.39792688658761e-12,Inf
3,516,1100.0,1.2954296726956094e-15,1.4013806699783137e-12,Inf
3,517,1100.0,1.295428425396103e-15,1.400405445472388e-12,Inf
3,518,1100.0,1.2954251412485506e-15,1.3979262337756017e-12,Inf
3,519,1100.0,1.295423161953373e-15,1.3979258803196958e-12,Inf
3,520,1100.0,1.2954304092597571e-15,1.4033472519028354e-12,Inf
3,521,1100.0,1.295429433669493e-15,1.3975128951702752e-12,Inf
3,522,1100.0,1.2954285679732831e-15,1.3987554244919352e-12,Inf
3,523,1100.0,1.2954206619259873e-15,1.3979254320536137e-12,Inf
3,524,1100.0,1.2954284584990794e-15,1.3978220313425083e-12,Inf
3,525,1100.0,1.295427963962809e-15,1.3987476770669238e-12,Inf
3,526,1100.0,1.295426685129869e-15,1.397446882970687e-12,Inf
3,527,1100.0,1.295426511548562e-15,1.3954010881679115e-12,Inf
3,528,1100.0,1.2954262665746615e-15,1.3949418738028023e-12,Inf
3,529,1100.0,1.2954316728106565e-15,1.3979273864074077e-12,Inf
3,530,1100.0,1.2954300635392566e-15,1.3966121595941005e-12,Inf
3,531,1100.0,1.2954308681333552e-15,1.396592592847027e-12,Inf
3,532,1100.0,1.2954314867545935e-15,1.3975161698148691e-12,Inf
3,533,1100.0,1.295423224120358e-15,1.3979258913081783e-12,Inf
3,534,1100.0,1.295426597969751e-15,1.397926494254818e-12,Inf
3,535,1100.0,1.2954287548177527e-15,1.4005459267615096e-12,Inf
3,536,1100.0,1.2954269602819274e-15,1.401146362333133e-12,Inf
3,537,1100.0,1.2954280806611106e-15,1.3979267561373732e-12,Inf
3,538,1100.0,1.2954247942745564e-15,1.4008891436120854e-12,Inf
3,539,1100.0,1.2954272148126317e-15,1.3993615872289375e-12,Inf
3,540,1100.0,1.295429262682617e-15,1.4003779949709026e-12,Inf
3,541,1100.0,1.295430719713808e-15,1.3979272221580935e-12,Inf
3,542,1100.0,1.2954306259824913e-15,1.397205758048598e-12,Inf
3,543,1100.0,1.2954298160937098e-15,1.3952212556124244e-12,Inf
3,544,1100.0,1.2954301304885816e-15,1.3972807444032815e-12,Inf
3,545,1100.0,1.2954295756125551e-15,1.4000769521126515e-12,Inf
3,546,1100.0,1.2954281386689686e-15,1.3965681973248397e-12,Inf
3,547,1100.0,1.2954306405629632e-15,1.3974243231293286e-12,Inf
3,548,1100.0,1.2954283378066426e-15,1.396702429789112e-12,Inf
3,549,1100.0,1.2954320310541787e-15,1.3978491472733316e-12,Inf
3,550,1100.0,1.2954295904660613e-15,1.3966446375801061e-12,Inf
3,551,1100.0,1.295426932297333e-15,1.3970268534043698e-12,Inf
3,552,1100.0,1.2954297855817311e-15,1.3979270594910043e-12,Inf
3,553,1100.0,1.2954281745693342e-15,1.3969198755826999e-12,Inf
3,554,1100.0,1.2954311705749017e-15,1.3973141848329359e-12,Inf
3,555,1100.0,1.295423236478388e-15,1.3977857154776426e-12,Inf
3,556,1100.0,1.2954303304104212e-15,1.4009066467038832e-12,Inf
3,557,1100.0,1.29543010623357e-15,1.4029007863075847e-12,Inf
3,558,1100.0,1.295430738547717e-15,1.3973706228775926e-12,Inf
3,559,1100.0,1.295428061489544e-15,1.3992793920152243e-12,Inf
3,560,1100.0,1.2954303605986766e-15,1.3978017206211578e-12,Inf
3,561,1100.0,1.2954291438755703e-15,1.3979269454527415e-12,Inf
3,562,1100.0,1.2954264182441641e-15,1.399972805369855e-12,Inf
3,563,1100.0,1.2954298642073082e-15,1.3973110629636198e-12,Inf
3,564,1100.0,1.2954255359080127e-15,1.3985682816803146e-12,Inf
3,565,1100.0,1.2954253382185106e-15,1.402014167851327e-12,Inf
3,566,1100.0,1.2954311847339074e-15,1.3967766538331115e-12,Inf
3,567,1100.0,1.2954234170568028e-15,1.3980222826889007e-12,Inf
3,568,1100.0,1.2954270127691222e-15,1.3986290955691381e-12,Inf
3,569,1100.0,1.2954318638988696e-15,1.397436160656687e-12,Inf
3,570,1100.0,1.2954266558063567e-15,1.3983213187448966e-12,Inf
3,571,1100.0,1.2954262307708273e-15,1.4035102443241985e-12,Inf
3,572,1100.0,1.309664788056425e-15,1.4066517659800495e-12,Inf
3,573,1100.0,1.2954215998559056e-15,1.4020307200533378e-12,Inf
3,574,1100.0,1.296199048069032e-15,1.405945636654887e-12,Inf
3,575,1100.0,1.3065273183183979e-15,1.4064797098204035e-12,Inf
3,576,1100.0,1.2954311931006292e-15,1.401843830000371e-12,Inf
3,577,1100.0,1.295428587848236e-15,1.4049811000159072e-12,Inf
3,578,1100.0,1.295429559471628e-15,1.4056394489214156e-12,Inf
3,579,1100.0,1.2954295909151945e-15,1.397851678819819e-12,Inf
3,580,1100.0,1.2954290659184424e-15,1.3961251329873673e-12,Inf
3,581,1100.0,1.2954289567623074e-15,1.3979269120334198e-12,Inf
3,582,1100.0,1.295423226436706e-15,1.3957990109311338e-12,Inf
3,583,1100.0,1.2954285688315638e-15,1.3962934658399644e-12,Inf
3,584,1100.0,1.295430921446115e-15,1.397927257284418e-12,Inf
3,585,1100.0,1.2954316663024657e-15,1.3940062427020026e-12,Inf
3,586,1100.0,1.2954313415036166e-15,1.3944952266576274e-12,Inf
3,587,1100.0,1.2954308268419773e-15,1.3966024385706138e-12,Inf
3,588,1100.0,1.295429601791933e-15,1.3972228749029327e-12,Inf
3,589,1100.0,1.2954284724189782e-15,1.3943889990035583e-12,Inf
3,590,1100.0,1.2954306756937035e-15,1.3933435336791461e-12,Inf
3,591,1100.0,1.2954289035872764e-15,1.3978117841274991e-12,Inf
3,592,1100.0,1.2954291718654154e-15,1.3977323751035067e-12,Inf
3,593,1100.0,1.295426851288159e-15,1.3944944215792313e-12,Inf
3,594,1100.0,1.295432783159265e-15,1.3955402346567087e-12,Inf
3,595,1100.0,1.2954270373799669e-15,1.3976512996795894e-12,Inf
3,596,1100.0,1.2954286825622337e-15,1.3929387927465021e-12,Inf
3,597,1100.0,1.2954250559348466e-15,1.3994657493849582e-12,Inf
3,598,1100.0,1.2954251822343806e-15,1.398515150018688e-12,Inf
3,599,1100.0,1.2954258640363849e-15,1.3994266891127321e-12,Inf
3,600,1100.0,1.2954196654179086e-15,1.399296606604852e-12,Inf
3,601,1100.0,1.295428192910893e-15,1.399014040953938e-12,Inf
3,602,1100.0,1.295426684073275e-15,1.3955432091535172e-12,Inf
3,603,1100.0,1.2954263273290177e-15,1.3969195474829437e-12,Inf
3,604,1100.0,1.2954182792106243e-15,1.3963809823347602e-12,Inf
3,605,1100.0,1.295430399109629e-15,1.3934922718500359e-12,Inf
3,606,1100.0,1.2954272647364955e-15,1.3946097138052442e-12,Inf
3,607,1100.0,1.2954300936481462e-15,1.3933007631023775e-12,Inf
3,608,1100.0,1.2954205900216565e-15,1.396810217097315e-12,Inf
3,609,1100.0,1.2954218523018966e-15,1.3978990896043941e-12,Inf
3,610,1100.0,1.2954268785536152e-15,1.3977760544397502e-12,Inf
3,611,1100.0,1.2954273114602852e-15,1.3982135593953777e-12,Inf
3,612,1100.0,1.2954284872642045e-15,1.3985157360599215e-12,Inf
3,613,1100.0,1.2954280990505311e-15,1.3982136980830599e-12,Inf
3,614,1100.0,1.295425794058036e-15,1.3980851011449233e-12,Inf
3,615,1100.0,1.2954273356761188e-15,1.397313507247826e-12,Inf
3,616,1100.0,1.2954302720132067e-15,1.3977325698738059e-12,Inf
3,617,1100.0,1.2954302041389581e-15,1.3968717266700652e-12,Inf
3,618,1100.0,1.2954296437824562e-15,1.3966305517174097e-12,Inf
3,619,1100.0,1.2954304022452817e-15,1.397732592556369e-12,Inf
3,620,1100.0,1.2954306517739262e-15,1.3977326360847245e-12,Inf
3,621,1100.0,1.2954287103067116e-15,1.3975331881945155e-12,Inf
3,622,1100.0,1.2954293072392984e-15,1.3965303105245958e-12,Inf
3,623,1100.0,1.2954278268158192e-15,1.3977321360346012e-12,Inf
3,624,1100.0,1.2954280263042776e-15,1.3977321711696493e-12,Inf
3,625,1100.0,1.2954240728308906e-15,1.3972999037642145e-12,Inf
3,626,1100.0,1.2954261672368535e-15,1.3977156740296563e-12,Inf
3,627,1100.0,1.295424751963945e-15,1.3981132461570958e-12,Inf
3,628,1100.0,1.2954257218081716e-15,1.3980880695141536e-12,Inf
3,629,1100.0,1.2954233565179256e-15,1.3978137477827406e-12,Inf
3,630,1100.0,1.2954305723296503e-15,1.3977326222036261e-12,Inf
3,631,1100.0,1.2954280036743447e-15,1.4004909745137244e-12,Inf
3,632,1100.0,1.295427847423239e-15,1.3965822075658335e-12,Inf
3,633,1100.0,1.2954248857004304e-15,1.3974247523363812e-12,Inf
3,634,1100.0,1.2954215896050053e-15,1.4015209324428912e-12,Inf
3,635,1100.0,1.2954193388829092e-15,1.3980839420816887e-12,Inf
3,636,1100.0,1.2954217392202888e-15,1.4021297945404523e-12,Inf
3,637,1100.0,1.2954267963919218e-15,1.3972931615485818e-12,Inf
3,638,1100.0,1.295415919881693e-15,1.3962911858606538e-12,Inf
3,639,1100.0,1.2954236382902562e-15,1.3958772452232272e-12,Inf
3,640,1100.0,1.295416879088692e-15,1.3959212098860229e-12,Inf
3,641,1100.0,1.2954194597425593e-15,1.3958833296925385e-12,Inf
3,642,1100.0,1.2954301749497415e-15,1.3963970852501747e-12,Inf
3,643,1100.0,1.2954257599529916e-15,1.3961925760840355e-12,Inf
3,644,1100.0,1.2954303590677058e-15,1.3969902797909898e-12,Inf
3,645,1100.0,1.2954240222026307e-15,1.3970550443283352e-12,Inf
3,646,1100.0,1.2954293073655161e-15,1.3961641345329701e-12,Inf
3,647,1100.0,1.29542568633836e-15,1.3963823233602945e-12,Inf
3,648,1100.0,1.2954223174090357e-15,1.3977311537237938e-12,Inf
3,649,1100.0,1.2954256101036498e-15,1.3967217375478732e-12,Inf
3,650,1100.0,1.2954226505804632e-15,1.3965319262979556e-12,Inf
3,651,1100.0,1.2954270118431889e-15,1.397029730252041e-12,Inf
3,652,1100.0,1.2954269858235522e-15,1.3966441736666674e-12,Inf
3,653,1100.0,1.2954280637208717e-15,1.39671368858867e-12,Inf
3,654,1100.0,1.2954279059727225e-15,1.3970958840809536e-12,Inf
3,655,1100.0,1.2954238593637665e-15,1.3962912310488263e-12,Inf
3,656,1100.0,1.2954152107520323e-15,1.3966617985255744e-12,Inf
3,657,1100.0,1.2954242316709747e-15,1.397731496722324e-12,Inf
3,658,1100.0,1.2954180110011477e-15,1.3974860656425154e-12,Inf
3,659,1100.0,1.2954215154008863e-15,1.3983729009663647e-12,Inf
3,660,1100.0,1.2954265688552552e-15,1.3977319148270835e-12,Inf
3,661,1100.0,1.2954239740958985e-15,1.3968108251636736e-12,Inf
3,662,1100.0,1.2954276129231898e-15,1.3965723221919814e-12,Inf
3,663,1100.0,1.295423464502154e-15,1.3969961953470477e-12,Inf
3,664,1100.0,1.2954229261348028e-15,1.3965869537945778e-12,Inf
3,665,1100.0,1.2954280063089634e-15,1.3962209297450638e-12,Inf
3,666,1100.0,1.2954285219884226e-15,1.3957013200500799e-12,Inf
3,667,1100.0,1.2954243278392028e-15,1.396505567201298e-12,Inf
3,668,1100.0,1.2954297258417618e-15,1.3973110384912021e-12,Inf
3,669,1100.0,1.2954251008174728e-15,1.3977316526503783e-12,Inf
3,670,1100.0,1.2954274528425367e-15,1.3973468499648776e-12,Inf
3,671,1100.0,1.2954279284354421e-15,1.3967945060502586e-12,Inf
3,672,1100.0,1.2954296226265446e-15,1.3973081264913383e-12,Inf
3,673,1100.0,1.2954271894957754e-15,1.3965722478148082e-12,Inf
3,674,1100.0,1.2954258294749371e-15,1.3955646672829011e-12,Inf
3,675,1100.0,1.2954193586544646e-15,1.3955702531673073e-12,Inf
3,676,1100.0,1.2954306223712501e-15,1.3982321193166514e-12,Inf
3,677,1100.0,1.2954311118915264e-15,1.3977327170932842e-12,Inf
3,678,1100.0,1.2954269058544125e-15,1.3958078584443408e-12,Inf
3,679,1100.0,1.2954271391720537e-15,1.3954795578048176e-12,Inf
3,680,1100.0,1.2954238612669281e-15,1.3958114027277907e-12,Inf
3,681,1100.0,1.2954277834209468e-15,1.3955052724356905e-12,Inf
3,682,1100.0,1.2954300118000787e-15,1.397732524323438e-12,Inf
3,683,1100.0,1.2954272891346885e-15,1.3977320418846184e-12,Inf
3,684,1100.0,1.2954257908735118e-15,1.3977464852815854e-12,Inf
3,685,1100.0,1.2954277205735976e-15,1.396601885241525e-12,Inf
3,686,1100.0,1.2954231670135938e-15,1.3958071852704807e-12,Inf
3,687,1100.0,1.2954235283998369e-15,1.3980371757013047e-12,Inf
3,688,1100.0,1.295414838143315e-15,1.3970046489803594e-12,Inf
3,689,1100.0,1.2954237569381675e-15,1.3986102681432905e-12,Inf
3,690,1100.0,1.2954201869217614e-15,1.3985294075722243e-12,Inf
3,691,1100.0,1.2954231647636867e-15,1.3985147913870576e-12,Inf
3,692,1100.0,1.295428973026423e-15,1.3977323395326042e-12,Inf
3,693,1100.0,1.2954245675842555e-15,1.3975923255588316e-12,Inf
3,694,1100.0,1.2954223861292461e-15,1.39773116644949e-12,Inf
3,695,1100.0,1.2954243248729848e-15,1.398674047239867e-12,Inf
3,696,1100.0,1.2954297262511112e-15,1.3972662255120981e-12,Inf
3,697,1100.0,1.2954279248964985e-15,1.3990940410629506e-12,Inf
3,698,1100.0,1.2954279842198483e-15,1.3981584777265865e-12,Inf
3,699,1100.0,1.295419339255504e-15,1.3978749661684121e-12,Inf
3,700,1100.0,1.2954302241490145e-15,1.396640520158765e-12,Inf
3,701,1100.0,1.2954305944022057e-15,1.3961226409682308e-12,Inf
3,702,1100.0,1.295426986282379e-15,1.3957775663578796e-12,Inf
3,703,1100.0,1.295431955913625e-15,1.3981070570357098e-12,Inf
3,704,1100.0,1.2954168788122246e-15,1.3980730691824467e-12,Inf
3,705,1100.0,1.2954242264788816e-15,1.3972046181959717e-12,Inf
3,706,1100.0,1.2954306654953097e-15,1.394841759897265e-12,Inf
3,707,1100.0,1.295427431538799e-15,1.396247191460634e-12,Inf
3,708,1100.0,1.2954280068657351e-15,1.397732167759424e-12,Inf
3,709,1100.0,1.2954305790399915e-15,1.3977326233856826e-12,Inf
3,710,1100.0,1.2954324661620862e-15,1.397732947082894e-12,Inf
3,711,1100.0,1.295428812812282e-15,1.3931276052029167e-12,Inf
3,712,1100.0,1.2954312340258747e-15,1.3983416804096354e-12,Inf
3,713,1100.0,1.2954317091581358e-15,1.396937605379641e-12,Inf
3,714,1100.0,1.295432637776012e-15,1.3970006774258126e-12,Inf
3,715,1100.0,1.2954331462541934e-15,1.3971615136957812e-12,Inf
3,716,1100.0,1.2954328510781442e-15,1.3976699130172825e-12,Inf
3,717,1100.0,1.2954315599318049e-15,1.3977269140594873e-12,Inf
3,718,1100.0,1.2954328890856393e-15,1.396934956031622e-12,Inf
3,719,1100.0,1.2954332109909718e-15,1.3967103503537284e-12,Inf
3,720,1100.0,1.2954328681179436e-15,1.3980284067669262e-12,Inf
3,721,1100.0,1.295431110092974e-15,1.4045037934960417e-12,Inf
3,722,1100.0,1.302090274099624e-15,1.4062545099658504e-12,Inf
3,723,1100.0,1.2954301268803697e-15,1.4010344563846393e-12,Inf
3,724,1100.0,1.2954278061058097e-15,1.4019365191766584e-12,Inf
3,725,1100.0,1.2954272405976043e-15,1.4009434535042342e-12,Inf
3,726,1100.0,1.2954188374927124e-15,1.4040274080537075e-12,Inf
3,727,1100.0,1.2954258157713251e-15,1.40430225572997e-12,Inf
3,728,1100.0,1.2954237038089788e-15,1.3977314021315884e-12,Inf
3,729,1100.0,1.3093854452328423e-15,1.4066362484948389e-12,Inf
3,730,1100.0,1.2954243951223484e-15,1.4052067268490005e-12,Inf
3,731,1100.0,1.2954308494204133e-15,1.4038869067988245e-12,Inf
3,732,1100.0,1.2954114739692696e-15,1.397729210552035e-12,Inf
3,733,1100.0,1.2954264834609739e-15,1.4032632426392956e-12,Inf
3,734,1100.0,1.295425574188744e-15,1.3984188646361806e-12,Inf
3,735,1100.0,1.2954294818840656e-15,1.3981796743392111e-12,Inf
3,736,1100.0,1.295430175002248e-15,1.397732552921744e-12,Inf
3,737,1100.0,1.2954231145035788e-15,1.3977312969425953e-12,Inf
3,738,1100.0,1.295423221111125e-15,1.3995231360806688e-12,Inf
3,739,1100.0,1.2954231718084544e-15,1.4004158937641409e-12,Inf
3,740,1100.0,1.2954284382953545e-15,1.3984357810286097e-12,Inf
3,741,1100.0,1.2954290107507865e-15,1.398565861335836e-12,Inf
3,742,1100.0,1.295419336336542e-15,1.398462861818886e-12,Inf
3,743,1100.0,1.2954199702378014e-15,1.4007330808188822e-12,Inf
3,744,1100.0,1.2954260695917769e-15,1.4006881765735957e-12,Inf
3,745,1100.0,1.2954235761477068e-15,1.3983687487466634e-12,Inf
3,746,1100.0,1.2954209544185463e-15,1.3977309106942939e-12,Inf
3,747,1100.0,1.2954318390695168e-15,1.3982966785921771e-12,Inf
3,748,1100.0,1.2954290112871615e-15,1.4000704336138683e-12,Inf
3,749,1100.0,1.2954261693472142e-15,1.39830770244595e-12,Inf
3,750,1100.0,1.2954261692916784e-15,1.3997878153576652e-12,Inf
3,751,1100.0,1.2954173206775271e-15,1.3979322354587365e-12,Inf
3,752,1100.0,1.2954266859217087e-15,1.4008547878849972e-12,Inf
3,753,1100.0,1.2954140385302736e-15,1.397053245657421e-12,Inf
3,754,1100.0,1.2954254990946384e-15,1.3983947132383493e-12,Inf
3,755,1100.0,1.2954282648760101e-15,1.398113870628749e-12,Inf
3,756,1100.0,1.295428299578216e-15,1.4006967735214533e-12,Inf
3,757,1100.0,1.2954299083411098e-15,1.3974358225077292e-12,Inf
3,758,1100.0,1.2954259347122635e-15,1.3982163093474674e-12,Inf
3,759,1100.0,1.2954229867584983e-15,1.398818432351981e-12,Inf
3,760,1100.0,1.295432357229912e-15,1.4013727187716683e-12,Inf
3,761,1100.0,1.2954295844110427e-15,1.3991606382162431e-12,Inf
3,762,1100.0,1.2954262966558842e-15,1.3987201518235901e-12,Inf
3,763,1100.0,1.2954289303957234e-15,1.3991496624711044e-12,Inf
3,764,1100.0,1.295428298497792e-15,1.3990186895649898e-12,Inf
3,765,1100.0,1.2954290528230989e-15,1.3977014943801069e-12,Inf
3,766,1100.0,1.295424885197175e-15,1.3974465615393447e-12,Inf
3,767,1100.0,1.2954281017847104e-15,1.396706627488033e-12,Inf
3,768,1100.0,1.2954274069863173e-15,1.3981643548597908e-12,Inf
3,769,1100.0,1.29542522373114e-15,1.3973609446375658e-12,Inf
3,770,1100.0,1.2954283190171623e-15,1.3973701949168237e-12,Inf
3,771,1100.0,1.2954293196251971e-15,1.397499755270446e-12,Inf
3,772,1100.0,1.295424376583688e-15,1.3968379918732572e-12,Inf
3,773,1100.0,1.2954273121250993e-15,1.3970140437648457e-12,Inf
3,774,1100.0,1.2954160857742188e-15,1.3973578498395207e-12,Inf
3,775,1100.0,1.2954299571467854e-15,1.3970876412338841e-12,Inf
3,776,1100.0,1.295422594800096e-15,1.3977312037401985e-12,Inf
3,777,1100.0,1.2954282293090613e-15,1.3963604563163707e-12,Inf
3,778,1100.0,1.29542363952719e-15,1.3969361725148408e-12,Inf
3,779,1100.0,1.29542674045767e-15,1.3968583121268317e-12,Inf
3,780,1100.0,1.2954289292963164e-15,1.3969342656577154e-12,Inf
4,1,400.0,6.427284958082513e-15,5.582290708929831e-12,Inf
4,2,400.0,6.427334711836367e-15,5.576058357402731e-12,Inf
4,3,400.0,6.427334596838067e-15,5.560197955668026e-12,Inf
4,4,400.0,6.427306696941542e-15,5.568745894418243e-12,Inf
4,5,400.0,6.427312541032346e-15,5.5731752860662565e-12,Inf
4,6,400.0,6.4273060828754515e-15,5.582303204333656e-12,Inf
4,7,400.0,6.427302214087911e-15,5.566445216046893e-12,Inf
4,8,400.0,6.427330075699867e-15,5.56226989748198e-12,Inf
4,9,400.0,6.427329013558763e-15,5.584358073881968e-12,Inf
4,10,400.0,6.427307656874141e-15,5.582304139021397e-12,Inf
4,11,400.0,6.4273279841656106e-15,5.580357821414554e-12,Inf
4,12,400.0,6.427287033381735e-15,5.576238103613548e-12,Inf
4,13,400.0,6.427295822431006e-15,5.258619149280499e-12,Inf
4,14,400.0,6.427258625995364e-15,5.582274950616254e-12,Inf
4,15,400.0,6.42726181042908e-15,5.266923460730181e-12,Inf
4,16,400.0,6.427317505668601e-15,5.547993127943136e-12,Inf
4,17,400.0,6.427283345573073e-15,5.262306317987089e-12,Inf
4,18,400.0,6.427200163104026e-15,5.53848749145627e-12,Inf
4,19,400.0,6.4272577655053836e-15,5.606061284887383e-12,Inf
4,20,400.0,6.426894810995681e-15,5.592638427861325e-12,Inf
4,21,400.0,6.427235188812561e-15,5.591988618786321e-12,Inf
4,22,400.0,6.427184992096219e-15,5.604354971784807e-12,Inf
4,23,400.0,6.427179087462095e-15,5.5822252066531124e-12,Inf
4,24,400.0,6.427053299474746e-15,5.584184893992084e-12,Inf
4,25,400.0,6.426938782110818e-15,5.616852539468753e-12,Inf
4,26,400.0,6.4272086417319615e-15,5.598800463139368e-12,Inf
4,27,400.0,6.4271948071951855e-15,5.62654270317141e-12,Inf
4,28,400.0,6.427138074820619e-15,5.6066963516937895e-12,Inf
4,29,400.0,6.4270491113187486e-15,5.590576127344717e-12,Inf
4,30,400.0,6.4269617899190284e-15,5.68958952161237e-12,Inf
4,31,400.0,6.427160440372359e-15,5.650481136409063e-12,Inf
4,32,400.0,6.42722641491265e-15,5.622731538182986e-12,Inf
4,33,400.0,6.427135236080544e-15,5.618927951721052e-12,Inf
4,34,400.0,6.427081235731675e-15,5.598672024500561e-12,Inf
4,35,400.0,6.427088006673509e-15,5.604625062937521e-12,Inf
4,36,400.0,6.426894716104171e-15,5.613526012800856e-12,Inf
4,37,400.0,6.427094435401676e-15,5.615563486765569e-12,Inf
4,38,400.0,6.427229281902882e-15,5.62004304454175e-12,Inf
4,39,400.0,6.427070513264044e-15,5.582155238982903e-12,Inf
4,40,400.0,6.427037056072512e-15,5.6217986954214424e-12,Inf
4,41,400.0,6.427061465573005e-15,5.602044982551853e-12,Inf
4,42,400.0,6.4270944414189305e-15,5.58217081529437e-12,Inf
4,43,400.0,6.427208029330734e-15,5.593159539504907e-12,Inf
4,44,400.0,6.427166578029886e-15,5.598565203812032e-12,Inf
4,45,400.0,6.427105417588671e-15,5.605510226179514e-12,Inf
4,46,400.0,6.427170928722835e-15,5.58800757358821e-12,Inf
4,47,400.0,3.213633996585591e-15,2.791139787923868e-12,Inf
4,48,400.0,6.4271714509153315e-15,5.584673400866701e-12,Inf
4,49,400.0,6.427256004146246e-15,5.550794788888982e-12,Inf
4,50,400.0,6.4272715191666755e-15,5.547875220217117e-12,Inf
4,51,400.0,6.4272190276089765e-15,5.579002001324893e-12,Inf
4,52,400.0,6.42723016019017e-15,5.556141583093325e-12,Inf
4,53,400.0,6.427209024620458e-15,5.5699969214740786e-12,Inf
4,54,400.0,6.427195991650776e-15,5.551386555613833e-12,Inf
4,55,400.0,6.4272593306345e-15,5.572161243644834e-12,Inf
4,56,400.0,6.4272299130877335e-15,5.5969812875915664e-12,Inf
4,57,400.0,6.427240100027003e-15,5.59877358929607e-12,Inf
4,58,400.0,6.4272759719049545e-15,5.571132476874916e-12,Inf
4,59,400.0,6.427096480579891e-15,5.594577302438421e-12,Inf
4,60,400.0,6.427310859022771e-15,5.578972997435869e-12,Inf
4,61,400.0,6.426990477221218e-15,5.598728224291126e-12,Inf
4,62,400.0,6.427287666712894e-15,5.571708514493872e-12,Inf
4,63,400.0,3.213633996585591e-15,2.791139787923868e-12,Inf
4,64,400.0,6.4271644073003556e-15,5.565606449324627e-12,Inf
4,65,400.0,6.426962336495582e-15,5.5908984578245585e-12,Inf
4,66,400.0,6.427313482431738e-15,5.583401270171226e-12,Inf
4,67,400.0,6.427302527456077e-15,5.5573424329550634e-12,Inf
4,68,400.0,6.4272458357143345e-15,5.553405896936546e-12,Inf
4,69,400.0,6.427299829831076e-15,5.586203706005806e-12,Inf
4,70,400.0,6.427033989920776e-15,5.597700255319262e-12,Inf
4,71,400.0,6.427220260690508e-15,5.593596558498083e-12,Inf
4,72,400.0,6.4271991170856734e-15,5.582237995179135e-12,Inf
4,73,400.0,6.427150498713143e-15,5.609537809152736e-12,Inf
4,74,400.0,6.427330180760691e-15,5.586353157322814e-12,Inf
4,75,400.0,6.427224121085074e-15,5.582253677708872e-12,Inf
4,76,400.0,6.4270601246930376e-15,5.5883284539734475e-12,Inf
4,77,400.0,6.427294277429682e-15,5.519402470495605e-12,Inf
4,78,400.0,6.42715302732592e-15,5.6000124759783466e-12,Inf
4,79,400.0,6.42704904585435e-15,5.590955762982908e-12,Inf
4,80,400.0,6.4271682094659295e-15,5.542659310561552e-12,Inf
4,81,400.0,6.427235880640899e-15,5.579118031183774e-12,Inf
4,82,400.0,6.427328309862322e-15,5.543733678304396e-12,Inf
4,83,400.0,6.427303494751715e-15,5.543718747096093e-12,Inf
4,84,400.0,6.427316854178242e-15,5.543726752807779e-12,Inf
4,85,400.0,6.427081290549354e-15,5.543580120132807e-12,Inf
4,86,400.0,6.427315511509012e-15,5.543725942668758e-12,Inf
4,87,400.0,6.427311475344221e-15,5.543723513335299e-12,Inf
4,88,400.0,6.4272548417652305e-15,5.543689867251131e-12,Inf
4,89,400.0,6.42733717809475e-15,5.543738953975403e-12,Inf
4,90,400.0,6.4272914788321e-15,5.543711614386267e-12,Inf
4,91,400.0,6.427287615281485e-15,5.543709329644087e-12,Inf
4,92,400.0,6.427273945257524e-15,5.5437012512319395e-12,Inf
4,93,400.0,6.427339875407135e-15,5.543740555368084e-12,Inf
4,94,400.0,6.427228741232107e-15,5.543673968424853e-12,Inf
4,95,400.0,6.4269713560988305e-15,5.520142358165731e-12,Inf
4,96,400.0,6.426980413584366e-15,5.5264455237132075e-12,Inf
4,97,400.0,6.4271556157267295e-15,5.525318523356648e-12,Inf
4,98,400.0,6.4269666251863355e-15,5.524066904161915e-12,Inf
4,99,400.0,6.426990729027437e-15,5.521820587945356e-12,Inf
4,100,400.0,6.427267570377683e-15,5.526217257696667e-12,Inf
4,101,400.0,6.427187688255883e-15,5.528978782032378e-12,Inf
4,102,400.0,6.427218313353866e-15,5.536583102778295e-12,Inf
4,103,400.0,6.427243437762975e-15,5.534650576788893e-12,Inf
4,104,400.0,6.4272607273871255e-15,5.533201474724589e-12,Inf
4,105,400.0,6.427187724772191e-15,5.526385192514452e-12,Inf
4,106,400.0,6.427097564433679e-15,5.529036138675687e-12,Inf
4,107,400.0,6.4271025799116525e-15,5.525646003334822e-12,Inf
4,108,400.0,6.427178486566271e-15,5.5436424488395514e-12,Inf
4,109,400.0,6.427203461844571e-15,5.518718227235835e-12,Inf
4,110,400.0,6.4271351837234036e-15,5.532113316152874e-12,Inf
4,111,400.0,6.42722947711266e-15,5.541708445327124e-12,Inf
4,112,400.0,6.427242263375724e-15,5.562295137904476e-12,Inf
4,113,400.0,6.427277475186164e-15,5.532703294519952e-12,Inf
4,114,400.0,6.427196755887306e-15,5.536877251235e-12,Inf
4,115,400.0,6.427197918633444e-15,5.530960281293145e-12,Inf
4,116,400.0,6.427201670282032e-15,5.53848843178439e-12,Inf
4,117,400.0,6.427251826983511e-15,5.543082168004109e-12,Inf
4,118,400.0,6.427208328539894e-15,5.538406371477356e-12,Inf
4,119,400.0,6.427180449970735e-15,5.5393965630809745e-12,Inf
4,120,400.0,6.427210271892499e-15,5.528413256661634e-12,Inf
4,121,400.0,6.427251055419486e-15,5.521128447603526e-12,Inf
4,122,400.0,6.427215025448256e-15,5.5269044978135605e-12,Inf
4,123,400.0,6.4272052480627476e-15,5.546999991095704e-12,Inf
4,124,400.0,6.427211902313954e-15,5.548968323464111e-12,Inf
4,125,400.0,6.427253509792802e-15,5.538727525016515e-12,Inf
4,126,400.0,6.427221225100708e-15,5.5465381331689534e-12,Inf
4,127,400.0,6.427279362829286e-15,5.5500353362084546e-12,Inf
4,128,400.0,6.427266821105529e-15,5.527446315786778e-12,Inf
4,129,400.0,6.427252899511225e-15,5.557312921702291e-12,Inf
4,130,400.0,6.427226594137809e-15,5.533382171975052e-12,Inf
4,131,400.0,6.427244750339472e-15,5.529710835376732e-12,Inf
4,132,400.0,6.4272189262906606e-15,5.565700403188331e-12,Inf
4,133,400.0,6.427191038106335e-15,5.5143395045481934e-12,Inf
4,134,400.0,6.427251414671134e-15,5.5201023284612605e-12,Inf
4,135,400.0,6.427287132123997e-15,5.5091884974543555e-12,Inf
4,136,400.0,6.427210295341131e-15,5.512084012380742e-12,Inf
4,137,400.0,6.427024101658331e-15,5.543542887088348e-12,Inf
4,138,400.0,6.427011707505534e-15,5.599524420776239e-12,Inf
4,139,400.0,6.427259026024432e-15,5.549803476231608e-12,Inf
4,140,400.0,6.426840654997109e-15,5.572541730999923e-12,Inf
4,141,400.0,6.427127644972976e-15,5.65914329661796e-12,Inf
4,142,400.0,6.427189982726463e-15,5.69032329359884e-12,Inf
4,143,400.0,6.4272281468309435e-15,5.544423568338633e-12,Inf
4,144,400.0,6.4271850193455195e-15,5.577029717961113e-12,Inf
4,145,400.0,6.427188199884863e-15,5.542051418823106e-12,Inf
4,146,400.0,6.427164935646624e-15,5.562695798982573e-12,Inf
4,147,400.0,6.426913593107304e-15,5.592763906657308e-12,Inf
4,148,400.0,6.426891270741823e-15,5.578640136926021e-12,Inf
4,149,400.0,6.4271234653416245e-15,5.664344132862703e-12,Inf
4,150,400.0,6.427236517666906e-15,5.6394426969372515e-12,Inf
4,151,400.0,6.427153815334199e-15,5.629413677943261e-12,Inf
4,152,400.0,6.427221226691253e-15,5.543669350603363e-12,Inf
4,153,400.0,6.427030745814541e-15,5.543547214842935e-12,Inf
4,154,400.0,6.4271573711251584e-15,5.577743615722891e-12,Inf
4,155,400.0,6.427194081992048e-15,5.631648362573534e-12,Inf
4,156,400.0,6.427101653866801e-15,5.6479183542649754e-12,Inf
4,157,400.0,6.4272296211309435e-15,5.586555001237267e-12,Inf
4,158,400.0,6.427112054287331e-15,5.53550528387406e-12,Inf
4,159,400.0,6.427074164138769e-15,5.594063092551267e-12,Inf
4,160,400.0,6.4272415216677486e-15,5.49733634759022e-12,Inf
4,161,400.0,6.4272340673737544e-15,5.537831802910858e-12,Inf
4,162,400.0,6.427182260523693e-15,5.565578227118347e-12,Inf
4,163,400.0,6.4271510406570006e-15,5.572175124324524e-12,Inf
4,164,400.0,6.4271257496695485e-15,5.594255532125749e-12,Inf
4,165,400.0,6.427153164624977e-15,5.58993559705342e-12,Inf
4,166,400.0,6.427147153552741e-15,5.567825290403849e-12,Inf
4,167,400.0,6.4270062387253145e-15,5.5315239631728675e-12,Inf
4,168,400.0,6.427166584022906e-15,5.595299524704283e-12,Inf
4,169,400.0,6.42730023553247e-15,5.542810768716979e-12,Inf
4,170,400.0,6.42727830009203e-15,5.556662664913391e-12,Inf
4,171,400.0,6.427267882922708e-15,5.555295440245477e-12,Inf
4,172,400.0,6.427145248033148e-15,5.557359301450744e-12,Inf
4,173,400.0,6.4272456887338716e-15,5.5322163527550114e-12,Inf
4,174,400.0,6.427245206947209e-15,5.5436840215305565e-12,Inf
4,175,400.0,6.427222010204969e-15,5.536893097119957e-12,Inf
4,176,400.0,6.427147244710629e-15,5.5355786511778104e-12,Inf
4,177,400.0,6.4272948263763014e-15,5.536748816146417e-12,Inf
4,178,400.0,6.427189411122041e-15,5.569016387617823e-12,Inf
4,179,400.0,6.427161556662289e-15,5.5786699987622935e-12,Inf
4,180,400.0,6.427204111644217e-15,5.568182227971484e-12,Inf
4,181,400.0,6.4271948636769195e-15,5.569907063548119e-12,Inf
4,182,400.0,6.427266099680443e-15,5.588879545817214e-12,Inf
4,183,400.0,6.427229443772596e-15,5.543692147095531e-12,Inf
4,184,400.0,6.427130607450062e-15,5.571082175098405e-12,Inf
4,185,400.0,6.427253273974434e-15,5.589620760551619e-12,Inf
4,186,400.0,6.427174217307799e-15,5.6295595624371244e-12,Inf
4,187,400.0,6.427060118788067e-15,5.590538726126092e-12,Inf
4,188,400.0,6.427339767505302e-15,5.543740491510143e-12,Inf
4,189,400.0,6.427338170965132e-15,5.543739542509949e-12,Inf
4,190,400.0,6.42735220590176e-15,5.543747829209616e-12,Inf
4,191,400.0,6.427324295787454e-15,5.543731255218878e-12,Inf
4,192,400.0,6.427245395949901e-15,5.543684139395782e-12,Inf
4,193,400.0,6.427211896648898e-15,5.543663556902929e-12,Inf
4,194,400.0,6.427162691023369e-15,5.543632393747772e-12,Inf
4,195,400.0,3.2136632471808143e-15,2.7718662005931356e-12,Inf
4,196,400.0,6.427025772219048e-15,5.543543984666084e-12,Inf
4,197,400.0,6.4271111028826084e-15,5.517114406224167e-12,Inf
4,198,400.0,6.4272580312840074e-15,5.543691784634976e-12,Inf
4,199,400.0,6.427300039880829e-15,5.543716691853171e-12,Inf
4,200,400.0,6.427310677648881e-15,5.543723034671227e-12,Inf
4,201,400.0,6.427252325377602e-15,5.54368834684587e-12,Inf
4,202,400.0,6.427068001662592e-15,5.543571499158991e-12,Inf
4,203,400.0,6.427313180833124e-15,5.543724538417115e-12,Inf
4,204,400.0,6.427301745978809e-15,5.54371770597363e-12,Inf
4,205,400.0,6.427310852780142e-15,5.543723140069832e-12,Inf
4,206,400.0,6.4272910535546366e-15,5.54371136339906e-12,Inf
4,207,400.0,6.427303636678621e-15,5.543718830990556e-12,Inf
4,208,400.0,6.427319108458669e-15,5.543728115298637e-12,Inf
4,209,400.0,6.4272171522273536e-15,5.543666830997559e-12,Inf
4,210,400.0,3.2136632471808143e-15,2.7718662005931356e-12,Inf
4,211,400.0,6.4271714908526454e-15,5.5508341161328925e-12,Inf
4,212,400.0,6.427266331200541e-15,5.546277875220624e-12,Inf
4,213,400.0,6.427196344285787e-15,5.525344411479751e-12,Inf
4,214,400.0,6.427145811232477e-15,5.505244424850714e-12,Inf
4,215,400.0,6.4271850599791515e-15,5.5563400185655e-12,Inf
4,216,400.0,6.427164975805273e-15,5.548647348955793e-12,Inf
4,217,400.0,6.427226932038666e-15,5.543672862675569e-12,Inf
4,218,400.0,6.427040178264926e-15,5.52787975593472e-12,Inf
4,219,400.0,6.427113795880568e-15,5.546815498053584e-12,Inf
4,220,400.0,6.42722864502147e-15,5.525316358568096e-12,Inf
4,221,400.0,6.427194956787245e-15,5.256657764776589e-12,Inf
4,222,400.0,6.42718207919504e-15,5.264888603258203e-12,Inf
4,223,400.0,6.427308703016894e-15,5.515734411119586e-12,Inf
4,224,400.0,6.4273304026042304e-15,5.515961043235253e-12,Inf
4,225,400.0,6.427304062434299e-15,5.516006325161944e-12,Inf
4,226,400.0,6.427257999181483e-15,5.529137058343897e-12,Inf
4,227,400.0,6.427195982553405e-15,5.528142826876225e-12,Inf
4,228,400.0,6.427304353510594e-15,5.527023042517407e-12,Inf
4,229,400.0,6.4273018555358115e-15,5.51437632739275e-12,Inf
4,230,400.0,6.4273136947005e-15,5.516448658806078e-12,Inf
4,231,400.0,6.427293248191625e-15,5.5190052286131354e-12,Inf
4,232,400.0,6.4272949818087084e-15,5.521044517743941e-12,Inf
4,233,400.0,6.427264935838936e-15,5.517210646577507e-12,Inf
4,234,400.0,6.427328524775801e-15,5.521080167113421e-12,Inf
4,235,400.0,6.4272737991745195e-15,5.531494175267762e-12,Inf
4,236,400.0,6.427256532423044e-15,5.525221091255506e-12,Inf
4,237,400.0,6.42714917164483e-15,5.559756722280601e-12,Inf
4,238,400.0,6.4273097637225486e-15,5.521006068335182e-12,Inf
4,239,400.0,6.427141667900945e-15,5.5436190033799105e-12,Inf
4,240,400.0,6.427255756407268e-15,5.518905471429594e-12,Inf
4,241,400.0,6.427160991298073e-15,5.518924139346666e-12,Inf
4,242,400.0,6.427266916934888e-15,5.516237442135345e-12,Inf
4,243,400.0,6.427236652661328e-15,5.5236899676781985e-12,Inf
4,244,400.0,6.427329257210306e-15,5.543734244528279e-12,Inf
4,245,400.0,6.427315140361795e-15,5.5437257188441726e-12,Inf
4,246,400.0,6.427330763917368e-15,5.5437351445064985e-12,Inf
4,247,400.0,6.427335718949765e-15,5.54373808945295e-12,Inf
4,248,400.0,6.427313431880824e-15,5.5437246894914345e-12,Inf
4,249,400.0,6.427326626298552e-15,5.543732664666769e-12,Inf
4,250,400.0,6.427328682432871e-15,5.543733900959967e-12,Inf
4,251,400.0,6.42732737474191e-15,5.543733118620255e-12,Inf
4,252,400.0,6.427342917805701e-15,5.543742352433822e-12,Inf
4,253,400.0,6.427105448855129e-15,5.543595756018974e-12,Inf
4,254,400.0,6.427151868613095e-15,5.52103495765461e-12,Inf
4,255,400.0,6.427180967123408e-15,5.554357556456078e-12,Inf
4,256,400.0,6.4272056241471985e-15,5.5623699116164295e-12,Inf
4,257,400.0,6.4271005685379825e-15,5.558495265822144e-12,Inf
4,258,400.0,6.426957037961895e-15,5.5440709318822214e-12,Inf
4,259,400.0,6.426901392519617e-15,5.5232347163112565e-12,Inf
4,260,400.0,6.427046181413515e-15,5.5393276139394706e-12,Inf
4,261,400.0,6.426904415353423e-15,5.514184010430375e-12,Inf
4,262,400.0,6.427213870502172e-15,5.561150174683609e-12,Inf
4,263,400.0,6.427058864619084e-15,5.5435655497238326e-12,Inf
4,264,400.0,6.427336688187339e-15,5.543738663872608e-12,Inf
4,265,400.0,6.427300671269245e-15,5.543717067534775e-12,Inf
4,266,400.0,6.427340024179284e-15,5.543740643428569e-12,Inf
4,267,400.0,6.427335726984888e-15,5.543738094208643e-12,Inf
4,268,400.0,6.427342876213218e-15,5.543742327906813e-12,Inf
4,269,400.0,6.427299229579871e-15,5.543716210495693e-12,Inf
4,270,400.0,6.42732108619743e-15,5.543729311383404e-12,Inf
4,271,400.0,6.426732945445944e-15,5.519981189662883e-12,Inf
4,272,400.0,6.427156767965089e-15,5.519645209134998e-12,Inf
4,273,400.0,6.4271993034081064e-15,5.529133835564291e-12,Inf
4,274,400.0,6.427075473840328e-15,5.528874110176968e-12,Inf
4,275,400.0,6.4268783295996905e-15,5.518553489814299e-12,Inf
4,276,400.0,6.4271064511589245e-15,5.5202300115832535e-12,Inf
4,277,400.0,6.4271233120296756e-15,5.516861109508273e-12,Inf
4,278,400.0,6.427098596990151e-15,5.526360722665213e-12,Inf
4,279,400.0,6.427194014760198e-15,5.250364547085934e-12,Inf
4,280,400.0,6.427000417558076e-15,5.500077710207199e-12,Inf
4,281,400.0,6.426949662477049e-15,5.518818401727142e-12,Inf
4,282,400.0,6.4271006158439894e-15,5.514988243876775e-12,Inf
4,283,400.0,6.427218316362897e-15,5.5136830803789776e-12,Inf
4,284,400.0,6.4270417206554615e-15,5.543554372898251e-12,Inf
4,285,400.0,6.427237627377357e-15,5.569933717839107e-12,Inf
4,286,400.0,6.427269531974306e-15,5.561222855895907e-12,Inf
4,287,400.0,6.427011804953711e-15,5.5550383288109996e-12,Inf
4,288,400.0,6.427101573796687e-15,5.538252154603747e-12,Inf
4,289,400.0,6.42729237248443e-15,5.5589609451078585e-12,Inf
4,290,400.0,6.427105444660257e-15,5.550516147470532e-12,Inf
4,291,400.0,6.4273014587548815e-15,5.262896040953844e-12,Inf
4,292,400.0,6.427239117277467e-15,5.548985065759079e-12,Inf
4,293,400.0,6.4272833874087015e-15,5.5405078342523715e-12,Inf
4,294,400.0,6.427247710330977e-15,5.552549642882251e-12,Inf
4,295,400.0,6.427199803669816e-15,5.540915032881002e-12,Inf
4,296,400.0,6.427260455183312e-15,5.5426284761943395e-12,Inf
4,297,400.0,6.426920360424568e-15,5.556946051770943e-12,Inf
4,298,400.0,6.427179060930115e-15,5.5561093978057656e-12,Inf
4,299,400.0,6.42728937705906e-15,5.543710371733622e-12,Inf
4,300,400.0,6.427244668854104e-15,5.541665236442819e-12,Inf
4,301,400.0,6.427205595870385e-15,5.546456421790115e-12,Inf
4,302,400.0,6.42724620849491e-15,5.540346098785883e-12,Inf
4,303,400.0,6.427253182841587e-15,5.542588851583049e-12,Inf
4,304,400.0,6.427243071860762e-15,5.536717941050234e-12,Inf
4,305,400.0,6.4272579029021836e-15,5.551997360079025e-12,Inf
4,306,400.0,6.427223770320912e-15,5.544420837253153e-12,Inf
4,307,400.0,6.427283435204231e-15,5.53906137288854e-12,Inf
4,308,400.0,6.427246229759268e-15,5.5648472429388726e-12,Inf
4,309,400.0,6.427240359352972e-15,5.5393992483122745e-12,Inf
4,310,400.0,6.427195113737496e-15,5.578314548089029e-12,Inf
4,311,400.0,6.4270667499743434e-15,5.585362909799246e-12,Inf
4,312,400.0,6.4271749832406956e-15,5.6023539863443165e-12,Inf
4,313,400.0,6.427235978907371e-15,5.596778312004176e-12,Inf
4,314,400.0,6.427198604416255e-15,5.587870982528145e-12,Inf
4,315,400.0,6.427235206962067e-15,5.594552177011873e-12,Inf
4,316,400.0,6.42711012224626e-15,5.600101252621129e-12,Inf
4,317,400.0,6.427180847875306e-15,5.586633810451733e-12,Inf
4,318,400.0,6.427153011695922e-15,5.586112784047176e-12,Inf
4,319,400.0,6.427260375935532e-15,5.572713256437072e-12,Inf
4,320,400.0,6.427231735646927e-15,5.572246675901612e-12,Inf
4,321,400.0,6.427184991837725e-15,5.603320082094389e-12,Inf
4,322,400.0,6.4271555388304365e-15,5.572647685497757e-12,Inf
4,323,400.0,6.427251550868361e-15,5.572707913332256e-12,Inf
4,324,400.0,6.427251378205717e-15,5.572707807321918e-12,Inf
4,325,400.0,6.427228764900459e-15,5.561217525709143e-12,Inf
4,326,400.0,6.427174529650875e-15,5.566963991139429e-12,Inf
4,327,400.0,6.427219799546203e-15,5.560263797276369e-12,Inf
4,328,400.0,6.427256509573795e-15,5.565624363598887e-12,Inf
4,329,400.0,6.4272759400948516e-15,5.579586683179413e-12,Inf
4,330,400.0,6.4270985527739545e-15,5.562028756829671e-12,Inf
4,331,400.0,6.427260359908907e-15,5.568959650942636e-12,Inf
4,332,400.0,6.42718457529251e-15,5.5726662263691586e-12,Inf
4,333,400.0,6.427324907628881e-15,5.5783935491539276e-12,Inf
4,334,400.0,6.427242120208854e-15,5.572661157794797e-12,Inf
4,335,400.0,6.4273048925100434e-15,5.5727398036500134e-12,Inf
4,336,400.0,6.427254456025223e-15,5.5805051056596546e-12,Inf
4,337,400.0,6.4272457056894586e-15,5.57360678085229e-12,Inf
4,338,400.0,6.427252585903952e-15,5.572708543156686e-12,Inf
4,339,400.0,6.427277378819623e-15,5.567027544745639e-12,Inf
4,340,400.0,6.4272592411560145e-15,5.525029941360465e-12,Inf
4,341,400.0,6.427288722106498e-15,5.510328821188598e-12,Inf
4,342,400.0,6.427180890225499e-15,5.572663875185728e-12,Inf
4,343,400.0,6.427230243514884e-15,5.534451060340947e-12,Inf
4,344,400.0,6.4272641419523435e-15,5.528911074189616e-12,Inf
4,345,400.0,6.427231004653526e-15,5.543356555222743e-12,Inf
4,346,400.0,6.427264285395478e-15,5.530686266114477e-12,Inf
4,347,400.0,6.427290363641577e-15,5.509058201326833e-12,Inf
4,348,400.0,6.427185509936324e-15,5.525032225433155e-12,Inf
4,349,400.0,6.4273017473342866e-15,5.525102972170114e-12,Inf
4,350,400.0,6.4270923400360545e-15,5.563157288309678e-12,Inf
4,351,400.0,6.427115602335589e-15,5.573833375362976e-12,Inf
4,352,400.0,6.427232049092642e-15,5.572695985718115e-12,Inf
4,353,400.0,6.4270835650343135e-15,5.562291630571246e-12,Inf
4,354,400.0,6.427272278131545e-15,5.572720379981081e-12,Inf
4,355,400.0,6.4272915430840005e-15,5.572731836235267e-12,Inf
4,356,400.0,6.4270574695636325e-15,5.568087827743275e-12,Inf
4,357,400.0,6.4270901781882145e-15,5.572605546364625e-12,Inf
4,358,400.0,6.427201281360125e-15,5.566105778833751e-12,Inf
4,359,400.0,6.427119976094276e-15,5.558507833385048e-12,Inf
4,360,400.0,6.427197858724242e-15,5.568679730239168e-12,Inf
4,361,400.0,6.4272529684030914e-15,5.5562123476551804e-12,Inf
4,362,400.0,6.427248849807006e-15,5.561793326197702e-12,Inf
4,363,400.0,6.4272848684594325e-15,5.557674424112289e-12,Inf
4,364,400.0,6.427172495668679e-15,5.559021413434375e-12,Inf
4,365,400.0,6.427268801942179e-15,5.5727183047967585e-12,Inf
4,366,400.0,6.4272255359742804e-15,5.55248029316688e-12,Inf
4,367,400.0,6.4272334254412094e-15,5.5695876579327075e-12,Inf
4,368,400.0,6.426923226479375e-15,5.554601920047565e-12,Inf
4,369,400.0,6.427125747101573e-15,5.5613654725761705e-12,Inf
4,370,400.0,6.4270741966072234e-15,5.5503857664232996e-12,Inf
4,371,400.0,6.427246978499894e-15,5.5617921874894784e-12,Inf
4,372,400.0,6.427242536175689e-15,5.554714686783165e-12,Inf
4,373,400.0,6.427273066114782e-15,5.5612249662265e-12,Inf
4,374,400.0,6.427283775333791e-15,5.540072581810695e-12,Inf
4,375,400.0,6.427132829938965e-15,5.5726331449740955e-12,Inf
4,376,400.0,6.427166176541135e-15,5.550111719994053e-12,Inf
4,377,400.0,6.427188112194025e-15,5.572668479458416e-12,Inf
4,378,400.0,6.4272427977303606e-15,5.524323614692806e-12,Inf
4,379,400.0,6.427238534944739e-15,5.530003649334266e-12,Inf
4,380,400.0,6.427194327238983e-15,5.522718490531586e-12,Inf
4,381,400.0,6.4269888839388805e-15,5.569591626329671e-12,Inf
4,382,400.0,6.427227682653373e-15,5.533416407804895e-12,Inf
4,383,400.0,6.427141765562379e-15,5.5543888012962395e-12,Inf
4,384,400.0,6.42723002423205e-15,5.583350978838869e-12,Inf
4,385,400.0,6.4268160133625935e-15,5.549733889952965e-12,Inf
4,386,400.0,6.426919692237924e-15,5.572493198592578e-12,Inf
4,387,400.0,6.427258371689832e-15,5.555628602919043e-12,Inf
4,388,400.0,6.427047624814603e-15,5.555155855181368e-12,Inf
4,389,400.0,6.4268784081164174e-15,5.550384896890921e-12,Inf
4,390,400.0,6.427040201558461e-15,5.552398607504806e-12,Inf
4,391,400.0,6.42713742225024e-15,5.557145269168351e-12,Inf
4,392,400.0,6.5982793709211155e-15,5.705949128325165e-12,Inf
4,393,400.0,6.4271974965330325e-15,5.66662016003566e-12,Inf
4,394,400.0,6.631018582365796e-15,5.707151470050909e-12,Inf
4,395,400.0,6.4386249626162576e-15,5.697591222956024e-12,Inf
4,396,400.0,6.526014513204225e-15,5.702140396577998e-12,Inf
4,397,400.0,6.427044658496459e-15,5.572575843302699e-12,Inf
4,398,400.0,6.427121585587415e-15,5.565183208547716e-12,Inf
4,399,400.0,6.427176505937224e-15,5.5778608942022325e-12,Inf
4,400,400.0,6.427150465137204e-15,5.572644442183524e-12,Inf
4,401,400.0,6.4271660421776e-15,5.576871126419251e-12,Inf
4,402,400.0,6.4270574740089205e-15,5.566112493721484e-12,Inf
4,403,400.0,6.427199394276805e-15,5.576142870950473e-12,Inf
4,404,400.0,6.427264522129077e-15,5.594297601744091e-12,Inf
4,405,400.0,6.427256315683144e-15,5.565090237001163e-12,Inf
4,406,400.0,6.42719274437799e-15,5.572671427196759e-12,Inf
4,407,400.0,6.427258111371893e-15,5.572711889775594e-12,Inf
4,408,400.0,6.427233008800675e-15,5.5726965753523675e-12,Inf
4,409,400.0,6.4270118034180956e-15,5.561155564704914e-12,Inf
4,410,400.0,6.4270891150341374e-15,5.5726048427920155e-12,Inf
4,411,400.0,6.42722903195782e-15,5.571999712013983e-12,Inf
4,412,400.0,6.427218621520649e-15,5.576300913058955e-12,Inf
4,413,400.0,6.4272515039299e-15,5.567012036942947e-12,Inf
4,414,400.0,6.427239224193792e-15,5.583507594002375e-12,Inf
4,415,400.0,6.427216308087115e-15,5.572686275036131e-12,Inf
4,416,400.0,6.427253266414294e-15,5.572708955818414e-12,Inf
4,417,400.0,6.426761292561222e-15,5.572384791841773e-12,Inf
4,418,400.0,6.426996589934888e-15,5.572544296412029e-12,Inf
4,419,400.0,6.427032332499629e-15,5.574479584735591e-12,Inf
4,420,400.0,6.4271092407156804e-15,5.582244791308369e-12,Inf
4,421,400.0,6.426806328404825e-15,5.576925473140078e-12,Inf
4,422,400.0,6.427186367645071e-15,5.5784564429423294e-12,Inf
4,423,400.0,6.427253534193823e-15,5.567152886169593e-12,Inf
4,424,400.0,6.427160294741719e-15,5.581338583669904e-12,Inf
4,425,400.0,6.427244484674747e-15,5.529161749069628e-12,Inf
4,426,400.0,6.426946852267435e-15,5.519228771625144e-12,Inf
4,427,400.0,6.42726029577656e-15,5.5523346325085194e-12,Inf
4,428,400.0,6.427264172804403e-15,5.5657676199351516e-12,Inf
4,429,400.0,6.427193581790924e-15,5.541068485616626e-12,Inf
4,430,400.0,6.427228220025926e-15,5.564974374701679e-12,Inf
4,431,400.0,6.427204790131845e-15,5.5685635484744215e-12,Inf
4,432,400.0,6.427205993932475e-15,5.542062667005471e-12,Inf
4,433,400.0,6.427239372428758e-15,5.572700466002108e-12,Inf
4,434,400.0,6.427113815196528e-15,5.547013954186835e-12,Inf
4,435,400.0,6.427122438111743e-15,5.593935811393944e-12,Inf
4,436,400.0,6.427180486824701e-15,5.58222614765317e-12,Inf
4,437,400.0,6.427257912085989e-15,5.54381587955855e-12,Inf
4,438,400.0,6.427258874339379e-15,5.572712352267834e-12,Inf
4,439,400.0,6.4271451614522176e-15,5.550080085414758e-12,Inf
4,440,400.0,6.42712075588891e-15,5.593171282550191e-12,Inf
4,441,400.0,6.427173515088812e-15,5.5726591772086265e-12,Inf
4,442,400.0,6.427065422486785e-15,5.5725894191541315e-12,Inf
4,443,400.0,6.427267780954926e-15,5.572309471713788e-12,Inf
4,444,400.0,6.427148538582666e-15,5.576859943144757e-12,Inf
4,445,400.0,6.4272907656246976e-15,5.57273137314467e-12,Inf
4,446,400.0,6.4272063254065265e-15,5.581560324726509e-12,Inf
4,447,400.0,6.427207362383245e-15,5.578174897700034e-12,Inf
4,448,400.0,6.427171483652781e-15,5.576104241644008e-12,Inf
4,449,400.0,6.4272123191128164e-15,5.579399619460444e-12,Inf
4,450,400.0,6.427282010329081e-15,5.57801011477021e-12,Inf
4,451,400.0,6.427332110371919e-15,5.580594270682203e-12,Inf
4,452,400.0,6.427273854437293e-15,5.580304117297295e-12,Inf
4,453,400.0,6.427273866676173e-15,5.572721325547838e-12,Inf
4,454,400.0,6.427286745097982e-15,5.572728981782735e-12,Inf
4,455,400.0,6.427244960335911e-15,5.579165880900306e-12,Inf
4,456,400.0,6.427273658658021e-15,5.516562843565243e-12,Inf
4,457,400.0,6.427253482390021e-15,5.5291343371635515e-12,Inf
4,458,400.0,6.427293191797133e-15,5.5473421115927926e-12,Inf
4,459,400.0,6.4271464705648956e-15,5.551447256901953e-12,Inf
4,460,400.0,6.4272385909781474e-15,5.524241117400639e-12,Inf
4,461,400.0,6.42728128629159e-15,5.5096363268410115e-12,Inf
4,462,400.0,6.427282250604046e-15,5.511149693318407e-12,Inf
4,463,400.0,6.427260540995222e-15,5.518691149487888e-12,Inf
4,464,400.0,6.4272893387284474e-15,5.548723878361318e-12,Inf
4,465,400.0,6.427223919065596e-15,5.562322915936603e-12,Inf
4,466,400.0,6.427316588104774e-15,5.5617949497418505e-12,Inf
4,467,400.0,6.4269614997232285e-15,5.576217630250295e-12,Inf
4,468,400.0,6.4272744490606e-15,5.556073919739609e-12,Inf
4,469,400.0,6.4272028080213044e-15,5.547449844405444e-12,Inf
4,470,400.0,6.427112890928822e-15,5.555104068045151e-12,Inf
4,471,400.0,6.427240590687278e-15,5.557343356872221e-12,Inf
4,472,400.0,6.427033919994126e-15,5.5477245390499805e-12,Inf
4,473,400.0,6.426868094314783e-15,5.557902330269155e-12,Inf
4,474,400.0,6.4270189097404705e-15,5.5488987218071e-12,Inf
4,475,400.0,6.427175149134029e-15,5.549751272659467e-12,Inf
4,476,400.0,6.426996498984602e-15,5.567127718489023e-12,Inf
4,477,400.0,6.427191579685877e-15,5.5855958652686474e-12,Inf
4,478,400.0,6.4272458202733604e-15,5.5671481852791836e-12,Inf
4,479,400.0,6.4272431293425445e-15,5.57186537970148e-12,Inf
4,480,400.0,6.427106400759068e-15,5.572616071984917e-12,Inf
4,481,400.0,6.42723915194312e-15,5.572700333743571e-12,Inf
4,482,400.0,6.427233949035228e-15,5.569729335107694e-12,Inf
4,483,400.0,6.427301618117204e-15,5.577874679003336e-12,Inf
4,484,400.0,6.427185118316387e-15,5.557118744239904e-12,Inf
4,485,400.0,6.427210909724684e-15,5.567805820157904e-12,Inf
4,486,400.0,6.427178582225185e-15,5.556600886879379e-12,Inf
4,487,400.0,6.427241878525097e-15,5.5421728034039015e-12,Inf
4,488,400.0,6.427221008277605e-15,5.572689191344965e-12,Inf
4,489,400.0,6.4271760561860385e-15,5.548106252072601e-12,Inf
4,490,400.0,6.427103496636182e-15,5.568619253421008e-12,Inf
4,491,400.0,6.427227749387623e-15,5.563734000564391e-12,Inf
4,492,400.0,6.427020632110644e-15,5.562153147645555e-12,Inf
4,493,400.0,6.427316326971771e-15,5.568631106863686e-12,Inf
4,494,400.0,6.427236950058607e-15,5.5726989856892395e-12,Inf
4,495,400.0,6.427291722950547e-15,5.58353925536366e-12,Inf
4,496,400.0,6.427219544924016e-15,5.551364451479516e-12,Inf
4,497,400.0,6.427116444588822e-15,5.5844211184991686e-12,Inf
4,498,400.0,6.427193567507518e-15,5.594526164946978e-12,Inf
4,499,400.0,6.427035473844829e-15,5.572569833385389e-12,Inf
4,500,400.0,6.4272164053535385e-15,5.6015652445032306e-12,Inf
4,501,400.0,6.427171447797248e-15,5.5726578563033e-12,Inf
4,502,400.0,6.427180425186821e-15,5.577340999634945e-12,Inf
4,503,400.0,6.427226001033962e-15,5.624113743734866e-12,Inf
4,504,400.0,6.427206542627871e-15,5.631575966828351e-12,Inf
4,505,400.0,6.427213050273431e-15,5.61046984488653e-12,Inf
4,506,400.0,6.4272178091670875e-15,5.572687208141221e-12,Inf
4,507,400.0,6.427244297421736e-15,5.6145733119657935e-12,Inf
4,508,400.0,6.426925427611024e-15,5.572497055906965e-12,Inf
4,509,400.0,6.427020633068687e-15,5.572560100278482e-12,Inf
4,510,400.0,6.42695207494042e-15,5.5725148386303775e-12,Inf
4,511,400.0,6.4271959228792705e-15,5.605282159612305e-12,Inf
4,512,400.0,6.4270641749966394e-15,5.593224697446389e-12,Inf
4,513,400.0,6.427143744477288e-15,5.600332908932602e-12,Inf
4,514,400.0,6.4272050313785856e-15,5.6180988070572854e-12,Inf
4,515,400.0,6.4271775222457364e-15,5.572661731267215e-12,Inf
4,516,400.0,6.42720614064879e-15,5.6229765687673225e-12,Inf
4,517,400.0,6.42716452734575e-15,5.608222392942243e-12,Inf
4,518,400.0,6.427054704437785e-15,5.5725824209651546e-12,Inf
4,519,400.0,6.426988467720822e-15,5.5725389551199945e-12,Inf
4,520,400.0,6.4272305071197355e-15,5.654071822286305e-12,Inf
4,521,400.0,6.4271982423938745e-15,5.566979089732859e-12,Inf
4,522,400.0,6.427169309969958e-15,5.5842600265391726e-12,Inf
4,523,400.0,6.426904582235496e-15,5.572483055728272e-12,Inf
4,524,400.0,6.427165633606923e-15,5.571206293540842e-12,Inf
4,525,400.0,6.427149140066564e-15,5.5841388187355696e-12,Inf
4,526,400.0,6.427106405170429e-15,5.566025222256136e-12,Inf
4,527,400.0,6.427100578472228e-15,5.5388952418236305e-12,Inf
4,528,400.0,6.427092376927179e-15,5.533011649951816e-12,Inf
4,529,400.0,6.427272622190212e-15,5.572720585443483e-12,Inf
4,530,400.0,6.42721927548124e-15,5.554831686501352e-12,Inf
4,531,400.0,6.4272460734390955e-15,5.554585609408837e-12,Inf
4,532,400.0,6.427266496683516e-15,5.567060934166129e-12,Inf
4,533,400.0,6.426990546840099e-15,5.572540314749082e-12,Inf
4,534,400.0,6.427103494848535e-15,5.572614197139993e-12,Inf
4,535,400.0,6.427175543735532e-15,5.610323967964124e-12,Inf
4,536,400.0,6.427115614098679e-15,5.619346518992862e-12,Inf
4,537,400.0,6.427153034500742e-15,5.572646084114434e-12,Inf
4,538,400.0,6.427043145983784e-15,5.615405059017584e-12,Inf
4,539,400.0,6.4271241044016556e-15,5.592902626755519e-12,Inf
4,540,400.0,6.42719247356035e-15,5.6078297389285104e-12,Inf
4,541,400.0,6.427241063257824e-15,5.57270150502742e-12,Inf
4,542,400.0,6.4272380318500976e-15,5.562819908783315e-12,Inf
4,543,400.0,6.427211002963449e-15,5.536646876847279e-12,Inf
4,544,400.0,6.427221577732488e-15,5.563828415043056e-12,Inf
4,545,400.0,6.4272030028037594e-15,5.603378895570635e-12,Inf
4,546,400.0,6.427154963351837e-15,5.554210039562898e-12,Inf
4,547,400.0,6.427238503944045e-15,5.565791748670488e-12,Inf
4,548,400.0,6.4271616218585e-15,5.556003831955043e-12,Inf
4,549,400.0,6.427284416044144e-15,5.5716453929189056e-12,Inf
4,550,400.0,6.4272034693433184e-15,5.555255980390105e-12,Inf
4,551,400.0,6.427114683148905e-15,5.5603319504789456e-12,Inf
4,552,400.0,6.4272099871501135e-15,5.572682326589286e-12,Inf
4,553,400.0,6.4271561681945214e-15,5.558915190108619e-12,Inf
4,554,400.0,6.427256043358161e-15,5.564301360924494e-12,Inf
4,555,400.0,6.426990945640513e-15,5.570604770661571e-12,Inf
4,556,400.0,6.4272280541883304e-15,5.615774015021561e-12,Inf
4,557,400.0,6.42722046115256e-15,5.646841875204182e-12,Inf
4,558,400.0,6.427241690313235e-15,5.565061562478219e-12,Inf
4,559,400.0,6.427152394250831e-15,5.59173429028271e-12,Inf
4,560,400.0,6.427229197920624e-15,5.57096170827778e-12,Inf
4,561,400.0,6.427188544222219e-15,5.572668754747317e-12,Inf
4,562,400.0,6.427097493511827e-15,5.6017866148477686e-12,Inf
4,563,400.0,6.427212604599988e-15,5.564235353241902e-12,Inf
4,564,400.0,6.4270679394705656e-15,5.581556878051878e-12,Inf
4,565,400.0,6.427061351328377e-15,5.632700936263104e-12,Inf
4,566,400.0,6.427256603106597e-15,5.557049357922026e-12,Inf
4,567,400.0,6.426996965617865e-15,5.5738795734006086e-12,Inf
4,568,400.0,6.427117387698313e-15,5.5824433192903415e-12,Inf
4,569,400.0,6.427278908161869e-15,5.565974622873072e-12,Inf
4,570,400.0,6.42710542074876e-15,5.57810958092605e-12,Inf
4,571,400.0,6.427091210016865e-15,5.656656935046792e-12,Inf
4,572,400.0,6.793581826702065e-15,5.7159199496798546e-12,Inf
4,573,400.0,6.4269361679607805e-15,5.632886671541084e-12,Inf
4,574,400.0,6.446152331282174e-15,5.698205256422377e-12,Inf
4,575,400.0,6.709872096587979e-15,5.710863661419724e-12,Inf
4,576,400.0,6.427256677090794e-15,5.630154655011173e-12,Inf
4,577,400.0,6.427169800450095e-15,5.681369942742309e-12,Inf
4,578,400.0,6.427201641847698e-15,5.692815150562079e-12,Inf
4,579,400.0,6.427203480177446e-15,5.571636806922642e-12,Inf
4,580,400.0,6.427185936034506e-15,5.548366649283631e-12,Inf
4,581,400.0,6.4271822912408514e-15,5.5726647691044085e-12,Inf
4,582,400.0,6.4269906148482396e-15,5.543986449470048e-12,Inf
4,583,400.0,6.427169334462259e-15,5.550575402706298e-12,Inf
4,584,400.0,6.427247767703707e-15,5.5727056082267234e-12,Inf
4,585,400.0,6.427272667257015e-15,5.521361677907531e-12,Inf
4,586,400.0,6.427261958861148e-15,5.52745993685414e-12,Inf
4,587,400.0,6.427244757941617e-15,5.5547161155200325e-12,Inf
4,588,400.0,6.42720384234119e-15,5.563033130007723e-12,Inf
4,589,400.0,6.427166105533657e-15,5.526073703639406e-12,Inf
4,590,400.0,6.427239651965722e-15,5.513199261396808e-12,Inf
4,591,400.0,6.427180509161809e-15,5.571073335540096e-12,Inf
4,592,400.0,6.427189477490361e-15,5.569984529560647e-12,Inf
4,593,400.0,6.4271120158323185e-15,5.527365610823334e-12,Inf
4,594,400.0,6.427309265015842e-15,5.540806637626559e-12,Inf
4,595,400.0,6.427118200515548e-15,5.5688299459309336e-12,Inf
4,596,400.0,6.4271731175057434e-15,5.5082588762714755e-12,Inf
4,597,400.0,6.427051864133014e-15,5.594366357606394e-12,Inf
4,598,400.0,6.42705607421576e-15,5.5808015617028115e-12,Inf
4,599,400.0,6.4270789205856185e-15,5.5938169994179055e-12,Inf
4,600,400.0,6.426871120492854e-15,5.591817778581695e-12,Inf
4,601,400.0,6.427156778566572e-15,5.587932385098237e-12,Inf
4,602,400.0,6.427106424424189e-15,5.540733204537597e-12,Inf
4,603,400.0,6.427094430542798e-15,5.558875491289751e-12,Inf
4,604,400.0,6.426824318744659e-15,5.551529786690338e-12,Inf
4,605,400.0,6.427230458350007e-15,5.515009562515553e-12,Inf
4,606,400.0,6.427125787605958e-15,5.528824665938505e-12,Inf
4,607,400.0,6.427220304096488e-15,5.512668054119238e-12,Inf
4,608,400.0,6.426902113216882e-15,5.557294966837236e-12,Inf
4,609,400.0,6.426944518256168e-15,5.572142522015201e-12,Inf
4,610,400.0,6.427112924262424e-15,5.570542491276771e-12,Inf
4,611,400.0,6.4271273525622065e-15,5.576616373395716e-12,Inf
4,612,400.0,6.427166612154317e-15,5.580873121533605e-12,Inf
4,613,400.0,6.427153649507104e-15,5.576633249655185e-12,Inf
4,614,400.0,6.4270765634036005e-15,5.574798262597973e-12,Inf
4,615,400.0,6.427128162307403e-15,5.564220938156969e-12,Inf
4,616,400.0,6.4272262121928156e-15,5.5700076301374e-12,Inf
4,617,400.0,6.4272239847384055e-15,5.558306326267313e-12,Inf
4,618,400.0,6.427205248292161e-15,5.555069109542549e-12,Inf
4,619,400.0,6.427230545989146e-15,5.570010302182843e-12,Inf
4,620,400.0,6.427238849500362e-15,5.570015413088812e-12,Inf
4,621,400.0,6.42717405448812e-15,5.567243003772751e-12,Inf
4,622,400.0,6.427193995965265e-15,5.5537280526978016e-12,Inf
4,623,400.0,6.427144562064544e-15,5.569955842778778e-12,Inf
4,624,400.0,6.4271512200493725e-15,5.569960100289367e-12,Inf
4,625,400.0,6.427018951410502e-15,5.5639729476577725e-12,Inf
4,626,400.0,6.427089127339257e-15,5.569697673906213e-12,Inf
4,627,400.0,6.427041668551161e-15,5.575169446976017e-12,Inf
4,628,400.0,6.427074156264397e-15,5.574838181151308e-12,Inf
4,629,400.0,6.4269949735391525e-15,5.570993602764405e-12,Inf
4,630,400.0,6.427236205320598e-15,5.570013786042521e-12,Inf
4,631,400.0,6.427150456753922e-15,5.60948910760108e-12,Inf
4,632,400.0,6.427145248579216e-15,5.55439098406168e-12,Inf
4,633,400.0,6.427046133883749e-15,5.5656884027659164e-12,Inf
4,634,400.0,6.4269359054109076e-15,5.624976157204734e-12,Inf
4,635,400.0,6.4268601086089444e-15,5.574654310993569e-12,Inf
4,636,400.0,6.4269410081935946e-15,5.634441509048431e-12,Inf
4,637,400.0,6.42711014546467e-15,5.5639341343274825e-12,Inf
4,638,400.0,6.426744749120223e-15,5.550293383190975e-12,Inf
4,639,400.0,6.427004400264704e-15,5.545014723445068e-12,Inf
4,640,400.0,6.426777125131765e-15,5.5454520803552355e-12,Inf
4,641,400.0,6.4268641257009216e-15,5.545010648600569e-12,Inf
4,642,400.0,6.427222969794256e-15,5.551976042005787e-12,Inf
4,643,400.0,6.427075425752377e-15,5.549191010321266e-12,Inf
4,644,400.0,6.4272290845936486e-15,5.559903404216484e-12,Inf
4,645,400.0,6.427017250924264e-15,5.5606558900656395e-12,Inf
4,646,400.0,6.427193999576102e-15,5.5488841794217385e-12,Inf
4,647,400.0,6.42707296565342e-15,5.551695397323147e-12,Inf
4,648,400.0,6.4269600547081686e-15,5.569835252007094e-12,Inf
4,649,400.0,6.4270704879292145e-15,5.556209726259236e-12,Inf
4,650,400.0,6.426971290446216e-15,5.553621221203853e-12,Inf
4,651,400.0,6.427117342502263e-15,5.560372279536071e-12,Inf
4,652,400.0,6.427116472488396e-15,5.5552005268245624e-12,Inf
4,653,400.0,6.427152480347893e-15,5.556149106352346e-12,Inf
4,654,400.0,6.427147199878086e-15,5.561282272496972e-12,Inf
4,655,400.0,6.427011797055106e-15,5.550455114288741e-12,Inf
4,656,400.0,6.426720874753887e-15,5.55519920565938e-12,Inf
4,657,400.0,6.427024280074888e-15,5.56987774924006e-12,Inf
4,658,400.0,6.4268152939271025e-15,5.566387540951218e-12,Inf
4,659,400.0,6.426933355247814e-15,5.5787318136690706e-12,Inf
4,660,400.0,6.427102561516577e-15,5.56992885081192e-12,Inf
4,661,400.0,6.427015658386712e-15,5.557370292156785e-12,Inf
4,662,400.0,6.4271374158315125e-15,5.5542549804205535e-12,Inf
4,663,400.0,6.4269985915027516e-15,5.559851380568667e-12,Inf
4,664,400.0,6.4269804780672956e-15,5.55435877141813e-12,Inf
4,665,400.0,6.427150559565848e-15,5.549607579962327e-12,Inf
4,666,400.0,6.427167760114602e-15,5.542817813602193e-12,Inf
4,667,400.0,6.4270274767256745e-15,5.553303733079391e-12,Inf
4,668,400.0,6.4272079912214566e-15,5.564232470033378e-12,Inf
4,669,400.0,6.427053398279208e-15,5.569896862319114e-12,Inf
4,670,400.0,6.427132080822715e-15,5.564676718787394e-12,Inf
4,671,400.0,6.427147947740641e-15,5.55722800923431e-12,Inf
4,672,400.0,6.427204541390395e-15,5.564190961057858e-12,Inf
4,673,400.0,6.427123319280431e-15,5.554245864674665e-12,Inf
4,674,400.0,6.427077812870417e-15,5.540994330490453e-12,Inf
4,675,400.0,6.4268607972675005e-15,5.5409381366843096e-12,Inf
4,676,400.0,6.427237830774123e-15,5.576937205578697e-12,Inf
4,677,400.0,6.427254186054958e-15,5.570024863659841e-12,Inf
4,678,400.0,6.427113802161163e-15,5.544173252174187e-12,Inf
4,679,400.0,6.427121639497942e-15,5.539919386767509e-12,Inf
4,680,400.0,6.427011858023325e-15,5.544160303871842e-12,Inf
4,681,400.0,6.427143133676299e-15,5.540263737762688e-12,Inf
4,682,400.0,6.427217540704166e-15,5.570002249964865e-12,Inf
4,683,400.0,6.427126628878529e-15,5.5699443679092e-12,Inf
4,684,400.0,6.4270765499191024e-15,5.570114351407355e-12,Inf
4,685,400.0,6.42714103264966e-15,5.55465065168383e-12,Inf
4,686,400.0,6.426988617090738e-15,5.544091809468142e-12,Inf
4,687,400.0,6.4270007741254266e-15,5.5740884057179074e-12,Inf
4,688,400.0,6.426708316509944e-15,5.559789512677785e-12,Inf
4,689,400.0,6.427008395652076e-15,5.582114365995961e-12,Inf
4,690,400.0,6.4268885983692565e-15,5.580903629821462e-12,Inf
4,691,400.0,6.426988555099044e-15,5.580757284708317e-12,Inf
4,692,400.0,6.4271828327468846e-15,5.569980290924762e-12,Inf
4,693,400.0,6.427035512109202e-15,5.567973331060269e-12,Inf
4,694,400.0,6.426962383267637e-15,5.569836837268611e-12,Inf
4,695,400.0,6.427027386003995e-15,5.5830265276708175e-12,Inf
4,696,400.0,6.427208001965919e-15,5.563623657652966e-12,Inf
4,697,400.0,6.4271478321017605e-15,5.58907115897881e-12,Inf
4,698,400.0,6.427149815416721e-15,5.5758612715249266e-12,Inf
4,699,400.0,6.426860117348463e-15,5.5717583440327776e-12,Inf
4,700,400.0,6.427224606877585e-15,5.55521273585085e-12,Inf
4,701,400.0,6.427236915304097e-15,5.548362116880135e-12,Inf
4,702,400.0,6.427116483854052e-15,5.543780241916995e-12,Inf
4,703,400.0,6.427281940792595e-15,5.575218002315654e-12,Inf
4,704,400.0,6.426777127379046e-15,5.574452323839373e-12,Inf
4,705,400.0,6.427024089373406e-15,5.5626827390201345e-12,Inf
4,706,400.0,6.427239291593664e-15,5.531822811902434e-12,Inf
4,707,400.0,6.427131378776596e-15,5.54994302081902e-12,Inf
4,708,400.0,6.427150571783726e-15,5.569959686355836e-12,Inf
4,709,400.0,6.4272364290244865e-15,5.570013924515747e-12,Inf
4,710,400.0,6.427298811648482e-15,5.5700514308614306e-12,Inf
4,711,400.0,6.4271774917854566e-15,5.510542174390721e-12,Inf
4,712,400.0,6.427258130716125e-15,5.578479929152484e-12,Inf
4,713,400.0,6.427273831171223e-15,5.559218325888126e-12,Inf
4,714,400.0,6.427304444884971e-15,5.560083478540585e-12,Inf
4,715,400.0,6.427321352697414e-15,5.5622646301407175e-12,Inf
4,716,400.0,6.427311518628223e-15,5.569191537911369e-12,Inf
4,717,400.0,6.427269070497997e-15,5.5699530036844816e-12,Inf
4,718,400.0,6.427312780455897e-15,5.559203133735476e-12,Inf
4,719,400.0,6.427323518203751e-15,5.556197604155153e-12,Inf
4,720,400.0,6.427312094984087e-15,5.574141142561733e-12,Inf
4,721,400.0,6.4272537930851985e-15,5.673282336137922e-12,Inf
4,722,400.0,6.594568720967785e-15,5.705777611819577e-12,Inf
4,723,400.0,6.427221270518901e-15,5.617705345337995e-12,Inf
4,724,400.0,6.42714384115483e-15,5.631535743444094e-12,Inf
4,725,400.0,6.427124970702903e-15,5.616272861474363e-12,Inf
4,726,400.0,6.426843822887213e-15,5.665053282095002e-12,Inf
4,727,400.0,6.427077399662197e-15,5.669787443187332e-12,Inf
4,728,400.0,6.427006587357709e-15,5.56986607963604e-12,Inf
4,729,400.0,6.786056496470903e-15,5.715436719173565e-12,Inf
4,730,400.0,6.427029966192775e-15,5.6851796218826604e-12,Inf
4,731,400.0,6.427245094117835e-15,5.662949413872357e-12,Inf
4,732,400.0,6.426595098965029e-15,5.5695854910230706e-12,Inf
4,733,400.0,6.427099631654157e-15,5.652631552682491e-12,Inf
4,734,400.0,6.4270692194970206e-15,5.579455950726241e-12,Inf
4,735,400.0,6.427199831024129e-15,5.576184817186732e-12,Inf
4,736,400.0,6.427222980849719e-15,5.5700056300894895e-12,Inf
4,737,400.0,6.426986834084348e-15,5.569853052676626e-12,Inf
4,738,400.0,6.4269904678766624e-15,5.5951618590455666e-12,Inf
4,739,400.0,6.42698879029945e-15,5.608276830309804e-12,Inf
4,740,400.0,6.4271649703801315e-15,5.579748144614672e-12,Inf
4,741,400.0,6.4271841016136715e-15,5.581589007630705e-12,Inf
4,742,400.0,6.4268600369988525e-15,5.579950169552463e-12,Inf
4,743,400.0,6.426881422677609e-15,5.612958210054059e-12,Inf
4,744,400.0,6.427085784956049e-15,5.612403574985758e-12,Inf
4,745,400.0,6.4270023520992686e-15,5.578714110436651e-12,Inf
4,746,400.0,6.426914359396437e-15,5.569804815687054e-12,Inf
4,747,400.0,6.427278096596714e-15,5.577860667370467e-12,Inf
4,748,400.0,6.4271841147225455e-15,5.6032722302026065e-12,Inf
4,749,400.0,6.427089118493917e-15,5.577909645454582e-12,Inf
4,750,400.0,6.4270891137537846e-15,5.5990712237353214e-12,Inf
4,751,400.0,6.4267920700664245e-15,5.5725086675044525e-12,Inf
4,752,400.0,6.42710644684046e-15,5.61492284941222e-12,Inf
4,753,400.0,6.4266813722727906e-15,5.560428161095501e-12,Inf
4,754,400.0,6.427066693761605e-15,5.57911560687169e-12,Inf
4,755,400.0,6.427159182805796e-15,5.575245616680726e-12,Inf
4,756,400.0,6.427160341355447e-15,5.612575191680646e-12,Inf
4,757,400.0,6.42721410101576e-15,5.565935263681644e-12,Inf
4,758,400.0,6.427081261368619e-15,5.5766281976934945e-12,Inf
4,759,400.0,6.426982528534943e-15,5.58504628759554e-12,Inf
4,760,400.0,6.427295203042364e-15,5.6229023398889044e-12,Inf
4,761,400.0,6.427203238236002e-15,5.590056590510017e-12,Inf
4,762,400.0,6.427093388350964e-15,5.583717043434815e-12,Inf
4,763,400.0,6.4271813991394855e-15,5.589886986058135e-12,Inf
4,764,400.0,6.427160313295122e-15,5.5880007592913204e-12,Inf
4,765,400.0,6.427185515291188e-15,5.569557558340183e-12,Inf
4,766,400.0,6.427046150019426e-15,5.565986094243967e-12,Inf
4,767,400.0,6.427153749667044e-15,5.5560554478004806e-12,Inf
4,768,400.0,6.427130546403487e-15,5.575932222085946e-12,Inf
4,769,400.0,6.427057472869124e-15,5.5648256267290475e-12,Inf
4,770,400.0,6.427160984199991e-15,5.565010892105741e-12,Inf
4,771,400.0,6.427194407263861e-15,5.566797285121799e-12,Inf
4,772,400.0,6.4270291765850645e-15,5.5577424149403136e-12,Inf
4,773,400.0,6.427127378918895e-15,5.560166522156046e-12,Inf
4,774,400.0,6.4267503739427336e-15,5.564599324995013e-12,Inf
4,775,400.0,6.4272157093069024e-15,5.5612094466018725e-12,Inf
4,776,400.0,6.4269693836058805e-15,5.5698414786232365e-12,Inf
4,777,400.0,6.4271579946028516e-15,5.55145464563384e-12,Inf
4,778,400.0,6.4270044425115e-15,5.559046827919921e-12,Inf
4,779,400.0,6.427108308788476e-15,5.558060920230829e-12,Inf
4,780,400.0,6.427181371099355e-15,5.559122929467865e-12,Inf
