ID,Resource,Zone,Village,technology,Total_MW,Start_MW,Change_in_MW,Electricity_GWh
1,pltd_bel1,1,1,diesel,0.013490035093336355,0.2773,-0.26380996490666364,0.005222318684837269
2,plts_bel1,1,1,solar,0.7547062026152025,0.0,0.7547062026152025,0.1819601942379749
3,batt_bel1,1,1,battery,0.4237986705645818,0.0,0.4237986705645818,0.08718860034554353
4,pltd_bel2,1,2,diesel,0.04115969045331513,0.846,-0.8048403095466848,0.015933766497630092
5,plts_bel2,1,2,solar,2.2899269600289376,0.0,2.2899269600289376,0.5551808268491457
6,batt_bel2,1,2,battery,1.2930564610416526,0.0,1.2930564610416526,0.2660219789942589
7,pltd_bel3,1,3,diesel,0.040965023039974784,0.842,-0.8010349769600252,0.015858355419226113
8,plts_bel3,1,3,solar,2.2458841627349666,0.0,2.2458841627349666,0.5525523252300087
9,batt_bel3,1,3,battery,1.2869307585674166,0.0,1.2869307585674166,0.2647617153067687
10,pltd_bel4,1,4,diesel,0.018931328533329742,0.3891,-0.37016867146667026,0.007328698496031136
11,plts_bel4,1,4,solar,1.046217510339366,0.0,1.046217510339366,0.2553512712590893
12,batt_bel4,1,4,battery,0.5947441068618843,0.0,0.5947441068618843,0.12235737904649177
13,pltd_bel5,1,5,diesel,0.021314411093333617,0.4381,-0.4167855889066664,0.008251279164831569
14,plts_bel5,1,5,solar,1.1828009304477791,0.0,1.1828009304477791,0.2874965012610244
15,batt_bel5,1,5,battery,0.6695859561044877,0.0,0.6695859561044877,0.13775468266960716
16,pltd_bel6,1,6,diesel,0.018736291840001314,0.3851,-0.3663637081599987,0.007253213643234864
17,plts_bel6,1,6,solar,1.0482027927028204,0.0,1.0482027927028204,0.2527224234456277
18,batt_bel6,1,6,battery,0.5886095217736089,0.0,0.5886095217736089,0.12109530260429954
19,pltd_bel7,1,7,diesel,0.017447370666660876,0.3586,-0.3411526293333391,0.006754261920031082
20,plts_bel7,1,7,solar,0.9622836009033522,0.0,0.9622836009033522,0.2353338075062965
21,batt_bel7,1,7,battery,0.54808156929418,0.0,0.54808156929418,0.11275742688053947
22,pltd_bel8,1,8,diesel,0.034489831573316865,0.7089,-0.6744101684266831,0.013351635315227138
23,plts_bel8,1,8,solar,1.8946698365340806,0.0,1.8946698365340806,0.4652107210982999
24,batt_bel8,1,8,battery,1.0834883803711752,0.0,1.0834883803711752,0.2229072891120871
25,pltd_bel9,1,9,diesel,0.033245480959992815,0.6833,-0.6500545190400072,0.012870096500833018
26,plts_bel9,1,9,solar,1.8632239414622591,0.0,1.8632239414622591,0.44843111089727605
27,batt_bel9,1,9,battery,1.044439072540753,0.0,1.044439072540753,0.21487365256879298
28,pltd_bel10,1,10,diesel,0.01930588864000262,0.3968,-0.3774941113599974,0.007473692307234713
29,plts_bel10,1,10,solar,1.080068307420596,0.0,1.080068307420596,0.2604052644971778
30,batt_bel10,1,10,battery,0.6065033498819309,0.0,0.6065033498819309,0.12477661203686259
31,pltd_bel11,1,11,diesel,0.032121426346660285,0.6602,-0.6280785736533397,0.012434872766431933
32,plts_bel11,1,11,solar,1.7939911231642756,0.0,1.7939911231642756,0.43326688940068037
33,batt_bel11,1,11,battery,1.0090954104061267,0.0,1.0090954104061267,0.20760234241048936
34,pltd_bel12,1,12,diesel,0.013819768213333417,0.284,-0.27018023178666656,0.005349914662435269
35,plts_bel12,1,12,solar,0.7690421289102848,0.0,0.7690421289102848,0.18640768164129878
36,batt_bel12,1,12,battery,0.43414779895511413,0.0,0.43414779895511413,0.08931772274666457
37,pltd_bel13,1,13,diesel,0.01612154506666017,0.2672,-0.2510784549333398,0.004958689232025925
38,plts_bel13,1,13,solar,1.0763963117340651,0.0,1.0763963117340651,0.27711830966256606
39,batt_bel13,1,13,battery,0.6159426218208479,0.0,0.6159426218208479,0.12632935427336967
40,pltd_bel14,1,14,diesel,0.009997441920015194,0.2055,-0.1955025580799848,0.003870234401640134
41,plts_bel14,1,14,solar,0.5593215368430802,0.0,0.5593215368430802,0.13485282363020865
42,batt_bel14,1,14,battery,0.3140825363819193,0.0,0.3140825363819193,0.06461656769638026
43,pltd_bel15,1,15,diesel,0.010554632320002973,0.1749,-0.16434536767999702,0.0032464143936309178
44,plts_bel15,1,15,solar,0.7106767006869145,0.0,0.7106767006869145,0.18142666673354954
45,batt_bel15,1,15,battery,0.40326350876164135,0.0,0.40326350876164135,0.08270904049252895
46,pltd_bel16,1,16,diesel,0.02387739658666317,0.4908,-0.46692260341333686,0.009243457641625319
47,plts_bel16,1,16,solar,1.2935448585038403,0.0,1.2935448585038403,0.32206983396234684
48,batt_bel16,1,16,battery,0.7501317256476789,0.0,0.7501317256476789,0.15432546538026862
49,pltd_bel17,1,17,diesel,0.013480379199993363,0.2234,-0.20991962080000662,0.00414639881602791
50,plts_bel17,1,17,solar,0.9033748674956102,0.0,0.9033748674956102,0.23171664126683528
51,batt_bel17,1,17,battery,0.5150633574301691,0.0,0.5150633574301691,0.10563914588373899
52,pltd_bel18,1,18,diesel,0.006310648000028289,0.1297,-0.12338935199997172,0.002442907040036672
53,plts_bel18,1,18,solar,0.3386090404628495,0.0,0.3386090404628495,0.08511677955740748
54,batt_bel18,1,18,battery,0.19823928666731996,0.0,0.19823928666731996,0.04078398015679644
55,pltd_bel19,1,19,diesel,0.009877684480028445,0.203,-0.19312231551997155,0.003823863870448886
56,plts_bel19,1,19,solar,0.5638117602048389,0.0,0.5638117602048389,0.13323494774667016
57,batt_bel19,1,19,battery,0.31030495741849556,0.0,0.31030495741849556,0.06383938175479721
58,pltd_bel20,1,20,diesel,0.0021583321600761617,0.0444,-0.04224166783992384,0.000835561876860748
59,plts_bel20,1,20,solar,0.12185526265482982,0.0,0.12185526265482982,0.029113779973102577
60,batt_bel20,1,20,battery,0.06780983698534036,0.0,0.06780983698534036,0.013950605329532377
61,pltd_bel21,1,21,diesel,0.008093886720035378,0.1664,-0.1583061132799646,0.0031333981056457685
62,plts_bel21,1,21,solar,0.4566367805248091,0.0,0.4566367805248091,0.10917611242583644
63,batt_bel21,1,21,battery,0.2542799906922482,0.0,0.2542799906922482,0.05231331437665207
64,pltd_bel22,1,22,diesel,0.005755908053391269,0.1183,-0.11254409194660873,0.002228188345656151
65,plts_bel22,1,22,solar,0.3280666212647343,0.0,0.3280666212647343,0.07763643136168395
66,batt_bel22,1,22,battery,0.18082379245556293,0.0,0.18082379245556293,0.0372010858040356
67,pltd_bel23,1,23,diesel,0.005561061120048976,0.1143,-0.10873893887995102,0.0021527374176488518
68,plts_bel23,1,23,solar,0.311107084130444,0.0,0.311107084130444,0.0750080948643076
69,batt_bel23,1,23,battery,0.1746995104152136,0.0,0.1746995104152136,0.035941126689160996
70,pltd_bel24,1,24,diesel,0.003267776106753022,0.0672,-0.06393222389324697,0.0012650654912633548
71,plts_bel24,1,24,solar,0.1831298120578135,0.0,0.1831298120578135,0.04407474759460686
72,batt_bel24,1,24,battery,0.10265406747113057,0.0,0.10265406747113057,0.021119140733644265
73,pltd_bel25,1,25,diesel,0.0023832056534322907,0.049,-0.04661679434656771,0.0009225865936747744
74,plts_bel25,1,25,solar,0.13722544220421554,0.0,0.13722544220421554,0.03214624072311688
75,batt_bel25,1,25,battery,0.07486775208329229,0.0,0.07486775208329229,0.015402635756117736
76,pltd_bel26,1,26,diesel,0.006669699840048038,0.1371,-0.13043030015995197,0.002582065483251251
77,plts_bel26,1,26,solar,0.37846532620997675,0.0,0.37846532620997675,0.08996923443488648
78,batt_bel26,1,26,battery,0.20954403367062208,0.0,0.20954403367062208,0.04310975797603515
79,pltd_bel27,1,27,diesel,0.006100662080071268,0.1254,-0.11929933791992875,0.002361750518467536
80,plts_bel27,1,27,solar,0.35379347859035404,0.0,0.35379347859035404,0.08228629958199728
81,batt_bel27,1,27,battery,0.19165162805297703,0.0,0.19165162805297703,0.039428717991150185
82,pltd_bel28,1,28,diesel,0.0045266142934060295,0.093,-0.08847338570659397,0.0017524165008623738
83,plts_bel28,1,28,solar,0.25850633456737443,0.0,0.25850633456737443,0.06105779826370446
84,batt_bel28,1,28,battery,0.1422098552190203,0.0,0.1422098552190203,0.029257010463128858
85,pltd_bel29,1,29,diesel,0.0032224824534235466,0.0662,-0.06297751754657645,0.0012474716576658064
86,plts_bel29,1,29,solar,0.18160344356692693,0.0,0.18160344356692693,0.043468407493351464
87,batt_bel29,1,29,battery,0.10124351788870772,0.0,0.10124351788870772,0.020828940509298413
88,pltd_bel30,1,30,diesel,0.002473398187261215,0.0508,-0.04832660181273878,0.0009575158100877627
89,plts_bel30,1,30,solar,0.14972704905282638,0.0,0.14972704905282638,0.033359038943760175
90,batt_bel30,1,30,battery,0.07769163262214897,0.0,0.07769163262214897,0.015983573841563813
91,pltd_bel31,1,31,diesel,0.005036224640113429,0.1035,-0.09846377535988657,0.0019496775872972906
92,plts_bel31,1,31,solar,0.2971573675779889,0.0,0.2971573675779889,0.06793195957376895
93,batt_bel31,1,31,battery,0.1582235760759439,0.0,0.1582235760759439,0.03255153097092269
94,pltd_bel32,1,32,diesel,0.007554372906725191,0.1553,-0.1477456270932748,0.0029245271552614145
95,plts_bel32,1,32,solar,0.4368461888916632,0.0,0.4368461888916632,0.10189777821517837
96,batt_bel32,1,32,battery,0.23732890270306936,0.0,0.23732890270306936,0.04882594711424133
97,pltd_bel33,1,33,diesel,0.0044668637867482965,0.0918,-0.08733313621325171,0.0017292516976690421
98,plts_bel33,1,33,solar,0.25755488161132667,0.0,0.25755488161132667,0.06024904151212899
99,batt_bel33,1,33,battery,0.14032488116061217,0.0,0.14032488116061217,0.028869200812371845
100,pltd_bel34,1,34,diesel,0.0035970835200848698,0.0739,-0.07030291647991513,0.0013925047696652531
101,plts_bel34,1,34,solar,0.20410689798750634,0.0,0.20410689798750634,0.04852282506013329
102,batt_bel34,1,34,battery,0.11301335842531741,0.0,0.11301335842531741,0.023250381135082737
103,pltd_bel35,1,35,diesel,0.00368735296008614,0.0758,-0.07211264703991387,0.0014274560608669544
104,plts_bel35,1,35,solar,0.2102359633609889,0.0,0.2102359633609889,0.04973564469936599
105,batt_bel35,1,35,battery,0.11583593992456397,0.0,0.11583593992456397,0.02383105743924732
106,pltd_bel36,1,36,diesel,0.0021583321600880047,0.0444,-0.042241667839912,0.0008355618768697559
107,plts_bel36,1,36,solar,0.12394416703806335,0.0,0.12394416703806335,0.029113797047720956
108,batt_bel36,1,36,battery,0.06781029354741294,0.0,0.06781029354741294,0.013950699417843796
109,pltd_bel37,1,37,diesel,0.003777053120091105,0.0776,-0.0738229468799089,0.0014622005776715867
110,plts_bel37,1,37,solar,0.21724778154875682,0.0,0.21724778154875682,0.05094873383857327
111,batt_bel37,1,37,battery,0.11866011240628269,0.0,0.11866011240628269,0.024412079387479677
112,pltd_bel38,1,38,diesel,0.007719326613388611,0.1587,-0.1509806733866114,0.002988292294459354
113,plts_bel38,1,38,solar,0.445451680778632,0.0,0.445451680778632,0.10412188349582081
114,batt_bel38,1,38,battery,0.2425127608861163,0.0,0.2425127608861163,0.04989243546940374
115,pltd_bel39,1,39,diesel,0.0034625666134137415,0.0712,-0.06773743338658626,0.0013405524944608191
116,plts_bel39,1,39,solar,0.19370700151143222,0.0,0.19370700151143222,0.04670288365621323
117,batt_bel39,1,39,battery,0.1087741130636804,0.0,0.1087741130636804,0.022378232726157007
118,pltd_bel40,1,40,diesel,0.003102889066779181,0.0638,-0.06069711093322081,0.0012012233520815574
119,plts_bel40,1,40,solar,0.17931979475094237,0.0,0.17931979475094237,0.041850595132200095
120,batt_bel40,1,40,battery,0.09746969638327217,0.0,0.09746969638327217,0.020052546679057533
121,pltd_bel41,1,41,diesel,0.003357466026759122,0.069,-0.06564253397324088,0.0012997949328687627
122,plts_bel41,1,41,solar,0.19102816292063302,0.0,0.19102816292063302,0.04528790782475468
123,batt_bel41,1,41,battery,0.10547957934511508,0.0,0.10547957934511508,0.021700432779034547
124,pltd_bel42,1,42,diesel,0.003777053120073448,0.0776,-0.07382294687992655,0.0014622005776581983
125,plts_bel42,1,42,solar,0.21131766060328824,0.0,0.21131766060328824,0.050948873602862675
126,batt_bel42,1,42,battery,0.11866384959278757,0.0,0.11866384959278757,0.024412849546875417
127,pltd_bel43,1,43,diesel,0.006640232320045338,0.1365,-0.12985976767995466,0.002570557393649189
128,plts_bel43,1,43,solar,0.3749929102598258,0.0,0.3749929102598258,0.08956480452505942
129,batt_bel43,1,43,battery,0.20860204040649663,0.0,0.20860204040649663,0.042915940093764295
130,pltd_bel44,1,44,diesel,0.005201214293393338,0.1069,-0.10169878570660666,0.0020134955008558066
131,plts_bel44,1,44,solar,0.2950562568148302,0.0,0.2950562568148302,0.07015590217565067
132,batt_bel44,1,44,battery,0.16340083826241938,0.0,0.16340083826241938,0.03361664224871273
133,pltd_bel45,1,45,diesel,0.003941883733414881,0.081,-0.07705811626658512,0.0015260087920654346
134,plts_bel45,1,45,solar,0.2249127508703131,0.0,0.2249127508703131,0.05317296248998308
135,batt_bel45,1,45,battery,0.12384521050696465,0.0,0.12384521050696465,0.025478829189668428
136,pltd_bel46,1,46,diesel,0.00532127434672031,0.1094,-0.10407872565327969,0.0020599538064515676
137,plts_bel46,1,46,solar,0.29921236417864905,0.0,0.29921236417864905,0.07177289572361628
138,batt_bel46,1,46,battery,0.16715744471134866,0.0,0.16715744471134866,0.03438948840010833
139,pltd_bel47,1,47,diesel,0.005501243946711863,0.1131,-0.10759875605328814,0.0021296496144344113
140,plts_bel47,1,47,solar,0.3077519829815975,0.0,0.3077519829815975,0.07419922546487348
141,batt_bel47,1,47,battery,0.17281545490624595,0.0,0.17281545490624595,0.03555350633287634
142,pltd_bel48,1,48,diesel,0.0053360081067187915,0.1097,-0.10436399189328122,0.002065770851250476
143,plts_bel48,1,48,solar,0.29918627390862695,0.0,0.29918627390862695,0.07197515910853068
144,batt_bel48,1,48,battery,0.16763001708509992,0.0,0.16763001708509992,0.03448672207009111
145,pltd_bel49,1,49,diesel,0.009727797866672765,0.1999,-0.19017220213332722,0.0037658667760327607
146,plts_bel49,1,49,solar,0.528502045487279,0.0,0.528502045487279,0.1312135219799221
147,batt_bel49,1,49,battery,0.3056049857439397,0.0,0.3056049857439397,0.06287245868650627
148,pltd_bel50,1,50,diesel,0.011421223573330136,0.2348,-0.22337877642666987,0.00442143347523045
149,plts_bel50,1,50,solar,0.6186905209724911,0.0,0.6186905209724911,0.15406012129039107
150,batt_bel50,1,50,battery,0.35882484849125706,0.0,0.35882484849125706,0.07382146930227369
151,pltd_bel51,1,51,diesel,0.007164879040035959,0.1473,-0.14013512095996403,0.002773674299243468
152,plts_bel51,1,51,solar,0.39967758045780427,0.0,0.39967758045780427,0.09664105379535194
153,batt_bel51,1,51,battery,0.22508626336105628,0.0,0.22508626336105628,0.04630724985464032
154,pltd_bel52,1,52,diesel,0.007794159680024755,0.1602,-0.15240584031997526,0.00301719176643671
155,plts_bel52,1,52,solar,0.4256642719476155,0.0,0.4256642719476155,0.1051329751574536
156,batt_bel52,1,52,battery,0.24486735330732065,0.0,0.24486735330732065,0.05037684040356713
157,pltd_bel53,1,53,diesel,0.006685038826702406,0.1374,-0.1307149611732976,0.0025879390768422123
158,plts_bel53,1,53,solar,0.3699165483405673,0.0,0.3699165483405673,0.09017130986346478
159,batt_bel53,1,53,battery,0.21001307763580132,0.0,0.21001307763580132,0.04320622896278
160,pltd_bel54,1,54,diesel,0.006145468586699957,0.1263,-0.12015453141330004,0.0023790062016395557
161,plts_bel54,1,54,solar,0.3340640192956481,0.0,0.3340640192956481,0.08289332294695652
162,batt_bel54,1,54,battery,0.1930703401453881,0.0,0.1930703401453881,0.03972058849595625
163,pltd_bel55,1,55,diesel,0.01004245866667836,0.2064,-0.19635754133332164,0.0038876101600372436
164,plts_bel55,1,55,solar,0.5568032436092317,0.0,0.5568032436092317,0.13545902675291005
165,batt_bel55,1,55,battery,0.3154864284741646,0.0,0.3154864284741646,0.0649053900203504
166,pltd_bel56,1,56,diesel,0.007764645973374094,0.1596,-0.1518353540266259,0.0030059238272481617
167,plts_bel56,1,56,solar,0.4399124256242028,0.0,0.4399124256242028,0.10472745849287436
168,batt_bel56,1,56,battery,0.2439064085004783,0.0,0.2439064085004783,0.050179128836971926
169,pltd_bel57,1,57,diesel,0.008423963413368677,0.1731,-0.16467603658663132,0.0032610791584477524
170,plts_bel57,1,57,solar,0.4779488231579581,0.0,0.4779488231579581,0.11362397937512193
171,batt_bel57,1,57,battery,0.2646387063191216,0.0,0.2646387063191216,0.0544444184402381
172,pltd_bel58,1,58,diesel,0.012051186346669192,0.2477,-0.23564881365333082,0.004665302566435194
173,plts_bel58,1,58,solar,0.6675254788549168,0.0,0.6675254788549168,0.16255066384231276
174,batt_bel58,1,58,battery,0.3785842312738929,0.0,0.3785842312738929,0.07788655681491866
175,pltd_bel59,1,59,diesel,0.003807100160078431,0.0783,-0.07449289983992156,0.0014737905168620707
176,plts_bel59,1,59,solar,0.21529109665338866,0.0,0.21529109665338866,0.05135312047199343
177,batt_bel59,1,59,battery,0.11960057414414854,0.0,0.11960057414414854,0.02460556980321956
178,pltd_bel60,1,60,diesel,0.02056506016000124,0.4227,-0.40213493983999876,0.007961148316833325
179,plts_bel60,1,60,solar,1.14708824306689,0.0,1.14708824306689,0.2773886014207724
180,batt_bel60,1,60,battery,0.6460701609899091,0.0,0.6460701609899091,0.13291675346039472
181,pltd_bel61,1,61,diesel,0.0027130823467660984,0.0558,-0.0530869176532339,0.0010503236464706458
182,plts_bel61,1,61,solar,0.15394777593515863,0.0,0.15394777593515863,0.03659410897170447
183,batt_bel61,1,61,battery,0.08522931006950088,0.0,0.08522931006950088,0.01753432557311605
184,pltd_bel62,1,62,diesel,0.013939705173331188,0.2865,-0.27256029482666877,0.005396367043233996
185,plts_bel62,1,62,solar,0.7724751438583513,0.0,0.7724751438583513,0.18802596333320076
186,batt_bel62,1,62,battery,0.4379367904377644,0.0,0.4379367904377644,0.09009724873060938
187,pltd_bel63,1,63,diesel,0.005501243946711863,0.1131,-0.10759875605328814,0.0021296496144344113
188,plts_bel63,1,63,solar,0.3077519829815975,0.0,0.3077519829815975,0.07419922546487348
189,batt_bel63,1,63,battery,0.17281545490624595,0.0,0.17281545490624595,0.03555350633287634
190,pltd_bel64,1,64,diesel,0.00514108426671352,0.1057,-0.10055891573328649,0.001990220848046132
191,plts_bel64,1,64,solar,0.2833188524500091,0.0,0.2833188524500091,0.06934733397946463
192,batt_bel64,1,64,battery,0.1615199701535736,0.0,0.1615199701535736,0.03322969060164273
193,pltd_bel65,1,65,diesel,0.002518091840082258,0.0518,-0.04928190815991774,0.0009747456432628653
194,plts_bel65,1,65,solar,0.1419599835986086,0.0,0.1419599835986086,0.033966054810814966
195,batt_bel65,1,65,battery,0.07910845964558164,0.0,0.07910845964558164,0.016275067720954967
196,pltd_bel66,1,66,diesel,0.02176407093333685,0.4473,-0.42553592906666315,0.008425333448034263
197,plts_bel66,1,66,solar,1.2187663584347086,0.0,1.2187663584347086,0.29356239440350895
198,batt_bel66,1,66,battery,0.683726831380263,0.0,0.683726831380263,0.14066389296323878
199,pltd_bel67,1,67,diesel,0.017567184533324252,0.3611,-0.34353281546667574,0.006800596376028992
200,plts_bel67,1,67,solar,0.9604956621219732,0.0,0.9604956621219732,0.23695245989876504
201,batt_bel67,1,67,battery,0.5518769167024837,0.0,0.5518769167024837,0.11353826861844299
202,pltd_bel68,1,68,diesel,0.008858597120013668,0.1821,-0.17324140287998635,0.00342940469763442
203,plts_bel68,1,68,solar,0.4824960461930163,0.0,0.4824960461930163,0.11948723064463565
204,batt_bel68,1,68,battery,0.27829819896991187,0.0,0.27829819896991187,0.05725460314651434
205,pltd_bel69,1,69,diesel,0.016757770240002492,0.3444,-0.3276422297599975,0.006487288875236795
206,plts_bel69,1,69,solar,0.940644712733906,0.0,0.940644712733906,0.2260357830609074
207,batt_bel69,1,69,battery,0.5264739215962932,0.0,0.5264739215962932,0.1083120828877585
208,pltd_bel70,1,70,diesel,0.003072739413431413,0.0632,-0.060127260586568594,0.0011895386384700158
209,plts_bel70,1,70,solar,0.17421123798346025,0.0,0.17421123798346025,0.041446438267533796
210,batt_bel70,1,70,battery,0.09652995042020293,0.0,0.09652995042020293,0.01985922154458877
211,pltd_bel71,1,71,diesel,0.007224675733375394,0.1485,-0.1412753242666246,0.002796815952047991
212,plts_bel71,1,71,solar,0.4081839925297076,0.0,0.4081839925297076,0.09744933857995196
213,batt_bel71,1,71,battery,0.2269563713013309,0.0,0.2269563713013309,0.04669198404617174
214,pltd_bel72,1,72,diesel,0.0062653953067099795,0.1288,-0.12253460469329001,0.002425555507246645
215,plts_bel72,1,72,solar,0.3505190913528866,0.0,0.3505190913528866,0.08451037118257519
216,batt_bel72,1,72,battery,0.1968308421675661,0.0,0.1968308421675661,0.04049423744708577
217,pltd_bel73,1,73,diesel,0.004796360960070821,0.0986,-0.09380363903992917,0.001856787900862327
218,plts_bel73,1,73,solar,0.27455582793954736,0.0,0.27455582793954736,0.06469680836386404
219,batt_bel73,1,73,battery,0.15067942286186567,0.0,0.15067942286186567,0.03099945656296636
220,pltd_bel74,1,74,diesel,0.034609501866657566,0.7113,-0.6766904981333425,0.013398073696033585
221,plts_bel74,1,74,solar,1.9429757159738428,0.0,1.9429757159738428,0.4668301405707194
222,batt_bel74,1,74,battery,1.0873092926035512,0.0,1.0873092926035512,0.2236933933241346
223,pltd_bel75,1,75,diesel,0.007434446186702576,0.1528,-0.1453655538132974,0.002878047849643842
224,plts_bel75,1,75,solar,0.41592710293313434,0.0,0.41592710293313434,0.1002803527262252
225,batt_bel75,1,75,battery,0.23356055931773206,0.0,0.23356055931773206,0.04805068221499198
226,pltd_bel76,1,76,diesel,0.0033424194134194242,0.0687,-0.06535758058658057,0.001293966038463901
227,plts_bel76,1,76,solar,0.18799635052301106,0.0,0.18799635052301106,0.04508584784865381
228,batt_bel76,1,76,battery,0.10501113574109532,0.0,0.10501113574109532,0.021604061815518497
229,pltd_bel77,1,77,diesel,0.015318603413312823,0.3149,-0.2995813965866872,0.005930127358423183
230,plts_bel77,1,77,solar,0.8051301091343479,0.0,0.8051301091343479,0.2066263475575244
231,batt_bel77,1,77,battery,0.4812565915900919,0.0,0.4812565915900919,0.09900949103688293
232,pltd_bel78,1,78,diesel,0.004856424320064581,0.0998,-0.09494357567993542,0.0018800415536578785
233,plts_bel78,1,78,solar,0.27584485666622754,0.0,0.27584485666622754,0.06550558095746033
234,batt_bel78,1,78,battery,0.1525650076979551,0.0,0.1525650076979551,0.0313873802331879
235,pltd_bel79,1,79,diesel,0.0032224824534238692,0.0662,-0.06297751754657613,0.0012474716576659464
236,plts_bel79,1,79,solar,0.18167417777762143,0.0,0.18167417777762143,0.04346825423635835
237,batt_bel79,1,79,battery,0.1012394199175875,0.0,0.1012394199175875,0.020828095999409935
238,pltd_bel80,1,80,diesel,0.005245964373372217,0.1078,-0.10255403562662779,0.0020308362592410057
239,plts_bel80,1,80,solar,0.28271177495733574,0.0,0.28271177495733574,0.07076239051800405
240,batt_bel80,1,80,battery,0.16481067233256946,0.0,0.16481067233256946,0.03390668909549093
241,pltd_bel81,1,81,diesel,0.008139293226695984,0.1673,-0.15916070677330402,0.0031508077888416394
242,plts_bel81,1,81,solar,0.4540791019212956,0.0,0.4540791019212956,0.10978268393788695
243,batt_bel81,1,81,battery,0.2556916743058378,0.0,0.2556916743058378,0.05260373645254096
244,pltd_kup82,1,82,diesel,0.03248126293332001,0.6676,-0.63511873706668,0.012574113608023534
245,plts_kup82,1,82,solar,1.752166227083438,0.0,1.752166227083438,0.4381192874463892
246,batt_kup82,1,82,battery,1.0203990121210473,0.0,1.0203990121210473,0.20992783681030097
247,pltd_kup83,1,83,diesel,0.017836685013320478,0.3666,-0.3487633149866795,0.006904997926426182
248,plts_kup83,1,83,solar,0.9621956784637582,0.0,0.9621956784637582,0.24059154549919853
249,batt_kup83,1,83,battery,0.5603483159885523,0.0,0.5603483159885523,0.1152811040329164
250,pltd_kup84,1,84,diesel,0.023502256959995773,0.4831,-0.4595977430400042,0.00909835398082461
251,plts_kup84,1,84,solar,1.2678345615965365,0.0,1.2678345615965365,0.3170147532197318
252,batt_kup84,1,84,battery,0.738341157520629,0.0,0.738341157520629,0.15189978876144627
253,pltd_kup85,1,85,diesel,0.003597083520064529,0.0739,-0.07030291647993546,0.001392504769650838
254,plts_kup85,1,85,solar,0.19405662375253752,0.0,0.19405662375253752,0.04852276434104249
255,batt_kup85,1,85,battery,0.11301173484432238,0.0,0.11301173484432238,0.023250046547512865
256,pltd_kup86,1,86,diesel,0.02276836810666176,0.468,-0.44523163189333825,0.008814046651224811
257,plts_kup86,1,86,solar,1.228214197734416,0.0,1.228214197734416,0.30710803872665077
258,batt_kup86,1,86,battery,0.7152681730283675,0.0,0.7152681730283675,0.14715291844688105
259,pltd_kup87,1,87,diesel,0.020819970453324003,0.4279,-0.407080029546676,0.008059873897625202
260,plts_kup87,1,87,solar,1.1230997906246034,0.0,1.1230997906246034,0.2808247558735768
261,batt_kup87,1,87,battery,0.6540528170240356,0.0,0.6540528170240356,0.13455902863510857
262,pltd_kup88,1,88,diesel,0.009622794666671751,0.1978,-0.18817720533332824,0.0037252314400315805
263,plts_kup88,1,88,solar,0.519100497659951,0.0,0.519100497659951,0.12979810367003883
264,batt_kup88,1,88,battery,0.3023055459567576,0.0,0.3023055459567576,0.062193665471164034
265,pltd_kup89,1,89,diesel,0.045866407679981167,0.9427,-0.8968335923200188,0.017755885806422535
266,plts_kup89,1,89,solar,2.4742163088939786,0.0,2.4742163088939786,0.6186638059979398
267,batt_kup89,1,89,battery,1.440894729994044,0.0,1.440894729994044,0.29643690815116797
268,pltd_kup90,1,90,diesel,0.014704461759987332,0.3022,-0.28749553824001267,0.005692420484827533
269,plts_kup90,1,90,solar,0.7932041657893356,0.0,0.7932041657893356,0.19833627199128065
270,batt_kup90,1,90,battery,0.46193372604937816,0.0,0.46193372604937816,0.09503414177985169
271,pltd_kup91,1,91,diesel,0.013924771413321595,0.2862,-0.2722752285866784,0.005390563998427993
272,plts_kup91,1,91,solar,0.7511593913029491,0.0,0.7511593913029491,0.1878231810673896
273,batt_kup91,1,91,battery,0.43744828467860614,0.0,0.43744828467860614,0.0899967315085629
274,pltd_kup92,1,92,diesel,0.011736222933327965,0.2412,-0.22946377706667204,0.004543310408029426
275,plts_kup92,1,92,solar,0.633108821696013,0.0,0.633108821696013,0.15830523722296397
276,batt_kup92,1,92,battery,0.36869982459936695,0.0,0.36869982459936695,0.07585303244583312
277,pltd_kup93,1,93,diesel,0.05246125397332236,1.0783,-1.0258387460266776,0.020308944667222054
278,plts_kup93,1,93,solar,2.8299873272404277,0.0,2.8299873272404277,0.7076221927034153
279,batt_kup93,1,93,battery,1.6480828324702441,0.0,1.6480828324702441,0.3390619734486629
280,pltd_kup94,1,94,diesel,0.007704392853354738,0.1583,-0.15059560714664527,0.0029825802496343803
281,plts_kup94,1,94,solar,0.4156030883270724,0.0,0.4156030883270724,0.10391920373576208
282,batt_kup94,1,94,battery,0.24203223693483253,0.0,0.24203223693483253,0.04979356313832527
283,pltd_kup95,1,95,diesel,0.0025781552000665843,0.053,-0.05042184479993341,0.0009979922960500682
284,plts_kup95,1,95,solar,0.13565041190850893,0.0,0.13565041190850893,0.03477471027272044
285,batt_kup95,1,95,battery,0.08099278421719598,0.0,0.08099278421719598,0.016662731675875564
286,pltd_kup96,1,96,diesel,0.0026378954667300373,0.0542,-0.05156210453326996,0.0010211560240491967
287,plts_kup96,1,96,solar,0.13977022696502275,0.0,0.13977022696502275,0.03558340815110397
288,batt_kup96,1,96,battery,0.08287693275095996,0.0,0.08287693275095996,0.017050365277713374
289,pltd_kup97,1,97,diesel,0.004916344106704357,0.101,-0.09608365589329565,0.0019031751312393913
290,plts_kup97,1,97,solar,0.2601516753199559,0.0,0.2601516753199559,0.06631419345869172
291,batt_kup97,1,97,battery,0.15444444004529204,0.0,0.15444444004529204,0.0317740300737294
292,pltd_kup98,1,98,diesel,0.0025478362667335996,0.0524,-0.049852163733266404,0.0009863948080503571
293,plts_kup98,1,98,solar,0.13465744677860292,0.0,0.13465744677860292,0.03437033238211298
294,batt_kup98,1,98,battery,0.08005105885916466,0.0,0.08005105885916466,0.016469016402092307
295,pltd_kup99,1,99,diesel,0.002713082346738824,0.0558,-0.05308691765326118,0.0010503236464522515
296,plts_kup99,1,99,solar,0.1430160993195742,0.0,0.1430160993195742,0.03659409340569853
297,batt_kup99,1,99,battery,0.08522889384627293,0.0,0.08522889384627293,0.017534239797835673
298,pltd_kup100,1,100,diesel,0.010941819306659538,0.2249,-0.21395818069334044,0.004235800027227159
299,plts_kup100,1,100,solar,0.5795237047939696,0.0,0.5795237047939696,0.14758942232859018
300,batt_kup100,1,100,battery,0.3437315540791713,0.0,0.3437315540791713,0.0707162866378319
301,pltd_kup101,1,101,diesel,0.00584573130669602,0.1201,-0.11425426869330398,0.002263008787236461
302,plts_kup101,1,101,solar,0.3105197668972406,0.0,0.3105197668972406,0.0788494699902684
303,batt_kup101,1,101,battery,0.1836484860671912,0.0,0.1836484860671912,0.03778220922192224
304,pltd_kup102,1,102,diesel,0.007134719146689487,0.1466,-0.13946528085331053,0.0027619955104342983
305,plts_kup102,1,102,solar,0.3820645118263455,0.0,0.3820645118263455,0.09623681862532436
306,batt_kup102,1,102,battery,0.22414367487652842,0.0,0.22414367487652842,0.046113333008550174
307,pltd_kup103,1,103,diesel,0.008678807040010053,0.1784,-0.16972119295998994,0.003359713739231171
308,plts_kup103,1,103,solar,0.46376176549075904,0.0,0.46376176549075904,0.11706143787358593
309,batt_kup103,1,103,battery,0.27265417258619257,0.0,0.27265417258619257,0.05609345514775813
310,pltd_kup104,1,104,diesel,0.010192524799998494,0.2095,-0.1993074752000015,0.00394566810402903
311,plts_kup104,1,104,solar,0.5438486641276763,0.0,0.5438486641276763,0.13748126388620655
312,batt_kup104,1,104,battery,0.32020659805380336,0.0,0.32020659805380336,0.06587646362332367
313,pltd_kup105,1,105,diesel,0.005845731306695273,0.1201,-0.11425426869330473,0.0022630087872359973
314,plts_kup105,1,105,solar,0.3096367977638923,0.0,0.3096367977638923,0.07884961171280071
315,batt_kup105,1,105,battery,0.1836522756159175,0.0,0.1836522756159175,0.03778299017212388
316,pltd_kup106,1,106,diesel,0.0038220236800557616,0.0786,-0.07477797631994425,0.0014795994864465283
317,plts_kup106,1,106,solar,0.20306383809279896,0.0,0.20306383809279896,0.05155543741590826
318,batt_kup106,1,106,battery,0.1200760760387648,0.0,0.1200760760387648,0.02470340126406412
319,pltd_kup107,1,107,diesel,0.0038971131733868034,0.0801,-0.0762028868266132,0.001508658883245428
320,plts_kup107,1,107,solar,0.2062767982484285,0.0,0.2062767982484285,0.05256632333404437
321,batt_kup107,1,107,battery,0.12243265402088893,0.0,0.12243265402088893,0.025188209457820385
322,pltd_kup108,1,108,diesel,0.005545701653369381,0.114,-0.10845429834663062,0.0021468686736400163
323,plts_kup108,1,108,solar,0.29917043323929315,0.0,0.29917043323929315,0.07480581889699542
324,batt_kup108,1,108,battery,0.17422604007435974,0.0,0.17422604007435974,0.035843731665319005
325,pltd_kup109,1,109,diesel,0.006445016106688674,0.1325,-0.12605498389331132,0.0024950256912330635
326,plts_kup109,1,109,solar,0.33852736987163,0.0,0.33852736987163,0.08693665013890904
327,batt_kup109,1,109,battery,0.20248150482957838,0.0,0.20248150482957838,0.04165677082447543
328,pltd_kup110,1,110,diesel,0.004466863786712128,0.0918,-0.08733313621328788,0.0017292516976427788
329,plts_kup110,1,110,solar,0.23806825989811925,0.0,0.23806825989811925,0.06024918227948638
330,batt_kup110,1,110,battery,0.14032864516800933,0.0,0.14032864516800933,0.02886997649901871
331,pltd_kup111,1,111,diesel,0.007749342933354015,0.1593,-0.15155065706664597,0.0029999490080339485
332,plts_kup111,1,111,solar,0.41717211170357177,0.0,0.41717211170357177,0.104526079460844
333,batt_kup111,1,111,battery,0.24345168061609393,0.0,0.24345168061609393,0.05008559033375964
334,pltd_kup112,1,112,diesel,0.00858869664001888,0.1765,-0.1679113033599811,0.0033248701472367035
335,plts_kup112,1,112,solar,0.4718565755305962,0.0,0.4718565755305962,0.11584767057493257
336,batt_kup112,1,112,battery,0.26980999491122853,0.0,0.26980999491122853,0.055508304604500534
337,pltd_kup113,1,113,diesel,0.01233582058665486,0.2535,-0.24116417941334514,0.004775458161627293
338,plts_kup113,1,113,solar,0.6579118043281048,0.0,0.6579118043281048,0.16639205892241504
339,batt_kup113,1,113,battery,0.38752681502826763,0.0,0.38752681502826763,0.07972633987982161
340,pltd_kup114,1,114,diesel,0.00617541824002894,0.1269,-0.12072458175997107,0.002390648915236753
341,plts_kup114,1,114,solar,0.3308238422450096,0.0,0.3308238422450096,0.08329708111496573
342,batt_kup114,1,114,battery,0.19399867657598757,0.0,0.19399867657598757,0.039911562353974674
343,pltd_kup115,1,115,diesel,0.006220275946693582,0.1279,-0.12167972405330643,0.0024079729744356385
344,plts_kup115,1,115,solar,0.3311531567485601,0.0,0.3311531567485601,0.08390372176202644
345,batt_kup115,1,115,battery,0.195412395979785,0.0,0.195412395979785,0.04020243358950953
346,pltd_kup116,1,116,diesel,0.006370747306694597,0.1309,-0.12452925269330539,0.0024661574672365117
347,plts_kup116,1,116,solar,0.3418254009804936,0.0,0.3418254009804936,0.08592534761312044
348,batt_kup116,1,116,battery,0.2001225842879859,0.0,0.2001225842879859,0.04117141470326325
349,pltd_kup117,1,117,diesel,0.009353519893339999,0.1922,-0.18284648010666002,0.003620804588831766
350,plts_kup117,1,117,solar,0.5042655033767919,0.0,0.5042655033767919,0.12615855847981422
351,batt_kup117,1,117,battery,0.29381923715936875,0.0,0.29381923715936875,0.0604477338053981
352,pltd_kup118,1,118,diesel,0.006655078933359262,0.1368,-0.13014492106664075,0.0025763862880357263
353,plts_kup118,1,118,solar,0.35706894613628765,0.0,0.35706894613628765,0.08976690692895932
354,batt_kup118,1,118,battery,0.20907161849589773,0.0,0.20907161849589773,0.04301254485202976
355,pltd_kup119,1,119,diesel,0.005606134293367589,0.1152,-0.1095938657066324,0.0021702661008390287
356,plts_kup119,1,119,solar,0.30109778982556507,0.0,0.30109778982556507,0.07561427467579993
357,batt_kup119,1,119,battery,0.1761063354990255,0.0,0.1761063354990255,0.03623054751923428
358,pltd_kup120,1,120,diesel,0.006745091946689424,0.1386,-0.13185490805331057,0.0026111636544338393
359,plts_kup120,1,120,solar,0.3580889069874135,0.0,0.3580889069874135,0.09097994237574893
360,batt_kup120,1,120,battery,0.2118952911569332,0.0,0.2118952911569332,0.043593451947616324
361,pltd_kup121,1,121,diesel,0.009308344106667742,0.1913,-0.18199165589333224,0.003603510131228207
362,plts_kup121,1,121,solar,0.49020316663943064,0.0,0.49020316663943064,0.12555233901045915
363,batt_kup121,1,121,battery,0.2924186514599034,0.0,0.2924186514599034,0.060159616562053146
364,pltd_kup122,1,122,diesel,0.006969616640021291,0.1433,-0.1363303833599787,0.00269817274723306
365,plts_kup122,1,122,solar,0.3694300879690324,0.0,0.3694300879690324,0.09401254574580455
366,batt_kup122,1,122,battery,0.21895496088263627,0.0,0.21895496088263627,0.04504587359188926
367,pltd_kup123,1,123,diesel,0.006520172266696105,0.134,-0.1274798277333039,0.002524162088037636
368,plts_kup123,1,123,solar,0.3528983693240299,0.0,0.3528983693240299,0.0879474314600688
369,batt_kup123,1,123,battery,0.20483846793735452,0.0,0.20483846793735452,0.04214165838492484
370,pltd_kup124,1,124,diesel,0.006819801920028037,0.1402,-0.13338019807997195,0.002640085201637299
371,plts_kup124,1,124,solar,0.3698624887960646,0.0,0.3698624887960646,0.09199101181867292
372,batt_kup124,1,124,battery,0.21425284578320575,0.0,0.21425284578320575,0.0440784732577978
373,pltd_kup125,1,125,diesel,0.009503180800004287,0.1953,-0.18579681919999572,0.0036788269840307766
374,plts_kup125,1,125,solar,0.5100578367190498,0.0,0.5100578367190498,0.12818032006739027
375,batt_kup125,1,125,battery,0.29852800124305745,0.0,0.29852800124305745,0.06141649251256483
376,pltd_kup126,1,126,diesel,0.00728498528002454,0.1497,-0.14241501471997545,0.0028201444544357556
377,plts_kup126,1,126,solar,0.3941219246646314,0.0,0.3941219246646314,0.09825807322390305
378,batt_kup126,1,126,battery,0.22884187726601918,0.0,0.22884187726601918,0.04707987961297606
379,pltd_kup127,1,127,diesel,0.012575607359992868,0.2585,-0.24592439264000715,0.004868353772830141
380,plts_kup127,1,127,solar,0.6827222540204375,0.0,0.6827222540204375,0.1696270526880289
381,batt_kup127,1,127,battery,0.3950663839563602,0.0,0.3950663839563602,0.08127746363332226
382,pltd_kup128,1,128,diesel,0.01086672981332612,0.2234,-0.21253327018667387,0.004206817630427412
383,plts_kup128,1,128,solar,0.5762704966854489,0.0,0.5762704966854489,0.14657916056885026
384,batt_kup128,1,128,battery,0.34139540908985155,0.0,0.34139540908985155,0.07023568927523284
385,pltd_kup129,1,129,diesel,0.009458297386676542,0.1944,-0.18494170261332343,0.003661465225634479
386,plts_kup129,1,129,solar,0.5171268560712019,0.0,0.5171268560712019,0.12757423230358292
387,batt_kup129,1,129,battery,0.2971281296290774,0.0,0.2971281296290774,0.06112849872875522
388,pltd_kup130,1,130,diesel,0.007584486613352852,0.1559,-0.14831551338664717,0.0029361240944328366
389,plts_kup130,1,130,solar,0.4047924881586072,0.0,0.4047924881586072,0.10230190970407071
390,batt_kup130,1,130,battery,0.2382646009962402,0.0,0.2382646009962402,0.04901845587930049
391,pltd_kup131,1,131,diesel,0.00878353333334115,0.1805,-0.17171646666665885,0.0034002220000302133
392,plts_kup131,1,131,solar,0.46691301109571204,0.0,0.46691301109571204,0.11847670497626833
393,batt_kup131,1,131,battery,0.27594882051410236,0.0,0.27594882051410236,0.05677125493194197
394,pltd_kup132,1,132,diesel,0.007164879040031282,0.1473,-0.14013512095996872,0.002773674299240089
395,plts_kup132,1,132,solar,0.3948549607737058,0.0,0.3948549607737058,0.09664117746756266
396,batt_kup132,1,132,battery,0.2250895702583394,0.0,0.2250895702583394,0.0463079313400328
397,pltd_kup133,1,133,diesel,0.005966047786691144,0.1226,-0.11663395221330886,0.0023095150176338252
398,plts_kup133,1,133,solar,0.3118015214862383,0.0,0.3118015214862383,0.08046649626980243
399,batt_kup133,1,133,battery,0.18740615490696444,0.0,0.18740615490696444,0.038555268386023356
400,pltd_kup134,1,134,diesel,0.009323134293334066,0.1916,-0.18227686570666593,0.0036092001008279783
401,plts_kup134,1,134,solar,0.4904018546396451,0.0,0.4904018546396451,0.1257549786453393
402,batt_kup134,1,134,battery,0.2928997870651825,0.0,0.2928997870651825,0.06025860901798908
403,pltd_kup135,1,135,diesel,0.013834881493311439,0.2844,-0.2705651185066886,0.0053557015568224346
404,plts_kup135,1,135,solar,0.7187541959978265,0.0,0.7187541959978265,0.1866096720003248
405,batt_kup135,1,135,battery,0.43461176061026235,0.0,0.43461176061026235,0.0894131700701601
406,pltd_kup136,1,136,diesel,0.006745091946684969,0.1386,-0.13185490805331504,0.0026111636544313087
407,plts_kup136,1,136,solar,0.35162030916914033,0.0,0.35162030916914033,0.09097981722620728
408,batt_kup136,1,136,battery,0.2118919447568216,0.0,0.2118919447568216,0.043592762321482015
409,pltd_kup137,1,137,diesel,0.002982905920081155,0.0613,-0.05831709407991884,0.0011547521216571028
410,plts_kup137,1,137,solar,0.1609048494501374,0.0,0.1609048494501374,0.040233348030129915
411,batt_kup137,1,137,battery,0.09370499987542759,0.0,0.09370499987542759,0.019278039253123026
412,pltd_kup138,1,138,diesel,0.002878051520105607,0.0591,-0.056221948479894396,0.0011141814096731497
413,plts_kup138,1,138,solar,0.16339909226433755,0.0,0.16339909226433755,0.0388181797413105
414,batt_kup138,1,138,battery,0.09041243262925336,0.0,0.09041243262925336,0.018600632707029812
415,pltd_kup139,1,139,diesel,0.010027535146670563,0.2061,-0.19607246485332944,0.003881878190432259
416,plts_kup139,1,139,solar,0.5442437708021111,0.0,0.5442437708021111,0.1352572149793838
417,batt_kup139,1,139,battery,0.31502593183258326,0.0,0.31502593183258326,0.06481065084205405
418,pltd_kup140,1,140,diesel,0.0019334484267263326,0.0397,-0.03776655157327367,0.0007484800848516182
419,plts_kup140,1,140,solar,0.1072620757543204,0.0,0.1072620757543204,0.02608111309620191
420,batt_kup140,1,140,battery,0.0607456615192316,0.0,0.0607456615192316,0.012497278841477194
421,pltd_kup141,1,141,diesel,0.004316813120143205,0.0887,-0.0843831868798568,0.0016710903777180756
422,plts_kup141,1,141,solar,0.25622504375017874,0.0,0.25622504375017874,0.05822750988641802
423,batt_kup141,1,141,battery,0.13562039433232312,0.0,0.13562039433232312,0.02790132948679718
424,pltd_kup142,1,142,diesel,0.005920574613939543,0.1217,-0.11577942538606045,0.002292000334913065
425,plts_kup142,1,142,solar,0.35852270268175507,0.0,0.35852270268175507,0.07986053490863672
426,batt_kup142,1,142,battery,0.18600573254860675,0.0,0.18600573254860675,0.03826716702960827
427,pltd_kup143,1,143,diesel,0.0076745560533552516,0.1577,-0.15002544394664474,0.002970984385634614
428,plts_kup143,1,143,solar,0.4142894196658816,0.0,0.4142894196658816,0.10351510838713159
429,batt_kup143,1,143,battery,0.2410948845602788,0.0,0.2410948845602788,0.04960071942497719
430,pltd_kup144,1,144,diesel,0.005755908053378424,0.1183,-0.11254409194662157,0.0022281883456467615
431,plts_kup144,1,144,solar,0.32052962469372065,0.0,0.32052962469372065,0.07763629061774788
432,batt_kup144,1,144,battery,0.180820029073461,0.0,0.180820029073461,0.037200310246252755
433,pltd_kup145,1,145,diesel,0.0058608343466994475,0.1205,-0.11463916565330055,0.002268850606438619
434,plts_kup145,1,145,solar,0.31564634073864495,0.0,0.31564634073864495,0.07905127332847314
435,batt_kup145,1,145,battery,0.18411025455068392,0.0,0.18411025455068392,0.03787719865179999
436,pltd_kup146,1,146,diesel,0.0051564437333790755,0.106,-0.10084355626662092,0.001996145592045403
437,plts_kup146,1,146,solar,0.2833692839761418,0.0,0.2833692839761418,0.06954933006812866
438,batt_kup146,1,146,battery,0.16199007459839154,0.0,0.16199007459839154,0.033326391981630864
439,pltd_kup147,1,147,diesel,0.002248032320079374,0.0462,-0.04395196767992062,0.0008702853936620016
440,plts_kup147,1,147,solar,0.12694727759517355,0.0,0.12694727759517355,0.03032685915784679
441,batt_kup147,1,147,battery,0.07063467916487116,0.0,0.07063467916487116,0.014531765289090079
442,pltd_kup148,1,148,diesel,0.0021434086400700966,0.0441,-0.04195659135992991,0.0008298159072563065
443,plts_kup148,1,148,solar,0.11955000732724314,0.0,0.11955000732724314,0.02891150931416576
444,batt_kup148,1,148,battery,0.06733856750564932,0.0,0.06733856750564932,0.013853646084757993
445,pltd_kup149,1,149,diesel,0.0042419031468289735,0.0872,-0.08295809685317103,0.0016421128305332572
446,plts_kup149,1,149,solar,0.25267943261811576,0.0,0.25267943261811576,0.05721622043982181
447,batt_kup149,1,149,battery,0.13325714415635323,0.0,0.13325714415635323,0.027415134437733222
448,pltd_kup150,1,150,diesel,0.008154196266737775,0.1676,-0.15944580373326223,0.0031566986080743833
449,plts_kup150,1,150,solar,0.4773577128609889,0.0,0.4773577128609889,0.10998508637010283
450,batt_kup150,1,150,battery,0.2561715210107823,0.0,0.2561715210107823,0.05270245144229453
451,pltd_kup151,1,151,diesel,0.004871460693418747,0.1001,-0.09522853930658125,0.001885862372874188
452,plts_kup151,1,151,solar,0.2831384793723044,0.0,0.2831384793723044,0.06570761017807834
453,batt_kup151,1,151,battery,0.15303450066971985,0.0,0.15303450066971985,0.03148396152560849
454,pltd_kup152,1,152,diesel,0.007284985280023731,0.1497,-0.14241501471997628,0.0028201444544352226
455,plts_kup152,1,152,solar,0.39296330461523993,0.0,0.39296330461523993,0.09825829342031296
456,batt_kup152,1,152,battery,0.22884776514433844,0.0,0.22884776514433844,0.04708109298694019
457,pltd_kup153,1,153,diesel,0.0030429949867459057,0.0625,-0.05945700501325409,0.0011780014736563797
458,plts_kup153,1,153,solar,0.16413854619247265,0.0,0.16413854619247265,0.041041975219164
459,batt_kup153,1,153,battery,0.09558856845309609,0.0,0.09558856845309609,0.01966552371360896
460,pltd_kup154,1,154,diesel,0.0049613044267199456,0.102,-0.09703869557328004,0.001920663964850001
461,plts_kup154,1,154,solar,0.2764547636281452,0.0,0.2764547636281452,0.06692103843577497
462,batt_kup154,1,154,battery,0.1558683024350428,0.0,0.1558683024350428,0.032066973801407515
463,pltd_kup155,1,155,diesel,0.00607060480007643,0.1248,-0.11872939519992357,0.002350040504071596
464,plts_kup155,1,155,solar,0.3533919562274151,0.0,0.3533919562274151,0.08188218264962267
465,batt_kup155,1,155,battery,0.1907122011503985,0.0,0.1907122011503985,0.03923543490946668
466,pltd_kup156,1,156,diesel,0.0038821434667916737,0.0798,-0.07591785653320832,0.0015028730640997616
467,plts_kup156,1,156,solar,0.22866548176400892,0.0,0.22866548176400892,0.05236412687232277
468,batt_kup156,1,156,battery,0.12196093524958,0.0,0.12196093524958,0.025091169472625702
469,pltd_kup157,1,157,diesel,0.007749342933368938,0.1593,-0.15155065706663107,0.0029999490080445633
470,plts_kup157,1,157,solar,0.4351637570314297,0.0,0.4351637570314297,0.10452595518608017
471,batt_kup157,1,157,battery,0.24344835760721542,0.0,0.24344835760721542,0.0500849055280886
472,pltd_kup158,1,158,diesel,0.0040470305067198085,0.0832,-0.07915296949328018,0.0015667082032459205
473,plts_kup158,1,158,solar,0.21647985359935043,0.0,0.21647985359935043,0.05458817283056443
474,batt_kup158,1,158,battery,0.12714283284805497,0.0,0.12714283284805497,0.026157253790522396
475,pltd_kup159,1,159,diesel,0.003507250026751331,0.0721,-0.06859274997324867,0.001357697252864303
476,plts_kup159,1,159,solar,0.19823909823367036,0.0,0.19823909823367036,0.047309783419342506
477,batt_kup159,1,159,battery,0.11018895861805987,0.0,0.11018895861805987,0.02266931233960321
478,pltd_kup160,1,160,diesel,0.00854387989333501,0.1756,-0.16705612010666498,0.0033074663888257474
479,plts_kup160,1,160,solar,0.4375591322777052,0.0,0.4375591322777052,0.11524173926053231
480,batt_kup160,1,160,battery,0.26841131183892747,0.0,0.26841131183892747,0.05522055575536332
481,pltd_kup161,1,161,diesel,0.008034182400017104,0.1651,-0.1570658175999829,0.0031101401520327414
482,plts_kup161,1,161,solar,0.430817953821506,0.0,0.430817953821506,0.10836704986186513
483,batt_kup161,1,161,battery,0.2523844061827995,0.0,0.2523844061827995,0.051923306274546506
484,pltd_kup162,1,162,diesel,0.005666064320041753,0.1165,-0.11083393567995825,0.0021934217536441676
485,plts_kup162,1,162,solar,0.31221398142898904,0.0,0.31221398142898904,0.07642341398793724
486,batt_kup162,1,162,battery,0.17800172609993667,0.0,0.17800172609993667,0.03662049196146917
487,pltd_kup163,1,163,diesel,0.004811387093386569,0.0989,-0.09408861290661344,0.0018626216448492485
488,plts_kup163,1,163,solar,0.26679077477657903,0.0,0.26679077477657903,0.06489901636657058
489,batt_kup163,1,163,battery,0.15114939131185778,0.0,0.15114939131185778,0.031096129917141703
490,pltd_kup164,1,164,diesel,0.004286940373402976,0.0881,-0.08381305962659702,0.001659532739258712
491,plts_kup164,1,164,solar,0.2423302546696831,0.0,0.2423302546696831,0.05782278329360578
492,batt_kup164,1,164,battery,0.13467271409137505,0.0,0.13467271409137505,0.027706375181144022
493,pltd_kup165,1,165,diesel,0.004856424320059606,0.0998,-0.0949435756799404,0.0018800415536541367
494,plts_kup165,1,165,solar,0.27352585359539355,0.0,0.27352585359539355,0.06550556423508973
495,batt_kup165,1,165,battery,0.15256456055485246,0.0,0.15256456055485246,0.03138728808593757
496,pltd_kup166,1,166,diesel,0.004721440746719456,0.097,-0.09227855925328055,0.0018277602784485935
497,plts_kup166,1,166,solar,0.26074357042901297,0.0,0.26074357042901297,0.06368604099287088
498,batt_kup166,1,166,battery,0.14832994540050468,0.0,0.14832994540050468,0.030516093870130177
499,pltd_kup167,1,167,diesel,0.002832932160080288,0.0582,-0.055367067839919716,0.0010965988768558317
500,plts_kup167,1,167,solar,0.15091977078643704,0.0,0.15091977078643704,0.03821163834488301
501,batt_kup167,1,167,battery,0.0889968749211049,0.0,0.0889968749211049,0.018309424107336655
502,pltd_kup168,1,168,diesel,0.005201214293391827,0.1069,-0.10169878570660817,0.0020134955008545936
503,plts_kup168,1,168,solar,0.2942618802229905,0.0,0.2942618802229905,0.07015581774332634
504,batt_kup168,1,168,battery,0.1633985806086257,0.0,0.1633985806086257,0.03361617699141903
505,pltd_kup169,1,169,diesel,0.016862973439986155,0.3466,-0.32973702656001386,0.006528078211226394
506,plts_kup169,1,169,solar,0.9087932076617607,0.0,0.9087932076617607,0.2274497478215472
507,batt_kup169,1,169,battery,0.529741607252995,0.0,0.529741607252995,0.10898433221189291
508,pltd_kup170,1,170,diesel,0.012440746879995706,0.2557,-0.24325925312000427,0.004816120422431686
509,plts_kup170,1,170,solar,0.6798166330469533,0.0,0.6798166330469533,0.16780720049107134
510,batt_kup170,1,170,battery,0.39082128824162354,0.0,0.39082128824162354,0.0804041036588291
511,pltd_kup171,1,171,diesel,0.01097197920000161,0.2255,-0.2145280207999984,0.004247492816032391
512,plts_kup171,1,171,solar,0.5987061759592524,0.0,0.5987061759592524,0.14799449092949465
513,batt_kup171,1,171,battery,0.3446939945796913,0.0,0.3446939945796913,0.070914294587378
514,pltd_kup172,1,172,diesel,0.004676736853383046,0.0961,-0.09142326314661696,0.001810396369646375
515,plts_kup172,1,172,solar,0.25572909446302433,0.0,0.25572909446302433,0.06307938938435514
516,batt_kup172,1,172,battery,0.14691406115116196,0.0,0.14691406115116196,0.030224788352825945
517,pltd_kup173,1,173,diesel,0.00888831082667449,0.1827,-0.1738116891733255,0.0034407986368305615
518,plts_kup173,1,173,solar,0.4737613451949656,0.0,0.4737613451949656,0.11989196289313844
519,batt_kup173,1,173,battery,0.2792443458675479,0.0,0.2792443458675479,0.05744926515997992
520,pltd_kup174,1,174,diesel,0.008813600853344736,0.1811,-0.17228639914665528,0.0034119260896326026
521,plts_kup174,1,174,solar,0.47543802789337686,0.0,0.47543802789337686,0.11888049524407779
522,batt_kup174,1,174,battery,0.2768778280937072,0.0,0.2768778280937072,0.05696239672434641
523,pltd_kup175,1,175,diesel,0.0073299251200218685,0.1506,-0.14327007487997814,0.0028374911376339335
524,plts_kup175,1,175,solar,0.39265222820283086,0.0,0.39265222820283086,0.09886469535312997
525,batt_kup175,1,175,battery,0.23025566304096404,0.0,0.23025566304096404,0.047370734902277035
526,pltd_kup176,1,176,diesel,0.0047214407467095635,0.097,-0.09227855925329044,0.0018277602784420137
527,plts_kup176,1,176,solar,0.25257639426923306,0.0,0.25257639426923306,0.06368613390695232
528,batt_kup176,1,176,battery,0.1483324298495799,0.0,0.1483324298495799,0.03051660586539665
529,pltd_kup177,1,177,diesel,0.015513732479983725,0.3189,-0.3033862675200163,0.006005691910426002
530,plts_kup177,1,177,solar,0.8308759720542869,0.0,0.8308759720542869,0.2092539904645676
531,batt_kup177,1,177,battery,0.4873628890952773,0.0,0.4873628890952773,0.10026571427475081
532,pltd_kup178,1,178,diesel,0.005905794666707387,0.1214,-0.1154942053332926,0.00228624844004417
533,plts_kup178,1,178,solar,0.3264982415681709,0.0,0.3264982415681709,0.07965802002941397
534,batt_kup178,1,178,battery,0.18552643540281685,0.0,0.18552643540281685,0.0381685593682066
535,pltd_kup179,1,179,diesel,0.005066364053385716,0.1041,-0.09903363594661428,0.0019612982256497847
536,plts_kup179,1,179,solar,0.28252720220035565,0.0,0.28252720220035565,0.06833632864483126
537,batt_kup179,1,179,battery,0.159166750175335,0.0,0.159166750175335,0.032745556650926905
538,pltd_kup180,1,180,diesel,0.006475011946703251,0.1331,-0.12662498805329675,0.0025065892544423774
539,plts_kup180,1,180,solar,0.35772043394272673,0.0,0.35772043394272673,0.08734076868147715
540,batt_kup180,1,180,battery,0.2034168569492881,0.0,0.2034168569492881,0.041849178626103455
541,pltd_kup181,1,181,diesel,0.0061006620800396075,0.1254,-0.1192993379199604,0.002361750518443767
542,plts_kup181,1,181,solar,0.3375387090749855,0.0,0.3375387090749855,0.0822862243907168
543,batt_kup181,1,181,battery,0.19164961749679527,0.0,0.19164961749679527,0.03942830365573366
544,pltd_kup182,1,182,diesel,0.010762208746682215,0.2212,-0.2104377912533178,0.004166260918441337
545,plts_kup182,1,182,solar,0.6055597780518156,0.0,0.6055597780518156,0.14516355750710402
546,batt_kup182,1,182,battery,0.3380919650563772,0.0,0.3380919650563772,0.06955604124081238
547,pltd_kup183,1,183,diesel,0.0077493429333544,0.1593,-0.1515506570666456,0.0029999490080343146
548,plts_kup183,1,183,solar,0.41803849746951055,0.0,0.41803849746951055,0.10452581358863991
549,batt_kup183,1,183,battery,0.24344457140305698,0.0,0.24344457140305698,0.05008412526713693
550,pltd_kup184,1,184,diesel,0.004376886720058621,0.09,-0.08562311327994138,0.001694394105651198
551,plts_kup184,1,184,solar,0.2424458525345884,0.0,0.2424458525345884,0.05903587148393522
552,batt_kup184,1,184,battery,0.1374951766302065,0.0,0.1374951766302065,0.028287032894747013
553,pltd_kup185,1,185,diesel,0.009473097813355438,0.1947,-0.18522690218664456,0.003667268270443019
554,plts_kup185,1,185,solar,0.5333363573933818,0.0,0.5333363573933818,0.12777663587842913
555,batt_kup185,1,185,battery,0.29760707101401046,0.0,0.29760707101401046,0.06122704492456128
556,pltd_kup186,1,186,diesel,0.005426077546746825,0.1115,-0.10607392245325317,0.002100484142472128
557,plts_kup186,1,186,solar,0.3154109571571485,0.0,0.3154109571571485,0.07318825295949825
558,batt_kup186,1,186,battery,0.1704554386029072,0.0,0.1704554386029072,0.035067983645279736
559,pltd_kup187,1,187,diesel,0.003342419413420443,0.0687,-0.06535758058657956,0.0012939660384646476
560,plts_kup187,1,187,solar,0.18835252139763514,0.0,0.18835252139763514,0.04508584035792092
561,batt_kup187,1,187,battery,0.10501093544482532,0.0,0.10501093544482532,0.021604020538463106
562,pltd_kup188,1,188,diesel,0.05216133717332244,1.0721,-1.0199386628266776,0.020192837403222058
563,plts_kup188,1,188,solar,2.8138157741829373,0.0,2.8138157741829373,0.7035786297079257
564,batt_kup188,1,188,battery,1.6386651754107902,0.0,1.6386651754107902,0.3371244709458506
565,pltd_kup189,1,189,diesel,0.04808464938665266,0.9883,-0.9402153506133473,0.01861455218562229
566,plts_kup189,1,189,solar,2.5938847930200772,0.0,2.5938847930200772,0.6485861898480277
567,batt_kup189,1,189,battery,1.510585453292062,0.0,1.510585453292062,0.31077445702922324
568,pltd_kup190,1,190,diesel,0.1531875423999722,3.1485,-2.995312457600028,0.05930211095201866
569,plts_kup190,1,190,solar,8.26356163392304,0.0,8.26356163392304,2.0662566713398602
570,batt_kup190,1,190,battery,4.812401757598284,0.0,4.812401757598284,0.9900608732542494
571,pltd_kup191,1,191,diesel,0.02864396693333139,0.5887,-0.5600560330666686,0.01108866852802377
572,plts_kup191,1,191,solar,1.5451728829967504,0.0,1.5451728829967504,0.38636174188935296
573,batt_kup191,1,191,battery,0.8998533917575979,0.0,0.8998533917575979,0.18512786144580073
574,pltd_kup192,1,192,diesel,0.00882838080001121,0.1815,-0.17267161919998877,0.0034177829840325484
575,plts_kup192,1,192,solar,0.4762461382439433,0.0,0.4762461382439433,0.119082609339357
576,batt_kup192,1,192,battery,0.2773484674996568,0.0,0.2773484674996568,0.05705922019872449
577,pltd_kup193,1,193,diesel,0.006819801920026631,0.1402,-0.13338019807997337,0.0026400852016363044
578,plts_kup193,1,193,solar,0.3678987115874491,0.0,0.3678987115874491,0.0919909477393509
579,batt_kup193,1,193,battery,0.21425113235264637,0.0,0.21425113235264637,0.044078120154028316
580,pltd_kup194,1,194,diesel,0.0050964572800407185,0.1047,-0.09960354271995928,0.0019729280144417834
581,plts_kup194,1,194,solar,0.27491247598301394,0.0,0.27491247598301394,0.06874031199980081
582,batt_kup194,1,194,battery,0.1600990490082371,0.0,0.1600990490082371,0.03293735300561245
583,pltd_kup195,1,195,diesel,0.01530390560000507,0.3145,-0.29919609439999495,0.005924461088017067
584,plts_kup195,1,195,solar,0.8255472719043557,0.0,0.8255472719043557,0.20642339098224016
585,batt_kup195,1,195,battery,0.480769040168326,0.0,0.480769040168326,0.09890915271008648
586,pltd_kup196,1,196,diesel,0.0029976653867473282,0.0616,-0.05860233461325268,0.0011604038656569196
587,plts_kup196,1,196,solar,0.1617140356880631,0.0,0.1617140356880631,0.04043574150221723
588,batt_kup196,1,196,battery,0.09417693283906702,0.0,0.09417693283906702,0.019375117454269848
589,pltd_kup197,1,197,diesel,0.004031963413382018,0.0829,-0.07886803658661798,0.0015608561584431497
590,plts_kup197,1,197,solar,0.21140750489009766,0.0,0.21140750489009766,0.054385965857764645
591,batt_kup197,1,197,battery,0.12666858692350347,0.0,0.12666858692350347,0.026059675235191558
592,pltd_kup198,1,198,diesel,0.009922767893336473,0.2039,-0.1939772321066635,0.0038413236288312156
593,plts_kup198,1,198,solar,0.5352715724531891,0.0,0.5352715724531891,0.1338416365858539
594,batt_kup198,1,198,battery,0.3117229602328644,0.0,0.3117229602328644,0.06413111201638415
595,pltd_kup199,1,199,diesel,0.016802720319986846,0.3453,-0.32849727968001313,0.006504734633626621
596,plts_kup199,1,199,solar,0.9064036421852981,0.0,0.9064036421852981,0.2266410977931696
597,batt_kup199,1,199,battery,0.5278568664458442,0.0,0.5278568664458442,0.10859658840395525
598,pltd_kup200,1,200,diesel,0.020475180479990578,0.4208,-0.4003248195200094,0.007926377950425324
599,plts_kup200,1,200,solar,1.104502949986895,0.0,1.104502949986895,0.27617473443289964
600,batt_kup200,1,200,battery,0.6432227561800357,0.0,0.6432227561800357,0.132330955643577
601,pltd_kup201,1,201,diesel,0.009398044266673079,0.1932,-0.18380195573332694,0.003638184648031818
602,plts_kup201,1,201,solar,0.5069721069155659,0.0,0.5069721069155659,0.12676552705291452
603,batt_kup201,1,201,battery,0.29524228657030227,0.0,0.29524228657030227,0.06074052776880326
604,pltd_kup202,1,202,diesel,0.0034322631467350174,0.0705,-0.06706773685326498,0.001328732630452288
605,plts_kup202,1,202,solar,0.18516258746744227,0.0,0.18516258746744227,0.04629882042373359
606,batt_kup202,1,202,battery,0.1078320042150545,0.0,0.1078320042150545,0.02218440879863335
607,pltd_kup203,1,203,diesel,0.021599327466659265,0.4439,-0.42230067253334075,0.008361555384025028
608,plts_kup203,1,203,solar,1.1651453024005158,0.0,1.1651453024005158,0.2913379984532231
609,batt_kup203,1,203,battery,0.6785387572349949,0.0,0.6785387572349949,0.13959654170738303
610,pltd_kup204,1,204,diesel,0.017297540479986672,0.3555,-0.3382024595200133,0.006696228750426392
611,plts_kup204,1,204,solar,0.9330866279965159,0.0,0.9330866279965159,0.23331303255946956
612,batt_kup204,1,204,battery,0.5433960052396659,0.0,0.5433960052396659,0.11179346700978596
613,pltd_kup205,1,205,diesel,0.02054989045332392,0.4224,-0.4018501095466761,0.007955299497625284
614,plts_kup205,1,205,solar,1.1085461520862858,0.0,1.1085461520862858,0.27718569588375125
615,batt_kup205,1,205,battery,0.6455774231833663,0.0,0.6455774231833663,0.1328153818724234
616,pltd_kup206,1,206,diesel,0.014614248746653662,0.3004,-0.2857857512533463,0.0056575241184275565
617,plts_kup206,1,206,solar,0.7883532918173537,0.0,0.7883532918173537,0.19712323745233906
618,batt_kup206,1,206,battery,0.4591083930931163,0.0,0.4591083930931163,0.0944528925306251
619,pltd_kup207,1,207,diesel,0.017881860799987177,0.3675,-0.34961813920001283,0.0069223763840261495
620,plts_kup207,1,207,solar,0.9646212648555237,0.0,0.9646212648555237,0.24119814259295272
621,batt_kup207,1,207,battery,0.5617612451602684,0.0,0.5617612451602684,0.11557176501902361
622,pltd_kup208,1,208,diesel,0.024851733866663943,0.5108,-0.4859482661333361,0.009620695056024317
623,plts_kup208,1,208,solar,1.3406050457292713,0.0,1.3406050457292713,0.33521066828109874
624,batt_kup208,1,208,battery,0.7807201619052027,0.0,0.7807201619052027,0.16061844790981922
625,pltd_kup209,1,209,diesel,0.007074742933358362,0.1454,-0.13832525706664164,0.002738835008035705
626,plts_kup209,1,209,solar,0.38164328324668906,0.0,0.38164328324668906,0.09542780547454802
627,batt_kup209,1,209,battery,0.22225540122067125,0.0,0.22225540122067125,0.04572486707595088
628,pltd_kup210,1,210,diesel,0.01530390560000507,0.3145,-0.29919609439999495,0.005924461088017067
629,plts_kup210,1,210,solar,0.8255472719043557,0.0,0.8255472719043557,0.20642339098224016
630,batt_kup210,1,210,battery,0.480769040168326,0.0,0.480769040168326,0.09890915271008648
631,pltd_kup211,1,211,diesel,0.005336008106706718,0.1097,-0.10436399189329329,0.0020657708512421564
632,plts_kup211,1,211,solar,0.2899344700511046,0.0,0.2899344700511046,0.0719752813881577
633,batt_kup211,1,211,battery,0.1676332867456568,0.0,0.1676332867456568,0.03448739588173966
634,pltd_kup212,1,212,diesel,0.010792112213332766,0.2218,-0.21100788778666724,0.004177772782430748
635,plts_kup212,1,212,solar,0.5836795242471458,0.0,0.5836795242471458,0.14556809919589392
636,batt_kup212,1,212,battery,0.33903788307385974,0.0,0.33903788307385974,0.06975065016185644
637,pltd_kup213,1,213,diesel,0.006160448533359293,0.1266,-0.1204395514666407,0.002384877096034895
638,plts_kup213,1,213,solar,0.32598163966483323,0.0,0.32598163966483323,0.08309474363256114
639,batt_kup213,1,213,battery,0.19352580746402062,0.0,0.19352580746402062,0.03981428530658102
640,pltd_kup214,1,214,diesel,0.004691593706702159,0.0964,-0.09170840629329784,0.0018161213392375603
641,plts_kup214,1,214,solar,0.24261687173994925,0.0,0.24261687173994925,0.06328169505012393
642,batt_kup214,1,214,battery,0.1473866410345204,0.0,0.1473866410345204,0.030322017645590497
643,pltd_kup215,1,215,diesel,0.005755908053371171,0.1183,-0.11254409194662883,0.002228188345641732
644,plts_kup215,1,215,solar,0.3144194991576679,0.0,0.3144194991576679,0.07763627032507359
645,batt_kup215,1,215,battery,0.1808194864632178,0.0,0.1808194864632178,0.03720019842513446
646,pltd_kup216,1,216,diesel,0.005156443733374672,0.106,-0.10084355626662532,0.001996145592042461
647,plts_kup216,1,216,solar,0.2795329895881868,0.0,0.2795329895881868,0.06954933022041267
648,batt_kup216,1,216,battery,0.16199007867026466,0.0,0.16199007867026466,0.033326392820762905
649,pltd_kup217,1,217,diesel,0.007599379413355317,0.1562,-0.1486006205866447,0.00294193683843458
650,plts_kup217,1,217,solar,0.4099439245518163,0.0,0.4099439245518163,0.1025041076704324
651,batt_kup217,1,217,battery,0.23873654717644205,0.0,0.23873654717644205,0.049115536804116164
652,pltd_kup218,1,218,diesel,0.00313227968007228,0.0644,-0.06126772031992772,0.001212639366452688
653,plts_kup218,1,218,solar,0.1662192994547522,0.0,0.1662192994547522,0.042255438072675094
654,batt_kup218,1,218,battery,0.09841955179418038,0.0,0.09841955179418038,0.020247978867740195
655,pltd_kup219,1,219,diesel,0.004076723733389257,0.0838,-0.07972327626661074,0.0015782119920477783
656,plts_kup219,1,219,solar,0.2206294837063907,0.0,0.2206294837063907,0.054992645026135975
657,batt_kup219,1,219,battery,0.12808539527619725,0.0,0.12808539527619725,0.02635116526691354
658,pltd_kup220,1,220,diesel,0.007704392853349893,0.1583,-0.1505956071466501,0.0029825802496312513
659,plts_kup220,1,220,solar,0.4076490648958275,0.0,0.4076490648958275,0.10391898524592821
660,batt_kup220,1,220,battery,0.2420263946889067,0.0,0.2420263946889067,0.0497923591682855
661,pltd_kup221,1,221,diesel,0.006302153493363729,0.1045,-0.09819784650663627,0.001938442116835771
662,plts_kup221,1,221,solar,0.4199318529876317,0.0,0.4199318529876317,0.10833394087142799
663,batt_kup221,1,221,battery,0.24079828833451233,0.0,0.24079828833451233,0.049387550143706646
664,pltd_kup222,1,222,diesel,0.005840303573369688,0.0968,-0.09095969642663031,0.0017964068752385155
665,plts_kup222,1,222,solar,0.39244404884936895,0.0,0.39244404884936895,0.10039376661102417
666,batt_kup222,1,222,battery,0.22315591827231127,0.0,0.22315591827231127,0.045769126762888405
667,pltd_kup223,1,223,diesel,0.019665709759980818,0.4042,-0.38453429024001917,0.007613043524820938
668,plts_kup223,1,223,solar,1.0293508620139575,0.0,1.0293508620139575,0.26525724966777214
669,batt_kup223,1,223,battery,0.61779946795687,0.0,0.61779946795687,0.12710059383214836
670,pltd_kup224,1,224,diesel,0.034894361813306525,0.7172,-0.6823056381866934,0.013508399990418675
671,plts_kup224,1,224,solar,1.8270155809520374,0.0,1.8270155809520374,0.4706688123984726
672,batt_kup224,1,224,battery,1.0961842996231355,0.0,1.0961842996231355,0.22551922647633235
673,pltd_kup225,1,225,diesel,0.01801691103997887,0.3703,-0.35228308896002114,0.006974720659221552
674,plts_kup225,1,225,solar,0.9434101992341077,0.0,0.9434101992341077,0.24301698797006413
675,batt_kup225,1,225,battery,0.5659801680042188,0.0,0.5659801680042188,0.11643972536350608
676,pltd_kup226,1,226,diesel,0.00992276789333217,0.2039,-0.19397723210666784,0.003841323628828662
677,plts_kup226,1,226,solar,0.5271677479185715,0.0,0.5271677479185715,0.13384177034321032
678,batt_kup226,1,226,battery,0.31172653679901474,0.0,0.31172653679901474,0.06413184907513704
679,pltd_kup227,1,227,diesel,0.006145468586693414,0.1263,-0.12015453141330658,0.0023790062016353993
680,plts_kup227,1,227,solar,0.3261467028883065,0.0,0.3261467028883065,0.0828932064303468
681,batt_kup227,1,227,battery,0.1930672245830231,0.0,0.1930672245830231,0.039719946440864906
682,pltd_kup228,1,228,diesel,0.018136658239982346,0.3728,-0.3546633417600177,0.00702109011522324
683,plts_kup228,1,228,solar,0.9613943749398047,0.0,0.9613943749398047,0.24463449983554775
684,batt_kup228,1,228,battery,0.5697485749356793,0.0,0.5697485749356793,0.11721501520794095
685,pltd_kup229,1,229,diesel,0.017327254186644762,0.3561,-0.33877274581335526,0.006707671689621558
686,plts_kup229,1,229,solar,0.9055967746189836,0.0,0.9055967746189836,0.23371723816283485
687,batt_kup229,1,229,battery,0.5443290059340518,0.0,0.5443290059340518,0.11198541985368621
688,pltd_kup230,1,230,diesel,0.02183858591998658,0.4489,-0.4270614140800134,0.008454164521620457
689,plts_kup230,1,230,solar,1.1440241285870036,0.0,1.1440241285870036,0.29457356898059545
690,batt_kup230,1,230,battery,0.686084202418977,0.0,0.686084202418977,0.14114891791329917
691,pltd_kup231,1,231,diesel,0.015093765866645749,0.3102,-0.29510623413335424,0.005843085416023214
692,plts_kup231,1,231,solar,0.7930361114231987,0.0,0.7930361114231987,0.20359274122784293
693,batt_kup231,1,231,battery,0.47416748307228823,0.0,0.47416748307228823,0.09755101449593388
694,pltd_kup232,1,232,diesel,0.015558759466645231,0.3198,-0.3042412405333547,0.006023152744023426
695,plts_kup232,1,232,solar,0.8192517481769898,0.0,0.8192517481769898,0.20986086360444273
696,batt_kup232,1,232,battery,0.48878525844175447,0.0,0.48878525844175447,0.10055835031607345
697,pltd_kup233,1,233,diesel,0.01064228202665843,0.2187,-0.20805771797334158,0.004119781612826033
698,plts_kup233,1,233,solar,0.5579886609722965,0.0,0.5579886609722965,0.1435463461552585
699,batt_kup233,1,233,battery,0.33432934752846455,0.0,0.33432934752846455,0.06878195632626259
700,pltd_kup234,1,234,diesel,0.032721059946644517,0.6725,-0.6397789400533554,0.012666947294419589
701,plts_kup234,1,234,solar,1.7229921582687862,0.0,1.7229921582687862,0.4413548626251089
702,batt_kup234,1,234,battery,1.0279541275768405,0.0,1.0279541275768405,0.21148217031703154
703,pltd_kup235,1,235,diesel,0.011721642986657852,0.2409,-0.22917835701334216,0.0045377195136273585
704,plts_kup235,1,235,solar,0.6242777750293378,0.0,0.6242777750293378,0.15810326022863927
705,batt_kup235,1,235,battery,0.3682388407480867,0.0,0.3682388407480867,0.07575819878816185
706,pltd_kup236,1,236,diesel,0.00984761173333153,0.2024,-0.19255238826666846,0.0038122012320283487
707,plts_kup236,1,236,solar,0.5209846889202485,0.0,0.5209846889202485,0.13283091474893285
708,batt_kup236,1,236,battery,0.3093666518143697,0.0,0.3093666518143697,0.0636463593743015
709,pltd_kup237,1,237,diesel,0.004766380586716107,0.098,-0.0932336194132839,0.0018451489616465129
710,plts_kup237,1,237,solar,0.26122261293820703,0.0,0.26122261293820703,0.06429287229762605
711,batt_kup237,1,237,battery,0.14974782696825853,0.0,0.14974782696825853,0.030807793220413132
712,pltd_kup238,1,238,diesel,0.020100133226651926,0.4131,-0.3929998667733481,0.007781290988821643
713,plts_kup238,1,238,solar,1.0583297442453103,0.0,1.0583297442453103,0.27112102507963154
714,batt_kup238,1,238,battery,0.6314696066203518,0.0,0.6314696066203518,0.12991296654391823
715,pltd_kup239,1,239,diesel,0.004601760213380075,0.0946,-0.08999823978661993,0.0017814328224441045
716,plts_kup239,1,239,solar,0.2482304069140186,0.0,0.2482304069140186,0.062068511320362445
717,batt_kup239,1,239,battery,0.14456012645077293,0.0,0.14456012645077293,0.02974051303697023
718,pltd_kup240,1,240,diesel,0.009712638399997418,0.1996,-0.18988736160000258,0.003759991032027303
719,plts_kup240,1,240,solar,0.5102607639209349,0.0,0.5102607639209349,0.131011152563108
720,batt_kup240,1,240,battery,0.3051280807648012,0.0,0.3051280807648012,0.06277435585240664
721,pltd_kup241,1,241,diesel,0.005051296960034559,0.1038,-0.09874870303996544,0.0019554461808378425
722,plts_kup241,1,241,solar,0.26539534406457405,0.0,0.26539534406457405,0.06813378762462184
723,batt_kup241,1,241,battery,0.15868357208625566,0.0,0.15868357208625566,0.03264613735513147
724,pltd_kup242,1,242,diesel,0.010866729813323938,0.2234,-0.21253327018667606,0.004206817630425686
725,plts_kup242,1,242,solar,0.5691186006651423,0.0,0.5691186006651423,0.1465794358480639
726,batt_kup242,1,242,battery,0.3414027698388649,0.0,0.3414027698388649,0.07023720617838995
727,pltd_kup243,1,243,diesel,0.008199213013345065,0.1685,-0.16030078698665495,0.0031740743664300766
728,plts_kup243,1,243,solar,0.43304170063526015,0.0,0.43304170063526015,0.1105909458832739
729,batt_kup243,1,243,battery,0.2575662252540608,0.0,0.2575662252540608,0.052989380334352604
730,pltd_kup244,1,244,diesel,0.03353034090664833,0.6892,-0.6556696590933517,0.012980275795223366
731,plts_kup244,1,244,solar,1.8087660749009082,0.0,1.8087660749009082,0.4522716965991307
732,batt_kup244,1,244,battery,1.0533605756825337,0.0,1.0533605756825337,0.21670906764185227
733,pltd_kup245,1,245,diesel,0.022573541653327804,0.464,-0.4414264583466722,0.008738702873624844
734,plts_kup245,1,245,solar,1.2177029444333984,0.0,1.2177029444333984,0.30447973338694906
735,batt_kup245,1,245,battery,0.7091464086901789,0.0,0.7091464086901789,0.1458934900296672
736,pltd_kup246,1,246,diesel,0.035344108799977465,0.7264,-0.6910558912000225,0.013682421424023232
737,plts_kup246,1,246,solar,1.9066023676152188,0.0,1.9066023676152188,0.47673513207688895
738,batt_kup246,1,246,battery,1.1103369544823316,0.0,1.1103369544823316,0.22843087615611476
739,pltd_kup247,1,247,diesel,0.04295848863997415,0.8829,-0.8399415113600258,0.01663012630722287
740,plts_kup247,1,247,solar,2.3173544423040116,0.0,2.3173544423040116,0.5794414059150638
741,batt_kup247,1,247,battery,1.3495444103951966,0.0,1.3495444103951966,0.27764330378743785
742,pltd_kup248,1,248,diesel,0.02171925418665946,0.4464,-0.4246807458133406,0.008407978689624973
743,plts_kup248,1,248,solar,1.17161379208012,0.0,1.17161379208012,0.29295547434926245
744,batt_kup248,1,248,battery,0.6823058280228713,0.0,0.6823058280228713,0.14037154434974855
745,pltd_kup249,1,249,diesel,0.030757549013324618,0.6322,-0.6014424509866754,0.01190701564642356
746,plts_kup249,1,249,solar,1.6591799119064599,0.0,1.6591799119064599,0.41486850556187355
747,batt_kup249,1,249,battery,0.9662463901160004,0.0,0.9662463901160004,0.1987869764291006
748,pltd_kup250,1,250,diesel,0.03288605983998412,0.6759,-0.6430139401600158,0.012730920283223398
749,plts_kup250,1,250,solar,1.7739966848909092,0.0,1.7739966848909092,0.44357788793112796
750,batt_kup250,1,250,battery,1.0331121028820516,0.0,1.0331121028820516,0.21254331287912867
751,pltd_kup251,1,251,diesel,0.031506689706656356,0.6476,-0.6160933102933436,0.01219697041922355
752,plts_kup251,1,251,solar,1.6996097210317744,0.0,1.6996097210317744,0.42497769310312206
753,batt_kup251,1,251,battery,0.98979156362874,0.0,0.98979156362874,0.20363095401380618
754,pltd_kup252,1,252,diesel,0.06259409493330212,1.2865,-1.2239059050666978,0.024231566968021673
755,plts_kup252,1,252,solar,3.3765779645337757,0.0,3.3765779645337757,0.8442941590756563
756,batt_kup252,1,252,battery,1.9663976710602036,0.0,1.9663976710602036,0.4045492290844826
757,pltd_kup253,1,253,diesel,0.003941883733390856,0.081,-0.07705811626660915,0.0015260087920481525
758,plts_kup253,1,253,solar,0.2126536836292453,0.0,0.2126536836292453,0.05317283428531731
759,batt_kup253,1,253,battery,0.123841782414843,0.0,0.123841782414843,0.02547812272844578
760,pltd_kup254,1,254,diesel,0.004826443946704285,0.0992,-0.09437355605329571,0.0018684096144391382
761,plts_kup254,1,254,solar,0.2541690438540266,0.0,0.2541690438540266,0.06510135381033726
762,batt_kup254,1,254,battery,0.15162544135649025,0.0,0.15162544135649025,0.03119407434074131
763,pltd_kup255,1,255,diesel,0.005621047573371886,0.1155,-0.10987895242662812,0.0021759549952418
764,plts_kup255,1,255,solar,0.30645345805255286,0.0,0.30645345805255286,0.07581677280072507
765,batt_kup255,1,255,battery,0.1765838744142785,0.0,0.1765838744142785,0.03632879284448907
766,pltd_kup256,1,256,diesel,0.006535075306700778,0.1343,-0.12776492469329923,0.002529835907240822
767,plts_kup256,1,256,solar,0.35907999743663715,0.0,0.35907999743663715,0.08814936399493277
768,batt_kup256,1,256,battery,0.2052984501522305,0.0,0.2052984501522305,0.04223627970056604
769,pltd_kup257,1,257,diesel,0.003867086613396628,0.0795,-0.07563291338660337,0.0014970780944515898
770,plts_kup257,1,257,solar,0.21171460410211584,0.0,0.21171460410211584,0.05216166642253795
771,batt_kup257,1,257,battery,0.12148328068976479,0.0,0.12148328068976479,0.02499289439054116
772,pltd_kup258,1,258,diesel,0.0024881217067371,0.0511,-0.0486118782932629,0.0009631637792530112
773,plts_kup258,1,258,solar,0.13429116655541556,0.0,0.13429116655541556,0.03356167562057216
774,batt_kup258,1,258,battery,0.07816950715323355,0.0,0.07816950715323355,0.016081894255333247
775,pltd_kup259,1,259,diesel,0.0021883484800539203,0.045,-0.04281165151994608,0.0008471625904453491
776,plts_kup259,1,259,solar,0.11554620348849588,0.0,0.11554620348849588,0.02951802306172405
777,batt_kup259,1,259,battery,0.06874964241447952,0.0,0.06874964241447952,0.014143942718771597
778,pltd_kup260,1,260,diesel,0.0031925328000734837,0.0656,-0.06240746719992652,0.0012359059440539284
779,plts_kup260,1,260,solar,0.17148496215990983,0.0,0.17148496215990983,0.04306378572695546
780,batt_kup260,1,260,battery,0.10029583300753547,0.0,0.10029583300753547,0.020633979322587977
781,pltd_kup261,1,261,diesel,0.0022034155733857584,0.0453,-0.043096584426614244,0.000853049635244268
782,plts_kup261,1,261,solar,0.11516751690075247,0.0,0.11516751690075247,0.029719960681869297
783,batt_kup261,1,261,battery,0.06921724758481293,0.0,0.06921724758481293,0.014240152747474318
784,pltd_kup262,1,262,diesel,0.006909978986697805,0.142,-0.13509002101330217,0.002674991793639598
785,plts_kup262,1,262,solar,0.3792086303270396,0.0,0.3792086303270396,0.09320392544110635
786,batt_kup262,1,262,battery,0.21707644292329986,0.0,0.21707644292329986,0.04465938256442799
787,pltd_kup263,1,263,diesel,0.0033276292267377166,0.0684,-0.06507237077326229,0.0012881850688532957
788,plts_kup263,1,263,solar,0.17950220813840026,0.0,0.17950220813840026,0.044883493622972497
789,batt_kup263,1,263,battery,0.10453557283312333,0.0,0.10453557283312333,0.02150621778104499
790,pltd_kup264,1,264,diesel,0.04484712031997821,0.9218,-0.8769528796800218,0.017361251633622544
791,plts_kup264,1,264,solar,2.4192348140736537,0.0,2.4192348140736537,0.6049158778580516
792,batt_kup264,1,264,battery,1.4088754031043613,0.0,1.4088754031043613,0.2898495394385425
793,pltd_kup265,1,265,diesel,0.016982387306653562,0.349,-0.3320176126933464,0.006574279667226529
794,plts_kup265,1,265,solar,0.9161070043747378,0.0,0.9161070043747378,0.22906738654118658
795,batt_kup265,1,265,battery,0.5335079781045927,0.0,0.5335079781045927,0.10975920246099022
796,pltd_kup266,1,266,diesel,0.05288120010665596,1.0869,-1.034018799893344,0.020471402011222082
797,plts_kup266,1,266,solar,2.852626672474286,0.0,2.852626672474286,0.7132830970116745
798,batt_kup266,1,266,battery,1.6612673308077168,0.0,1.6612673308077168,0.3417744135220492
799,pltd_kup267,1,267,diesel,0.04297354549330602,0.8832,-0.840226454506694,0.016636026276822678
800,plts_kup267,1,267,solar,2.3181629115599915,0.0,2.3181629115599915,0.5796434078725602
801,batt_kup267,1,267,battery,1.3500144845935034,0.0,1.3500144845935034,0.2777400167086249
802,pltd_kup268,1,268,diesel,0.06242934122663776,1.2831,-1.2206706587733622,0.02416771082882182
803,plts_kup268,1,268,solar,3.3676839680349673,0.0,3.3676839680349673,0.8420702462308355
804,batt_kup268,1,268,battery,1.9612182097612727,0.0,1.9612182097612727,0.4034836468391991
805,pltd_kup269,1,269,diesel,0.01657779039998617,0.3407,-0.3241222096000138,0.006417661992026645
806,plts_kup269,1,269,solar,0.8942752912271954,0.0,0.8942752912271954,0.22360851724853154
807,batt_kup269,1,269,battery,0.5207938763897203,0.0,0.5207938763897203,0.10714351805478922
808,pltd_kup270,1,270,diesel,0.02617087135999917,0.5379,-0.5117291286400009,0.01013131049282413
809,plts_kup270,1,270,solar,1.411758830896616,0.0,1.411758830896616,0.3530022970722324
810,batt_kup270,1,270,battery,0.8221576446945285,0.0,0.8221576446945285,0.16914342192624332
811,pltd_kup271,1,271,diesel,0.0016036845866980588,0.033,-0.03139631541330194,0.0006208878816365976
812,plts_kup271,1,271,solar,0.08438699306738563,0.0,0.08438699306738563,0.021633060353464358
813,batt_kup271,1,271,battery,0.050384785538811504,0.0,0.050384785538811504,0.010365717722634058
814,pltd_kup272,1,272,diesel,0.004946437333369318,0.1017,-0.09675356266663068,0.0019149099200384471
815,plts_kup272,1,272,solar,0.2600900078681023,0.0,0.2600900078681023,0.06671853005957724
816,batt_kup272,1,272,battery,0.1553884304893306,0.0,0.1553884304893306,0.03196823583563712
817,pltd_kup273,1,273,diesel,0.006280308586692729,0.1291,-0.12281969141330726,0.002431300401635216
818,plts_kup273,1,273,solar,0.33367469752870016,0.0,0.33367469752870016,0.08471246583113883
819,batt_kup273,1,273,battery,0.197300212885448,0.0,0.197300212885448,0.04059079947022862
820,pltd_kup274,1,274,diesel,0.003522599253395563,0.0724,-0.06887740074660444,0.0013636699216489378
821,plts_kup274,1,274,solar,0.18709960007489942,0.0,0.18709960007489942,0.047511817296432377
822,batt_kup274,1,274,battery,0.11066007349517985,0.0,0.11066007349517985,0.022766216024682134
823,pltd_kup275,1,275,diesel,0.0020834581333819407,0.0428,-0.04071654186661806,0.0008064621040430925
824,plts_kup275,1,275,solar,0.10943790894760133,0.0,0.10943790894760133,0.028102799125122268
825,batt_kup275,1,275,battery,0.06545315392176458,0.0,0.06545315392176458,0.01346574585659311
826,pltd_kup276,1,276,diesel,0.003957243200050977,0.0813,-0.07734275679994902,0.001531933536044154
827,plts_kup276,1,276,solar,0.20820681719540557,0.0,0.20820681719540557,0.053374889513117876
828,batt_kup276,1,276,battery,0.12431346819343904,0.0,0.12431346819343904,0.025575149989699744
829,pltd_kup277,1,277,diesel,0.004241903146711749,0.0872,-0.08295809685328825,0.0016421128304417627
830,plts_kup277,1,277,solar,0.2223292053557754,0.0,0.2223292053557754,0.05721655433764826
831,batt_kup277,1,277,battery,0.13326607231841944,0.0,0.13326607231841944,0.027416974353375857
832,pltd_kup278,1,278,diesel,0.0038371831467214706,0.0789,-0.07506281685327852,0.0014854052304459247
833,plts_kup278,1,278,solar,0.2032581051740181,0.0,0.2032581051740181,0.051757712463052115
834,batt_kup278,1,278,battery,0.12055083199613828,0.0,0.12055083199613828,0.02480106122775976
835,pltd_kup279,1,279,diesel,0.006266664853362151,0.1039,-0.09763333514663786,0.00192748480963485
836,plts_kup279,1,279,solar,0.41481304397399693,0.0,0.41481304397399693,0.10772293333565787
837,batt_kup279,1,279,battery,0.23943298201016483,0.0,0.23943298201016483,0.0491075061235853
838,pltd_kup280,1,280,diesel,0.0027876794667370673,0.0573,-0.05451232053326293,0.0010792473440504628
839,plts_kup280,1,280,solar,0.143293868294638,0.0,0.143293868294638,0.03760511279197911
840,batt_kup280,1,280,battery,0.0875852971717095,0.0,0.0875852971717095,0.018019035697542662
841,pltd_kup281,1,281,diesel,0.0024432485333951734,0.0502,-0.04775675146660483,0.000945768096048157
842,plts_kup281,1,281,solar,0.1283717925417091,0.0,0.1283717925417091,0.03295494092262746
843,batt_kup281,1,281,battery,0.0767517755069768,0.0,0.0767517755069768,0.015790225800873654
844,pltd_kup282,1,282,diesel,0.003867086613384657,0.0795,-0.07563291338661535,0.0014970780944440207
845,plts_kup282,1,282,solar,0.2022830709774614,0.0,0.2022830709774614,0.05216174647667704
846,batt_kup282,1,282,battery,0.1214854212740945,0.0,0.1214854212740945,0.02499333552216146
847,pltd_kup283,1,283,diesel,0.0071347191466830774,0.1466,-0.13946528085331694,0.0027619955104306415
848,plts_kup283,1,283,solar,0.37262861166123484,0.0,0.37262861166123484,0.09623637320034902
849,batt_kup283,1,283,battery,0.2241317645638866,0.0,0.2241317645638866,0.046110878531321856
850,pltd_kup284,1,284,diesel,0.0031478289067426767,0.0647,-0.061552171093257314,0.0012185210352551655
851,plts_kup284,1,284,solar,0.169799403785773,0.0,0.169799403785773,0.042457430099600346
852,batt_kup284,1,284,battery,0.09888524261837692,0.0,0.09888524261837692,0.020343764763990038
853,pltd_kup285,1,285,diesel,0.008259219946691652,0.1697,-0.16144078005330834,0.003197392094439007
854,plts_kup285,1,285,solar,0.4569623280466456,0.0,0.4569623280466456,0.11139975179756831
855,batt_kup285,1,285,battery,0.25945700607272937,0.0,0.25945700607272937,0.053378380717462266
856,pltd_kup286,1,286,diesel,0.011166862080002912,0.2295,-0.2183331379199971,0.004322982518433514
857,plts_kup286,1,286,solar,0.612847892665699,0.0,0.612847892665699,0.15062232616761861
858,batt_kup286,1,286,battery,0.35080524769176197,0.0,0.35080524769176197,0.07217155092631332
859,pltd_kup287,1,287,diesel,0.0028780515200880533,0.0591,-0.056221948479911944,0.001114181409660656
860,plts_kup287,1,287,solar,0.15701986388783662,0.0,0.15701986388783662,0.038818174394746434
861,batt_kup287,1,287,battery,0.09041228966600579,0.0,0.09041228966600579,0.018600603245164996
862,pltd_kup288,1,288,diesel,0.0038821434667237883,0.0798,-0.0759178565332762,0.0015028730640476405
863,plts_kup288,1,288,solar,0.2082676171718211,0.0,0.2082676171718211,0.052364084311877064
864,batt_kup288,1,288,battery,0.12195979721541815,0.0,0.12195979721541815,0.025090934946548488
865,pltd_kup289,1,289,diesel,0.01489904202665877,0.3062,-0.29130095797334127,0.005767696412830524
866,plts_kup289,1,289,solar,0.8158464496337251,0.0,0.8158464496337251,0.2009654568930281
867,batt_kup289,1,289,battery,0.46807507851899033,0.0,0.46807507851899033,0.09629761876878877
868,pltd_kup290,1,290,diesel,0.003941883733392859,0.081,-0.07705811626660715,0.0015260087920494821
869,plts_kup290,1,290,solar,0.21412257879644161,0.0,0.21412257879644161,0.053172990039751324
870,batt_kup290,1,290,battery,0.1238459471656039,0.0,0.1238459471656039,0.025478981000282345
871,pltd_kup291,1,291,diesel,0.017708646719995905,0.2935,-0.2757913532800041,0.005446900905625987
872,plts_kup291,1,291,solar,1.1875851328743496,0.0,1.1875851328743496,0.30440052376107407
873,batt_kup291,1,291,battery,0.6765788055900346,0.0,0.6765788055900346,0.1387657903509234
874,pltd_kup292,1,292,diesel,0.008363653866683656,0.1719,-0.16353634613331633,0.003237764656034242
875,plts_kup292,1,292,solar,0.45358939040705765,0.0,0.45358939040705765,0.11281530516387452
876,batt_kup292,1,292,battery,0.2627536932296886,0.0,0.2627536932296886,0.054056624445169135
877,pltd_kup293,1,293,diesel,0.013265443733320358,0.2726,-0.25933455626667967,0.005135365592027971
878,plts_kup293,1,293,solar,0.7132913999205736,0.0,0.7132913999205736,0.1789265582194042
879,batt_kup293,1,293,battery,0.41671251167862167,0.0,0.41671251167862167,0.08573071981512641
880,pltd_kup294,1,294,diesel,0.009038330773345357,0.1858,-0.17676166922665465,0.003498935731234088
881,plts_kup294,1,294,solar,0.4918870993238761,0.0,0.4918870993238761,0.12191347172374929
882,batt_kup294,1,294,battery,0.2839471001273776,0.0,0.2839471001273776,0.05841676166344497
883,pltd_kup295,1,295,diesel,0.0062954782933625775,0.1294,-0.12310452170663741,0.002437086220837128
884,plts_kup295,1,295,solar,0.33863989432155034,0.0,0.33863989432155034,0.0849147431942425
885,batt_kup295,1,295,battery,0.1977727846760798,0.0,0.1977727846760798,0.04068801524564154
886,pltd_kup296,1,296,diesel,0.010162472533334686,0.2089,-0.19873752746666531,0.003934168616030723
887,plts_kup296,1,296,solar,0.5475923198830992,0.0,0.5475923198830992,0.1370767205113562
888,batt_kup296,1,296,battery,0.319264378441736,0.0,0.319264378441736,0.06568264649366853
889,pltd_kup297,1,297,diesel,0.0022785255467267923,0.0468,-0.04452147445327321,0.0008820691824502411
890,plts_kup297,1,297,solar,0.12454684787318719,0.0,0.12454684787318719,0.030731018810693123
891,batt_kup297,1,297,battery,0.07157543555343909,0.0,0.07157543555343909,0.014725304576847193
892,pltd_kup298,1,298,diesel,0.005561061120039666,0.1143,-0.10873893887996033,0.002152737417642384
893,plts_kup298,1,298,solar,0.30369482449095236,0.0,0.30369482449095236,0.0750082263708608
894,batt_kup298,1,298,battery,0.17470302679655106,0.0,0.17470302679655106,0.03594185134502778
895,pltd_kup299,1,299,diesel,0.01426952543998771,0.2933,-0.2790304745600123,0.005524112171227776
896,plts_kup299,1,299,solar,0.7697561921543766,0.0,0.7697561921543766,0.19247312243558118
897,batt_kup299,1,299,battery,0.4482780761922762,0.0,0.4482780761922762,0.09222476677090001
898,pltd_kup300,1,300,diesel,0.008798610666677854,0.1808,-0.17200138933332212,0.0034061241200323117
899,plts_kup300,1,300,solar,0.47362462824771745,0.0,0.47362462824771745,0.11867860988561027
900,batt_kup300,1,300,battery,0.27641629972135895,0.0,0.27641629972135895,0.05686744492697291
901,pltd_kup301,1,301,diesel,0.006535075306695754,0.1343,-0.12776492469330425,0.002529835907237514
902,plts_kup301,1,301,solar,0.35354429405379106,0.0,0.35354429405379106,0.08814945709730136
903,batt_kup301,1,301,battery,0.20530093963604595,0.0,0.20530093963604595,0.042236792733391225
904,pltd_kup302,1,302,diesel,0.00891858357334303,0.1833,-0.17438141642665697,0.0034525662752319386
905,plts_kup302,1,302,solar,0.47947390288343067,0.0,0.47947390288343067,0.12029556396875003
906,batt_kup302,1,302,battery,0.28016810742249,0.0,0.28016810742249,0.05763929030282204
907,pltd_kup303,1,303,diesel,0.00947309781333878,0.1947,-0.18522690218666124,0.0036672682704315058
908,plts_kup303,1,303,solar,0.5104169444828597,0.0,0.5104169444828597,0.1277765444157935
909,batt_kup303,1,303,battery,0.2976046253749533,0.0,0.2976046253749533,0.06122654092726578
910,pltd_kup304,1,304,diesel,0.008663683520011132,0.1781,-0.16943631647998889,0.0033538417696315852
911,plts_kup304,1,304,solar,0.4640063021258445,0.0,0.4640063021258445,0.11685880058164616
912,batt_kup304,1,304,battery,0.2721701048376262,0.0,0.2721701048376262,0.0559938584357334
913,pltd_kup305,1,305,diesel,0.009908054613338858,0.2036,-0.19369194538666115,0.0038355857344328243
914,plts_kup305,1,305,solar,0.5389440452236681,0.0,0.5389440452236681,0.13363912483867535
915,batt_kup305,1,305,battery,0.31124412119702516,0.0,0.31124412119702516,0.06403259876227807
916,pltd_kup306,1,306,diesel,0.007419656000023228,0.1525,-0.14508034399997677,0.0028723648800350826
917,plts_kup306,1,306,solar,0.4005333115785047,0.0,0.4005333115785047,0.10007801916318684
918,batt_kup306,1,306,battery,0.23308947957664894,0.0,0.23308947957664894,0.04795376207155074
919,pltd_kup307,1,307,diesel,0.013175051199988718,0.2708,-0.25762494880001124,0.005100366376027619
920,plts_kup307,1,307,solar,0.7073071568763034,0.0,0.7073071568763034,0.17771489240640734
921,batt_kup307,1,307,battery,0.41391947236159177,0.0,0.41391947236159177,0.08515613748867279
922,pltd_kup308,1,308,diesel,0.008888310826683723,0.1827,-0.17381168917331627,0.0034407986368368304
923,plts_kup308,1,308,solar,0.4894650346835291,0.0,0.4894650346835291,0.11989180574562848
924,batt_kup308,1,308,battery,0.27924014386724666,0.0,0.27924014386724666,0.05744839921175672
925,pltd_kup309,1,309,diesel,0.008453810453346757,0.1738,-0.16534618954665325,0.003272634097632321
926,plts_kup309,1,309,solar,0.4540435617273968,0.0,0.4540435617273968,0.11402819099730357
927,batt_kup309,1,309,battery,0.26557392687089676,0.0,0.26557392687089676,0.054636828752349646
928,pltd_tim310,1,310,diesel,0.006115421546709444,0.1257,-0.11958457845329057,0.0023674022624460022
929,plts_tim310,1,310,solar,0.3409671620609424,0.0,0.3409671620609424,0.082488426543914
930,batt_tim310,1,310,battery,0.19211643474427048,0.0,0.19211643474427048,0.03952432761009313
931,pltd_tim311,1,311,diesel,0.003417585813416185,0.0702,-0.06678241418658382,0.0013230055104622163
932,plts_tim311,1,311,solar,0.19172868633045273,0.0,0.19172868633045273,0.046096605890209544
933,batt_tim311,1,311,battery,0.10736242265950881,0.0,0.10736242265950881,0.022087785551665226
934,pltd_tim312,1,312,diesel,0.005440944640059548,0.1118,-0.10635905535994045,0.002106329187256387
935,plts_tim312,1,312,solar,0.30963990976010464,0.0,0.30963990976010464,0.07339044469657811
936,batt_tim312,1,312,battery,0.17092908996134232,0.0,0.17092908996134232,0.03516543967242667
937,pltd_tim313,1,313,diesel,0.008139293226703865,0.1673,-0.15916070677329613,0.0031508077888474056
938,plts_tim313,1,313,solar,0.4610498770305117,0.0,0.4610498770305117,0.10978241823388671
939,batt_tim313,1,313,battery,0.2556845695905855,0.0,0.2556845695905855,0.05260227231282128
940,pltd_tim314,1,314,diesel,0.006250282026712381,0.1285,-0.12224971797328762,0.002419607612848473
941,plts_tim314,1,314,solar,0.35141315775539034,0.0,0.35141315775539034,0.08430801893252686
942,batt_tim314,1,314,battery,0.19635458338888825,0.0,0.19635458338888825,0.04039625593237571
943,pltd_tim315,1,315,diesel,0.008093886720036577,0.1664,-0.1583061132799634,0.0031333981056466806
944,plts_tim315,1,315,solar,0.4576517583644941,0.0,0.4576517583644941,0.10917577574416562
945,batt_tim315,1,315,battery,0.2542709880899322,0.0,0.2542709880899322,0.05231145912036672
946,pltd_tim316,1,316,diesel,0.004016916800077082,0.0826,-0.07858308319992292,0.0015551182640626288
947,plts_tim316,1,316,solar,0.2281944678296098,0.0,0.2281944678296098,0.05418356162203998
948,batt_tim316,1,316,battery,0.1261943072299514,0.0,0.1261943072299514,0.02596210157034169
949,pltd_tim317,1,317,diesel,0.005621047573383653,0.1155,-0.10987895242661636,0.002175954995250065
950,plts_tim317,1,317,solar,0.31567695568109505,0.0,0.31567695568109505,0.07581664550068379
951,batt_tim317,1,317,battery,0.17658047051180162,0.0,0.17658047051180162,0.03632809136826569
952,pltd_tim318,1,318,diesel,0.004856424320058078,0.0998,-0.09494357567994192,0.00188004155365297
953,plts_tim318,1,318,solar,0.2726017809612076,0.0,0.2726017809612076,0.06550590606364624
954,batt_tim318,1,318,battery,0.15257370078082494,0.0,0.15257370078082494,0.03138917170370606
955,pltd_tim319,1,319,diesel,0.010147528533344658,0.2086,-0.19845247146665534,0.003928350496037246
956,plts_tim319,1,319,solar,0.5628531020779199,0.0,0.5628531020779199,0.1368748140987938
957,batt_tim319,1,319,battery,0.3187989179590569,0.0,0.3187989179590569,0.06558687251739698
958,pltd_tim320,1,320,diesel,0.007884059840029102,0.162,-0.1541159401599709,0.0030521252832402678
959,plts_tim320,1,320,solar,0.43718083521059636,0.0,0.43718083521059636,0.1063452635424056
960,batt_tim320,1,320,battery,0.24767722688198274,0.0,0.24767722688198274,0.05095491563303306
961,pltd_tim321,1,321,diesel,0.005755908053390648,0.1183,-0.11254409194660936,0.002228188345655711
962,plts_tim321,1,321,solar,0.32779809457644066,0.0,0.32779809457644066,0.07763634036406312
963,batt_tim321,1,321,battery,0.1808213592509392,0.0,0.1808213592509392,0.037200584369226776
964,pltd_tim322,1,322,diesel,0.004916344106718569,0.101,-0.09608365589328144,0.0019031751312488493
965,plts_tim322,1,322,solar,0.27269732412753933,0.0,0.27269732412753933,0.06631460219958493
966,batt_tim322,1,322,battery,0.15445536945466867,0.0,0.15445536945466867,0.03177628240641216
967,pltd_tim323,1,323,diesel,0.009323134293349671,0.1916,-0.18227686570665033,0.0036092001008382105
968,plts_tim323,1,323,solar,0.5171264338376556,0.0,0.5171264338376556,0.12575496033268363
969,batt_tim323,1,323,battery,0.2928992973994983,0.0,0.2928992973994983,0.060258508107683045
970,pltd_tim324,1,324,diesel,0.009308344106683198,0.1913,-0.1819916558933168,0.0036035101312382346
971,plts_tim324,1,324,solar,0.5162940767550278,0.0,0.5162940767550278,0.12555269536711286
972,batt_tim324,1,324,battery,0.2924281801560464,0.0,0.2924281801560464,0.06016158023575249
973,pltd_tim325,1,325,diesel,0.00770439285336013,0.1583,-0.15059560714663986,0.0029825802496379816
974,plts_tim325,1,325,solar,0.42283283708632013,0.0,0.42283283708632013,0.1039191628492693
975,batt_tim325,1,325,battery,0.2420311436623612,0.0,0.2420311436623612,0.04979333783673377
976,pltd_tim326,1,326,diesel,0.005426077546711138,0.1115,-0.10607392245328887,0.0021004841424453564
977,plts_tim326,1,326,solar,0.29941087557880025,0.0,0.29941087557880025,0.07318840841880624
978,batt_tim326,1,326,battery,0.17045959546146827,0.0,0.17045959546146827,0.0350688402906936
979,pltd_tim327,1,327,diesel,0.0072094598400291015,0.1482,-0.1409905401599709,0.0027910112832387306
980,plts_tim327,1,327,solar,0.3953309563554839,0.0,0.3953309563554839,0.09724745398995444
981,batt_tim327,1,327,battery,0.22649224303430926,0.0,0.22649224303430926,0.04659652016170482
982,pltd_tim328,1,328,diesel,0.009772691520010793,0.2009,-0.1911273084799892,0.0037832296096359506
983,plts_tim328,1,328,solar,0.5385293922652162,0.0,0.5385293922652162,0.13182053799095836
984,batt_tim328,1,328,battery,0.3070300523058729,0.0,0.3070300523058729,0.06316565056998906
985,pltd_tim329,1,329,diesel,0.01200636960000666,0.2468,-0.23479363039999332,0.004647912808037396
986,plts_tim329,1,329,solar,0.6701481831181936,0.0,0.6701481831181936,0.16194388290431386
987,batt_tim329,1,329,battery,0.3771617068901482,0.0,0.3771617068901482,0.07759389474831621
988,pltd_tim330,1,330,diesel,0.0038371831467316547,0.0789,-0.07506281685326835,0.0014854052304526296
989,plts_tim330,1,330,solar,0.21077003611045983,0.0,0.21077003611045983,0.051757534154157486
990,batt_tim330,1,330,battery,0.12054606415711203,0.0,0.12054606415711203,0.02480007867149197
991,pltd_tim331,1,331,diesel,0.010147528533343251,0.2086,-0.19845247146665676,0.00392835049603628
992,plts_tim331,1,331,solar,0.5609505799438144,0.0,0.5609505799438144,0.13687444139494545
993,batt_tim331,1,331,battery,0.3187889521520757,0.0,0.3187889521520757,0.06558481876389442
994,pltd_tim332,1,332,diesel,0.005740861440043628,0.118,-0.11225913855995637,0.0022223594512456404
995,plts_tim332,1,332,solar,0.318423685121038,0.0,0.318423685121038,0.07743433831687142
996,batt_tim332,1,332,battery,0.18035446462012075,0.0,0.18035446462012075,0.03710453261810855
997,pltd_tim333,1,333,diesel,0.029168634133334845,0.5995,-0.5703313658666652,0.011291801584031645
998,plts_tim333,1,333,solar,1.6262788332587552,0.0,1.6262788332587552,0.3934373655337912
999,batt_tim333,1,333,battery,0.9163188270513355,0.0,0.9163188270513355,0.18851531129513333
1000,pltd_tim334,1,334,diesel,0.008573860266689208,0.1762,-0.16762613973331078,0.0033190773280392136
1001,plts_tim334,1,334,solar,0.47553521360150164,0.0,0.47553521360150164,0.11564613371838708
1002,batt_tim334,1,334,battery,0.26935572628621923,0.0,0.26935572628621923,0.05541486074545831
1003,pltd_tim335,1,335,diesel,0.018301509333330405,0.3762,-0.35789849066666957,0.0070849144800322885
1004,plts_tim335,1,335,solar,1.0151310522552994,0.0,1.0151310522552994,0.24685984805730754
1005,batt_tim335,1,335,battery,0.574968101652444,0.0,0.574968101652444,0.11828887190893031
1006,pltd_tim336,1,336,diesel,0.0095780343466843,0.1969,-0.1873219656533157,0.0037078966064400427
1007,plts_tim336,1,336,solar,0.5350415207905245,0.0,0.5350415207905245,0.12919127973719288
1008,batt_tim336,1,336,battery,0.30088561541446673,0.0,0.30088561541446673,0.06190153201860757
1009,pltd_tim337,1,337,diesel,0.008858597120020515,0.1821,-0.1732414028799795,0.003429404697639134
1010,plts_tim337,1,337,solar,0.4917445943263233,0.0,0.4917445943263233,0.11948748570054517
1011,batt_tim337,1,337,battery,0.2783050189639014,0.0,0.2783050189639014,0.05725600861087511
1012,pltd_tim338,1,338,diesel,0.009413121600015503,0.1935,-0.1840868783999845,0.0036440867680380762
1013,plts_tim338,1,338,solar,0.5221146542690216,0.0,0.5221146542690216,0.12696798102383647
1014,batt_tim338,1,338,battery,0.2957244472512831,0.0,0.2957244472512831,0.060839743321938866
1015,pltd_tim339,1,339,diesel,0.012216083626667627,0.2511,-0.23888391637333237,0.004729124780833966
1016,plts_tim339,1,339,solar,0.6740877716070987,0.0,0.6740877716070987,0.16477489177064228
1017,batt_tim339,1,339,battery,0.38376893569115167,0.0,0.38376893569115167,0.07895322548682743
1018,pltd_tim340,1,340,diesel,0.010102768213329331,0.2076,-0.19749723178667067,0.003910910662427933
1019,plts_tim340,1,340,solar,0.5343263568500889,0.0,0.5343263568500889,0.13626806333285985
1020,batt_tim340,1,340,battery,0.3173796336204422,0.0,0.3173796336204422,0.06529487223449698
1021,pltd_tim341,1,341,diesel,0.01414962442664434,0.2908,-0.27665037557335564,0.005477600564822447
1022,plts_tim341,1,341,solar,0.7360193825910689,0.0,0.7360193825910689,0.1908562135985501
1023,batt_tim341,1,341,battery,0.44452242462530583,0.0,0.44452242462530583,0.09145209370238025
1024,pltd_tim342,1,342,diesel,0.005621047573377965,0.1155,-0.10987895242662205,0.002175954995246051
1025,plts_tim342,1,342,solar,0.311772144001466,0.0,0.311772144001466,0.07581689978980813
1026,batt_tim342,1,342,battery,0.17658727000231966,0.0,0.17658727000231966,0.036329492607272036
1027,pltd_tim343,1,343,diesel,0.007794159680017827,0.1602,-0.1524058403199822,0.0030171917664325565
1028,plts_tim343,1,343,solar,0.416484236585482,0.0,0.416484236585482,0.10513233681179525
1029,batt_tim343,1,343,battery,0.2448502844477589,0.0,0.2448502844477589,0.050373322852989434
1030,pltd_tim344,1,344,diesel,0.010552069013329005,0.2169,-0.206347930986671,0.004084976246427985
1031,plts_tim344,1,344,solar,0.560444468972244,0.0,0.560444468972244,0.14233370861812733
1032,batt_tim344,1,344,battery,0.33151425573859933,0.0,0.33151425573859933,0.06820281757660665
1033,pltd_tim345,1,345,diesel,0.00783937642668655,0.1611,-0.15326062357331344,0.003034784524834028
1034,plts_tim345,1,345,solar,0.4227138292519827,0.0,0.4227138292519827,0.10573925959385765
1035,batt_tim345,1,345,battery,0.24628053229405425,0.0,0.24628053229405425,0.05066757657075364
1036,pltd_tim346,1,346,diesel,0.010567382293329281,0.2172,-0.2066326177066707,0.00409088914082824
1037,plts_tim346,1,346,solar,0.5623287372166708,0.0,0.5623287372166708,0.14253550566738368
1038,batt_tim346,1,346,battery,0.33197885085218426,0.0,0.33197885085218426,0.06829839544321416
1039,pltd_tim347,1,347,diesel,0.014479465173310174,0.2976,-0.2831205348266898,0.005605319843222062
1040,plts_tim347,1,347,solar,0.7520953178963925,0.0,0.7520953178963925,0.19530356398137433
1041,batt_tim347,1,347,battery,0.454867702021316,0.0,0.454867702021316,0.09358044618975012
1042,pltd_tim348,1,348,diesel,0.005770698240028897,0.1186,-0.1128293017599711,0.002233969315236032
1043,plts_tim348,1,348,solar,0.3052355374750829,0.0,0.3052355374750829,0.0778384792686818
1044,batt_tim348,1,348,battery,0.18129116464268685,0.0,0.18129116464268685,0.03729724189476056
1045,pltd_tim349,1,349,diesel,0.017327254186647247,0.3561,-0.33877274581335276,0.006707671689623244
1046,plts_tim349,1,349,solar,0.9165001759982693,0.0,0.9165001759982693,0.23371783184168293
1047,batt_tim349,1,349,battery,0.544344880438272,0.0,0.544344880438272,0.11198869127151556
1048,pltd_tim350,1,350,diesel,0.003747262506733955,0.077,-0.07325273749326604,0.0014506165632535836
1049,plts_tim350,1,350,solar,0.20605683696169927,0.0,0.20605683696169927,0.05054438010957785
1050,batt_tim350,1,350,battery,0.11771847158676552,0.0,0.11771847158676552,0.024218340061794914
1051,pltd_tim351,1,351,diesel,0.004106883626730747,0.0844,-0.08029311637326926,0.0015899327808535616
1052,plts_tim351,1,351,solar,0.22806000826689113,0.0,0.22806000826689113,0.05539673374517744
1053,batt_tim351,1,351,battery,0.12902331907885042,0.0,0.12902331907885042,0.026544120815363472
1054,pltd_tim352,1,352,diesel,0.007899429546695582,0.1624,-0.1545005704533044,0.0030580721024403247
1055,plts_tim352,1,352,solar,0.43814341256717776,0.0,0.43814341256717776,0.10654791095396848
1056,batt_tim352,1,352,battery,0.2481636241405712,0.0,0.2481636241405712,0.051054980560882965
1057,pltd_tim353,1,353,diesel,0.0036272998400695405,0.0746,-0.07097270015993046,0.0014042314832543447
1058,plts_tim353,1,353,solar,0.19930573716657266,0.0,0.19930573716657266,0.04892687569510359
1059,batt_tim353,1,353,battery,0.11394970236605036,0.0,0.11394970236605036,0.02344300518078997
1060,pltd_tim354,1,354,diesel,0.011511616106671892,0.2366,-0.2250883838933281,0.004456369691235885
1061,plts_tim354,1,354,solar,0.6385097483093432,0.0,0.6385097483093432,0.1552730233819932
1062,batt_tim354,1,354,battery,0.3616507577488115,0.0,0.3616507577488115,0.07440282546606977
1063,pltd_tim355,1,355,diesel,0.014719375039998041,0.3025,-0.28778062496000195,0.005698109379233927
1064,plts_tim355,1,355,solar,0.816427627254892,0.0,0.816427627254892,0.19853922053014691
1065,batt_tim355,1,355,battery,0.46242330867827613,0.0,0.46242330867827613,0.09513486907361401
1066,pltd_tim356,1,356,diesel,0.0033125826134124234,0.0681,-0.06478741738658757,0.0012823141744585727
1067,plts_tim356,1,356,solar,0.18300059946313488,0.0,0.18300059946313488,0.044681306391180835
1068,batt_tim356,1,356,battery,0.10406279064017947,0.0,0.10406279064017947,0.021408952721122327
1069,pltd_tim357,1,357,diesel,0.00371718976007111,0.0764,-0.07268281023992888,0.0014389889248560982
1070,plts_tim357,1,357,solar,0.20618551977884353,0.0,0.20618551977884353,0.05014028598950966
1071,batt_tim357,1,357,battery,0.11678321098233245,0.0,0.11678321098233245,0.02402594519483307
1072,pltd_tim358,1,358,diesel,0.006355418560036464,0.1306,-0.12424458143996353,0.0024603689488421608
1073,plts_tim358,1,358,solar,0.3504124395568192,0.0,0.3504124395568192,0.08572316732900731
1074,batt_tim358,1,358,battery,0.19965111091737353,0.0,0.19965111091737353,0.04107444898944655
1075,pltd_tim359,1,359,diesel,0.004181983360057599,0.086,-0.0818180166399424,0.0016189792528494501
1076,plts_tim359,1,359,solar,0.22894694289863454,0.0,0.22894694289863454,0.05640736680000724
1077,batt_tim359,1,359,battery,0.13137126395072168,0.0,0.13137126395072168,0.02702715582255916
1078,pltd_tim360,1,360,diesel,0.006220275946705179,0.1279,-0.12167972405329483,0.0024079729744431897
1079,plts_tim360,1,360,solar,0.3437696132743131,0.0,0.3437696132743131,0.08390411676964364
1080,batt_tim360,1,360,battery,0.195422958172138,0.0,0.195422958172138,0.0402046102461083
1081,pltd_tim361,1,361,diesel,0.009488011093342722,0.195,-0.1855119889066573,0.003672957164834287
1082,plts_tim361,1,361,solar,0.5181978572771141,0.0,0.5181978572771141,0.12797892504962874
1083,batt_tim361,1,361,battery,0.29807621505393833,0.0,0.29807621505393833,0.061323560233910585
1084,pltd_tim362,1,362,diesel,0.00909832746668102,0.187,-0.17790167253331898,0.003522154384035874
1085,plts_tim362,1,362,solar,0.49956532602453096,0.0,0.49956532602453096,0.12272235615018312
1086,batt_tim362,1,362,battery,0.28583698550686504,0.0,0.28583698550686504,0.05880557158964945
1087,pltd_tim363,1,363,diesel,0.01349003509332623,0.2773,-0.26380996490667374,0.005222318684831123
1088,plts_tim363,1,363,solar,0.7378773753571457,0.0,0.7378773753571457,0.18195943656972777
1089,batt_tim363,1,363,battery,0.4237784111130472,0.0,0.4237784111130472,0.08718442527777213
1090,pltd_tim364,1,364,diesel,0.005366147520042418,0.1103,-0.10493385247995758,0.0020773914896437583
1091,plts_tim364,1,364,solar,0.2938811985710005,0.0,0.2938811985710005,0.07237967599059862
1092,batt_tim364,1,364,battery,0.16857920245456964,0.0,0.16857920245456964,0.034681986552632126
1093,pltd_tim365,1,365,diesel,0.011076992640007421,0.2277,-0.2166230073599926,0.004288227227236345
1094,plts_tim365,1,365,solar,0.614398872536288,0.0,0.614398872536288,0.1494097302813548
1095,batt_tim365,1,365,battery,0.3479940772304519,0.0,0.3479940772304519,0.07159322620884619
1096,pltd_tim366,1,366,diesel,0.007524536106691975,0.1547,-0.14717546389330802,0.002912819291236459
1097,plts_tim366,1,366,solar,0.4094708388550488,0.0,0.4094708388550488,0.10149357356577803
1098,batt_tim366,1,366,battery,0.23638881488593058,0.0,0.23638881488593058,0.04863253968088722
1099,pltd_tim367,1,367,diesel,0.007989093760027313,0.1642,-0.1562109062399727,0.0030927708448393936
1100,plts_tim367,1,367,solar,0.4418665119890845,0.0,0.4418665119890845,0.10776122063361257
1101,batt_tim367,1,367,battery,0.25099200912916836,0.0,0.25099200912916836,0.05163688839693315
1102,pltd_tim368,1,368,diesel,0.002293295253393448,0.0471,-0.04480670474660656,0.0008877360016500197
1103,plts_tim368,1,368,solar,0.1250946533825872,0.0,0.1250946533825872,0.03093325487525761
1104,batt_tim368,1,368,battery,0.0720429723895826,0.0,0.0720429723895826,0.014821482748839704
1105,pltd_tim369,1,369,diesel,0.0042869403733901655,0.0881,-0.08381305962660983,0.0016595327392494759
1106,plts_tim369,1,369,solar,0.23533082972038696,0.0,0.23533082972038696,0.05782259996524867
1107,batt_tim369,1,369,battery,0.13466781203544306,0.0,0.13466781203544306,0.027705364965458456
1108,pltd_tim370,1,370,diesel,0.0035072500267351865,0.0721,-0.06859274997326481,0.001357697252852903
1109,plts_tim370,1,370,solar,0.1904872282921281,0.0,0.1904872282921281,0.047309883595742834
1110,batt_tim370,1,370,battery,0.11019163725568411,0.0,0.11019163725568411,0.02266986435324607
1111,pltd_tim371,1,371,diesel,0.008948599893348994,0.1839,-0.174951400106651,0.0034641319888360986
1112,plts_tim371,1,371,solar,0.49133530485187965,0.0,0.49133530485187965,0.12070068536403675
1113,batt_tim371,1,371,battery,0.2811282161135421,0.0,0.2811282161135421,0.057836811788273476
1114,pltd_tim372,1,372,diesel,0.008618620586683133,0.1771,-0.16848137941331687,0.0033364121616350356
1115,plts_tim372,1,372,solar,0.47007290707821076,0.0,0.47007290707821076,0.11625205840751028
1116,batt_tim372,1,372,battery,0.2707516117607084,0.0,0.2707516117607084,0.05570203899044158
1117,pltd_tim373,1,373,diesel,0.011616419306667982,0.2388,-0.22718358069333203,0.004496900027233128
1118,plts_tim373,1,373,solar,0.6375271034760255,0.0,0.6375271034760255,0.1566879264723974
1119,batt_tim373,1,373,battery,0.3649324903093016,0.0,0.3649324903093016,0.07507796957613591
1120,pltd_tim374,1,374,diesel,0.013280310826654504,0.273,-0.25971968917334554,0.00514113363682778
1121,plts_tim374,1,374,solar,0.713707729411653,0.0,0.713707729411653,0.17912968833341175
1122,batt_tim374,1,374,battery,0.41720732383237114,0.0,0.41720732383237114,0.085832536658971
1123,pltd_tim375,1,375,diesel,0.004421590613392041,0.0909,-0.08647840938660796,0.0017117580144513868
1124,plts_tim375,1,375,solar,0.24526105684601554,0.0,0.24526105684601554,0.059642683163610925
1125,batt_tim375,1,375,battery,0.13891534105606396,0.0,0.13891534105606396,0.028579220470827678
1126,pltd_tim376,1,376,diesel,0.0051862805333747755,0.1066,-0.10141371946662522,0.0020076504560425715
1127,plts_tim376,1,376,solar,0.28160152290694934,0.0,0.28160152290694934,0.0699534525106478
1128,batt_tim376,1,376,battery,0.1629210388118793,0.0,0.1629210388118793,0.0335179192227468
1129,pltd_tim377,1,377,diesel,0.0058608343467091385,0.1205,-0.11463916565329085,0.002268850606445233
1130,plts_tim377,1,377,solar,0.325074283619434,0.0,0.325074283619434,0.0790516917562737
1131,batt_tim377,1,377,battery,0.1841214429802442,0.0,0.1841214429802442,0.03787950436336276
1132,pltd_tim378,1,378,diesel,0.008633733866674216,0.1774,-0.1687662661333258,0.003342297056029511
1133,plts_tim378,1,378,solar,0.45629762094286713,0.0,0.45629762094286713,0.11645432328978919
1134,batt_tim378,1,378,battery,0.2712279676622639,0.0,0.2712279676622639,0.05580004052023525
1135,pltd_tim379,1,379,diesel,0.008333760640012292,0.1713,-0.16296623935998772,0.0032262258672309265
1136,plts_tim379,1,379,solar,0.4431816951131076,0.0,0.4431816951131076,0.11241078439473119
1137,batt_tim379,1,379,battery,0.2618105806804219,0.0,0.2618105806804219,0.05386259959981687
1138,pltd_tim380,1,380,diesel,0.0060854718933589375,0.1251,-0.11901452810664105,0.002355836548834706
1139,plts_tim380,1,380,solar,0.3210696720454712,0.0,0.3210696720454712,0.08208410532541893
1140,batt_tim380,1,380,battery,0.1911775349748616,0.0,0.1911775349748616,0.03933117685921523
1141,pltd_tim381,1,381,diesel,0.002697902400080577,0.0555,-0.052802097599919426,0.0010444667520592994
1142,plts_tim381,1,381,solar,0.14925001307908342,0.0,0.14925001307908342,0.03639210722896924
1143,batt_tim381,1,381,battery,0.08476111335821992,0.0,0.08476111335821992,0.017438005489256028
1144,pltd_tim382,1,382,diesel,0.007644585920018852,0.1571,-0.14945541407998114,0.0029593325216326826
1145,plts_tim382,1,382,solar,0.4080097775301296,0.0,0.4080097775301296,0.10311053057277914
1146,batt_tim382,1,382,battery,0.24014706470100516,0.0,0.24014706470100516,0.04940571857237849
1147,pltd_tim383,1,383,diesel,0.004601760213383197,0.0946,-0.08999823978661681,0.0017814328224461592
1148,plts_tim383,1,383,solar,0.2509002065038963,0.0,0.2509002065038963,0.062068585803335734
1149,batt_tim383,1,383,battery,0.1445621180667918,0.0,0.1445621180667918,0.029740923469199033
1150,pltd_tim384,1,384,diesel,0.007779502826700925,0.1599,-0.15212049717329906,0.0030115647968435607
1151,plts_tim384,1,384,solar,0.4356331539950644,0.0,0.4356331539950644,0.10493031905071297
1152,batt_tim384,1,384,battery,0.244389707921727,0.0,0.244389707921727,0.050278567212103255
1153,pltd_tim385,1,385,diesel,0.001843491840042764,0.0379,-0.036056508159957236,0.0007136456432429308
1154,plts_tim385,1,385,solar,0.1000897823728785,0.0,0.1000897823728785,0.024867951438300336
1155,batt_tim385,1,385,battery,0.05791823972335689,0.0,0.05791823972335689,0.011915593199384058
1156,pltd_tim386,1,386,diesel,0.0022785255467385585,0.0468,-0.04452147445326144,0.0008820691824562856
1157,plts_tim386,1,386,solar,0.126371268565442,0.0,0.126371268565442,0.03073105316415166
1158,batt_tim386,1,386,battery,0.07157635413799011,0.0,0.07157635413799011,0.014725493878750977
1159,pltd_tim387,1,387,diesel,0.009952938026672912,0.2046,-0.1946470619733271,0.0038530174928334774
1160,plts_tim387,1,387,solar,0.543305143219079,0.0,0.543305143219079,0.13424575622180498
1161,batt_tim387,1,387,battery,0.31265983898441047,0.0,0.31265983898441047,0.06432385812550237
1162,pltd_tim388,1,388,diesel,0.0032076563200776963,0.0659,-0.06269234367992231,0.0012418269136567736
1163,plts_tim388,1,388,solar,0.1750311678051889,0.0,0.1750311678051889,0.043266008528733794
1164,batt_tim388,1,388,battery,0.10077068936096932,0.0,0.10077068936096932,0.020731677750303084
1165,pltd_tim389,1,389,diesel,0.0020834581333905675,0.0428,-0.04071654186660943,0.0008064621040485007
1166,plts_tim389,1,389,solar,0.11317002161449742,0.0,0.11317002161449742,0.028102861978442677
1167,batt_tim389,1,389,battery,0.06545483457013201,0.0,0.06545483457013201,0.01346609220460747
1168,pltd_tim390,1,390,diesel,0.0031322796800790555,0.0644,-0.06126772031992094,0.0012126393664569724
1169,plts_tim390,1,390,solar,0.170484504327053,0.0,0.170484504327053,0.042255327004318236
1170,batt_tim390,1,390,battery,0.09841658191403621,0.0,0.09841658191403621,0.020247366834839197
1171,pltd_tim391,1,391,diesel,0.004511670293385319,0.0927,-0.08818832970661468,0.0017465913808472008
1172,plts_tim391,1,391,solar,0.24665268910762517,0.0,0.24665268910762517,0.060855609672049636
1173,batt_tim391,1,391,battery,0.14173797253624418,0.0,0.14173797253624418,0.02915991299986369
1174,pltd_tim392,1,392,diesel,0.03545299999868886,0.1688,-0.13334700000131114,0.02569963612086036
1175,plts_tim392,1,392,solar,0.386060693597836,0.0,0.386060693597836,0.08442259906200798
1176,batt_tim392,1,392,battery,0.15507193748515385,0.0,0.15507193748515385,0.031867203466142004
1177,pltd_tim393,1,393,diesel,0.0062055781334849555,0.1275,-0.12129442186651504,0.002402306704133094
1178,plts_tim393,1,393,solar,0.3701518804373237,0.0,0.3701518804373237,0.08370183208693992
1179,batt_tim393,1,393,battery,0.19495337262979237,0.0,0.19495337262979237,0.040107974327939465
1180,pltd_tim394,1,394,diesel,0.010674999999618687,0.0508,-0.040125000000381314,0.0077381093326603775
1181,plts_tim394,1,394,solar,0.11645742635702687,0.0,0.11645742635702687,0.025419112292809225
1182,batt_tim394,1,394,battery,0.04669197912437735,0.0,0.04669197912437735,0.00959516524875492
1183,pltd_tim395,1,395,diesel,0.02011399266946638,0.1054,-0.08528600733053361,0.01457435764094997
1184,plts_tim395,1,395,solar,0.24614637061893996,0.0,0.24614637061893996,0.05440202704854597
1185,batt_tim395,1,395,battery,0.10347426780431944,0.0,0.10347426780431944,0.0212678040807074
1186,pltd_tim396,1,396,diesel,0.029171999999345978,0.1528,-0.12362800000065402,0.021137593052385797
1187,plts_tim396,1,396,solar,0.35908652748481484,0.0,0.35908652748481484,0.07889839055000543
1188,batt_tim396,1,396,battery,0.1500695920677496,0.0,0.1500695920677496,0.030844863684118543
1189,pltd_tim397,1,397,diesel,0.003177752853417702,0.0653,-0.06212224714658229,0.0012301540496610823
1190,plts_tim397,1,397,solar,0.17625500911294736,0.0,0.17625500911294736,0.042861792319803645
1191,batt_tim397,1,397,battery,0.09983047962639427,0.0,0.09983047962639427,0.02053824519220132
1192,pltd_tim398,1,398,diesel,0.00421170730672615,0.0866,-0.08238829269327384,0.0016305072672508235
1193,plts_tim398,1,398,solar,0.23204794220092753,0.0,0.23204794220092753,0.056811900104592125
1194,batt_tim398,1,398,battery,0.13231471168775266,0.0,0.13231471168775266,0.027221267517806305
1195,pltd_tim399,1,399,diesel,0.005485771626714663,0.1128,-0.10731422837328533,0.0021236710208479338
1196,plts_tim399,1,399,solar,0.30572280917383804,0.0,0.30572280917383804,0.07399730577269382
1197,batt_tim399,1,399,battery,0.1723481419405821,0.0,0.1723481419405821,0.035457392070709026
1198,pltd_tim400,1,400,diesel,0.004796360960053427,0.0986,-0.09380363903994657,0.001856787900849411
1199,plts_tim400,1,400,solar,0.26604574209855014,0.0,0.26604574209855014,0.06469712560000086
1200,batt_tim400,1,400,battery,0.15068790550561148,0.0,0.15068790550561148,0.031001204666190434
1201,pltd_tim401,1,401,diesel,0.005186280533383887,0.1066,-0.10141371946661612,0.002007650456048819
1202,plts_tim401,1,401,solar,0.2887651670953066,0.0,0.2887651670953066,0.06995376810025927
1203,batt_tim401,1,401,battery,0.16292947742935845,0.0,0.16292947742935845,0.03351965825303609
1204,pltd_tim402,1,402,diesel,0.0033125826134117633,0.0681,-0.06478741738658823,0.0012823141744580987
1205,plts_tim402,1,402,solar,0.18266542056604312,0.0,0.18266542056604312,0.044681305057443374
1206,batt_tim402,1,402,battery,0.10406275497707868,0.0,0.10406275497707868,0.021408945371670565
1207,pltd_tim403,1,403,diesel,0.006280308586707315,0.1291,-0.12281969141329267,0.002431300401644909
1208,plts_tim403,1,403,solar,0.34947260081222903,0.0,0.34947260081222903,0.08471237573796005
1209,batt_tim403,1,403,battery,0.19729780386517173,0.0,0.19729780386517173,0.04059030301932855
1210,pltd_tim404,1,404,diesel,0.010582352000018903,0.2175,-0.2069176479999811,0.004096667960043384
1211,plts_tim404,1,404,solar,0.5981720393542219,0.0,0.5981720393542219,0.14273756024567097
1212,batt_tim404,1,404,battery,0.3324452783784218,0.0,0.3324452783784218,0.06839434500861918
1213,pltd_tim405,1,405,diesel,0.00975811157334391,0.2006,-0.1908418884266561,0.0037776247152358183
1214,plts_tim405,1,405,solar,0.537481349673821,0.0,0.537481349673821,0.13161753094262701
1215,batt_tim405,1,405,battery,0.30654227432081627,0.0,0.30654227432081627,0.06306529517722854
1216,pltd_tim406,1,406,diesel,0.006025588053374624,0.1238,-0.11777441194662537,0.00233261574564475
1217,plts_tim406,1,406,solar,0.33421965817690547,0.0,0.33421965817690547,0.08127571598201663
1218,batt_tim406,1,406,battery,0.18930163642341266,0.0,0.18930163642341266,0.0389452374889309
1219,pltd_tim407,1,407,diesel,0.009922767893345653,0.2039,-0.19397723210665435,0.003841323628837492
1220,plts_tim407,1,407,solar,0.5503818851561113,0.0,0.5503818851561113,0.13384210193014764
1221,batt_tim407,1,407,battery,0.3117354031724425,0.0,0.3117354031724425,0.06413367625737146
1222,pltd_tim408,1,408,diesel,0.007959046720028576,0.1636,-0.1556409532799714,0.0030811179056402403
1223,plts_tim408,1,408,solar,0.44146937765976824,0.0,0.44146937765976824,0.10735674111443368
1224,batt_tim408,1,408,battery,0.25004775347778485,0.0,0.25004775347778485,0.051442616131496
1225,pltd_tim409,1,409,diesel,0.00287805152009009,0.0591,-0.05622194847990991,0.0011141814096619742
1226,plts_tim409,1,409,solar,0.15795920585913648,0.0,0.15795920585913648,0.03881799866300961
1227,batt_tim409,1,409,battery,0.09040759073799716,0.0,0.09040759073799716,0.018599634890080773
1228,pltd_tim410,1,410,diesel,0.0037025329067382185,0.0761,-0.07239746709326178,0.001433298955256226
1229,plts_tim410,1,410,solar,0.20535357264267495,0.0,0.20535357264267495,0.04993798895898844
1230,batt_tim410,1,410,battery,0.11631179787083575,0.0,0.11631179787083575,0.023928956350415823
1231,pltd_tim411,1,411,diesel,0.007719326613363431,0.1587,-0.15098067338663657,0.0029882922944404855
1232,plts_tim411,1,411,solar,0.42792275698308024,0.0,0.42792275698308024,0.10412157238117636
1233,batt_tim411,1,411,battery,0.24250444192538526,0.0,0.24250444192538526,0.04989072109797748
1234,pltd_tim412,1,412,diesel,0.007149719573368549,0.147,-0.13985028042663145,0.0027678475552428083
1235,plts_tim412,1,412,solar,0.3979123609502369,0.0,0.3979123609502369,0.09643865276913757
1236,batt_tim412,1,412,battery,0.22460514403099419,0.0,0.22460514403099419,0.0462082785271012
1237,pltd_tim413,1,413,diesel,0.009323134293347864,0.1916,-0.18227686570665214,0.003609200100836815
1238,plts_tim413,1,413,solar,0.5144569945288615,0.0,0.5144569945288615,0.12575456248999486
1239,batt_tim413,1,413,battery,0.292888659399736,0.0,0.292888659399736,0.060256315828692175
1240,pltd_tim414,1,414,diesel,0.008363653866695105,0.1719,-0.1635363461333049,0.0032377646560425312
1241,plts_tim414,1,414,solar,0.4684439103302863,0.0,0.4684439103302863,0.11281517656422634
1242,batt_tim414,1,414,battery,0.2627502545767485,0.0,0.2627502545767485,0.054055915807570215
1243,pltd_tim415,1,415,diesel,0.007029792853367897,0.1445,-0.1374702071466321,0.002721326249642103
1244,plts_tim415,1,415,solar,0.3899235253825612,0.0,0.3899235253825612,0.09482176278683045
1245,batt_tim415,1,415,battery,0.22085205554387485,0.0,0.22085205554387485,0.045436157357275776
1246,pltd_tim416,1,416,diesel,0.009473097813348697,0.1947,-0.1852269021866513,0.003667268270438035
1247,plts_tim416,1,416,solar,0.5254396358310193,0.0,0.5254396358310193,0.12777667402412005
1248,batt_tim416,1,416,battery,0.2976080909995637,0.0,0.2976080909995637,0.06122725512318456
1249,pltd_tim417,1,417,diesel,0.001678671466716116,0.0345,-0.032821328533283886,0.0006497895040477472
1250,plts_tim417,1,417,solar,0.09311665716851782,0.0,0.09311665716851782,0.022644104368135992
1251,batt_tim417,1,417,battery,0.05274128588492513,0.0,0.05274128588492513,0.01085052769155934
1252,pltd_tim418,1,418,diesel,0.0027579657600896503,0.0567,-0.05394203423991035,0.0010676644048629976
1253,plts_tim418,1,418,solar,0.15297612138546976,0.0,0.15297612138546976,0.03720082732220518
1254,batt_tim418,1,418,battery,0.08664548155077993,0.0,0.08664548155077993,0.01782567843357871
1255,pltd_tim419,1,419,diesel,0.003057995413421993,0.0628,-0.059742004586578,0.0011837625184629307
1256,plts_tim419,1,419,solar,0.16989371444691823,0.0,0.16989371444691823,0.04124437752128071
1257,batt_tim419,1,419,battery,0.09606466818900539,0.0,0.09606466818900539,0.019763484302384164
1258,pltd_tim420,1,420,diesel,0.004001870186735937,0.0823,-0.07829812981326406,0.001549226369656601
1259,plts_tim420,1,420,solar,0.223911964532472,0.0,0.223911964532472,0.05398161837629003
1260,batt_tim420,1,420,battery,0.1257265516351895,0.0,0.1257265516351895,0.025865872391773594
1261,pltd_tim421,1,421,diesel,0.0018133421867226232,0.0373,-0.035486657813277374,0.0007020099296508025
1262,plts_tim421,1,421,solar,0.10101687790178147,0.0,0.10101687790178147,0.024463587394063346
1263,batt_tim421,1,421,battery,0.05697651025759997,0.0,0.05697651025759997,0.011721859304680038
1264,pltd_tim422,1,422,diesel,0.005800714560045257,0.1192,-0.11339928543995474,0.0022455420288469896
1265,plts_tim422,1,422,solar,0.3234686931769488,0.0,0.3234686931769488,0.0782426126088204
1266,batt_tim422,1,422,battery,0.18222504069301287,0.0,0.18222504069301287,0.03748935735760996
1267,pltd_tim423,1,423,diesel,0.009503180800013153,0.1953,-0.18579681919998686,0.0036788269840366265
1268,plts_tim423,1,423,solar,0.5244643915037753,0.0,0.5244643915037753,0.12818057017796358
1269,batt_tim423,1,423,battery,0.298534689002689,0.0,0.298534689002689,0.06141787072606877
1270,pltd_tim424,1,424,diesel,0.005036224640054012,0.1035,-0.09846377535994598,0.0019496775872507258
1271,plts_tim424,1,424,solar,0.2815498767830937,0.0,0.2815498767830937,0.06793163453954831
1272,batt_tim424,1,424,battery,0.15821488491598043,0.0,0.15821488491598043,0.03254973989667903
1273,pltd_tim425,1,425,diesel,0.008768573866674314,0.1802,-0.17143142613332568,0.00339457025603014
1274,plts_tim425,1,425,solar,0.465870668830315,0.0,0.465870668830315,0.11827396459194546
1275,batt_tim425,1,425,battery,0.27546686269296505,0.0,0.27546686269296505,0.05667211080816193
1276,pltd_tim426,1,426,diesel,0.002428627626728738,0.0499,-0.04747137237327126,0.0009400889008481644
1277,plts_tim426,1,426,solar,0.12763107180159375,0.0,0.12763107180159375,0.03275281149497435
1278,batt_tim426,1,426,battery,0.07628465678950372,0.0,0.07628465678950372,0.015694104170776758
1279,pltd_tim427,1,427,diesel,0.010147528533337596,0.2086,-0.19845247146666242,0.0039283504960326105
1280,plts_tim427,1,427,solar,0.5521044829241814,0.0,0.5521044829241814,0.13687490873347674
1281,batt_tim427,1,427,battery,0.3188014484157141,0.0,0.3188014484157141,0.06558739399390552
1282,pltd_tim428,1,428,diesel,0.010552069013340246,0.2169,-0.20634793098665977,0.0040849762464351316
1283,plts_tim428,1,428,solar,0.5815704504562905,0.0,0.5815704504562905,0.14233360882860394
1284,batt_tim428,1,428,battery,0.33151158744564474,0.0,0.33151158744564474,0.0682022676947933
1285,pltd_tim429,1,429,diesel,0.006055332480030942,0.1245,-0.11844466751996906,0.0023441529104378704
1286,plts_tim429,1,429,solar,0.32580422517806895,0.0,0.32580422517806895,0.08167987444207572
1287,batt_tim429,1,429,battery,0.19023487393875396,0.0,0.19023487393875396,0.039137256911293446
1288,pltd_tim430,1,430,diesel,0.007674556053361591,0.1577,-0.15002544394663841,0.002970984385638876
1289,plts_tim430,1,430,solar,0.42267244283977135,0.0,0.42267244283977135,0.10351504434047043
1290,batt_tim430,1,430,battery,0.2410931720031901,0.0,0.2410931720031901,0.04960036650121167
1291,pltd_tim431,1,431,diesel,0.006505315413369702,0.1337,-0.1271946845866303,0.0025183741184423842
1292,plts_tim431,1,431,solar,0.35945969258234717,0.0,0.35945969258234717,0.08774556180566216
1293,batt_tim431,1,431,battery,0.20437268011736814,0.0,0.20437268011736814,0.04204582880058137
1294,pltd_tim432,1,432,diesel,0.006550491200027798,0.1346,-0.1280495087999722,0.0025357595760366366
1295,plts_tim432,1,432,solar,0.3527808929485078,0.0,0.3527808929485078,0.0883514454632236
1296,batt_tim432,1,432,battery,0.20577046323187764,0.0,0.20577046323187764,0.04233336848722036
1297,pltd_tim433,1,433,diesel,0.008379003093357838,0.1722,-0.16382099690664215,0.003243660324839529
1298,plts_tim433,1,433,solar,0.46474826538724057,0.0,0.46474826538724057,0.11301767811203081
1299,batt_tim433,1,433,battery,0.2632327515533941,0.0,0.2632327515533941,0.05415516511571762
1300,pltd_tim434,1,434,diesel,0.004076723733389279,0.0838,-0.07972327626661072,0.0015782119920478364
1301,plts_tim434,1,434,solar,0.2206828733071734,0.0,0.2206828733071734,0.05499252457435213
1302,batt_tim434,1,434,battery,0.1280821744904976,0.0,0.1280821744904976,0.026350501527396545
1303,pltd_tim435,1,435,diesel,0.004226866773403889,0.0869,-0.08267313322659611,0.00163629201125896
1304,plts_tim435,1,435,solar,0.23886487575609752,0.0,0.23886487575609752,0.05701443279428333
1305,batt_tim435,1,435,battery,0.1327941107101316,0.0,0.1327941107101316,0.027319884324337386
1306,pltd_tim436,1,436,diesel,0.005606134293381736,0.1152,-0.10959386570661826,0.002170266100848704
1307,plts_tim436,1,436,solar,0.31362161712810444,0.0,0.31362161712810444,0.07561447550855323
1308,batt_tim436,1,436,battery,0.1761117056087204,0.0,0.1761117056087204,0.03623165419143891
1309,pltd_tim437,1,437,diesel,0.009922767893336222,0.2039,-0.1939772321066638,0.0038413236288312442
1310,plts_tim437,1,437,solar,0.5353537317404103,0.0,0.5353537317404103,0.13384145055908733
1311,batt_tim437,1,437,battery,0.31171798602384443,0.0,0.31171798602384443,0.06413008693138932
1312,pltd_tim438,1,438,diesel,0.009997441920012097,0.2055,-0.1955025580799879,0.0038702344016374136
1313,plts_tim438,1,438,solar,0.554539490138096,0.0,0.554539490138096,0.13485311847230766
1314,batt_tim438,1,438,battery,0.31409042022703604,0.0,0.31409042022703604,0.06461819239918214
1315,pltd_tim439,1,439,diesel,0.00467673685338096,0.0961,-0.09142326314661904,0.0018103963696449558
1316,plts_tim439,1,439,solar,0.2539237929169877,0.0,0.2539237929169877,0.06307929311646868
1317,batt_tim439,1,439,battery,0.1469114870237642,0.0,0.1469114870237642,0.030224257876652047
1318,pltd_tim440,1,440,diesel,0.004196963306737395,0.0863,-0.0821030366932626,0.0016247031472588869
1319,plts_tim440,1,440,solar,0.23703264373040345,0.0,0.23703264373040345,0.05660985851522023
1320,batt_tim440,1,440,battery,0.13184713407967452,0.0,0.13184713407967452,0.027125057244332774
1321,pltd_tim441,1,441,diesel,0.005395794560046916,0.1109,-0.10550420543995308,0.0020888554288468852
1322,plts_tim441,1,441,solar,0.29930191061024985,0.0,0.29930191061024985,0.0727843317813429
1323,batt_tim441,1,441,battery,0.1695242408046358,0.0,0.1695242408046358,0.034876420116613384
1324,pltd_tim442,1,442,diesel,0.0034026725334116636,0.0699,-0.06649732746658835,0.0013172466160588083
1325,plts_tim442,1,442,solar,0.18872550884152783,0.0,0.18872550884152783,0.045894369904576154
1326,batt_tim442,1,442,battery,0.1068937648869455,0.0,0.1068937648869455,0.021991370452295732
1327,pltd_tim443,1,443,diesel,0.010956932586674495,0.2252,-0.21424306741332552,0.0042417199216363555
1328,plts_tim443,1,443,solar,0.6075926784928428,0.0,0.6075926784928428,0.14779148756270444
1329,batt_tim443,1,443,battery,0.3442035074190692,0.0,0.3442035074190692,0.07081338088771642
1330,pltd_tim444,1,444,diesel,0.004751590400055612,0.0977,-0.09294840959994438,0.0018394169920507443
1331,plts_tim444,1,444,solar,0.26456183661079524,0.0,0.26456183661079524,0.06409041173766902
1332,batt_tim444,1,444,battery,0.1492729770811314,0.0,0.1492729770811314,0.030710096125273458
1333,pltd_tim445,1,445,diesel,0.014554723946664115,0.2991,-0.28454527605333585,0.0056344530144339
1334,plts_tim445,1,445,solar,0.8072813100762459,0.0,0.8072813100762459,0.19631507621674352
1335,batt_tim445,1,445,battery,0.4572428989774321,0.0,0.4572428989774321,0.09406907360726398
1336,pltd_tim446,1,446,diesel,0.006565178773374246,0.1349,-0.12833482122662573,0.00254150877124568
1337,plts_tim446,1,446,solar,0.3670949019866645,0.0,0.3670949019866645,0.08855362350943835
1338,batt_tim446,1,446,battery,0.20624037936742587,0.0,0.20624037936742587,0.04243006660923291
1339,pltd_tim447,1,447,diesel,0.006610205760039231,0.1359,-0.12928979423996076,0.002558990604844572
1340,plts_tim447,1,447,solar,0.36848665768769984,0.0,0.36848665768769984,0.08916033455769579
1341,batt_tim447,1,447,battery,0.20765822733744874,0.0,0.20765822733744874,0.0427217708852953
1342,pltd_tim448,1,448,diesel,0.005336008106715236,0.1097,-0.10436399189328477,0.0020657708512479838
1343,plts_tim448,1,448,solar,0.2969203114947023,0.0,0.2969203114947023,0.07197526835457678
1344,batt_tim448,1,448,battery,0.16763293823814263,0.0,0.16763293823814263,0.03448732406131037
1345,pltd_tim449,1,449,diesel,0.0068348894933716025,0.1405,-0.1336651105066284,0.002645974396844355
1346,plts_tim449,1,449,solar,0.3814473743670973,0.0,0.3814473743670973,0.09219291124458161
1347,batt_tim449,1,449,battery,0.21471718357625277,0.0,0.21471718357625277,0.044174021794988035
1348,pltd_tim450,1,450,diesel,0.012935510613336365,0.2659,-0.25296448938666366,0.005007559614436296
1349,plts_tim450,1,450,solar,0.7209347070740392,0.0,0.7209347070740392,0.17447976687371541
1350,batt_tim450,1,450,battery,0.40637974922670134,0.0,0.40637974922670134,0.08360497010663326
1351,pltd_tim451,1,451,diesel,0.03712798346665173,0.7631,-0.7259720165333483,0.014373007264031623
1352,plts_tim451,1,451,solar,2.074113364296305,0.0,2.074113364296305,0.5007930189080084
1353,batt_tim451,1,451,battery,1.1663388054355812,0.0,1.1663388054355812,0.23995218576055952
1354,pltd_tim452,1,452,diesel,0.011721642986674479,0.2409,-0.22917835701332553,0.00453771951363781
1355,plts_tim452,1,452,solar,0.6546279599684427,0.0,0.6546279599684427,0.1581028651999577
1356,batt_tim452,1,452,battery,0.3682282779929861,0.0,0.3682282779929861,0.075756022015589
1357,pltd_tim453,1,453,diesel,0.011721642986671594,0.2409,-0.22917835701332842,0.004537719513635769
1358,plts_tim453,1,453,solar,0.650148567239104,0.0,0.650148567239104,0.15810341151254778
1359,batt_tim453,1,453,battery,0.36824288596071814,0.0,0.36824288596071814,0.07575903242557955
1360,pltd_tim454,1,454,diesel,0.01376008437333209,0.2828,-0.2690399156266679,0.005326805859234359
1361,plts_tim454,1,454,solar,0.7632179625241889,0.0,0.7632179625241889,0.1855996192865442
1362,batt_tim454,1,454,battery,0.4322853231838907,0.0,0.4322853231838907,0.08893454954293104
1363,pltd_tim455,1,455,diesel,0.00878353333335654,0.1805,-0.17171646666664345,0.0034002220000406906
1364,plts_tim455,1,455,solar,0.49005952881530085,0.0,0.49005952881530085,0.11847633422535288
1365,batt_tim455,1,455,battery,0.27593890692731815,0.0,0.27593890692731815,0.05676921193997583
1366,pltd_tim456,1,456,diesel,0.01170639637332009,0.2406,-0.22889360362667993,0.0045318066192249935
1367,plts_tim456,1,456,solar,0.6133513955039794,0.0,0.6133513955039794,0.15790072594095825
1368,batt_tim456,1,456,battery,0.36775602985625144,0.0,0.36775602985625144,0.07565886701397306
1369,pltd_tim457,1,457,diesel,0.00950318080000179,0.1953,-0.18579681919999821,0.0036788269840291824
1370,plts_tim457,1,457,solar,0.5048707226197489,0.0,0.5048707226197489,0.1281808403703763
1371,batt_tim457,1,457,battery,0.29854191373449973,0.0,0.29854191373449973,0.06141935959880158
1372,pltd_tim458,1,458,diesel,0.015108945813320849,0.3105,-0.29539105418667916,0.005848963310428059
1373,plts_tim458,1,458,solar,0.8180395009420205,0.0,0.8180395009420205,0.20379504712806812
1374,batt_tim458,1,458,battery,0.47464381271479267,0.0,0.47464381271479267,0.09764901061426011
1375,pltd_tim459,1,459,diesel,0.004706619840047771,0.0967,-0.09199338015995222,0.0018219900832450908
1376,plts_tim459,1,459,solar,0.25587189096049745,0.0,0.25587189096049745,0.06348402219441027
1377,batt_tim459,1,459,battery,0.14786204133070682,0.0,0.14786204133070682,0.030419810394626736
1378,pltd_tim460,1,460,diesel,0.008333760640010597,0.1713,-0.1629662393599894,0.0032262258672299763
1379,plts_tim460,1,460,solar,0.4404067035161258,0.0,0.4404067035161258,0.11241089190168356
1380,batt_tim460,1,460,battery,0.26181345533151196,0.0,0.26181345533151196,0.05386319200791376
1381,pltd_tim461,1,461,diesel,0.012935510613312275,0.2659,-0.25296448938668775,0.0050075596144232805
1382,plts_tim461,1,461,solar,0.6723342191027801,0.0,0.6723342191027801,0.17447966373774854
1383,batt_tim461,1,461,battery,0.4063769914519253,0.0,0.4063769914519253,0.08360440178441014
1384,pltd_tim462,1,462,diesel,0.012980470933314073,0.2668,-0.2538195290666859,0.005025027448023264
1385,plts_tim462,1,462,solar,0.675866582106322,0.0,0.675866582106322,0.1750861033942917
1386,batt_tim462,1,462,battery,0.4077877697960623,0.0,0.4077877697960623,0.08389464915196965
1387,pltd_tim463,1,463,diesel,0.010177555093327774,0.2092,-0.19902244490667223,0.003939987284826725
1388,plts_tim463,1,463,solar,0.5345106152765368,0.0,0.5345106152765368,0.1372788643541046
1389,batt_tim463,1,463,battery,0.31973450305008594,0.0,0.31973450305008594,0.06577934610415824
1390,pltd_tim464,1,464,diesel,0.014254771199989332,0.293,-0.2787452288000106,0.005518299976028729
1391,plts_tim464,1,464,solar,0.7727794028905765,0.0,0.7727794028905765,0.19227170149398343
1392,batt_tim464,1,464,battery,0.4478274685649464,0.0,0.4478274685649464,0.09213204774625976
1393,pltd_tim465,1,465,diesel,0.007434446186695286,0.1528,-0.1453655538133047,0.002878047849638739
1394,plts_tim465,1,465,solar,0.4084669232586923,0.0,0.4084669232586923,0.10028003340708572
1395,batt_tim465,1,465,battery,0.23355202097564626,0.0,0.23355202097564626,0.04804892263345553
1396,pltd_tim466,1,466,diesel,0.023353098666665198,0.48,-0.4566469013333348,0.009040454360028372
1397,plts_tim466,1,466,solar,1.282187475652808,0.0,1.282187475652808,0.31499416119405454
1398,batt_tim466,1,466,battery,0.7336672229148707,0.0,0.7336672229148707,0.15093818993869118
1399,pltd_tim467,1,467,diesel,0.0025180918400830254,0.0518,-0.049281908159916975,0.0009747456432608455
1400,plts_tim467,1,467,solar,0.1401582074697925,0.0,0.1401582074697925,0.03396597041767582
1401,batt_tim467,1,467,battery,0.07910620303954481,0.0,0.07910620303954481,0.01627460267958327
1402,pltd_tim468,1,468,diesel,0.011811409813331293,0.2428,-0.2309885901866687,0.004572478030431843
1403,plts_tim468,1,468,solar,0.6449717603456339,0.0,0.6449717603456339,0.15931664037545926
1404,batt_tim468,1,468,battery,0.3710709817183318,0.0,0.3710709817183318,0.07634086288250903
1405,pltd_tim469,1,469,diesel,0.006415405013363535,0.1319,-0.12548459498663644,0.0024835375264380057
1406,plts_tim469,1,469,solar,0.3474107016443339,0.0,0.3474107016443339,0.08653182231209297
1407,batt_tim469,1,469,battery,0.20153093049846485,0.0,0.20153093049846485,0.04146117863111846
1408,pltd_tim470,1,470,diesel,0.00406210282672541,0.0835,-0.0794378971732746,0.001572476796849569
1409,plts_tim470,1,470,solar,0.2216275796067773,0.0,0.2216275796067773,0.054790409383887934
1410,batt_tim470,1,470,battery,0.12761375189396235,0.0,0.12761375189396235,0.026254111193902294
1411,pltd_tim471,1,471,diesel,0.008468857066685265,0.1741,-0.16563114293331474,0.003278441992035775
1412,plts_tim471,1,471,solar,0.4630580467403296,0.0,0.4630580467403296,0.11423042787898399
1413,batt_tim471,1,471,battery,0.2660485981863878,0.0,0.2660485981863878,0.05473448312264544
1414,pltd_tim472,1,472,diesel,0.0030727394134128514,0.0632,-0.060127260586587156,0.0011895386384567952
1415,plts_tim472,1,472,solar,0.16644565115091392,0.0,0.16644565115091392,0.04144659209866181
1416,batt_tim472,1,472,battery,0.09653406374287951,0.0,0.09653406374287951,0.019860069218127385
1417,pltd_tim473,1,473,diesel,0.0020385182933873357,0.0419,-0.03986148170661266,0.0007890944208479627
1418,plts_tim473,1,473,solar,0.11154473935806758,0.0,0.11154473935806758,0.027496264284835092
1419,batt_tim473,1,473,battery,0.06404151500983428,0.0,0.06404151500983428,0.013175332992821061
1420,pltd_tim474,1,474,diesel,0.0029378789334175703,0.0604,-0.05746212106658243,0.0011372772880586459
1421,plts_tim474,1,474,solar,0.15933629345694994,0.0,0.15933629345694994,0.03962693103769
1422,batt_tim474,1,474,battery,0.09229295580678736,0.0,0.09229295580678736,0.01898753104505746
1423,pltd_tim475,1,475,diesel,0.005440944640038694,0.1118,-0.1063590553599613,0.0021063291872414945
1424,plts_tim475,1,475,solar,0.29530692953032095,0.0,0.29530692953032095,0.07339059708173795
1425,batt_tim475,1,475,battery,0.17093316461992386,0.0,0.17093316461992386,0.035166279378068606
1426,pltd_tim476,1,476,diesel,0.0027579657600884616,0.0567,-0.05394203423991154,0.0010676644048618561
1427,plts_tim476,1,476,solar,0.1522342459681875,0.0,0.1522342459681875,0.037200603838331896
1428,batt_tim476,1,476,battery,0.08663950576823685,0.0,0.08663950576823685,0.017824446944312393
1429,pltd_tim477,1,477,diesel,0.00598057130671347,0.1229,-0.11691942869328653,0.00231518398724849
1430,plts_tim477,1,477,solar,0.33557866847588064,0.0,0.33557866847588064,0.08066893150013159
1431,batt_tim477,1,477,battery,0.1878812633727385,0.0,0.1878812633727385,0.0386530187690476
1432,pltd_tim478,1,478,diesel,0.00885859712001832,0.1821,-0.1732414028799817,0.003429404697637479
1433,plts_tim478,1,478,solar,0.4888929413080078,0.0,0.4888929413080078,0.11948680122696027
1434,batt_tim478,1,478,battery,0.27828671668003224,0.0,0.27828671668003224,0.05725223687621551
1435,pltd_tim479,1,479,diesel,0.008648647146688363,0.1778,-0.16915135285331165,0.003348153950438922
1436,plts_tim479,1,479,solar,0.4793637389224789,0.0,0.4793637389224789,0.11665669483361901
1437,batt_tim479,1,479,battery,0.2717032449459196,0.0,0.2717032449459196,0.055897819768449375
1438,pltd_tim480,1,480,diesel,0.003957243200066374,0.0813,-0.07734275679993362,0.0015319335360543054
1439,plts_tim480,1,480,solar,0.21948739305945816,0.0,0.21948739305945816,0.05337502637967079
1440,batt_tim480,1,480,battery,0.12431712789740033,0.0,0.12431712789740033,0.02557590418149028
1441,pltd_tim481,1,481,diesel,0.008363653866691306,0.1719,-0.1635363461333087,0.00323776465603955
1442,plts_tim481,1,481,solar,0.46391756811902196,0.0,0.46391756811902196,0.11281561881799694
1443,batt_tim481,1,481,battery,0.2627620800936918,0.0,0.2627620800936918,0.0540583528101022
1444,pltd_tim482,1,482,diesel,0.008019099840027029,0.1648,-0.15678090015997298,0.0031043214832393693
1445,plts_tim482,1,482,solar,0.4435948800861389,0.0,0.4435948800861389,0.10816549174753232
1446,batt_tim482,1,482,battery,0.25192994349039666,0.0,0.25192994349039666,0.05182983427169505
1447,pltd_tim483,1,483,diesel,0.017267447253332256,0.3549,-0.33763255274666776,0.0066845849616341
1448,plts_tim483,1,483,solar,0.9622067732127161,0.0,0.9622067732127161,0.2329095214481939
1449,batt_tim483,1,483,battery,0.5424761466561956,0.0,0.5424761466561956,0.11160423434170327
1450,pltd_tim484,1,484,diesel,0.005755908053371587,0.1183,-0.11254409194662841,0.0022281883456419225
1451,plts_tim484,1,484,solar,0.314645572677486,0.0,0.314645572677486,0.07763640439926314
1452,batt_tim484,1,484,battery,0.18082307150130814,0.0,0.18082307150130814,0.03720093722978409
1453,pltd_tim485,1,485,diesel,0.006775431360034268,0.1392,-0.1324245686399657,0.002622875292841501
1454,plts_tim485,1,485,solar,0.37412036668749027,0.0,0.37412036668749027,0.09138434342256768
1455,batt_tim485,1,485,battery,0.21284250223047135,0.0,0.21284250223047135,0.0437883095672497
1456,pltd_tim486,1,486,diesel,0.005545701653373235,0.114,-0.10845429834662677,0.00214686867364253
1457,plts_tim486,1,486,solar,0.30305110537410196,0.0,0.30305110537410196,0.07480565557780557
1458,batt_tim486,1,486,battery,0.1742216730481013,0.0,0.1742216730481013,0.03584283170854724
1459,pltd_tim487,1,487,diesel,0.008573860266680184,0.1762,-0.1676261397333198,0.0033190773280326884
1460,plts_tim487,1,487,solar,0.46181490002759157,0.0,0.46181490002759157,0.11564535975305217
1461,batt_tim487,1,487,battery,0.26933503106340395,0.0,0.26933503106340395,0.05541059587394145
1462,pltd_tim488,1,488,diesel,0.007270005333366524,0.1494,-0.14212999466663348,0.0028143995600415873
1463,plts_tim488,1,488,solar,0.4032246814699333,0.0,0.4032246814699333,0.09805637559311416
1464,batt_tim488,1,488,battery,0.22838574293286504,0.0,0.22838574293286504,0.046986045343998854
1465,pltd_tim489,1,489,diesel,0.005471027626704727,0.1124,-0.10692897237329527,0.0021179229008411334
1466,plts_tim489,1,489,solar,0.2964582493513413,0.0,0.2964582493513413,0.07379489466757645
1467,batt_tim489,1,489,battery,0.17187161964489447,0.0,0.17187161964489447,0.035359338476014655
1468,pltd_tim490,1,490,diesel,0.003912046933399215,0.0804,-0.07648795306660078,0.001514503928053629
1469,plts_tim490,1,490,solar,0.21620161940051547,0.0,0.21620161940051547,0.05276845734113084
1470,batt_tim490,1,490,battery,0.1229040130275684,0.0,0.1229040130275684,0.025285193077115437
1471,pltd_tim491,1,491,diesel,0.007644585920027956,0.1571,-0.14945541407997204,0.002959332521638616
1472,plts_tim491,1,491,solar,0.4205096763261056,0.0,0.4205096763261056,0.10311098269122321
1473,batt_tim491,1,491,battery,0.2401591539917828,0.0,0.2401591539917828,0.04940820993342087
1474,pltd_tim492,1,492,diesel,0.0029528588800878087,0.0607,-0.057747141119912186,0.0011431481824612207
1475,plts_tim492,1,492,solar,0.16222592692163382,0.0,0.16222592692163382,0.03982884735275346
1476,batt_tim492,1,492,battery,0.09276167586645104,0.0,0.09276167586645104,0.019083958980552523
1477,pltd_tim493,1,493,diesel,0.023218258666667286,0.4772,-0.45398174133333274,0.008988251160029997
1478,plts_tim493,1,493,solar,1.282955346904798,0.0,1.282955346904798,0.3131746311697176
1479,batt_tim493,1,493,battery,0.7294311161908771,0.0,0.7294311161908771,0.15006669426501043
1480,pltd_tim494,1,494,diesel,0.008213880106692904,0.1688,-0.1605861198933071,0.003179751411239805
1481,plts_tim494,1,494,solar,0.45560319807654454,0.0,0.45560319807654454,0.11079379953511428
1482,batt_tim494,1,494,battery,0.258053083504343,0.0,0.258053083504343,0.05308955803776916
1483,pltd_tim495,1,495,diesel,0.014764391786668593,0.3035,-0.2887356082133314,0.005715576137636817
1484,plts_tim495,1,495,solar,0.8269114155952195,0.0,0.8269114155952195,0.19914487940400233
1485,batt_tim495,1,495,battery,0.4638148940795327,0.0,0.4638148940795327,0.0954211552347046
1486,pltd_tim496,1,496,diesel,0.007194849173359878,0.1479,-0.14070515082664012,0.00278517216323691
1487,plts_tim496,1,496,solar,0.39108163057764667,0.0,0.39108163057764667,0.09704578719290728
1488,batt_tim496,1,496,battery,0.22603449990264995,0.0,0.22603449990264995,0.04650233657713275
1489,pltd_tim497,1,497,diesel,0.004122053333401284,0.0847,-0.08057794666659872,0.0015957256000564861
1490,plts_tim497,1,497,solar,0.23106022794406855,0.0,0.23106022794406855,0.055598887213615895
1491,batt_tim497,1,497,battery,0.12949257802387648,0.0,0.12949257802387648,0.026640653879554166
1492,pltd_tim498,1,498,diesel,0.006055332480050124,0.1245,-0.11844466751994988,0.0023441529104512968
1493,plts_tim498,1,498,solar,0.34239210274170767,0.0,0.34239210274170767,0.08167979418683376
1494,batt_tim498,1,498,battery,0.19023272797724866,0.0,0.19023272797724866,0.03913681467154483
1495,pltd_tim499,1,499,diesel,0.003087709120087047,0.0635,-0.060412290879912955,0.0011953454576620894
1496,plts_tim499,1,499,solar,0.17126678868157738,0.0,0.17126678868157738,0.0416487366286498
1497,batt_tim499,1,499,battery,0.09700532977460553,0.0,0.09700532977460553,0.019957015902744714
1498,pltd_tim500,1,500,diesel,0.00702979285338066,0.1445,-0.13747020714661934,0.0027213262496514957
1499,plts_tim500,1,500,solar,0.3998146555950039,0.0,0.3998146555950039,0.09482111865670521
1500,batt_tim500,1,500,battery,0.2208348320126017,0.0,0.2208348320126017,0.045432607931950246
1501,pltd_tim501,1,501,diesel,0.005336008106714076,0.1097,-0.10436399189328593,0.0020657708512471055
1502,plts_tim501,1,501,solar,0.2959759455176588,0.0,0.2959759455176588,0.07197553662087752
1503,batt_tim501,1,501,battery,0.16764011146742147,0.0,0.16764011146742147,0.03448880232040024
1504,pltd_tim502,1,502,diesel,0.005606134293380027,0.1152,-0.10959386570661997,0.0021702661008473705
1505,plts_tim502,1,502,solar,0.312288028679712,0.0,0.312288028679712,0.07561421297652406
1506,batt_tim502,1,502,battery,0.17610468570927976,0.0,0.17610468570927976,0.03623020753056228
1507,pltd_tim503,1,503,diesel,0.007524536106726386,0.1547,-0.14717546389327363,0.0029128192912623654
1508,plts_tim503,1,503,solar,0.4355772770902865,0.0,0.4355772770902865,0.10149342436391443
1509,batt_tim503,1,503,battery,0.23638482534647362,0.0,0.23638482534647362,0.048631717516593995
1510,pltd_tim504,1,504,diesel,0.0065651787734060316,0.1349,-0.12833482122659395,0.0025415087712701598
1511,plts_tim504,1,504,solar,0.38215929501675755,0.0,0.38215929501675755,0.08855410852253245
1512,batt_tim504,1,504,battery,0.20625334823569866,0.0,0.20625334823569866,0.042432739233605396
1513,pltd_tim505,1,505,diesel,0.006865152000053454,0.1411,-0.13423484799994656,0.0026576499600558775
1514,plts_tim505,1,505,solar,0.3932169340651946,0.0,0.3932169340651946,0.09259744443471453
1515,batt_tim505,1,505,battery,0.2156660563130987,0.0,0.2156660563130987,0.0443692159253964
1516,pltd_tim506,1,506,diesel,0.007104836160034175,0.146,-0.1388951638399658,0.0027503947968419437
1517,plts_tim506,1,506,solar,0.3940803313524726,0.0,0.3940803313524726,0.09583260360007358
1518,batt_tim506,1,506,battery,0.22320630440988565,0.0,0.22320630440988565,0.04592049741638326
1519,pltd_tim507,1,507,diesel,0.008723557120041915,0.1793,-0.17057644287995807,0.003377040497654562
1520,plts_tim507,1,507,solar,0.5013253472174909,0.0,0.5013253472174909,0.11766724863338034
1521,batt_tim507,1,507,battery,0.27404476558728375,0.0,0.27404476558728375,0.05637953679502067
1522,pltd_tim508,1,508,diesel,0.0023083316267396184,0.0474,-0.04509166837326038,0.0008936268208566945
1523,plts_tim508,1,508,solar,0.12803413839776545,0.0,0.12803413839776545,0.03113546499249115
1524,batt_tim508,1,508,battery,0.07251842544079218,0.0,0.07251842544079218,0.014919292294432441
1525,pltd_tim509,1,509,diesel,0.0029528588800913874,0.0607,-0.05774714111990861,0.0011431481824637157
1526,plts_tim509,1,509,solar,0.16378379219112915,0.0,0.16378379219112915,0.03982904515115477
1527,batt_tim509,1,509,battery,0.09276696483976944,0.0,0.09276696483976944,0.01908504893217368
1528,pltd_tim510,1,510,diesel,0.0024580951467451993,0.0505,-0.048041904853254803,0.0009515969904587883
1529,plts_tim510,1,510,solar,0.1363483239217113,0.0,0.1363483239217113,0.03315728084410648
1530,batt_tim510,1,510,battery,0.07722770462978062,0.0,0.07722770462978062,0.015888139380099177
1531,pltd_tim511,1,511,diesel,0.006145468586722011,0.1263,-0.12015453141327799,0.00237900620165535
1532,plts_tim511,1,511,solar,0.3505268767443699,0.0,0.3505268767443699,0.08289339599572043
1533,batt_tim511,1,511,battery,0.193072293412154,0.0,0.193072293412154,0.0397209910251699
1534,pltd_tim512,1,512,diesel,0.0033876823467538565,0.0696,-0.06621231765324614,0.001311318646465078
1535,plts_tim512,1,512,solar,0.19133665405419364,0.0,0.19133665405419364,0.04569219970254421
1536,batt_tim512,1,512,battery,0.10641863043918288,0.0,0.10641863043918288,0.021893614714900273
1537,pltd_tim513,1,513,diesel,0.004646453866734099,0.0955,-0.0908535461332659,0.0017986766560590187
1538,plts_tim513,1,513,solar,0.2640118803865502,0.0,0.2640118803865502,0.06267499094125759
1539,batt_tim513,1,513,battery,0.1459682299209877,0.0,0.1459682299209877,0.030030209166510474
1540,pltd_tim514,1,514,diesel,0.006505315413394565,0.1337,-0.12719468458660546,0.002518374118460884
1541,plts_tim514,1,514,solar,0.374865374425679,0.0,0.374865374425679,0.08774504981595095
1542,batt_tim514,1,514,battery,0.20435898991679263,0.0,0.20435898991679263,0.04204300752404551
1543,pltd_tim515,1,515,diesel,0.005515921280045627,0.1134,-0.10788407871995437,0.0021353697344464293
1544,plts_tim515,1,515,solar,0.3059524272898103,0.0,0.3059524272898103,0.07440160207570412
1545,batt_tim515,1,515,battery,0.17329068050224855,0.0,0.17329068050224855,0.03565129270389743
1546,pltd_tim516,1,516,diesel,0.006550491200064712,0.1346,-0.1280495087999353,0.0025357595760637816
1547,plts_tim516,1,516,solar,0.37886162929068257,0.0,0.37886162929068257,0.08835158010444553
1548,batt_tim516,1,516,battery,0.20577406343270072,0.0,0.20577406343270072,0.04233411041660375
1549,pltd_tim517,1,517,diesel,0.0051410842667327,0.1057,-0.1005589157332673,0.001990220848060114
1550,plts_tim517,1,517,solar,0.29397277465502464,0.0,0.29397277465502464,0.06934703349866587
1551,batt_tim517,1,517,battery,0.16151193553438123,0.0,0.16151193553438123,0.033228034827318384
1552,pltd_tim518,1,518,diesel,0.00328265866674811,0.0675,-0.0642173413332519,0.0012707861600599838
1553,plts_tim518,1,518,solar,0.1820751766804853,0.0,0.1820751766804853,0.044277110041478634
1554,batt_tim518,1,518,battery,0.10312704258967964,0.0,0.10312704258967964,0.021216427777275174
1555,pltd_tim519,1,519,diesel,0.0026979024000874457,0.0555,-0.052802097599912556,0.0010444667520621476
1556,plts_tim519,1,519,solar,0.14965068896759814,0.0,0.14965068896759814,0.03639213531435241
1557,batt_tim519,1,519,battery,0.08476186433929236,0.0,0.08476186433929236,0.01743816025143536
1558,pltd_tim520,1,520,diesel,0.007764645973433497,0.1596,-0.1518353540265665,0.003005923827295936
1559,plts_tim520,1,520,solar,0.4592804113581914,0.0,0.4592804113581914,0.10472769870682153
1560,batt_tim520,1,520,battery,0.2439128316332572,0.0,0.2439128316332572,0.050180452516173785
1561,pltd_tim521,1,521,diesel,0.0062353585067043416,0.1282,-0.12196464149329567,0.002413812643242734
1562,plts_tim521,1,521,solar,0.3440743772224065,0.0,0.3440743772224065,0.0841060407675857
1563,batt_tim521,1,521,battery,0.19588739147833453,0.0,0.19588739147833453,0.04030013699304939
1564,pltd_tim522,1,522,diesel,0.005276303786719213,0.1084,-0.10312369621328078,0.002042554897650582
1565,plts_tim522,1,522,solar,0.2956958362915239,0.0,0.2956958362915239,0.07116666127423907
1566,batt_tim522,1,522,battery,0.16575402518974802,0.0,0.16575402518974802,0.03410075161389696
1567,pltd_tim523,1,523,diesel,0.002203415573402393,0.0453,-0.043096584426597605,0.0008530496352552269
1568,plts_tim523,1,523,solar,0.12221442168611722,0.0,0.12221442168611722,0.02972013227838941
1569,batt_tim523,1,523,battery,0.06922183594072918,0.0,0.06922183594072918,0.01424109831585945
1570,pltd_tim524,1,524,diesel,0.0051711979733817795,0.1063,-0.10112880202661823,0.0020019577872473176
1571,plts_tim524,1,524,solar,0.2864833763921222,0.0,0.2864833763921222,0.0697510700812328
1572,batt_tim524,1,524,battery,0.1624492139462342,0.0,0.1624492139462342,0.03342086922323399
1573,pltd_tim525,1,525,diesel,0.004766380586725101,0.098,-0.0932336194132749,0.0018451489616528004
1574,plts_tim525,1,525,solar,0.2671047559181611,0.0,0.2671047559181611,0.06429279848775232
1575,batt_tim525,1,525,battery,0.14974585335062054,0.0,0.14974585335062054,0.030807386497289577
1576,pltd_tim526,1,526,diesel,0.0039572432000640635,0.0813,-0.07734275679993594,0.0015319335360526845
1577,plts_tim526,1,526,solar,0.2181764643312711,0.0,0.2181764643312711,0.05337480788554151
1578,batt_tim526,1,526,battery,0.12431128553666382,0.0,0.12431128553666382,0.0255747001877899
1579,pltd_tim527,1,527,diesel,0.0038670866133909123,0.0795,-0.07563291338660909,0.0014970780944478527
1580,plts_tim527,1,527,solar,0.20759163260841546,0.0,0.20759163260841546,0.052162007068697745
1581,batt_tim527,1,527,battery,0.12149238929930967,0.0,0.12149238929930967,0.02499477149279681
1582,pltd_tim528,1,528,diesel,0.003747262506725055,0.077,-0.07325273749327495,0.0014506165632477603
1583,plts_tim528,1,528,solar,0.1999224168169176,0.0,0.1999224168169176,0.050544598567182866
1584,batt_tim528,1,528,battery,0.117724312970667,0.0,0.117724312970667,0.024219543854190364
1585,pltd_tim529,1,529,diesel,0.011556422613338783,0.2375,-0.2259435773866612,0.004473751374435915
1586,plts_tim529,1,529,solar,0.641003807175183,0.0,0.641003807175183,0.15587960158445774
1587,batt_tim529,1,529,battery,0.36306374330578417,0.0,0.36306374330578417,0.0746935158464507
1588,pltd_tim530,1,530,diesel,0.00717979232002785,0.1476,-0.14042020767997215,0.002779405193637637
1589,plts_tim530,1,530,solar,0.39165198081310665,0.0,0.39165198081310665,0.09684289834374941
1590,batt_tim530,1,530,battery,0.2255442672359214,0.0,0.2255442672359214,0.0464014693987732
1591,pltd_tim531,1,531,diesel,0.00888831082668066,0.1827,-0.17381168917331935,0.003440798636834676
1592,plts_tim531,1,531,solar,0.4847136577366999,0.0,0.4847136577366999,0.11989150473437463
1593,batt_tim531,1,531,battery,0.2792320950636637,0.0,0.2792320950636637,0.0574467405143147
1594,pltd_tim532,1,532,diesel,0.010807092160006415,0.2221,-0.21129290783999358,0.0041836786768351735
1595,plts_tim532,1,532,solar,0.5963666427340362,0.0,0.5963666427340362,0.14577014783719158
1596,batt_tim532,1,532,battery,0.3395047133728179,0.0,0.3395047133728179,0.06984668865546512
1597,pltd_tim533,1,533,diesel,0.002713082346754597,0.0558,-0.053086917653245407,0.001050323646462354
1598,plts_tim533,1,533,solar,0.15048183709169366,0.0,0.15048183709169366,0.03659422861595621
1599,batt_tim533,1,533,battery,0.08523250926220466,0.0,0.08523250926220466,0.017534984862749133
1600,pltd_tim534,1,534,diesel,0.003912046933400551,0.0804,-0.07648795306659945,0.0015145039280546216
1601,plts_tim534,1,534,solar,0.21699337510303435,0.0,0.21699337510303435,0.05276847224972637
1602,batt_tim534,1,534,battery,0.12290441167168185,0.0,0.12290441167168185,0.025285275229694214
1603,pltd_tim535,1,535,diesel,0.005456396480064228,0.1121,-0.10664360351993578,0.0021122986304599584
1604,plts_tim535,1,535,solar,0.31247584554160857,0.0,0.31247584554160857,0.07359266728250026
1605,batt_tim535,1,535,battery,0.1714045020664081,0.0,0.1714045020664081,0.03526321115583844
1606,pltd_tim536,1,536,diesel,0.004106883626754444,0.0844,-0.08029311637324556,0.00158993278087148
1607,plts_tim536,1,536,solar,0.23690604445505356,0.0,0.23690604445505356,0.05539654031204725
1608,batt_tim536,1,536,battery,0.1290181468299941,0.0,0.1290181468299941,0.026543054918318057
1609,pltd_tim537,1,537,diesel,0.004856424320052779,0.0998,-0.09494357567994723,0.001880041553649145
1610,plts_tim537,1,537,solar,0.2693711336070089,0.0,0.2693711336070089,0.06550581453533437
1611,batt_tim537,1,537,battery,0.15257125338584857,0.0,0.15257125338584857,0.03138866734454969
1612,pltd_tim538,1,538,diesel,0.003162629333439276,0.065,-0.061837370666560726,0.0012242470800771232
1613,plts_tim538,1,538,solar,0.181881215533449,0.0,0.181881215533449,0.042659637025163635
1614,batt_tim538,1,538,battery,0.0993559309652784,0.0,0.0993559309652784,0.02044061017371748
1615,pltd_tim539,1,539,diesel,0.0042569497600695215,0.0875,-0.08324305023993048,0.0016479417248584061
1616,plts_tim539,1,539,solar,0.24035201234909653,0.0,0.24035201234909653,0.05741865005739903
1617,batt_tim539,1,539,battery,0.13373453580737837,0.0,0.13373453580737837,0.027513349414778
1618,pltd_tim540,1,540,diesel,0.006010618346724496,0.1235,-0.11748938165327551,0.0023268089264568675
1619,plts_tim540,1,540,solar,0.3435464890204409,0.0,0.3435464890204409,0.08107356906345671
1620,batt_tim540,1,540,battery,0.18883030652363264,0.0,0.18883030652363264,0.03884827764238332
1621,pltd_tim541,1,541,diesel,0.00849858101335669,0.1747,-0.1662014189866433,0.0032900330064393572
1622,plts_tim541,1,541,solar,0.47139999102533137,0.0,0.47139999102533137,0.1146351340703584
1623,batt_tim541,1,541,battery,0.26699966357154425,0.0,0.26699966357154425,0.054930164662818075
1624,pltd_tim542,1,542,diesel,0.008303713600022545,0.1707,-0.16239628639997744,0.0032145239280373184
1625,plts_tim542,1,542,solar,0.45639828368354785,0.0,0.45639828368354785,0.11200690617386494
1626,batt_tim542,1,542,battery,0.26087753673537545,0.0,0.26087753673537545,0.05367063784282057
1627,pltd_tim543,1,543,diesel,0.006775431360024746,0.1392,-0.13242456863997523,0.0026228752928351257
1628,plts_tim543,1,543,solar,0.3628315031574935,0.0,0.3628315031574935,0.09138423369204
1629,batt_tim543,1,543,battery,0.21283956812252736,0.0,0.21283956812252736,0.04378770490628563
1630,pltd_tim544,1,544,diesel,0.007314519466696577,0.1503,-0.1429854805333034,0.0028316105440393882
1631,plts_tim544,1,544,solar,0.4024154801501201,0.0,0.4024154801501201,0.09866301706298686
1632,batt_tim544,1,544,battery,0.22979686389526707,0.0,0.22979686389526707,0.04727637516793092
1633,pltd_tim545,1,545,diesel,0.006430338773385559,0.1322,-0.12576966122661445,0.0024893615712537564
1634,plts_tim545,1,545,solar,0.3662291742061912,0.0,0.3662291742061912,0.08673432325793516
1635,batt_tim545,1,545,battery,0.20201022941348162,0.0,0.20201022941348162,0.04155979850672351
1636,pltd_tim546,1,546,diesel,0.0049013641600460095,0.1007,-0.09579863583995399,0.0018974512368446848
1637,plts_tim546,1,546,solar,0.26718559602036634,0.0,0.26718559602036634,0.06611226025137049
1638,batt_tim546,1,546,battery,0.15398350397727967,0.0,0.15398350397727967,0.031679206263232375
1639,pltd_tim547,1,547,diesel,0.00833376064002318,0.1713,-0.16296623935997684,0.0032262258672379725
1640,plts_tim547,1,547,solar,0.4593286658083617,0.0,0.4593286658083617,0.11241104266578439
1641,batt_tim547,1,547,battery,0.26181748664488347,0.0,0.26181748664488347,0.053864022780971896
1642,pltd_tim548,1,548,diesel,0.005066364053377889,0.1041,-0.09903363594662211,0.001961298225644264
1643,plts_tim548,1,548,solar,0.2766499118570935,0.0,0.2766499118570935,0.06833626135586865
1644,batt_tim548,1,548,battery,0.15916495092139257,0.0,0.15916495092139257,0.032745185860675124
1645,pltd_tim549,1,549,diesel,0.013340230613332749,0.2742,-0.2608597693866673,0.005164267214434352
1646,plts_tim549,1,549,solar,0.7392005844030509,0.0,0.7392005844030509,0.17993895175296923
1647,batt_tim549,1,549,battery,0.4191041612230642,0.0,0.4191041612230642,0.08622277333084392
1648,pltd_tim550,1,550,diesel,0.00644501610669878,0.1325,-0.12605498389330122,0.002495025691239487
1649,plts_tim550,1,550,solar,0.3517001634142889,0.0,0.3517001634142889,0.08693675873860118
1650,batt_tim550,1,550,battery,0.20248440869987513,0.0,0.20248440869987513,0.04165736925406485
1651,pltd_tim551,1,551,diesel,0.004091826773393115,0.0841,-0.08000817322660687,0.001583976811250486
1652,plts_tim551,1,551,solar,0.22441210509592044,0.0,0.22441210509592044,0.055194530940727404
1653,batt_tim551,1,551,battery,0.1285480615658022,0.0,0.1285480615658022,0.026446339716674885
1654,pltd_tim552,1,552,diesel,0.006729922240036367,0.1383,-0.13157007775996363,0.002605314835242809
1655,plts_tim552,1,552,solar,0.3732957279187798,0.0,0.3732957279187798,0.09077822330872598
1656,batt_tim552,1,552,battery,0.21143427862285386,0.0,0.21143427862285386,0.043498618303791765
1657,pltd_tim553,1,553,diesel,0.0049312112000470835,0.1014,-0.09646878879995292,0.001908943176045535
1658,plts_tim553,1,553,solar,0.2700464026627644,0.0,0.2700464026627644,0.06651682937868517
1659,batt_tim553,1,553,battery,0.1549260378410469,0.0,0.1549260378410469,0.03187312370267739
1660,pltd_tim554,1,554,diesel,0.009727797866677271,0.1999,-0.19017220213332273,0.003765866776035677
1661,plts_tim554,1,554,solar,0.5354549055230025,0.0,0.5354549055230025,0.13121312869955892
1662,batt_tim554,1,554,battery,0.3055944697372855,0.0,0.3055944697372855,0.06287029154785453
1663,pltd_tim555,1,555,diesel,0.0027130823467466383,0.0558,-0.053086917653253365,0.0010503236464591869
1664,plts_tim555,1,555,solar,0.150218630182091,0.0,0.150218630182091,0.03659419734740154
1665,batt_tim555,1,555,battery,0.0852316731656289,0.0,0.0852316731656289,0.017534812559966858
1666,pltd_tim556,1,556,diesel,0.007644585920052741,0.1571,-0.14945541407994725,0.00295933252165699
1667,plts_tim556,1,556,solar,0.4397193815092203,0.0,0.4397193815092203,0.10311035223146382
1668,batt_tim556,1,556,battery,0.2401422959955527,0.0,0.2401422959955527,0.04940473583755643
1669,pltd_tim557,1,557,diesel,0.007209459840088756,0.1482,-0.14099054015991125,0.002791011283285184
1670,plts_tim557,1,557,solar,0.42433588209884576,0.0,0.42433588209884576,0.09724752673874963
1671,batt_tim557,1,557,battery,0.22649418828097234,0.0,0.22649418828097234,0.04659692103813505
1672,pltd_tim558,1,558,diesel,0.008543879893353581,0.1756,-0.16705612010664642,0.0033074663888373887
1673,plts_tim558,1,558,solar,0.47059585593401604,0.0,0.47059585593401604,0.11524140752033804
1674,batt_tim558,1,558,battery,0.2684024413680982,0.0,0.2684024413680982,0.05521872772873209
1675,pltd_tim559,1,559,diesel,0.0048413777067273615,0.0995,-0.09465862229327264,0.0018742126592548708
1676,plts_tim559,1,559,solar,0.2730801911948515,0.0,0.2730801911948515,0.06530362382046215
1677,batt_tim559,1,559,battery,0.15210024980287984,0.0,0.15210024980287984,0.031291768820571
1678,pltd_tim560,1,560,diesel,0.007734562986696663,0.159,-0.15126543701330333,0.002994190113640217
1679,plts_tim560,1,560,solar,0.4283448288008857,0.0,0.4283448288008857,0.10432373667200018
1680,batt_tim560,1,560,battery,0.2429758619971636,0.0,0.2429758619971636,0.04998769952716953
1681,pltd_tim561,1,561,diesel,0.00587584501337573,0.1208,-0.11492415498662427,0.0022746827264451984
1682,plts_tim561,1,561,solar,0.32590614893676595,0.0,0.32590614893676595,0.07925390564175372
1683,batt_tim561,1,561,battery,0.18459231742922966,0.0,0.18459231742922966,0.03797639404980969
1684,pltd_tim562,1,562,diesel,0.0038220236800818918,0.0786,-0.07477797631991812,0.0014795994864647381
1685,plts_tim562,1,562,solar,0.21740571719654464,0.0,0.21740571719654464,0.05155560969894946
1686,batt_tim562,1,562,battery,0.12008068275190768,0.0,0.12008068275190768,0.02470435061550638
1687,pltd_tim563,1,563,diesel,0.006850295146699369,0.1408,-0.13394970485330063,0.0026518689904404587
1688,plts_tim563,1,563,solar,0.3770282784633541,0.0,0.3770282784633541,0.0923949638297624
1689,batt_tim563,1,563,battery,0.21518804999536792,0.0,0.21518804999536792,0.04427086835303972
1690,pltd_tim564,1,564,diesel,0.003432263146747689,0.0705,-0.0670677368532523,0.0013287326304609827
1691,plts_tim564,1,564,solar,0.1919468974382613,0.0,0.1919468974382613,0.046298674504840466
1692,batt_tim564,1,564,battery,0.10782810245917676,0.0,0.10782810245917676,0.022183604724780905
1693,pltd_tim565,1,565,diesel,0.003357466026782442,0.069,-0.06564253397321757,0.0012997949328870746
1694,plts_tim565,1,565,solar,0.1956151046102659,0.0,0.1956151046102659,0.04528800247320887
1695,batt_tim565,1,565,battery,0.10548211017062564,0.0,0.10548211017062564,0.021700954331555104
1696,pltd_tim566,1,566,diesel,0.009802974506674125,0.2015,-0.1916970254933259,0.0037949703232340493
1697,plts_tim566,1,566,solar,0.5358094931503824,0.0,0.5358094931503824,0.1322246570730448
1698,batt_tim566,1,566,battery,0.3079682264687524,0.0,0.3079682264687524,0.06335865178787559
1699,pltd_tim567,1,567,diesel,0.002757965760084134,0.0567,-0.053942034239915865,0.001067664404861167
1700,plts_tim567,1,567,solar,0.15317073680642032,0.0,0.15317073680642032,0.03720071025393521
1701,batt_tim567,1,567,battery,0.08664235123752297,0.0,0.08664235123752297,0.017825033338622683
1702,pltd_tim568,1,568,diesel,0.004137023040066871,0.085,-0.08086297695993314,0.0016014904192557617
1703,plts_tim568,1,568,solar,0.23150661800558547,0.0,0.23150661800558547,0.05580104967402456
1704,batt_tim568,1,568,battery,0.12996151588355617,0.0,0.12996151588355617,0.026737120774477013
1705,pltd_tim569,1,569,diesel,0.012440746879999886,0.2557,-0.2432592531200001,0.004816120422433551
1706,plts_tim569,1,569,solar,0.6858118875839538,0.0,0.6858118875839538,0.1678077357310866
1707,batt_tim569,1,569,battery,0.390835600137546,0.0,0.390835600137546,0.08040705305434043
1708,pltd_tim570,1,570,diesel,0.003941883733402113,0.081,-0.07705811626659789,0.001526008792055882
1709,plts_tim570,1,570,solar,0.2197555858481254,0.0,0.2197555858481254,0.053172833639006455
1710,batt_tim570,1,570,battery,0.12384176513321433,0.0,0.12384176513321433,0.025478119167046686
1711,pltd_tim571,1,571,diesel,0.0037321799468136812,0.0767,-0.07296782005318632,0.0014447628945164835
1712,plts_tim571,1,571,solar,0.22117245707528255,0.0,0.22117245707528255,0.050342411705768635
1713,batt_tim571,1,571,battery,0.11725060481063823,0.0,0.11725060481063823,0.024122105745368407
1714,pltd_tim572,1,572,diesel,0.04502800000545466,0.2144,-0.16937199999454533,0.0326404894187267
1715,plts_tim572,1,572,solar,0.49564810412154625,0.0,0.49564810412154625,0.10722339746795939
1716,batt_tim572,1,572,battery,0.19696597581135417,0.0,0.19696597581135417,0.040476423354911716
1717,pltd_tim573,1,573,diesel,0.0023684052267788965,0.0487,-0.0463315947732211,0.0009168395488857744
1718,plts_tim573,1,573,solar,0.13801100792488985,0.0,0.13801100792488985,0.03194404309404888
1719,batt_tim573,1,573,battery,0.07440030710990467,0.0,0.07440030710990467,0.015306458740801677
1720,pltd_tim574,1,574,diesel,0.01335099999945501,0.0699,-0.056549000000545,0.009673841687576765
1721,plts_tim574,1,574,solar,0.16356355676156586,0.0,0.16356355676156586,0.03610856764279107
1722,batt_tim574,1,574,battery,0.0686778918214406,0.0,0.0686778918214406,0.01411584333095419
1723,pltd_tim575,1,575,diesel,0.007762999998943616,0.037,-0.029237000001056383,0.00562743485879823
1724,plts_tim575,1,575,solar,0.08507827614261818,0.0,0.08507827614261818,0.018487025505330698
1725,batt_tim575,1,575,battery,0.033957772370929715,0.0,0.033957772370929715,0.006978299996223927
1726,pltd_tim576,1,576,diesel,0.009758111573381694,0.2006,-0.1908418884266183,0.0037776247152635466
1727,plts_tim576,1,576,solar,0.5673816411564885,0.0,0.5673816411564885,0.13161811410582905
1728,batt_tim576,1,576,battery,0.306557867645656,0.0,0.306557867645656,0.06306850864960986
1729,pltd_tim577,1,577,diesel,0.005276303786952713,0.1084,-0.10312369621304729,0.002042554897841591
1730,plts_tim577,1,577,solar,0.31775516967832684,0.0,0.31775516967832684,0.07116638948045613
1731,batt_tim577,1,577,battery,0.16574675764347466,0.0,0.16574675764347466,0.03409925391795879
1732,pltd_tim578,1,578,diesel,0.006280308587577465,0.1291,-0.12281969141242252,0.002431300402371468
1733,plts_tim578,1,578,solar,0.3809183383382568,0.0,0.3809183383382568,0.08471225446832986
1734,batt_tim578,1,578,battery,0.19729456123034672,0.0,0.19729456123034672,0.040589634777141254
1735,pltd_tim579,1,579,diesel,0.00644501610670456,0.1325,-0.12605498389329545,0.002495025691243264
1736,plts_tim579,1,579,solar,0.35715890095933067,0.0,0.35715890095933067,0.08693688400504551
1737,batt_tim579,1,579,battery,0.202487758225902,0.0,0.202487758225902,0.041658059524387905
1738,pltd_tim580,1,580,diesel,0.00578574485336846,0.1189,-0.11311425514663155,0.0022398402096400665
1739,plts_tim580,1,580,solar,0.31361115341413326,0.0,0.31361115341413326,0.07804028765828627
1740,batt_tim580,1,580,battery,0.18175381689459308,0.0,0.18175381689459308,0.03739241937643253
1741,pltd_tim581,1,581,diesel,0.005666064320044259,0.1165,-0.11083393567995575,0.0021934217536459
1742,plts_tim581,1,581,solar,0.3142658956205318,0.0,0.3142658956205318,0.0764233393434466
1743,batt_tim581,1,581,battery,0.17799973016517645,0.0,0.17799973016517645,0.03662008063923358
1744,pltd_tim582,1,582,diesel,0.00271308234674524,0.0558,-0.05308691765325476,0.001050323646456102
1745,plts_tim582,1,582,solar,0.14640620512598934,0.0,0.14640620512598934,0.036594272768808014
1746,batt_tim582,1,582,battery,0.08523368987446642,0.0,0.08523368987446642,0.017535228163324937
1747,pltd_tim583,1,583,diesel,0.005276303786707304,0.1084,-0.10312369621329269,0.002042554897642356
1748,plts_tim583,1,583,solar,0.28658743267952086,0.0,0.28658743267952086,0.07116670240412647
1749,batt_tim583,1,583,battery,0.16575512497027386,0.0,0.16575512497027386,0.03410097825666875
1750,pltd_tim584,1,584,diesel,0.009008304213352263,0.1852,-0.17619169578664773,0.003487347942438645
1751,plts_tim584,1,584,solar,0.499667713677718,0.0,0.499667713677718,0.12150936205676062
1752,batt_tim584,1,584,battery,0.2830108622871708,0.0,0.2830108622871708,0.058224153558134505
1753,pltd_tim585,1,585,diesel,0.011661579626654229,0.2397,-0.22803842037334576,0.004514472860825934
1754,plts_tim585,1,585,solar,0.6143200615959892,0.0,0.6143200615959892,0.15729387722424873
1755,batt_tim585,1,585,battery,0.3663361853107059,0.0,0.3663361853107059,0.07536675720842693
1756,pltd_tim586,1,586,diesel,0.010387269119995152,0.2135,-0.20311273088000484,0.0040212272576280565
1757,plts_tim586,1,586,solar,0.5508463116149896,0.0,0.5508463116149896,0.14010934326059155
1758,batt_tim586,1,586,battery,0.32632587657271983,0.0,0.32632587657271983,0.06713540938690231
1759,pltd_tim587,1,587,diesel,0.00879861066668146,0.1808,-0.17200138933331852,0.00340612412003481
1760,plts_tim587,1,587,solar,0.47988266842465893,0.0,0.47988266842465893,0.11867807001837928
1761,batt_tim587,1,587,battery,0.2764018640974602,0.0,0.2764018640974602,0.05686447003359941
1762,pltd_tim588,1,588,diesel,0.006460432000034773,0.1328,-0.12633956799996524,0.00250099836004117
1763,plts_tim588,1,588,solar,0.35516241100007445,0.0,0.35516241100007445,0.08713860758155038
1764,batt_tim588,1,588,battery,0.20295095025943535,0.0,0.20295095025943535,0.04175333046985878
1765,pltd_tim589,1,589,diesel,0.005186280533368109,0.1066,-0.10141371946663189,0.0020076504560383704
1766,plts_tim589,1,589,solar,0.2746486776786476,0.0,0.2746486776786476,0.06995346599982497
1767,batt_tim589,1,589,battery,0.16292139950172096,0.0,0.16292139950172096,0.03351799355371027
1768,pltd_tim590,1,590,diesel,0.008408927040007088,0.1728,-0.16439107295999292,0.0032553143392281872
1769,plts_tim590,1,590,solar,0.43886173641682924,0.0,0.43886173641682924,0.11342202820233006
1770,batt_tim590,1,590,battery,0.26417392072728463,0.0,0.26417392072728463,0.054348807244675154
1771,pltd_tim591,1,591,diesel,0.005606134293377414,0.1152,-0.10959386570662258,0.0021702661008456284
1772,plts_tim591,1,591,solar,0.31051516381614036,0.0,0.31051516381614036,0.07561431425712409
1773,batt_tim591,1,591,battery,0.1761073938725975,0.0,0.1761073938725975,0.036230765628858956
1774,pltd_tim592,1,592,diesel,0.005905794666707919,0.1214,-0.11549420533329208,0.002286248440044376
1775,plts_tim592,1,592,solar,0.32678726883914244,0.0,0.32678726883914244,0.07965804566881846
1776,batt_tim592,1,592,battery,0.1855271209802775,0.0,0.1855271209802775,0.0381687006520097
1777,pltd_tim593,1,593,diesel,0.004047030506717796,0.0832,-0.0791529694932822,0.0015667082032445898
1778,plts_tim593,1,593,solar,0.21461530510551702,0.0,0.21461530510551702,0.0545880666010246
1779,batt_tim593,1,593,battery,0.12713999235390466,0.0,0.12713999235390466,0.026156668421488206
1780,pltd_tim594,1,594,diesel,0.0199054196266569,0.4091,-0.3891945803733431,0.007705833060824989
1781,plts_tim594,1,594,solar,1.0705133672564657,0.0,1.0705133672564657,0.26849291924908225
1782,batt_tim594,1,594,battery,0.6253528026506856,0.0,0.6253528026506856,0.12865454850984878
1783,pltd_tim595,1,595,diesel,0.004151890133394875,0.0853,-0.08114810986660513,0.0016072444640520425
1784,plts_tim595,1,595,solar,0.22950711819331096,0.0,0.22950711819331096,0.0560033532265915
1785,batt_tim595,1,595,battery,0.13043591100650143,0.0,0.13043591100650143,0.02683473007661396
1786,pltd_tim596,1,596,diesel,0.005381137706694704,0.1106,-0.10521886229330529,0.002083165459234883
1787,plts_tim596,1,596,solar,0.2792673956816931,0.0,0.2792673956816931,0.07258173256931749
1788,batt_tim596,1,596,battery,0.169044747597708,0.0,0.169044747597708,0.03477776612613208
1789,pltd_tim597,1,597,diesel,0.0032525961600913533,0.0669,-0.06364740383990865,0.001259145596866879
1790,plts_tim597,1,597,solar,0.1838961193694371,0.0,0.1838961193694371,0.0438725711921938
1791,batt_tim597,1,597,battery,0.10218007745134569,0.0,0.10218007745134569,0.021021626764766745
1792,pltd_tim598,1,598,diesel,0.0032976129067509015,0.0678,-0.0645023870932491,0.0012766123552620592
1793,plts_tim598,1,598,solar,0.1842558579548198,0.0,0.1842558579548198,0.04447923575451131
1794,batt_tim598,1,598,battery,0.10359836699420981,0.0,0.10359836699420981,0.021313416115360532
1795,pltd_tim599,1,599,diesel,0.00356741600008321,0.0733,-0.06973258399991679,0.0013810246800637237
1796,plts_tim599,1,599,solar,0.2015759819303278,0.0,0.2015759819303278,0.048118519703192454
1797,batt_tim599,1,599,battery,0.1120752571305872,0.0,0.1120752571305872,0.023057365309864863
1798,pltd_tim600,1,600,diesel,0.002053375146738166,0.0422,-0.040146624853261835,0.0007949803904588805
1799,plts_tim600,1,600,solar,0.1158578777885984,0.0,0.1158578777885984,0.027698263093451275
1800,batt_tim600,1,600,battery,0.0645109434864296,0.0,0.0645109434864296,0.01327191284367688
1801,pltd_tim601,1,601,diesel,0.004946437333391076,0.1017,-0.09675356266660892,0.001914909920053121
1802,plts_tim601,1,601,solar,0.27812191704201217,0.0,0.27812191704201217,0.06671847020135707
1803,batt_tim601,1,601,battery,0.15538682992813843,0.0,0.15538682992813843,0.03196790599198439
1804,pltd_tim602,1,602,diesel,0.003957243200056383,0.0813,-0.07734275679994361,0.0015319335360474736
1805,plts_tim602,1,602,solar,0.21282654607487536,0.0,0.21282654607487536,0.05337498084062523
1806,batt_tim602,1,602,battery,0.12431591021904966,0.0,0.12431591021904966,0.02557565324233677
1807,pltd_tim603,1,603,diesel,0.003777053120065327,0.0776,-0.07382294687993468,0.0014622005776524186
1808,plts_tim603,1,603,solar,0.20684343502953237,0.0,0.20684343502953237,0.05094897099944605
1809,batt_tim603,1,603,battery,0.11866645390045254,0.0,0.11866645390045254,0.024413386242599668
1810,pltd_tim604,1,604,diesel,0.0018736517333827576,0.0385,-0.036626348266617245,0.0007253384320456623
1811,plts_tim604,1,604,solar,0.10189560959065849,0.0,0.10189560959065849,0.02527224938153696
1812,batt_tim604,1,604,battery,0.05886007344557762,0.0,0.05886007344557762,0.01210935450405924
1813,pltd_tim605,1,605,diesel,0.0078093858133463,0.1605,-0.1526906141866537,0.0030230815104294803
1814,plts_tim605,1,605,solar,0.40845201846733054,0.0,0.40845201846733054,0.10533461435317819
1815,batt_tim605,1,605,battery,0.24532791471623552,0.0,0.24532791471623552,0.05047157515471791
1816,pltd_tim606,1,606,diesel,0.004286940373380752,0.0881,-0.08381305962661925,0.0016595327392433335
1817,plts_tim606,1,606,solar,0.22768043123557924,0.0,0.22768043123557924,0.05782296722190223
1818,batt_tim606,1,606,battery,0.1346776321885361,0.0,0.1346776321885361,0.027707388702609
1819,pltd_tim607,1,607,diesel,0.007239722346682334,0.1488,-0.14156027765331766,0.0028025888464302696
1820,plts_tim607,1,607,solar,0.3776405462718665,0.0,0.3776405462718665,0.09765195758814757
1821,batt_tim607,1,607,battery,0.22743658101589326,0.0,0.22743658101589326,0.04679077976975145
1822,pltd_tim608,1,608,diesel,0.00218834848005785,0.045,-0.04281165151994215,0.0008471625904494007
1823,plts_tim608,1,608,solar,0.11968142588504968,0.0,0.11968142588504968,0.02951794520122737
1824,batt_tim608,1,608,battery,0.06874756048632147,0.0,0.06874756048632147,0.014143513675015566
1825,pltd_tim609,1,609,diesel,0.0024132886400766644,0.0496,-0.04718671135992333,0.0009342153072580607
1826,plts_tim609,1,609,solar,0.13382601879570516,0.0,0.13382601879570516,0.032550492814393164
1827,batt_tim609,1,609,battery,0.07580910845764645,0.0,0.07580910845764645,0.015596292764145776
1828,pltd_tim610,1,610,diesel,0.004062102826730342,0.0835,-0.07943789717326966,0.0015724767968530084
1829,plts_tim610,1,610,solar,0.22487786872153112,0.0,0.22487786872153112,0.054790448972349845
1830,batt_tim610,1,610,battery,0.12761481045830497,0.0,0.12761481045830497,0.026254329342841543
1831,pltd_tim611,1,611,diesel,0.004316813120061739,0.0887,-0.08438318687993826,0.0016710903776530435
1832,plts_tim611,1,611,solar,0.24029957458192402,0.0,0.24029957458192402,0.05822754342968895
1833,batt_tim611,1,611,battery,0.13562129125118322,0.0,0.13562129125118322,0.02790151432383775
1834,pltd_tim612,1,612,diesel,0.005201214293385219,0.1069,-0.10169878570661478,0.0020134955008498726
1835,plts_tim612,1,612,solar,0.290621838833281,0.0,0.290621838833281,0.07015599587297826
1836,batt_tim612,1,612,battery,0.1634033436549001,0.0,0.1634033436549001,0.03361715855999564
1837,pltd_tim613,1,613,diesel,0.004871460693387346,0.1001,-0.09522853930661265,0.0018858623728501241
1838,plts_tim613,1,613,solar,0.2711706633178719,0.0,0.2711706633178719,0.06570795985581152
1839,batt_tim613,1,613,battery,0.15304385077586605,0.0,0.15304385077586605,0.03148588839548439
1840,pltd_tim614,1,614,diesel,0.003537266346742567,0.0727,-0.06916273365325744,0.00136941696645816
1841,plts_tim614,1,614,solar,0.1966059493364702,0.0,0.1966059493364702,0.04771398573197731
1842,batt_tim614,1,614,battery,0.11113010699796214,0.0,0.11113010699796214,0.022862926484133978
1843,pltd_tim615,1,615,diesel,0.004331946880057114,0.089,-0.08466805311994288,0.0016770054224498612
1844,plts_tim615,1,615,solar,0.23843797623602458,0.0,0.23843797623602458,0.05842917940802486
1845,batt_tim615,1,615,battery,0.13608101793185898,0.0,0.13608101793185898,0.027996100753391758
1846,pltd_tim616,1,616,diesel,0.007554372906697362,0.1553,-0.14774562709330263,0.0029245271552403008
1847,plts_tim616,1,616,solar,0.4180223721015555,0.0,0.4180223721015555,0.10189759710631259
1848,batt_tim616,1,616,battery,0.237324059994265,0.0,0.237324059994265,0.04882494912881222
1849,pltd_tim617,1,617,diesel,0.007434446186694272,0.1528,-0.1453655538133057,0.0028780478496378396
1850,plts_tim617,1,617,solar,0.406891006157436,0.0,0.406891006157436,0.1002802295229248
1851,batt_tim617,1,617,battery,0.23355726495848447,0.0,0.23355726495848447,0.048050003313438956
1852,pltd_tim618,1,618,diesel,0.006520172266698511,0.134,-0.1274798277333015,0.0025241620880392707
1853,plts_tim618,1,618,solar,0.3557094571172522,0.0,0.3557094571172522,0.08794759625156752
1854,batt_tim618,1,618,battery,0.20484287433210663,0.0,0.20484287433210663,0.042142566454755115
1855,pltd_tim619,1,619,diesel,0.007809385813362481,0.1605,-0.1526906141866375,0.0030230815104398336
1856,plts_tim619,1,619,solar,0.43212228750206605,0.0,0.43212228750206605,0.10533466834688791
1857,batt_tim619,1,619,battery,0.24532935846573714,0.0,0.24532935846573714,0.05047187268261321
1858,pltd_tim620,1,620,diesel,0.008349043200024397,0.1716,-0.16325095679997562,0.003232107536038911
1859,plts_tim620,1,620,solar,0.4619798355622334,0.0,0.4619798355622334,0.11261278175229117
1860,batt_tim620,1,620,battery,0.2622801575313207,0.0,0.2622801575313207,0.05395918632844871
1861,pltd_tim621,1,621,diesel,0.005410974506711351,0.1112,-0.10578902549328864,0.002094698323245467
1862,plts_tim621,1,621,solar,0.2986773450830228,0.0,0.2986773450830228,0.07298605318549059
1863,batt_tim621,1,621,battery,0.16998344408700597,0.0,0.16998344408700597,0.03497088683464436
1864,pltd_tim622,1,622,diesel,0.006070604800034455,0.1248,-0.11872939519996555,0.0023500405040402274
1865,plts_tim622,1,622,solar,0.33078404261417754,0.0,0.33078404261417754,0.08188186903236326
1866,batt_tim622,1,622,battery,0.1907038152713769,0.0,0.1907038152713769,0.039233706747519956
1867,pltd_tim623,1,623,diesel,0.0046617569067208195,0.0958,-0.09113824309327917,0.001804651475249349
1868,plts_tim623,1,623,solar,0.25794559232376757,0.0,0.25794559232376757,0.06287708361145913
1869,batt_tim623,1,623,battery,0.14644353732241172,0.0,0.14644353732241172,0.030127988696596702
1870,pltd_tim624,1,624,diesel,0.004811387093385555,0.0989,-0.09408861290661445,0.0018626216448486069
1871,plts_tim624,1,624,solar,0.2662404321799098,0.0,0.2662404321799098,0.0648991466314425
1872,batt_tim624,1,624,battery,0.1511528744917755,0.0,0.1511528744917755,0.03109684773085919
1873,pltd_tim625,1,625,diesel,0.002937878933422238,0.0604,-0.05746212106657776,0.00113727728806184
1874,plts_tim625,1,625,solar,0.1616769873879946,0.0,0.1616769873879946,0.03962691750708197
1875,batt_tim625,1,625,battery,0.0922925940090882,0.0,0.0922925940090882,0.018987456485787143
1876,pltd_tim626,1,626,diesel,0.003702532906736997,0.0761,-0.072397467093263,0.0014332989552554257
1877,plts_tim626,1,626,solar,0.20481296682086492,0.0,0.20481296682086492,0.04993793009169705
1878,batt_tim626,1,626,battery,0.11631022380586982,0.0,0.11631022380586982,0.02392863196710772
1879,pltd_tim627,1,627,diesel,0.0031478289067528704,0.0647,-0.06155217109324712,0.0012185210352620875
1880,plts_tim627,1,627,solar,0.17502168848716895,0.0,0.17502168848716895,0.042457344918066554
1881,batt_tim627,1,627,battery,0.09888296493153588,0.0,0.09888296493153588,0.02034329537828485
1882,pltd_tim628,1,628,diesel,0.003507250026743351,0.0721,-0.06859274997325665,0.0013576972528584576
1883,plts_tim628,1,628,solar,0.19494976888649243,0.0,0.19494976888649243,0.04730975793417474
1884,batt_tim628,1,628,battery,0.11018827716461435,0.0,0.11018827716461435,0.022669171905677656
1885,pltd_tim629,1,629,diesel,0.00274290890674801,0.0564,-0.053657091093251987,0.0010617854352597542
1886,plts_tim629,1,629,solar,0.15194431418235133,0.0,0.15194431418235133,0.03699861021857434
1887,batt_tim629,1,629,battery,0.08617040321235002,0.0,0.08617040321235002,0.01772793425919513
1888,pltd_tim630,1,630,diesel,0.00816911978669268,0.1679,-0.1597308802133073,0.003162430577639202
1889,plts_tim630,1,630,solar,0.45202764660352746,0.0,0.45202764660352746,0.11018682467027804
1890,batt_tim630,1,630,battery,0.2566300530318168,0.0,0.2566300530318168,0.05279678575159099
1891,pltd_tim631,1,631,diesel,0.004796360960070798,0.0986,-0.09380363903992919,0.0018567879008623118
1892,plts_tim631,1,631,solar,0.2745430540678101,0.0,0.2745430540678101,0.06469683562509326
1893,batt_tim631,1,631,battery,0.15068015180563332,0.0,0.15068015180563332,0.03099960678369798
1894,pltd_tim632,1,632,diesel,0.0046767368533821435,0.0961,-0.09142326314661786,0.0018103963696457553
1895,plts_tim632,1,632,solar,0.2549862297794562,0.0,0.2549862297794562,0.06307949395639306
1896,batt_tim632,1,632,battery,0.14691685732496398,0.0,0.14691685732496398,0.030225364588323127
1897,pltd_tim633,1,633,diesel,0.0031925328000815922,0.0656,-0.062407467199918416,0.0012359059440592351
1898,plts_tim633,1,633,solar,0.1759698597701498,0.0,0.1759698597701498,0.04306395752624137
1899,batt_tim633,1,633,battery,0.10030042678509096,0.0,0.10030042678509096,0.02063492600826575
1900,pltd_tim634,1,634,diesel,0.002368405226771751,0.0487,-0.04633159477322825,0.0009168395488797362
1901,plts_tim634,1,634,solar,0.13719807308953288,0.0,0.13719807308953288,0.031944073474811124
1902,batt_tim634,1,634,battery,0.07440111946736393,0.0,0.07440111946736393,0.015306626151427036
1903,pltd_tim635,1,635,diesel,0.0020084250667294396,0.0413,-0.03929157493327056,0.0007775276320530645
1904,plts_tim635,1,635,solar,0.11163258794732504,0.0,0.11163258794732504,0.027091888286193168
1905,batt_tim635,1,635,battery,0.06309946589264182,0.0,0.06309946589264182,0.012981527299549527
1906,pltd_tim636,1,636,diesel,0.002398344640115939,0.0493,-0.04690165535988406,0.0009283481872878054
1907,plts_tim636,1,636,solar,0.1399219410835933,0.0,0.1399219410835933,0.03234846840603799
1908,batt_tim636,1,636,battery,0.07534105438459399,0.0,0.07534105438459399,0.015499984300769602
1909,pltd_tim637,1,637,diesel,0.0040169168000622766,0.0826,-0.07858308319993773,0.0015551182640517918
1910,plts_tim637,1,637,solar,0.22104304967993652,0.0,0.22104304967993652,0.054183664745141955
1911,batt_tim637,1,637,battery,0.12619706466006986,0.0,0.12619706466006986,0.025962669821541468
1912,pltd_tim638,1,638,diesel,0.0016339316267070308,0.0336,-0.031966068373292966,0.0006325548208420748
1913,plts_tim638,1,638,solar,0.08874414515943649,0.0,0.08874414515943649,0.022037299957306782
1914,batt_tim638,1,638,battery,0.05132711823099356,0.0,0.05132711823099356,0.010559593704637793
1915,pltd_tim639,1,639,diesel,0.0028180188800829816,0.0579,-0.055081981119917016,0.0010908539824578515
1916,plts_tim639,1,639,solar,0.1522304712041652,0.0,0.1522304712041652,0.03800960190484588
1917,batt_tim639,1,639,battery,0.08852906065305574,0.0,0.08852906065305574,0.018213182837376586
1918,pltd_tim640,1,640,diesel,0.001723754880042266,0.0354,-0.03367624511995773,0.0006673822624424327
1919,plts_tim640,1,640,solar,0.09318663891296572,0.0,0.09318663891296572,0.023250264975694237
1920,batt_tim640,1,640,battery,0.05414872051768302,0.0,0.05414872051768302,0.011140080062278927
1921,pltd_tim641,1,641,diesel,0.0020235845333865404,0.0416,-0.03957641546661346,0.0007833193760465607
1922,plts_tim641,1,641,solar,0.10932679135939145,0.0,0.10932679135939145,0.0272941491669855
1923,batt_tim641,1,641,battery,0.06357084826111879,0.0,0.06357084826111879,0.013078492034046187
1924,pltd_tim642,1,642,diesel,0.007374572586692253,0.1516,-0.14422542741330777,0.0028547721216366224
1925,plts_tim642,1,642,solar,0.4011511859936051,0.0,0.4011511859936051,0.09947133683466278
1926,batt_tim642,1,642,battery,0.23166809453663853,0.0,0.23166809453663853,0.04766133480090514
1927,pltd_tim643,1,643,diesel,0.00352259925340116,0.0724,-0.06887740074659884,0.0013636699216525328
1928,plts_tim643,1,643,solar,0.1910985417316222,0.0,0.1910985417316222,0.04751155807657395
1929,batt_tim643,1,643,battery,0.11065314216071066,0.0,0.11065314216071066,0.022764787615273983
1930,pltd_tim644,1,644,diesel,0.007719326613359426,0.1587,-0.1509806733866406,0.0029882922944376106
1931,plts_tim644,1,644,solar,0.42309601731651436,0.0,0.42309601731651436,0.1041218874891511
1932,batt_tim644,1,644,battery,0.2425128676640271,0.0,0.2425128676640271,0.04989245747419711
1933,pltd_tim645,1,645,diesel,0.002922909226754984,0.0601,-0.057177090773245016,0.0011315054688612843
1934,plts_tim645,1,645,solar,0.1603351071451275,0.0,0.1603351071451275,0.03942481400682203
1935,batt_tim645,1,645,battery,0.09182598139516557,0.0,0.09182598139516557,0.01889146877751008
1936,pltd_tim646,1,646,diesel,0.006070604800033017,0.1248,-0.11872939519996697,0.0023500405040392668
1937,plts_tim646,1,646,solar,0.3291888517414072,0.0,0.3291888517414072,0.08188209982693863
1938,batt_tim646,1,646,battery,0.19070998653627041,0.0,0.19070998653627041,0.03923497852178936
1939,pltd_tim647,1,647,diesel,0.003492193173402615,0.0718,-0.06830780682659739,0.0013518882832532935
1940,plts_tim647,1,647,solar,0.18993460735351642,0.0,0.18993460735351642,0.047107508912556245
1941,batt_tim647,1,647,battery,0.1097153401559789,0.0,0.1097153401559789,0.022571869016538768
1942,pltd_tim648,1,648,diesel,0.002503434986739439,0.0514,-0.04889656501326056,0.0009690976736563661
1943,plts_tim648,1,648,solar,0.13851078069576975,0.0,0.13851078069576975,0.033763615910271674
1944,batt_tim648,1,648,battery,0.07863680935650968,0.0,0.07863680935650968,0.016178029998983587
1945,pltd_tim649,1,649,diesel,0.003462566613404732,0.0712,-0.06773743338659527,0.00134055249445442
1946,plts_tim649,1,649,solar,0.18912962955013427,0.0,0.18912962955013427,0.04670288106907047
1947,batt_tim649,1,649,battery,0.10877404388534805,0.0,0.10877404388534805,0.02237821846988702
1948,pltd_tim650,1,650,diesel,0.0025781552000763257,0.053,-0.050421844799923676,0.000997992296056056
1949,plts_tim650,1,650,solar,0.14048766703877047,0.0,0.14048766703877047,0.03477461855277866
1950,batt_tim650,1,650,battery,0.08099033169845916,0.0,0.08099033169845916,0.016662226260813037
1951,pltd_tim651,1,651,diesel,0.0041370230400590334,0.085,-0.08086297695994098,0.0016014904192501959
1952,plts_tim651,1,651,solar,0.22688830750278696,0.0,0.22688830750278696,0.05580098569600308
1953,batt_tim651,1,651,battery,0.12995980516156846,0.0,0.12995980516156846,0.02673676822889041
1954,pltd_tim652,1,652,diesel,0.004122053333390915,0.0847,-0.08057794666660908,0.0015957256000491808
1955,plts_tim652,1,652,solar,0.22492381943731315,0.0,0.22492381943731315,0.05559899989449437
1956,batt_tim652,1,652,battery,0.1294955910214956,0.0,0.1294955910214956,0.026641274798104363
1957,pltd_tim653,1,653,diesel,0.004841377706713997,0.0995,-0.094658622293286,0.0018742126592453307
1958,plts_tim653,1,653,solar,0.26442004081198267,0.0,0.26442004081198267,0.06530355950914239
1959,batt_tim653,1,653,battery,0.15209853016864963,0.0,0.15209853016864963,0.031291414438349825
1960,pltd_tim654,1,654,diesel,0.004721440746717206,0.097,-0.0922785592532828,0.0018277602784470691
1961,plts_tim654,1,654,solar,0.25916408979442157,0.0,0.25916408979442157,0.06368584653472485
1962,batt_tim654,1,654,battery,0.14832474574300505,0.0,0.14832474574300505,0.03051502232471284
1963,pltd_tim655,1,655,diesel,0.0028780515200867965,0.0591,-0.0562219484799132,0.0011141814096597479
1964,plts_tim655,1,655,solar,0.15631685394790365,0.0,0.15631685394790365,0.03881815900795288
1965,batt_tim655,1,655,battery,0.0904118782352561,0.0,0.0904118782352561,0.018600518457516264
1966,pltd_tim656,1,656,diesel,0.0015737913600398369,0.0323,-0.030726208639960166,0.0006093350928422692
1967,plts_tim656,1,656,solar,0.08590640363373858,0.0,0.08590640363373858,0.021228550288726826
1968,batt_tim656,1,656,battery,0.049441959217166126,0.0,0.049441959217166126,0.010171751863068075
1969,pltd_tim657,1,657,diesel,0.002982905920089236,0.0613,-0.058317094079910765,0.0011547521216625828
1970,plts_tim657,1,657,solar,0.16505234285298584,0.0,0.16505234285298584,0.040233350383671276
1971,batt_tim657,1,657,battery,0.09370506280741883,0.0,0.09370506280741883,0.01927805222214696
1972,pltd_tim658,1,658,diesel,0.0018434918400538132,0.0379,-0.03605650815994619,0.0007136456432487062
1973,plts_tim658,1,658,solar,0.10169529600819137,0.0,0.10169529600819137,0.02486805959189691
1974,batt_tim658,1,658,battery,0.05792113166538704,0.0,0.05792113166538704,0.011916189170797082
1975,pltd_tim659,1,659,diesel,0.0023532355200777968,0.0484,-0.0460467644799222,0.0009109907296591995
1976,plts_tim659,1,659,solar,0.13126297348361154,0.0,0.13126297348361154,0.03174200239664895
1977,batt_tim659,1,659,battery,0.0739306944322441,0.0,0.0739306944322441,0.015209852779390673
1978,pltd_tim660,1,660,diesel,0.003897113173399789,0.0801,-0.07620288682660022,0.001508658883254004
1979,plts_tim660,1,660,solar,0.21564649996150764,0.0,0.21564649996150764,0.05256618525935758
1980,batt_tim660,1,660,battery,0.12242896201290157,0.0,0.12242896201290157,0.025187448608812852
1981,pltd_tim661,1,661,diesel,0.002908042133416195,0.0598,-0.056891957866583805,0.0011257584240588784
1982,plts_tim661,1,661,solar,0.15902885087883875,0.0,0.15902885087883875,0.039222446303036056
1983,batt_tim661,1,661,battery,0.09134930939561546,0.0,0.09134930939561546,0.0187933902566429
1984,pltd_tim662,1,662,diesel,0.004511670293384447,0.0927,-0.08818832970661555,0.0017465913808466264
1985,plts_tim662,1,662,solar,0.2459581611055619,0.0,0.2459581611055619,0.0608556613218757
1986,batt_tim662,1,662,battery,0.14173935361184203,0.0,0.14173935361184203,0.02916019761192299
1987,pltd_tim663,1,663,diesel,0.0027731354667525306,0.057,-0.054226864533247474,0.0010735272240602156
1988,plts_tim663,1,663,solar,0.15200292371714397,0.0,0.15200292371714397,0.037402991210268015
1989,batt_tim663,1,663,battery,0.0871152062826666,0.0,0.0871152062826666,0.01792230748712631
1990,pltd_tim664,1,664,diesel,0.00263789546673994,0.0542,-0.05156210453326006,0.0010211560240550295
1991,plts_tim664,1,664,solar,0.1438515908489073,0.0,0.1438515908489073,0.03558335730625645
1992,batt_tim664,1,664,battery,0.08287557320000016,0.0,0.08287557320000016,0.017050085101450584
1993,pltd_tim665,1,665,diesel,0.004796360960045896,0.0986,-0.0938036390399541,0.0018567879008442097
1994,plts_tim665,1,665,solar,0.2602854930356199,0.0,0.2602854930356199,0.064697108319373
1995,batt_tim665,1,665,battery,0.15068744343510868,0.0,0.15068744343510868,0.031001109442701923
1996,pltd_tim666,1,666,diesel,0.005231240853372102,0.1075,-0.10226875914662789,0.0020250762896410358
1997,plts_tim666,1,666,solar,0.28195932697768566,0.0,0.28195932697768566,0.0705600335950466
1998,batt_tim666,1,666,battery,0.16433616034872736,0.0,0.16433616034872736,0.03380906163546068
1999,pltd_tim667,1,667,diesel,0.00301285557341629,0.0619,-0.05888714442658371,0.0011663178352586097
2000,plts_tim667,1,667,solar,0.16410534301631763,0.0,0.16410534301631763,0.04063788073820516
2001,batt_tim667,1,667,battery,0.09464955470914087,0.0,0.09464955470914087,0.019472355399654345
2002,pltd_tim668,1,668,diesel,0.006640232320033895,0.1365,-0.12985976767996613,0.0025705573936409703
2003,plts_tim668,1,668,solar,0.36547901441568165,0.0,0.36547901441568165,0.08956457967366509
2004,batt_tim668,1,668,battery,0.20859602805732524,0.0,0.20859602805732524,0.04291470106884785
2005,pltd_tim669,1,669,diesel,0.0032677761067474247,0.0672,-0.06393222389325257,0.001265065491259397
2006,plts_tim669,1,669,solar,0.1808108134302324,0.0,0.1808108134302324,0.04407465534924171
2007,batt_tim669,1,669,battery,0.10265160090271143,0.0,0.10265160090271143,0.02111863242322485
2008,pltd_tim670,1,670,diesel,0.004406733760056186,0.0906,-0.08619326623994382,0.0017060330448495338
2009,plts_tim670,1,670,solar,0.24264127477605407,0.0,0.24264127477605407,0.059440421326252255
2010,batt_tim670,1,670,battery,0.13844393310952702,0.0,0.13844393310952702,0.028482232690805576
2011,pltd_tim671,1,671,diesel,0.00473655402671562,0.0974,-0.09266344597328438,0.0018335471728460615
2012,plts_tim671,1,671,solar,0.25896817905862674,0.0,0.25896817905862674,0.06388826728895068
2013,batt_tim671,1,671,battery,0.1488002158266761,0.0,0.1488002158266761,0.030612841305155902
2014,pltd_tim672,1,672,diesel,0.006490258560034914,0.1334,-0.12690974143996508,0.0025125021488413436
2015,plts_tim672,1,672,solar,0.35721299498378756,0.0,0.35721299498378756,0.08754288533058284
2016,batt_tim672,1,672,battery,0.203888500514912,0.0,0.203888500514912,0.041946209037707384
2017,pltd_tim673,1,673,diesel,0.004241903146721933,0.0872,-0.08295809685327807,0.0016421128304481814
2018,plts_tim673,1,673,solar,0.23125001308833076,0.0,0.23125001308833076,0.057216456278819876
2019,batt_tim673,1,673,battery,0.13326345030286674,0.0,0.13326345030286674,0.027416434008409346
2020,pltd_tim674,1,674,diesel,0.003552625813398115,0.073,-0.06944737418660188,0.001375285710450684
2021,plts_tim674,1,674,solar,0.19112691866164278,0.0,0.19112691866164278,0.04791604911624316
2022,batt_tim674,1,674,battery,0.1115978930353705,0.0,0.1115978930353705,0.022959150086724167
2023,pltd_tim675,1,675,diesel,0.0020084250667128816,0.0413,-0.039291574933287124,0.0007775276320435724
2024,plts_tim675,1,675,solar,0.10807550801762987,0.0,0.10807550801762987,0.027091795776556248
2025,batt_tim675,1,675,battery,0.06309699225765186,0.0,0.06309699225765186,0.012981017532851876
2026,pltd_tim676,1,676,diesel,0.008273887040027388,0.1701,-0.16182611295997262,0.0032029851392408565
2027,plts_tim676,1,676,solar,0.4606992998465519,0.0,0.4606992998465519,0.11160238843426233
2028,batt_tim676,1,676,battery,0.2599326334490375,0.0,0.2599326334490375,0.053476243962371675
2029,pltd_tim677,1,677,diesel,0.009578034346679946,0.1969,-0.18732196565332004,0.0037078966064372832
2030,plts_tim677,1,677,solar,0.5299923061224685,0.0,0.5299923061224685,0.12919155012646297
2031,batt_tim677,1,677,battery,0.3008928454102191,0.0,0.3008928454102191,0.06190302197613255
2032,pltd_tim678,1,678,diesel,0.0040767237333884845,0.0838,-0.07972327626661152,0.0015782119920473184
2033,plts_tim678,1,678,solar,0.22004346971342392,0.0,0.22004346971342392,0.05499262540246228
2034,batt_tim678,1,678,battery,0.12808487055462614,0.0,0.12808487055462614,0.026351057132292258
2035,pltd_tim679,1,679,diesel,0.0042117073067184044,0.0866,-0.08238829269328159,0.0016305072672456419
2036,plts_tim679,1,679,solar,0.22634237602941995,0.0,0.22634237602941995,0.056812130852966165
2037,batt_tim679,1,679,battery,0.1323208817171422,0.0,0.1323208817171422,0.02722253903746374
2038,pltd_tim680,1,680,diesel,0.0028780515200848454,0.0591,-0.05622194847991516,0.0011141814096585047
2039,plts_tim680,1,680,solar,0.15533428980658476,0.0,0.15533428980658476,0.03881815773948597
2040,batt_tim680,1,680,battery,0.09041184431741697,0.0,0.09041184431741697,0.01860051146772819
2041,pltd_tim681,1,681,diesel,0.0046314636800454095,0.0952,-0.0905685363199546,0.001792902686443301
2042,plts_tim681,1,681,solar,0.24899882921714123,0.0,0.24899882921714123,0.06247285038936476
2043,batt_tim681,1,681,battery,0.1454996907028122,0.0,0.1454996907028122,0.02993381257403059
2044,pltd_tim682,1,682,diesel,0.007089902400033265,0.1457,-0.13861009759996673,0.0027446267520412635
2045,plts_tim682,1,682,solar,0.392310465679641,0.0,0.392310465679641,0.09563006232328372
2046,batt_tim682,1,682,battery,0.22272667577546695,0.0,0.22272667577546695,0.045821809592202306
2047,pltd_tim683,1,683,diesel,0.0043019665067261246,0.0884,-0.08409803349327388,0.001665366483251346
2048,plts_tim683,1,683,solar,0.23804045811240487,0.0,0.23804045811240487,0.05802499679166513
2049,batt_tim683,1,683,battery,0.1351428294829209,0.0,0.1351428294829209,0.027803078817034425
2050,pltd_tim684,1,684,diesel,0.0035372663467408737,0.0727,-0.06916273365325913,0.001369416966456908
2051,plts_tim684,1,684,solar,0.1957841896030732,0.0,0.1957841896030732,0.04771380158888494
2052,batt_tim684,1,684,battery,0.11112518315686953,0.0,0.11112518315686953,0.02286191177896174
2053,pltd_tim685,1,685,diesel,0.00458665717338353,0.0943,-0.08971334282661647,0.0017755630032462854
2054,plts_tim685,1,685,solar,0.25016057022299487,0.0,0.25016057022299487,0.06186629162778928
2055,batt_tim685,1,685,battery,0.14408685063100607,0.0,0.14408685063100607,0.029643152175232283
2056,pltd_tim686,1,686,diesel,0.002697902400077756,0.0555,-0.05280209759992224,0.0010444667520558225
2057,plts_tim686,1,686,solar,0.14561672993071187,0.0,0.14561672993071187,0.03639213587480351
2058,batt_tim686,1,686,battery,0.08476187932513858,0.0,0.08476187932513858,0.017438163339719447
2059,pltd_tim687,1,687,diesel,0.002787679466750273,0.0573,-0.054512320533249725,0.0010792473440609399
2060,plts_tim687,1,687,solar,0.15487086352104876,0.0,0.15487086352104876,0.03760499136490799
2061,batt_tim687,1,687,battery,0.08758205030789211,0.0,0.08758205030789211,0.018018366583844356
2062,pltd_tim688,1,688,diesel,0.0015439545600401338,0.0317,-0.030156045439959867,0.0005976272288428101
2063,plts_tim688,1,688,solar,0.08464173989648634,0.0,0.08464173989648634,0.020824321694880146
2064,batt_tim688,1,688,battery,0.04850123114510911,0.0,0.04850123114510911,0.009978212485978421
2065,pltd_tim689,1,689,diesel,0.0028480454400893473,0.0585,-0.055651954559910656,0.001102546771264175
2066,plts_tim689,1,689,solar,0.1593265815765658,0.0,0.1593265815765658,0.038413823098080765
2067,batt_tim689,1,689,battery,0.08946865496638466,0.0,0.08946865496638466,0.018406482644666284
2068,pltd_tim690,1,690,diesel,0.0021287108267360765,0.0437,-0.04157128917326393,0.0008239816368564459
2069,plts_tim690,1,690,solar,0.11895523676820176,0.0,0.11895523676820176,0.028709228835788855
2070,batt_tim690,1,690,battery,0.06686647393856295,0.0,0.06686647393856295,0.013756493312852811
2071,pltd_tim691,1,691,diesel,0.0026979024000901657,0.0555,-0.052802097599909836,0.0010444667520642735
2072,plts_tim691,1,691,solar,0.15075485289376642,0.0,0.15075485289376642,0.03639215610552907
2073,batt_tim691,1,691,battery,0.08476242027901654,0.0,0.08476242027901654,0.017438274819493487
2074,pltd_tim692,1,692,diesel,0.005680741653376499,0.1168,-0.1111192583466235,0.002199148873645122
2075,plts_tim692,1,692,solar,0.31434625594090365,0.0,0.31434625594090365,0.07662534987429213
2076,batt_tim692,1,692,battery,0.17846385685024613,0.0,0.17846385685024613,0.03671557974649282
2077,pltd_tim693,1,693,diesel,0.003087709120085446,0.0635,-0.06041229087991455,0.0011953454576609588
2078,plts_tim693,1,693,solar,0.17056003940268968,0.0,0.17056003940268968,0.04164855900575755
2079,batt_tim693,1,693,battery,0.09700058027852511,0.0,0.09700058027852511,0.01995603712659261
2080,pltd_tim694,1,694,diesel,0.0025180918400732766,0.0518,-0.049281908159926724,0.0009747456432565691
2081,plts_tim694,1,694,solar,0.13934127434868093,0.0,0.13934127434868093,0.033966064401389946
2082,batt_tim694,1,694,battery,0.07910871608982056,0.0,0.07910871608982056,0.01627512056898429
2083,pltd_tim695,1,695,diesel,0.003012855573426709,0.0619,-0.058887144426573286,0.0011663178352658483
2084,plts_tim695,1,695,solar,0.1686792322567624,0.0,0.1686792322567624,0.04063791199244234
2085,batt_tim695,1,695,battery,0.09465039042299228,0.0,0.09465039042299228,0.019472527623563964
2086,pltd_tim696,1,696,diesel,0.006640232320033738,0.1365,-0.12985976767996626,0.0025705573936408237
2087,plts_tim696,1,696,solar,0.365225744793735,0.0,0.365225744793735,0.0895651418069796
2088,batt_tim696,1,696,battery,0.20861105905880234,0.0,0.20861105905880234,0.04291779865763229
2089,pltd_tim697,1,697,diesel,0.0047365540267273725,0.0974,-0.09266344597327263,0.0018335471728544682
2090,plts_tim697,1,697,solar,0.2665876637114504,0.0,0.2665876637114504,0.06388804453339808
2091,batt_tim697,1,697,battery,0.14879425951911474,0.0,0.14879425951911474,0.03061161382929274
2092,pltd_tim698,1,698,diesel,0.00478151434672147,0.0983,-0.09351848565327853,0.0018510640064503252
2093,plts_tim698,1,698,solar,0.2659942916516578,0.0,0.2659942916516578,0.0644947464416403
2094,batt_tim698,1,698,battery,0.15021392201152775,0.0,0.15021392201152775,0.030903692042129564
2095,pltd_tim699,1,699,diesel,0.002008425066728393,0.0413,-0.03929157493327161,0.000777527632052322
2096,plts_tim699,1,699,solar,0.11134313116185582,0.0,0.11134313116185582,0.027091845346062973
2097,batt_tim699,1,699,battery,0.06309831770740652,0.0,0.06309831770740652,0.012981290681536325
2098,pltd_tim700,1,700,diesel,0.007464395840026117,0.1534,-0.1459356041599739,0.002889599563237101
2099,plts_tim700,1,700,solar,0.4072900518702175,0.0,0.4072900518702175,0.10068494866275775
2100,batt_tim700,1,700,battery,0.23450699200477895,0.0,0.23450699200477895,0.048245385349539406
2101,pltd_tim701,1,701,diesel,0.008213880106685001,0.1688,-0.160586119893315,0.003179751411234358
2102,plts_tim701,1,701,solar,0.44521123958806935,0.0,0.44521123958806935,0.11079314709565871
2103,batt_tim701,1,701,battery,0.25803563778772337,0.0,0.25803563778772337,0.05308596282448889
2104,pltd_tim702,1,702,diesel,0.004122053333387636,0.0847,-0.08057794666661236,0.0015957256000469556
2105,plts_tim702,1,702,solar,0.22240480930919174,0.0,0.22240480930919174,0.05559876039853455
2106,batt_tim702,1,702,battery,0.1294891870883562,0.0,0.1294891870883562,0.02663995507556336
2107,pltd_tim703,1,703,diesel,0.012920351146668379,0.2656,-0.2526796488533316,0.005001753870435506
2108,plts_tim703,1,703,solar,0.7183410315086671,0.0,0.7183410315086671,0.1742771086341968
2109,batt_tim703,1,703,battery,0.4058947470074085,0.0,0.4058947470074085,0.0835051985932814
2110,pltd_tim704,1,704,diesel,0.0017237548800516926,0.0354,-0.03367624511994831,0.0006673822624488594
2111,plts_tim704,1,704,solar,0.09578846851947577,0.0,0.09578846851947577,0.023250419869530328
2112,batt_tim704,1,704,battery,0.05415286225687376,0.0,0.05415286225687376,0.011140933591890455
2113,pltd_tim705,1,705,diesel,0.002982905920087009,0.0613,-0.05831709407991299,0.0011547521216609786
2114,plts_tim705,1,705,solar,0.16394060412230307,0.0,0.16394060412230307,0.04023347185491693
2115,batt_tim705,1,705,battery,0.09370831085267989,0.0,0.09370831085267989,0.019278721579314546
2116,pltd_tim706,1,706,diesel,0.00837900309334542,0.1722,-0.16382099690665458,0.0032436603248311266
2117,plts_tim706,1,706,solar,0.44645788732586156,0.0,0.44645788732586156,0.11301710468798425
2118,batt_tim706,1,706,battery,0.2632174186464123,0.0,0.2632174186464123,0.05415200531024818
2119,pltd_tim707,1,707,diesel,0.004391707626718335,0.0903,-0.08590829237328167,0.0017001643008464264
2120,plts_tim707,1,707,solar,0.23842386681225483,0.0,0.23842386681225483,0.059238030718067006
2121,batt_tim707,1,707,battery,0.13796683583886277,0.0,0.13796683583886277,0.028384090229267564
2122,pltd_tim708,1,708,diesel,0.004796360960052416,0.0986,-0.09380363903994758,0.0018567879008486747
2123,plts_tim708,1,708,solar,0.26541100133467976,0.0,0.26541100133467976,0.06469690444466102
2124,batt_tim708,1,708,battery,0.15068199198622736,0.0,0.15068199198622736,0.030999986008115835
2125,pltd_tim709,1,709,diesel,0.00818405354669262,0.1682,-0.16001594645330736,0.0031682616224391804
2126,plts_tim709,1,709,solar,0.45285752722896927,0.0,0.45285752722896927,0.11038907286425495
2127,batt_tim709,1,709,battery,0.2571009089905545,0.0,0.2571009089905545,0.0528936657027676
2128,pltd_tim710,1,710,diesel,0.016502870186661415,0.3392,-0.3226971298133386,0.006388690369632363
2129,plts_tim710,1,710,solar,0.9131799728770159,0.0,0.9131799728770159,0.2225977334820193
2130,batt_tim710,1,710,battery,0.518440029861577,0.0,0.518440029861577,0.1066592549846686
2131,pltd_tim711,1,711,diesel,0.005515921280027563,0.1134,-0.10788407871997244,0.002135369734434784
2132,plts_tim711,1,711,solar,0.28703790129016465,0.0,0.28703790129016465,0.07440123155400306
2133,batt_tim711,1,711,battery,0.17328077304386394,0.0,0.17328077304386394,0.035649250974875785
2134,pltd_tim712,1,712,diesel,0.009922767893348042,0.2039,-0.19397723210665196,0.00384132362883905
2135,plts_tim712,1,712,solar,0.5533107695387939,0.0,0.5533107695387939,0.1338412778921123
2136,batt_tim712,1,712,battery,0.3117133690453293,0.0,0.3117133690453293,0.06412913546445584
2137,pltd_tim713,1,713,diesel,0.011721642986666631,0.2409,-0.22917835701333336,0.004537719513632592
2138,plts_tim713,1,713,solar,0.6420422718536244,0.0,0.6420422718536244,0.15810298575387297
2139,batt_tim713,1,713,battery,0.36823150150945744,0.0,0.36823150150945744,0.07575668631786411
2140,pltd_tim714,1,714,diesel,0.018151827946659097,0.3731,-0.3549481720533409,0.007026987934429335
2141,plts_tim714,1,714,solar,0.995046433307085,0.0,0.995046433307085,0.244837659799839
2142,batt_tim714,1,714,battery,0.5702488646246276,0.0,0.5702488646246276,0.11731794308783827
2143,pltd_tim715,1,715,diesel,0.02636577472000206,0.5419,-0.515534225279998,0.01020673934562791
2144,plts_tim715,1,715,solar,1.448380171389667,0.0,1.448380171389667,0.35563036431166717
2145,batt_tim715,1,715,battery,0.8282726680705182,0.0,0.8282726680705182,0.17040146709076687
2146,pltd_tim716,1,716,diesel,0.020849966293331697,0.4285,-0.4076500337066683,0.008071437460830649
2147,plts_tim716,1,716,solar,1.1528164498215445,0.0,1.1528164498215445,0.28122876508070066
2148,batt_tim716,1,716,battery,0.654985245600086,0.0,0.654985245600086,0.1347508339528602
2149,pltd_tim717,1,717,diesel,0.01116686208000518,0.2295,-0.21833313791999484,0.004322982518435659
2150,plts_tim717,1,717,solar,0.6178541062938471,0.0,0.6178541062938471,0.15062248649850069
2151,batt_tim717,1,717,battery,0.3508095348131553,0.0,0.3508095348131553,0.07217243441628986
2152,pltd_tim718,1,718,diesel,0.02141913738666305,0.4402,-0.4187808626133369,0.00829178042562821
2153,plts_tim718,1,718,solar,1.1731948861755979,0.0,1.1731948861755979,0.288912395027719
2154,batt_tim718,1,718,battery,0.6728981092316945,0.0,0.6728981092316945,0.13843608992526227
2155,pltd_tim719,1,719,diesel,0.028014306773333643,0.5758,-0.5477856932266664,0.010844957211226356
2156,plts_tim719,1,719,solar,1.529932467038685,0.0,1.529932467038685,0.3778714411674882
2157,batt_tim719,1,719,battery,0.8801070264269242,0.0,0.8801070264269242,0.18106543879525502
2158,pltd_tim720,1,720,diesel,0.02111956416000217,0.4341,-0.41298043583999783,0.008175814236831842
2159,plts_tim720,1,720,solar,1.1730025923533127,0.0,1.1730025923533127,0.2848683618203347
2160,batt_tim720,1,720,battery,0.6634688149495221,0.0,0.6634688149495221,0.13649619514839179
2161,pltd_tim721,1,721,diesel,0.009458297386834187,0.1944,-0.1849417026131658,0.003661465225758609
2162,plts_tim721,1,721,solar,0.5666478309073608,0.0,0.5666478309073608,0.12757418075973426
2163,batt_tim721,1,721,battery,0.29712675139055367,0.0,0.29712675139055367,0.061128214701357264
2164,pltd_tim722,1,722,diesel,0.026071999998444142,0.1242,-0.09812800000155586,0.018899552939906906
2165,plts_tim722,1,722,solar,0.28383927978158346,0.0,0.28383927978158346,0.062084711181136114
2166,batt_tim722,1,722,battery,0.11404402654634435,0.0,0.11404402654634435,0.02343600112547274
2167,pltd_tim723,1,723,diesel,0.007270005333389335,0.1494,-0.14212999466661067,0.002814399560058837
2168,plts_tim723,1,723,solar,0.4187583430692924,0.0,0.4187583430692924,0.09805622798827715
2169,batt_tim723,1,723,battery,0.22838179609640608,0.0,0.22838179609640608,0.04698523197994026
2170,pltd_tim724,1,724,diesel,0.004646453866757161,0.0955,-0.09085354613324284,0.0017986766560770437
2171,plts_tim724,1,724,solar,0.2704791244631537,0.0,0.2704791244631537,0.06267537734861015
2172,batt_tim724,1,724,battery,0.14597856214932528,0.0,0.14597856214932528,0.030032338432125542
2173,pltd_tim725,1,725,diesel,0.004271883520082724,0.0878,-0.08352811647991729,0.0016537447696686604
2174,plts_tim725,1,725,solar,0.24580815406293716,0.0,0.24580815406293716,0.05762078663883432
2175,batt_tim725,1,725,battery,0.13420577647568452,0.0,0.13420577647568452,0.027610308646902004
2176,pltd_tim726,1,726,diesel,0.0019486078934933542,0.04,-0.03805139210650665,0.0007543068289341488
2177,plts_tim726,1,726,solar,0.1161311418970946,0.0,0.1161311418970946,0.02628313209367076
2178,batt_tim726,1,726,battery,0.061216565704142224,0.0,0.061216565704142224,0.012594145031901517
2179,pltd_tim727,1,727,diesel,0.003552625813534633,0.073,-0.06944737418646536,0.0013752857105595658
2180,plts_tim727,1,727,solar,0.21235503381835347,0.0,0.21235503381835347,0.047916195374122075
2181,batt_tim727,1,727,battery,0.11160180385863087,0.0,0.11160180385863087,0.022959956029178472
2182,pltd_tim728,1,728,diesel,0.0028329321600847664,0.0582,-0.055367067839915234,0.0010965988768609082
2183,plts_tim728,1,728,solar,0.15675834091443222,0.0,0.15675834091443222,0.038211634164430124
2184,batt_tim728,1,728,battery,0.08899676313923474,0.0,0.08899676313923474,0.018309401071327572
2185,pltd_tim729,1,729,diesel,0.02891900000069129,0.1377,-0.1087809999993087,0.020963332623580976
2186,plts_tim729,1,729,solar,0.31823304360325505,0.0,0.31823304360325505,0.06886253950511789
2187,batt_tim729,1,729,battery,0.12648609378737102,0.0,0.12648609378737102,0.02599284001138352
2188,pltd_tim730,1,730,diesel,0.0030429949870757144,0.0625,-0.05945700501292429,0.0011780014739269239
2189,plts_tim730,1,730,solar,0.18367801974322426,0.0,0.18367801974322426,0.041042159589859184
2190,batt_tim730,1,730,battery,0.09559349838732839,0.0,0.09559349838732839,0.019666539674452154
2191,pltd_tim731,1,731,diesel,0.00873835754678405,0.1796,-0.17086164245321595,0.003382843542515596
2192,plts_tim731,1,731,solar,0.5200291898346115,0.0,0.5200291898346115,0.11786945771682801
2193,batt_tim731,1,731,battery,0.27451850642701886,0.0,0.27451850642701886,0.056477011262472274
2194,pltd_tim732,1,732,diesel,0.0013188246400314219,0.0271,-0.025781175359968576,0.0005105895872406614
2195,plts_tim732,1,732,solar,0.07298834014930315,0.0,0.07298834014930315,0.017791680911594582
2196,batt_tim732,1,732,battery,0.041437753401880086,0.0,0.041437753401880086,0.008525041634253484
2197,pltd_tim733,1,733,diesel,0.00385236309346832,0.0792,-0.07534763690653169,0.0014913181249076412
2198,plts_tim733,1,733,solar,0.22765716908460149,0.0,0.22765716908460149,0.05195950526080753
2199,batt_tim733,1,733,battery,0.12101400320825126,0.0,0.12101400320825126,0.02489634565674858
2200,pltd_tim734,1,734,diesel,0.0034474328534131707,0.0709,-0.06745256714658683,0.0013345394496602498
2201,plts_tim734,1,734,solar,0.19242769740758883,0.0,0.19242769740758883,0.046500837753693784
2202,batt_tim734,1,734,battery,0.10829893314603661,0.0,0.10829893314603661,0.02228046169352904
2203,pltd_tim735,1,735,diesel,0.006295478293373844,0.1294,-0.12310452170662614,0.0024370862208448795
2204,plts_tim735,1,735,solar,0.3503227993740426,0.0,0.3503227993740426,0.08491456461475942
2205,batt_tim735,1,735,battery,0.19776800960176102,0.0,0.19776800960176102,0.040687031198324855
2206,pltd_tim736,1,736,diesel,0.007374572586698399,0.1516,-0.1442254274133016,0.0028547721216406587
2207,plts_tim736,1,736,solar,0.4080697333626385,0.0,0.4080697333626385,0.09947155701710395
2208,batt_tim736,1,736,battery,0.23167398204157116,0.0,0.23167398204157116,0.04766254809792109
2209,pltd_tim737,1,737,diesel,0.0026829224534124676,0.0551,-0.05241707754658754,0.0010386168576588
2210,plts_tim737,1,737,solar,0.14846448224235595,0.0,0.14846448224235595,0.03618985530381411
2211,batt_tim737,1,737,battery,0.08428791153695517,0.0,0.08428791153695517,0.017340653952329782
2212,pltd_tim738,1,738,diesel,0.0027130823467642813,0.0558,-0.05308691765323572,0.0010503236464693062
2213,plts_tim738,1,738,solar,0.1534872972014301,0.0,0.1534872972014301,0.03659416422578166
2214,batt_tim738,1,738,battery,0.08523078751991016,0.0,0.08523078751991016,0.01753463004609648
2215,pltd_tim739,1,739,diesel,0.0026979024000977703,0.0555,-0.05280209759990223,0.00104446675207218
2216,plts_tim739,1,739,solar,0.1542963164353105,0.0,0.1542963164353105,0.03639194480186457
2217,batt_tim739,1,739,battery,0.08475677018589656,0.0,0.08475677018589656,0.017437110448302647
2218,pltd_tim740,1,740,diesel,0.005156443733385201,0.106,-0.1008435562666148,0.0019961455920497174
2219,plts_tim740,1,740,solar,0.2878189625701474,0.0,0.2878189625701474,0.06954938987213047
2220,batt_tim740,1,740,battery,0.16199167371035184,0.0,0.16199167371035184,0.03332672152662316
2221,pltd_tim741,1,741,diesel,0.005725814826713934,0.1177,-0.11197418517328607,0.002216537556848155
2222,plts_tim741,1,741,solar,0.320175534820466,0.0,0.320175534820466,0.07723174437776319
2223,batt_tim741,1,741,battery,0.17987099456870037,0.0,0.17987099456870037,0.037005065004311596
2224,pltd_tim742,1,742,diesel,0.002008425066731612,0.0413,-0.03929157493326839,0.0007775276320545728
2225,plts_tim742,1,742,solar,0.11216417849590313,0.0,0.11216417849590313,0.027091860179588284
2226,batt_tim742,1,742,battery,0.0630987143442361,0.0,0.0630987143442361,0.012981372420453944
2227,pltd_tim743,1,743,diesel,0.002098325226752048,0.0431,-0.041001674773247954,0.0008123071488686201
2228,plts_tim743,1,743,solar,0.12046063135739003,0.0,0.12046063135739003,0.028304949411013334
2229,batt_tim743,1,743,battery,0.06592270211756104,0.0,0.06592270211756104,0.013562356303979926
2230,pltd_tim744,1,744,diesel,0.003657382826758209,0.0752,-0.0715426171732418,0.0014158251968708767
2231,plts_tim744,1,744,solar,0.20980804468390618,0.0,0.20980804468390618,0.04933165881038182
2232,batt_tim744,1,744,battery,0.11490114006576446,0.0,0.11490114006576446,0.02363873974834573
2233,pltd_tim745,1,745,diesel,0.002802849173427316,0.0576,-0.05479715082657268,0.0010850681632653787
2234,plts_tim745,1,745,solar,0.15633465028137083,0.0,0.15633465028137083,0.037807391993912545
2235,batt_tim745,1,745,battery,0.08805829248052022,0.0,0.08805829248052022,0.01811633875157942
2236,pltd_tim746,1,746,diesel,0.002248032320063932,0.0462,-0.04395196767993607,0.0008702853936530093
2237,plts_tim746,1,746,solar,0.12441215299306511,0.0,0.12441215299306511,0.030326778477635662
2238,batt_tim746,1,746,battery,0.07063252183941328,0.0,0.07063252183941328,0.014531320707460353
2239,pltd_tim747,1,747,diesel,0.012320809920004823,0.2532,-0.24087919007999517,0.004769626041636665
2240,plts_tim747,1,747,solar,0.686574799731263,0.0,0.686574799731263,0.16619073539851686
2241,batt_tim747,1,747,battery,0.3870797481460209,0.0,0.3870797481460209,0.07963435645672655
2242,pltd_tim748,1,748,diesel,0.005725814826724145,0.1177,-0.11197418517327586,0.0022165375568557765
2243,plts_tim748,1,748,solar,0.32607617752691254,0.0,0.32607617752691254,0.07723210684137552
2244,batt_tim748,1,748,battery,0.17988068656002867,0.0,0.17988068656002867,0.037007062329883905
2245,pltd_tim749,1,749,diesel,0.0037025329067399953,0.0761,-0.07239746709326,0.001433298955257606
2246,plts_tim749,1,749,solar,0.20634349294953389,0.0,0.20634349294953389,0.049937906914056925
2247,batt_tim749,1,749,battery,0.11630960405411284,0.0,0.11630960405411284,0.02392850424866542
2248,pltd_tim750,1,750,diesel,0.003702532906749493,0.0761,-0.07239746709325051,0.001433298955264539
2249,plts_tim750,1,750,solar,0.21014148772245989,0.0,0.21014148772245989,0.049937700512033736
2250,batt_tim750,1,750,battery,0.11630408502698836,0.0,0.11630408502698836,0.02392736688755507
2251,pltd_tim751,1,751,diesel,0.0017684023467191235,0.0364,-0.03463159765328088,0.0006846632464489394
2252,plts_tim751,1,751,solar,0.09811612117589529,0.0,0.09811612117589529,0.0238570691472123
2253,batt_tim751,1,751,battery,0.05556550221535482,0.0,0.05556550221535482,0.011431576450534288
2254,pltd_tim752,1,752,diesel,0.003957243200087111,0.0813,-0.07734275679991288,0.001531933536069934
2255,plts_tim752,1,752,solar,0.22745439592578592,0.0,0.22745439592578592,0.05337505687334231
2256,batt_tim752,1,752,battery,0.12431794327455152,0.0,0.12431794327455152,0.025576072214412538
2257,pltd_tim753,1,753,diesel,0.0014840245333717073,0.0305,-0.02901597546662829,0.000574513576042194
2258,plts_tim753,1,753,solar,0.08140033251003988,0.0,0.08140033251003988,0.02001560866149093
2259,batt_tim753,1,753,battery,0.04661911064663674,0.0,0.04661911064663674,0.009591002746453216
2260,pltd_tim754,1,754,diesel,0.0034175858134137234,0.0702,-0.06678241418658627,0.0013230055104604202
2261,plts_tim754,1,754,solar,0.1906844425488714,0.0,0.1906844425488714,0.04609655361076573
2262,batt_tim754,1,754,battery,0.107361024748364,0.0,0.107361024748364,0.02208749747013665
2263,pltd_tim755,1,755,diesel,0.005006500693385141,0.1029,-0.09789349930661487,0.0019381775728491253
2264,plts_tim755,1,755,solar,0.27836728606880395,0.0,0.27836728606880395,0.06752712147833155
2265,batt_tim755,1,755,battery,0.15727010672584932,0.0,0.15727010672584932,0.03235535402165698
2266,pltd_tim756,1,756,diesel,0.0050362246400699655,0.1035,-0.09846377535993003,0.0019496775872627646
2267,plts_tim756,1,756,solar,0.28894978414193806,0.0,0.28894978414193806,0.06793191033858843
2268,batt_tim756,1,756,battery,0.15822225956511973,0.0,0.15822225956511973,0.032551259664372875
2269,pltd_tim757,1,757,diesel,0.006924958933366042,0.1423,-0.13537504106663398,0.002680806688040686
2270,plts_tim757,1,757,solar,0.3817407971830594,0.0,0.3817407971830594,0.09340616530891355
2271,batt_tim757,1,757,battery,0.21754932234060853,0.0,0.21754932234060853,0.04475666766034681
2272,pltd_tim758,1,758,diesel,0.003597083520075239,0.0739,-0.07030291647992476,0.0013925047696581256
2273,plts_tim758,1,758,solar,0.20025903915874343,0.0,0.20025903915874343,0.04852296672986879
2274,batt_tim758,1,758,battery,0.11301714656211662,0.0,0.11301714656211662,0.023251161794314867
2275,pltd_tim759,1,759,diesel,0.002653311360086175,0.0545,-0.051846688639913825,0.0010271286928634452
2276,plts_tim759,1,759,solar,0.14880033899969797,0.0,0.14880033899969797,0.035785470224315045
2277,batt_tim759,1,759,battery,0.08334917591989642,0.0,0.08334917591989642,0.01714750148116591
2278,pltd_tim760,1,760,diesel,0.015573339413358816,0.3201,-0.3045266605866412,0.00602874363845396
2279,plts_tim760,1,760,solar,0.9006682644369954,0.0,0.9006682644369954,0.21006298249882485
2280,batt_tim760,1,760,battery,0.4892500365894309,0.0,0.4892500365894309,0.10065396590234335
2281,pltd_tim761,1,761,diesel,0.006430338773378898,0.1322,-0.12576966122662112,0.002489361571248659
2282,plts_tim761,1,761,solar,0.3622019070603036,0.0,0.3622019070603036,0.08673412477064363
2283,batt_tim761,1,761,battery,0.20200492201971187,0.0,0.20200492201971187,0.04155870475901574
2284,pltd_tim762,1,762,diesel,0.003762319360074533,0.0773,-0.07353768063992545,0.0014563835328588294
2285,plts_tim762,1,762,solar,0.21078275022606255,0.0,0.21078275022606255,0.05074643869036252
2286,batt_tim762,1,762,battery,0.11818669070666322,0.0,0.11818669070666322,0.024314670688422853
2287,pltd_tim763,1,763,diesel,0.005635760853384872,0.1158,-0.11016423914661513,0.002181601889651035
2288,plts_tim763,1,763,solar,0.31740437083969103,0.0,0.31740437083969103,0.07601909177022054
2289,batt_tim763,1,763,battery,0.17705269219075467,0.0,0.17705269219075467,0.03642524091746428
2290,pltd_tim764,1,764,diesel,0.005036224640056853,0.1035,-0.09846377535994315,0.0019496775872527728
2291,plts_tim764,1,764,solar,0.28319822586042137,0.0,0.28319822586042137,0.06793148660116614
2292,batt_tim764,1,764,battery,0.1582109291603749,0.0,0.1582109291603749,0.03254892469456366
2293,pltd_tim765,1,765,diesel,0.005770698240042228,0.1186,-0.11282930175995777,0.00223396931524471
2294,plts_tim765,1,765,solar,0.31917165628229593,0.0,0.31917165628229593,0.07783873770660737
2295,batt_tim765,1,765,battery,0.18129807506922896,0.0,0.18129807506922896,0.03729866599546079
2296,pltd_tim766,1,766,diesel,0.0031925328000816182,0.0656,-0.06240746719991839,0.0012359059440593158
2297,plts_tim766,1,766,solar,0.17602900716311204,0.0,0.17602900716311204,0.04306382648871419
2298,batt_tim766,1,766,battery,0.10029692294496399,0.0,0.10029692294496399,0.02063420393689237
2299,pltd_tim767,1,767,diesel,0.004871460693380249,0.1001,-0.09522853930661974,0.001885862372845171
2300,plts_tim767,1,767,solar,0.26602712769860043,0.0,0.26602712769860043,0.06570788527322091
2301,batt_tim767,1,767,battery,0.15304185649608087,0.0,0.15304185649608087,0.03148547741430687
2302,pltd_tim768,1,768,diesel,0.004376886720060543,0.09,-0.08562311327993945,0.0016943941056524977
2303,plts_tim768,1,768,solar,0.24350285862081128,0.0,0.24350285862081128,0.05903601510685202
2304,batt_tim768,1,768,battery,0.13749901699376296,0.0,0.13749901699376296,0.028287824316868604
2305,pltd_tim769,1,769,diesel,0.003312582613411301,0.0681,-0.06478741738658869,0.0012823141744578094
2306,plts_tim769,1,769,solar,0.18243497610908332,0.0,0.18243497610908332,0.04468144479174055
2307,batt_tim769,1,769,battery,0.10406649136197006,0.0,0.10406649136197006,0.02140971536586901
2308,pltd_tim770,1,770,diesel,0.0050512969600477,0.1038,-0.0987487030399523,0.00195544618084637
2309,plts_tim770,1,770,solar,0.2782295529669385,0.0,0.2782295529669385,0.0681339173626803
2310,batt_tim770,1,770,battery,0.15868704117985402,0.0,0.15868704117985402,0.03264685226593856
2311,pltd_tim771,1,771,diesel,0.006085471893372005,0.1251,-0.11901452810662798,0.002355836548843093
2312,plts_tim771,1,771,solar,0.33573508104333666,0.0,0.33573508104333666,0.08208427372571975
2313,batt_tim771,1,771,battery,0.1911820378663224,0.0,0.1911820378663224,0.03933210481508591
2314,pltd_tim772,1,772,diesel,0.0030277226667505086,0.0622,-0.05917227733324949,0.001172113880059265
2315,plts_tim772,1,772,solar,0.16562483678058953,0.0,0.16562483678058953,0.04084010825082926
2316,batt_tim772,1,772,battery,0.09512303963098087,0.0,0.09512303963098087,0.019569777127546963
2317,pltd_tim773,1,773,diesel,0.004316813120056045,0.0887,-0.08438318687994395,0.0016710903776490297
2318,plts_tim773,1,773,solar,0.23669482258218447,0.0,0.23669482258218447,0.05822727049438886
2319,batt_tim773,1,773,battery,0.1356139931764099,0.0,0.1356139931764099,0.02790001033658895
2320,pltd_tim774,1,774,diesel,0.0016487577600453605,0.0339,-0.03225124223995464,0.0006382275648453365
2321,plts_tim774,1,774,solar,0.09080282932032127,0.0,0.09080282932032127,0.022239669972647383
2322,batt_tim774,1,774,battery,0.05179804963086227,0.0,0.05179804963086227,0.010656465503522297
2323,pltd_tim775,1,775,diesel,0.0070000022400306785,0.1439,-0.13689999775996933,0.002709847235239408
2324,plts_tim775,1,775,solar,0.384169446780342,0.0,0.384169446780342,0.09441687145909068
2325,batt_tim775,1,775,battery,0.21989997042241136,0.0,0.21989997042241136,0.045240265669844903
2326,pltd_tim776,1,776,diesel,0.0025632521600748785,0.0527,-0.05013674783992512,0.0009923184768571617
2327,plts_tim776,1,776,solar,0.14182850407668482,0.0,0.14182850407668482,0.03457231165739632
2328,batt_tim776,1,776,battery,0.0805203393786976,0.0,0.0805203393786976,0.016565542062756067
2329,pltd_tim777,1,777,diesel,0.004976274133377603,0.1023,-0.0973237258666224,0.0019264287840438006
2330,plts_tim777,1,777,solar,0.27053982989403275,0.0,0.27053982989403275,0.06712322786062128
2331,batt_tim777,1,777,battery,0.15633796130236738,0.0,0.15633796130236738,0.032163589281586566
2332,pltd_tim778,1,778,diesel,0.002818018880087083,0.0579,-0.055081981119912915,0.0010908539824606152
2333,plts_tim778,1,778,solar,0.15435343585034103,0.0,0.15435343585034103,0.03800950955725844
2334,batt_tim778,1,778,battery,0.08852659135147806,0.0,0.08852659135147806,0.018212673963707012
2335,pltd_tim779,1,779,diesel,0.003986823573394159,0.0819,-0.07791317642660583,0.0015433904752506357
2336,plts_tim779,1,779,solar,0.21816822918169557,0.0,0.21816822918169557,0.053779504173807974
2337,batt_tim779,1,779,battery,0.12525740675838995,0.0,0.12525740675838995,0.02576935690996344
2338,pltd_tim780,1,780,diesel,0.005635760853373135,0.1158,-0.11016423914662686,0.0021816018896427813
2339,plts_tim780,1,780,solar,0.3086932084149705,0.0,0.3086932084149705,0.07601916090427892
2340,batt_tim780,1,780,battery,0.17705454078072447,0.0,0.17705454078072447,0.036425621874886134
