ID,Resource,Zone,Village,technology,Total_MW,Start_MW,Change_in_MW,Electricity_GWh
1,pltd_bel1,1,1,diesel,0.05142,0.2773,-0.22588,0.030538445264129348
2,plts_bel1,1,1,solar,0.6750275813479559,0.0,0.6750275813479559,0.15180616359090318
3,batt_bel1,1,1,battery,0.3096365815649285,0.0,0.3096365815649285,0.060529733138668676
4,pltd_bel2,1,2,diesel,0.1939332498262539,0.846,-0.652066750173746,0.13635772450658434
5,plts_bel2,1,2,solar,1.916803748566871,0.0,1.916803748566871,0.41356974674423
6,batt_bel2,1,2,battery,0.7540401771930612,0.0,0.7540401771930612,0.1492721082779253
7,pltd_bel3,1,3,diesel,0.19301445176872137,0.842,-0.6489855482312786,0.13571176931398315
8,plts_bel3,1,3,solar,1.9077314191715267,0.0,1.9077314191715267,0.41161232197457753
9,batt_bel3,1,3,battery,0.7504724256886495,0.0,0.7504724256886495,0.1485658218505062
10,pltd_bel4,1,4,diesel,0.08919712526406459,0.3891,-0.2999028747359354,0.06271608196466665
11,plts_bel4,1,4,solar,0.8816210557798713,0.0,0.8816210557798713,0.19021863594631366
12,batt_bel4,1,4,battery,0.3468171174248541,0.0,0.3468171174248541,0.06865698086363138
13,pltd_bel5,1,5,diesel,0.10042681572019738,0.4381,-0.33767318427980264,0.07061176464231633
14,plts_bel5,1,5,solar,0.9926075469817057,0.0,0.9926075469817057,0.2141650204717611
15,batt_bel5,1,5,battery,0.390476410279647,0.0,0.390476410279647,0.07729992725361447
16,pltd_bel6,1,6,diesel,0.071417,0.3851,-0.313683,0.04241488067932642
17,plts_bel6,1,6,solar,0.9375369379299371,0.0,0.9375369379299371,0.21084138351133513
18,batt_bel6,1,6,battery,0.4300490106900446,0.0,0.4300490106900446,0.08406875819645789
19,pltd_bel7,1,7,diesel,0.08220630063626737,0.3586,-0.2763936993637326,0.057800564596174796
20,plts_bel7,1,7,solar,0.8125118388913812,0.0,0.8125118388913812,0.17530767153397137
21,batt_bel7,1,7,battery,0.319629394712128,0.0,0.319629394712128,0.06327480382132628
22,pltd_bel8,1,8,diesel,0.1535640846119962,0.7089,-0.5553359153880038,0.09912235795316977
23,plts_bel8,1,8,solar,1.6460190549145401,0.0,1.6460190549145401,0.364029698109446
24,batt_bel8,1,8,battery,0.7065823767305023,0.0,0.7065823767305023,0.1379901132200395
25,pltd_bel9,1,9,diesel,0.15223891624204738,0.6833,-0.5310610837579526,0.10330989177707747
26,plts_bel9,1,9,solar,1.5750022597848683,0.0,1.5750022597848683,0.34184102535722677
27,batt_bel9,1,9,battery,0.6361014854885655,0.0,0.6361014854885655,0.12587882392757266
28,pltd_bel10,1,10,diesel,0.0909640783654733,0.3968,-0.30583592163452666,0.06395822311068754
29,plts_bel10,1,10,solar,0.8990678430786102,0.0,0.8990678430786102,0.19398294527256865
30,batt_bel10,1,10,battery,0.35367846108718404,0.0,0.35367846108718404,0.07001525709106804
31,pltd_bel11,1,11,diesel,0.15134598398133686,0.6602,-0.5088540160186632,0.10641396431595342
32,plts_bel11,1,11,solar,1.4958925277902397,0.0,1.4958925277902397,0.3227539120031903
33,batt_bel11,1,11,battery,0.5884619235606401,0.0,0.5884619235606401,0.11649374226903139
34,pltd_bel12,1,12,diesel,0.0651152189397936,0.284,-0.21888478106020637,0.04578375031439223
35,plts_bel12,1,12,solar,0.6435870594686207,0.0,0.6435870594686207,0.13886039534405065
36,batt_bel12,1,12,battery,0.25317667804097505,0.0,0.25317667804097505,0.05011964562408809
37,pltd_bel13,1,13,diesel,0.05183754089799384,0.2672,-0.21536245910200616,0.01480992166947516
38,plts_bel13,1,13,solar,1.1919055725285554,0.0,1.1919055725285554,0.2648785854503425
39,batt_bel13,1,13,battery,0.5824290428636054,0.0,0.5824290428636054,0.11316776938941187
40,pltd_bel14,1,14,diesel,0.038108,0.2055,-0.16739199999999999,0.022632563665357815
41,plts_bel14,1,14,solar,0.5002700785324989,0.0,0.5002700785324989,0.11250502634476965
42,batt_bel14,1,14,battery,0.22947440820462217,0.0,0.22947440820462217,0.04485914495163989
43,pltd_bel15,1,15,diesel,0.03393747416530768,0.1749,-0.14096252583469232,0.009695957556778854
44,plts_bel15,1,15,solar,0.7803263338498636,0.0,0.7803263338498636,0.17341291216587357
45,batt_bel15,1,15,battery,0.3813092265411317,0.0,0.3813092265411317,0.07408958389878272
46,pltd_bel16,1,16,diesel,0.1125040380202063,0.4908,-0.3782959619797937,0.07910355102430304
47,plts_bel16,1,16,solar,1.1119684960869347,0.0,1.1119684960869347,0.23991839755381084
48,batt_bel16,1,16,battery,0.4374302152923582,0.0,0.4374302152923582,0.08659504391481514
49,pltd_bel17,1,17,diesel,0.0436675230891703,0.2234,-0.1797324769108297,0.01274385784298347
50,plts_bel17,1,17,solar,1.009918363430679,0.0,1.009918363430679,0.22110226721396165
51,batt_bel17,1,17,battery,0.48515823290726595,0.0,0.48515823290726595,0.09452510365958867
52,pltd_bel18,1,18,diesel,0.0280964726796189,0.1297,-0.10160352732038111,0.018135632941484597
53,plts_bel18,1,18,solar,0.3011634030736822,0.0,0.3011634030736822,0.06660455972748601
54,batt_bel18,1,18,battery,0.12928002977689473,0.0,0.12928002977689473,0.02524739382172337
55,pltd_bel19,1,19,diesel,0.04654054867653656,0.203,-0.15645945132346345,0.03272344765553379
56,plts_bel19,1,19,solar,0.46000697871491947,0.0,0.46000697871491947,0.09925119866213049
57,batt_bel19,1,19,battery,0.18096063509346494,0.0,0.18096063509346494,0.03582351255254602
58,pltd_bel20,1,20,diesel,0.011494,0.0444,-0.032906000000000005,0.008025474544837348
59,plts_bel20,1,20,solar,0.09853552505926218,0.0,0.09853552505926218,0.02067356926116841
60,batt_bel20,1,20,battery,0.035742068355326236,0.0,0.035742068355326236,0.007060942149760916
61,pltd_bel21,1,21,diesel,0.043102,0.1664,-0.12329799999999999,0.030095654341301396
62,plts_bel21,1,21,solar,0.3695061528038615,0.0,0.3695061528038615,0.07752547087991854
63,batt_bel21,1,21,battery,0.13403165144049675,0.0,0.13403165144049675,0.026478357823180722
64,pltd_bel22,1,22,diesel,0.03065,0.1183,-0.08765,0.02140116417216267
65,plts_bel22,1,22,solar,0.26276132757020443,0.0,0.26276132757020443,0.055129429832282396
66,batt_bel22,1,22,battery,0.09531212528362248,0.0,0.09531212528362248,0.018829215003660922
67,pltd_bel23,1,23,diesel,0.021197,0.1143,-0.09310299999999999,0.012588968432360867
68,plts_bel23,1,23,solar,0.27825988524143985,0.0,0.27825988524143985,0.06257751146622044
69,batt_bel23,1,23,battery,0.12763765166190721,0.0,0.12763765166190721,0.02495141407655744
70,pltd_bel24,1,24,diesel,0.0174,0.0672,-0.0498,0.012149423594688553
71,plts_bel24,1,24,solar,0.1491729539949438,0.0,0.1491729539949438,0.0312977107204783
72,batt_bel24,1,24,battery,0.054110483838115606,0.0,0.054110483838115606,0.010689692090867354
73,pltd_bel25,1,25,diesel,0.012691,0.049,-0.036309,0.008861354945075442
74,plts_bel25,1,25,solar,0.10880035033427504,0.0,0.10880035033427504,0.022827161035673144
75,batt_bel25,1,25,battery,0.03946554084867367,0.0,0.03946554084867367,0.007796545164750011
76,pltd_bel26,1,26,diesel,0.035519,0.1371,-0.101581,0.02480102840228318
77,plts_bel26,1,26,solar,0.3045008484537064,0.0,0.3045008484537064,0.06388674788203985
78,batt_bel26,1,26,battery,0.1104519458708679,0.0,0.1104519458708679,0.021820132952155034
79,pltd_bel27,1,27,diesel,0.02793510299614714,0.1254,-0.09746489700385287,0.018956783557157634
80,plts_bel27,1,27,solar,0.2890129259694477,0.0,0.2890129259694477,0.06272783016333724
81,batt_bel27,1,27,battery,0.11672557459459461,0.0,0.11672557459459461,0.02309894877231034
82,pltd_bel28,1,28,diesel,0.020728860256737862,0.093,-0.07227113974326213,0.014066750775297041
83,plts_bel28,1,28,solar,0.21444906444906442,0.0,0.21444906444906442,0.04654441210810811
84,batt_bel28,1,28,battery,0.08660985388773387,0.0,0.08660985388773387,0.017139318326263767
85,pltd_bel29,1,29,diesel,0.015184074838797667,0.0662,-0.051015925161202326,0.010676181167936892
86,plts_bel29,1,29,solar,0.15007726434375154,0.0,0.15007726434375154,0.03238074011644484
87,batt_bel29,1,29,battery,0.059038294963361736,0.0,0.059038294963361736,0.01168739143164516
88,pltd_bel30,1,30,diesel,0.012602992322650086,0.0508,-0.03819700767734991,0.008240261200555855
89,plts_bel30,1,30,solar,0.1155964639595881,0.0,0.1155964639595881,0.024776236432533513
90,batt_bel30,1,30,battery,0.044616671166699054,0.0,0.044616671166699054,0.008819717415669557
91,pltd_bel31,1,31,diesel,0.025664552786464602,0.1035,-0.07783544721353539,0.016780585259926532
92,plts_bel31,1,31,solar,0.2353944045074801,0.0,0.2353944045074801,0.050453043005877204
93,batt_bel31,1,31,battery,0.09085441640664464,0.0,0.09085441640664464,0.01795989862093937
94,pltd_bel32,1,32,diesel,0.03459331308384872,0.1553,-0.12070668691615127,0.023475239776623615
95,plts_bel32,1,32,solar,0.3578911687607339,0.0,0.3578911687607339,0.0776772524359577
96,batt_bel32,1,32,battery,0.14454278607068602,0.0,0.14454278607068602,0.028603747525578135
97,pltd_bel33,1,33,diesel,0.020453840318008978,0.0918,-0.07134615968199103,0.013880143377440493
98,plts_bel33,1,33,solar,0.2116107746542529,0.0,0.2116107746542529,0.04592833139381234
99,batt_bel33,1,33,battery,0.08546411024948024,0.0,0.08546411024948024,0.016912597331262064
100,pltd_bel34,1,34,diesel,0.01833243918716145,0.0739,-0.05556756081283855,0.011986634447096954
101,plts_bel34,1,34,solar,0.16813677870604235,0.0,0.16813677870604235,0.03603730541189042
102,batt_bel34,1,34,battery,0.0648934678375753,0.0,0.0648934678375753,0.012828034316711716
103,pltd_bel35,1,35,diesel,0.01688442097360188,0.0758,-0.05891557902639813,0.011457959457036183
104,plts_bel35,1,35,solar,0.17468588990328118,0.0,0.17468588990328118,0.037914062345475896
105,batt_bel35,1,35,battery,0.07055113708939707,0.0,0.07055113708939707,0.013961466099259348
106,pltd_bel36,1,36,diesel,0.010169752451287569,0.0444,-0.034230247548712435,0.007150432667455407
107,plts_bel36,1,36,solar,0.10051841882259109,0.0,0.10051841882259109,0.021687806268844312
108,batt_bel36,1,36,battery,0.039542532657394935,0.0,0.039542532657394935,0.007827965650961088
109,pltd_bel37,1,37,diesel,0.01779778143303723,0.0776,-0.05980221856696277,0.012513712221749802
110,plts_bel37,1,37,solar,0.1759034943422561,0.0,0.1759034943422561,0.037952976329395344
111,batt_bel37,1,37,battery,0.06919730013608494,0.0,0.06919730013608494,0.013698474568289397
112,pltd_bel38,1,38,diesel,0.03637109622524897,0.1587,-0.12232890377475103,0.025573173116060582
113,plts_bel38,1,38,solar,0.35948855989232836,0.0,0.35948855989232836,0.07756325033243607
114,batt_bel38,1,38,battery,0.14141718243606996,0.0,0.14141718243606996,0.027995404368120695
115,pltd_bel39,1,39,diesel,0.013198,0.0712,-0.058002,0.007838408017055732
116,plts_bel39,1,39,solar,0.173255912122246,0.0,0.173255912122246,0.03896329301377446
117,batt_bel39,1,39,battery,0.07947224434276018,0.0,0.07947224434276018,0.015535754280031996
118,pltd_bel40,1,40,diesel,0.01461879968954688,0.0638,-0.049181200310453116,0.010278745565218003
119,plts_bel40,1,40,solar,0.14449429240815512,0.0,0.14449429240815512,0.031176119412043263
120,batt_bel40,1,40,battery,0.056842260191416166,0.0,0.056842260191416166,0.011252667458033433
121,pltd_bel41,1,41,diesel,0.015820362281704803,0.069,-0.0531796377182952,0.011123447376315864
122,plts_bel41,1,41,solar,0.15635810777129752,0.0,0.15635810777129752,0.03373587403389661
123,batt_bel41,1,41,battery,0.061508259081800506,0.0,0.061508259081800506,0.012176331395858352
124,pltd_bel42,1,42,diesel,0.014398,0.0776,-0.06320200000000001,0.008551286435966879
125,plts_bel42,1,42,solar,0.1890051445453573,0.0,0.1890051445453573,0.04250508308105813
126,batt_bel42,1,42,battery,0.08669585021363833,0.0,0.08669585021363833,0.016947862390689898
127,pltd_bel43,1,43,diesel,0.030406125787146358,0.1365,-0.10609387421285366,0.020633843428867142
128,plts_bel43,1,43,solar,0.31457561240169934,0.0,0.31457561240169934,0.06827598311280846
129,batt_bel43,1,43,battery,0.12704901124740123,0.0,0.12704901124740123,0.0251418961931915
130,pltd_bel44,1,44,diesel,0.023816777908369426,0.1069,-0.08308322209163058,0.01616216368239759
131,plts_bel44,1,44,solar,0.24640694205911595,0.0,0.24640694205911595,0.05348059097017371
132,batt_bel44,1,44,battery,0.09951829318087317,0.0,0.09951829318087317,0.01969378663501351
133,pltd_bel45,1,45,diesel,0.018051264802601087,0.081,-0.06294873519739891,0.012249727438741047
134,plts_bel45,1,45,solar,0.18675766067070412,0.0,0.18675766067070412,0.04053424065099882
135,batt_bel45,1,45,battery,0.07542716700623699,0.0,0.07542716700623699,0.014926363682004052
136,pltd_bel46,1,46,diesel,0.02436580020931579,0.1094,-0.0850341997906842,0.01653479190560583
137,plts_bel46,1,46,solar,0.252088041218476,0.0,0.252088041218476,0.054713553395016136
138,batt_bel46,1,46,battery,0.10181237143451143,0.0,0.10181237143451143,0.02014779146971368
139,pltd_bel47,1,47,diesel,0.020968,0.1131,-0.092132,0.01245289028513584
140,plts_bel47,1,47,solar,0.27526169706128695,0.0,0.27526169706128695,0.0619032120086883
141,batt_bel47,1,47,battery,0.1262629391965887,0.0,0.1262629391965887,0.024682706296176818
142,pltd_bel48,1,48,diesel,0.024434739363694984,0.1097,-0.08526526063630502,0.01658143651050149
143,plts_bel48,1,48,solar,0.25279761366717884,0.0,0.25279761366717884,0.05486763227743612
144,batt_bel48,1,48,battery,0.10209909484407484,0.0,0.10209909484407484,0.020204486902039867
145,pltd_bel49,1,49,diesel,0.04109780241123879,0.1999,-0.1588021975887612,0.02796571645726764
146,plts_bel49,1,49,solar,0.467082480914126,0.0,0.467082480914126,0.10263360618546977
147,batt_bel49,1,49,battery,0.19594573382565741,0.0,0.19594573382565741,0.03873646937508433
148,pltd_bel50,1,50,diesel,0.048254160886219616,0.2348,-0.1865458391137804,0.032835308329062035
149,plts_bel50,1,50,solar,0.5484057681752408,0.0,0.5484057681752408,0.12050312194690883
150,batt_bel50,1,50,battery,0.23006115491242954,0.0,0.23006115491242954,0.045480710797188954
151,pltd_bel51,1,51,diesel,0.032808559096493634,0.1473,-0.11449144090350635,0.022264112495197292
152,plts_bel51,1,51,solar,0.3394287263852481,0.0,0.3394287263852481,0.07367010789306698
153,batt_bel51,1,51,battery,0.1370864144906445,0.0,0.1370864144906445,0.027128202181164674
154,pltd_bel52,1,52,diesel,0.032928626987316,0.1602,-0.127271373012684,0.022406791233291506
155,plts_bel52,1,52,solar,0.3742428022553765,0.0,0.3742428022553765,0.08223372123925952
156,batt_bel52,1,52,battery,0.15699948830347787,0.0,0.15699948830347787,0.03103718202061973
157,pltd_bel53,1,53,diesel,0.030612658838162714,0.1374,-0.10678734116183727,0.020773860253292652
158,plts_bel53,1,53,solar,0.316704329747808,0.0,0.316704329747808,0.06873802561793997
159,batt_bel53,1,53,battery,0.12790826147609147,0.0,0.12790826147609147,0.02531190539800035
160,pltd_bel54,1,54,diesel,0.02596339557219699,0.1263,-0.10033660442780301,0.017667151716043057
161,plts_bel54,1,54,solar,0.2950750960530912,0.0,0.2950750960530912,0.06483783187786704
162,batt_bel54,1,54,battery,0.12378667296891373,0.0,0.12378667296891373,0.024471361172315475
163,pltd_bel55,1,55,diesel,0.045987786344956566,0.2064,-0.16041221365504343,0.031207389716724244
164,plts_bel55,1,55,solar,0.47576606707041486,0.0,0.47576606707041486,0.1032610650998825
165,batt_bel55,1,55,battery,0.19214900062370063,0.0,0.19214900062370063,0.03802457409359339
166,pltd_bel56,1,56,diesel,0.041346,0.1596,-0.118254,0.028869399047425453
167,plts_bel56,1,56,solar,0.35445321123759094,0.0,0.35445321123759094,0.07436714797492078
168,batt_bel56,1,56,battery,0.1285715452855953,0.0,0.1285715452855953,0.02539969266480369
169,pltd_bel57,1,57,diesel,0.039690016365006714,0.1731,-0.1334099836349933,0.027906588356395645
170,plts_bel57,1,57,solar,0.39229848960669955,0.0,0.39229848960669955,0.08464237700598178
171,batt_bel57,1,57,battery,0.15432553042620012,0.0,0.15432553042620012,0.030550738361433828
172,pltd_bel58,1,58,diesel,0.064174,0.2477,-0.18352600000000002,0.04480913048968793
173,plts_bel58,1,58,solar,0.5501535384417653,0.0,0.5501535384417653,0.11542673682212942
174,batt_bel58,1,58,battery,0.19955804610210454,0.0,0.19955804610210454,0.039423302416160176
175,pltd_bel59,1,59,diesel,0.017939052100349927,0.0783,-0.06036094789965007,0.01261319897680986
176,plts_bel59,1,59,solar,0.17729923732615524,0.0,0.17729923732615524,0.038254064699779954
177,batt_bel59,1,59,battery,0.06974584882907134,0.0,0.06974584882907134,0.01380709689989233
178,pltd_bel60,1,60,diesel,0.0968958126194706,0.4227,-0.3258041873805294,0.0681291388470287
179,plts_bel60,1,60,solar,0.9577040027914858,0.0,0.9577040027914858,0.20663429115906484
180,batt_bel60,1,60,battery,0.37674558425003735,0.0,0.37674558425003735,0.07458172077316119
181,pltd_bel61,1,61,diesel,0.012782889765527135,0.0558,-0.04301711023447287,0.00898784717678137
182,plts_bel61,1,61,solar,0.12634464882109567,0.0,0.12634464882109567,0.027260109542644934
183,batt_bel61,1,61,battery,0.049701997830118146,0.0,0.049701997830118146,0.009839161506005323
184,pltd_bel62,1,62,diesel,0.06383273724805645,0.2865,-0.22266726275194354,0.04331713274936346
185,plts_bel62,1,62,solar,0.6603950103950104,0.0,0.6603950103950104,0.14333322524324324
186,batt_bel62,1,62,battery,0.2667166874012474,0.0,0.2667166874012474,0.0527808592405098
187,pltd_bel63,1,63,diesel,0.020968,0.1131,-0.092132,0.01245289028513584
188,plts_bel63,1,63,solar,0.27526169706128695,0.0,0.27526169706128695,0.0619032120086883
189,batt_bel63,1,63,battery,0.1262629391965887,0.0,0.1262629391965887,0.024682706296176818
190,pltd_bel64,1,64,diesel,0.023542929437061013,0.1057,-0.08215707056293899,0.015976294711537293
191,plts_bel64,1,64,solar,0.24356413269456748,0.0,0.24356413269456748,0.05286356661809636
192,batt_bel64,1,64,battery,0.09836903856548855,0.0,0.09836903856548855,0.01946635913698777
193,pltd_bel65,1,65,diesel,0.011530662575173042,0.0518,-0.040269337424826954,0.007824839416745947
194,plts_bel65,1,65,solar,0.11929856277682363,0.0,0.11929856277682363,0.025892782770292506
195,batt_bel65,1,65,battery,0.04818225234927235,0.0,0.04818225234927235,0.009534845818909822
196,pltd_bel66,1,66,diesel,0.0919478508109793,0.4473,-0.3553521491890207,0.06256731452218764
197,plts_bel66,1,66,solar,1.0449977546030638,0.0,1.0449977546030638,0.22962092887879845
198,batt_bel66,1,66,battery,0.4383873100773415,0.0,0.4383873100773415,0.08666465052210065
199,pltd_bel67,1,67,diesel,0.08044359644125902,0.3611,-0.28065640355874094,0.05458920525711517
200,plts_bel67,1,67,solar,0.832238090933743,0.0,0.832238090933743,0.18063032714088365
201,batt_bel67,1,67,battery,0.33611925987525987,0.0,0.33611925987525987,0.06651499673381613
202,pltd_bel68,1,68,diesel,0.0374256617530644,0.1821,-0.1446743382469356,0.02546685692835759
203,plts_bel68,1,68,solar,0.42533805698318444,0.0,0.42533805698318444,0.09346091146978694
204,batt_bel68,1,68,battery,0.17843262280025945,0.0,0.17843262280025945,0.035274284256442315
205,pltd_bel69,1,69,diesel,0.07079718749186714,0.3444,-0.27360281250813284,0.04817491601900353
206,plts_bel69,1,69,solar,0.8046205279177686,0.0,0.8046205279177686,0.17680197851694032
207,batt_bel69,1,69,battery,0.33754669307070506,0.0,0.33754669307070506,0.06672950117202373
208,pltd_bel70,1,70,diesel,0.014477629022234187,0.0632,-0.04872237097776582,0.01017946818956966
209,plts_bel70,1,70,solar,0.143098549424256,0.0,0.143098549424256,0.03087490798594287
210,batt_bel70,1,70,battery,0.05629302149842978,0.0,0.05629302149842978,0.011143942519230506
211,pltd_bel71,1,71,diesel,0.033083849483707364,0.1485,-0.11541615051629263,0.022450856461766817
212,plts_bel71,1,71,solar,0.34226701618005967,0.0,0.34226701618005967,0.07428609356991774
213,batt_bel71,1,71,battery,0.13823146812889814,0.0,0.13823146812889814,0.027354805080845156
214,pltd_bel72,1,72,diesel,0.023882,0.1288,-0.104918,0.01418373586728223
215,plts_bel72,1,72,solar,0.31351145662966695,0.0,0.31351145662966695,0.07050521460121023
216,batt_bel72,1,72,battery,0.1438077594531069,0.0,0.1438077594531069,0.028112462227421937
217,pltd_bel73,1,73,diesel,0.02259886538853297,0.0986,-0.07600113461146703,0.015889700906056552
218,plts_bel73,1,73,solar,0.22337371018393895,0.0,0.22337371018393895,0.04819513980708838
219,batt_bel73,1,73,battery,0.08787281375504709,0.0,0.08787281375504709,0.017395584825559085
220,pltd_bel74,1,74,diesel,0.15848453814286775,0.7113,-0.5528154618571323,0.10754825186386542
221,plts_bel74,1,74,solar,1.6396230678839374,0.0,1.6396230678839374,0.3558663956145712
222,batt_bel74,1,74,battery,0.6622006565072766,0.0,0.6622006565072766,0.13104363466763488
223,pltd_bel75,1,75,diesel,0.028338,0.1528,-0.12446199999999999,0.016830048251275948
224,plts_bel75,1,75,solar,0.3720158331175394,0.0,0.3720158331175394,0.08366212891294825
225,batt_bel75,1,75,battery,0.17064444910877472,0.0,0.17064444910877472,0.033358680290360494
226,pltd_bel76,1,76,diesel,0.015749634628048445,0.0687,-0.05295036537195155,0.011073804831283377
227,plts_bel76,1,76,solar,0.155660236279348,0.0,0.155660236279348,0.03358524882084642
228,batt_bel76,1,76,battery,0.06123340973530732,0.0,0.06123340973530732,0.012121955937256889
229,pltd_bel77,1,77,diesel,0.0721766865812472,0.3149,-0.2427233134187528,0.05074887519179104
230,plts_bel77,1,77,solar,0.7133941478490603,0.0,0.7133941478490603,0.15392192796047055
231,batt_bel77,1,77,battery,0.2806387901001943,0.0,0.2806387901001943,0.055556153922358104
232,pltd_bel78,1,78,diesel,0.02223845209930345,0.0998,-0.07756154790069655,0.015091076333337236
233,plts_bel78,1,78,solar,0.23007321702973876,0.0,0.23007321702973876,0.04993552899438282
234,batt_bel78,1,78,battery,0.09292094182952182,0.0,0.09292094182952182,0.018388212628790698
235,pltd_bel79,1,79,diesel,0.014757294293892559,0.0662,-0.051442705706107435,0.010014306422856268
236,plts_bel79,1,79,solar,0.15267106571454395,0.0,0.15267106571454395,0.03313598524206816
237,batt_bel79,1,79,battery,0.061659707484407474,0.0,0.061659707484407474,0.012201901132760614
238,pltd_bel80,1,80,diesel,0.024717455207178093,0.1078,-0.08308254479282191,0.01737945709901331
239,plts_bel80,1,80,solar,0.24431483973879667,0.0,0.24431483973879667,0.05271337352797539
240,batt_bel80,1,80,battery,0.09611063350231794,0.0,0.09611063350231794,0.019026381146393063
241,pltd_bel81,1,81,diesel,0.03834851537658144,0.1673,-0.12895148462341857,0.026963557332579265
242,plts_bel81,1,81,solar,0.3790339464632869,0.0,0.3790339464632869,0.08178037862793476
243,batt_bel81,1,81,battery,0.14910622349035438,0.0,0.14910622349035438,0.029517538532415965
244,pltd_kup82,1,82,diesel,0.123808,0.6676,-0.5437919999999999,0.07352988239929359
245,plts_kup82,1,82,solar,1.6253173880384215,0.0,1.6253173880384215,0.36551545676317226
246,batt_kup82,1,82,battery,0.7455358837257282,0.0,0.7455358837257282,0.14574216242650517
247,pltd_kup83,1,83,diesel,0.067989,0.3666,-0.29861099999999996,0.04037908814113112
248,plts_kup83,1,83,solar,0.8925346950066474,0.0,0.8925346950066474,0.20072089259168535
249,batt_kup83,1,83,battery,0.40940621127037974,0.0,0.40940621127037974,0.08003337836104071
250,pltd_kup84,1,84,diesel,0.089585,0.4831,-0.39351499999999995,0.05320503188194272
251,plts_kup84,1,84,solar,1.1760475371012575,0.0,1.1760475371012575,0.2644797242829794
252,batt_kup84,1,84,battery,0.5394544450104318,0.0,0.5394544450104318,0.10545606274212306
253,pltd_kup85,1,85,diesel,0.013712,0.0739,-0.06018799999999999,0.008143686990421258
254,plts_kup85,1,85,solar,0.18000684683423154,0.0,0.18000684683423154,0.04048150273197345
255,batt_kup85,1,85,battery,0.08256930161094127,0.0,0.08256930161094127,0.01614117195045159
256,pltd_kup86,1,86,diesel,0.086786,0.468,-0.38121400000000005,0.05154259877803071
257,plts_kup86,1,86,solar,1.1392952633112148,0.0,1.1392952633112148,0.25621448288936083
258,batt_kup86,1,86,battery,0.5225954308475486,0.0,0.5225954308475486,0.10216034591718878
259,pltd_kup87,1,87,diesel,0.079358,0.4279,-0.348542,0.04713079654043036
260,plts_kup87,1,87,solar,1.0417943345873317,0.0,1.0417943345873317,0.23428774473778718
261,batt_kup87,1,87,battery,0.4778734481227096,0.0,0.4778734481227096,0.09341777053530186
262,pltd_kup88,1,88,diesel,0.03668,0.1978,-0.16112,0.021784602381046257
263,plts_kup88,1,88,solar,0.48151740058235465,0.0,0.48151740058235465,0.10828777677240181
264,batt_kup88,1,88,battery,0.22087185859901046,0.0,0.22087185859901046,0.04317746025181276
265,pltd_kup89,1,89,diesel,0.174828,0.9427,-0.767872,0.10383090428443185
266,plts_kup89,1,89,solar,2.295094773276953,0.0,2.295094773276953,0.5161406790036094
267,batt_kup89,1,89,battery,1.05276319669704,0.0,1.05276319669704,0.20580097684764426
268,pltd_kup90,1,90,diesel,0.056048,0.3022,-0.24615200000000004,0.03328711463762352
269,plts_kup90,1,90,solar,0.7357802091263634,0.0,0.7357802091263634,0.1654684984365971
270,batt_kup90,1,90,battery,0.3375028652009754,0.0,0.3375028652009754,0.06597727754835302
271,pltd_kup91,1,91,diesel,0.053077,0.2862,-0.23312300000000002,0.03152263942904419
272,plts_kup91,1,91,solar,0.696778171603607,0.0,0.696778171603607,0.15669752217854943
273,batt_kup91,1,91,battery,0.3196129074656288,0.0,0.3196129074656288,0.06248000599392759
274,pltd_kup92,1,92,diesel,0.044735,0.2412,-0.196465,0.026568178433702003
275,plts_kup92,1,92,solar,0.5872757999829222,0.0,0.5872757999829222,0.1320716232703094
276,batt_kup92,1,92,battery,0.269384780405881,0.0,0.269384780405881,0.052661088930535616
277,pltd_kup93,1,93,diesel,0.199967,1.0783,-0.878333,0.11876120087566355
278,plts_kup93,1,93,solar,2.6251068157919666,0.0,2.6251068157919666,0.5903566702407789
279,batt_kup93,1,93,battery,1.2041397945511103,0.0,1.2041397945511103,0.23539303752706375
280,pltd_kup94,1,94,diesel,0.029367,0.1583,-0.128933,0.0174413383997902
281,plts_kup94,1,94,solar,0.3855131055461594,0.0,0.3855131055461594,0.08669752802166854
282,batt_kup94,1,94,battery,0.17683446162482447,0.0,0.17683446162482447,0.03456873614532989
283,pltd_kup95,1,95,diesel,0.01028,0.053,-0.04272,0.00713038132396337
284,plts_kup95,1,95,solar,0.1308205972254879,0.0,0.1308205972254879,0.027500595405237537
285,batt_kup95,1,95,battery,0.05180293782025988,0.0,0.05180293782025988,0.010371346580700835
286,pltd_kup96,1,96,diesel,0.009189807205946796,0.0542,-0.0450101927940532,0.005371021749533129
287,plts_kup96,1,96,solar,0.13914159202978765,0.0,0.13914159202978765,0.03037155995546945
288,batt_kup96,1,96,battery,0.061604009721747004,0.0,0.061604009721747004,0.012300482707774672
289,pltd_kup97,1,97,diesel,0.019603,0.101,-0.08139700000000001,0.013597084620341789
290,plts_kup97,1,97,solar,0.2494709616741124,0.0,0.2494709616741124,0.05244336256291322
291,batt_kup97,1,97,battery,0.09878932708236642,0.0,0.09878932708236642,0.019778286072311503
292,pltd_kup98,1,98,diesel,0.008877025582546041,0.0524,-0.04352297441745396,0.005188285081602343
293,plts_kup98,1,98,solar,0.13439669920499145,0.0,0.13439669920499145,0.029335808951997583
294,batt_kup98,1,98,battery,0.059502446683103546,0.0,0.059502446683103546,0.011880860778899613
295,pltd_kup99,1,99,diesel,0.00945156494939988,0.0558,-0.04634843505060012,0.005524237758660467
296,plts_kup99,1,99,solar,0.14309147630069438,0.0,0.14309147630069438,0.03123370562222957
297,batt_kup99,1,99,battery,0.06335149631277047,0.0,0.06335149631277047,0.012649400072522514
298,pltd_kup100,1,100,diesel,0.039663,0.2249,-0.18523699999999999,0.024444948306158912
299,plts_kup100,1,100,solar,0.5620602741632056,0.0,0.5620602741632056,0.12350584418010768
300,batt_kup100,1,100,battery,0.24920501816015486,0.0,0.24920501816015486,0.0493665637107816
301,pltd_kup101,1,101,diesel,0.014081340826515874,0.1201,-0.10601865917348413,0.005215257527800297
302,plts_kup101,1,101,solar,0.33284971725595475,0.0,0.33284971725595475,0.07509199111846689
303,batt_kup101,1,101,battery,0.16804365630262177,0.0,0.16804365630262177,0.03334505568620149
304,pltd_kup102,1,102,diesel,0.025862,0.1466,-0.12073800000000001,0.015938913462084352
305,plts_kup102,1,102,solar,0.36649710436953886,0.0,0.36649710436953886,0.0805332044423037
306,batt_kup102,1,102,battery,0.16249771958413858,0.0,0.16249771958413858,0.03219018413481231
307,pltd_kup103,1,103,diesel,0.031459,0.1784,-0.146941,0.01938879233386326
308,plts_kup103,1,103,solar,0.44579719443505783,0.0,0.44579719443505783,0.09795844306614848
309,batt_kup103,1,103,battery,0.19765596573571748,0.0,0.19765596573571748,0.03915489646382076
310,pltd_kup104,1,104,diesel,0.036946,0.2095,-0.17255399999999999,0.022770309118883097
311,plts_kup104,1,104,solar,0.5235648585975898,0.0,0.5235648585975898,0.11504693825939667
312,batt_kup104,1,104,battery,0.23213770993281085,0.0,0.23213770993281085,0.045985597376145784
313,pltd_kup105,1,105,diesel,0.014081340826515874,0.1201,-0.10601865917348413,0.005215257527800297
314,plts_kup105,1,105,solar,0.33284971725595475,0.0,0.33284971725595475,0.07509199111846689
315,batt_kup105,1,105,battery,0.16804365630262177,0.0,0.16804365630262177,0.03334505568620149
316,pltd_kup106,1,106,diesel,0.009207009244238297,0.0786,-0.0693929907557617,0.0034099376431737456
317,plts_kup106,1,106,solar,0.21763294682127152,0.0,0.21763294682127152,0.049098670631398236
318,batt_kup106,1,106,battery,0.10987481831267494,0.0,0.10987481831267494,0.021802560060415522
319,pltd_kup107,1,107,diesel,0.013577067903938818,0.0801,-0.0665229320960612,0.007935500644027791
320,plts_kup107,1,107,solar,0.20554493307839386,0.0,0.20554493307839386,0.04486590251625238
321,batt_kup107,1,107,battery,0.09100138661567878,0.0,0.09100138661567878,0.01817025819571059
322,pltd_kup108,1,108,diesel,0.021139,0.114,-0.092861,0.012554460804473656
323,plts_kup108,1,108,solar,0.27751237255346556,0.0,0.27751237255346556,0.06240943331401317
324,batt_kup108,1,108,battery,0.12729607635609272,0.0,0.12729607635609272,0.024884651079995122
325,pltd_kup109,1,109,diesel,0.022453942179818186,0.1325,-0.11004605782018181,0.013123822037637392
326,plts_kup109,1,109,solar,0.3399416322833853,0.0,0.3399416322833853,0.07420172546824998
327,batt_kup109,1,109,battery,0.15050383329878234,0.0,0.15050383329878234,0.030051126204316873
328,pltd_kup110,1,110,diesel,0.016191,0.0918,-0.07560900000000001,0.009978798631182173
329,plts_kup110,1,110,solar,0.22944486590604185,0.0,0.22944486590604185,0.050417635190216435
330,batt_kup110,1,110,battery,0.1017307720718408,0.0,0.1017307720718408,0.020152496474165234
331,pltd_kup111,1,111,diesel,0.02699702523647244,0.1593,-0.13230297476352756,0.015779113028135387
332,plts_kup111,1,111,solar,0.4087199355942437,0.0,0.4087199355942437,0.08921454907955115
333,batt_kup111,1,111,battery,0.18095446527674347,0.0,0.18095446527674347,0.03613119653089781
334,pltd_kup112,1,112,diesel,0.034246,0.1765,-0.142254,0.023753820579351406
335,plts_kup112,1,112,solar,0.43581471902186686,0.0,0.43581471902186686,0.09161554930237642
336,batt_kup112,1,112,battery,0.1725772174496775,0.0,0.1725772174496775,0.0345512486191043
337,pltd_kup113,1,113,diesel,0.049187,0.2535,-0.204313,0.034117329394808674
338,plts_kup113,1,113,solar,0.6259581471902187,0.0,0.6259581471902187,0.13158781808054362
339,batt_kup113,1,113,battery,0.247875804317975,0.0,0.247875804317975,0.04962640734855584
340,pltd_kup114,1,114,diesel,0.021513937310206302,0.1269,-0.10538606268979371,0.012574332371185482
341,plts_kup114,1,114,solar,0.32571198550870484,0.0,0.32571198550870484,0.071095708555399
342,batt_kup114,1,114,battery,0.14420409131226727,0.0,0.14420409131226727,0.02879325468920001
343,pltd_kup115,1,115,diesel,0.021669921215535206,0.1279,-0.1062300787844648,0.01266523883307221
344,plts_kup115,1,115,solar,0.32808694777095704,0.0,0.32808694777095704,0.07161413760591727
345,batt_kup115,1,115,battery,0.14525711639629665,0.0,0.14525711639629665,0.02900351297109836
346,pltd_kup116,1,116,diesel,0.025401,0.1309,-0.10549899999999998,0.017618537225282678
347,plts_kup116,1,116,solar,0.32324947096167406,0.0,0.32324947096167406,0.06795203349059882
348,batt_kup116,1,116,battery,0.12800132877099543,0.0,0.12800132877099543,0.025626890965638714
349,pltd_kup117,1,117,diesel,0.037294,0.1922,-0.15490600000000002,0.025867764136269913
350,plts_kup117,1,117,solar,0.4746061603573948,0.0,0.4746061603573948,0.09977016841870057
351,batt_kup117,1,117,battery,0.1879387460405443,0.0,0.1879387460405443,0.03762672607895189
352,pltd_kup118,1,118,diesel,0.023184606518667605,0.1368,-0.1136153934813324,0.013550798685884324
353,plts_kup118,1,118,solar,0.35101137164134044,0.0,0.35101137164134044,0.07661793511049612
354,batt_kup118,1,118,battery,0.15540521801247864,0.0,0.15540521801247864,0.031029816377971465
355,pltd_kup119,1,119,diesel,0.019529557305601283,0.1152,-0.09567044269439871,0.011414203318124145
356,plts_kup119,1,119,solar,0.29567273825098117,0.0,0.29567273825098117,0.06453878114982325
357,batt_kup119,1,119,battery,0.13090542870282784,0.0,0.13090542870282784,0.026137909109835156
358,pltd_kup120,1,120,diesel,0.026895,0.1386,-0.111705,0.018654996149058377
359,plts_kup120,1,120,solar,0.34226193275335054,0.0,0.34226193275335054,0.0719492102276966
360,batt_kup120,1,120,battery,0.13553136781749966,0.0,0.13553136781749966,0.027134390315660176
361,pltd_kup121,1,121,diesel,0.037115,0.1913,-0.154185,0.025743859700903156
362,plts_kup121,1,121,solar,0.4723207147895603,0.0,0.4723207147895603,0.09928995525706412
363,batt_kup121,1,121,battery,0.1870336741320193,0.0,0.1870336741320193,0.03744549069546555
364,pltd_kup122,1,122,diesel,0.027791,0.1433,-0.11550900000000001,0.019276563072006023
365,plts_kup122,1,122,solar,0.3536703503409358,0.0,0.3536703503409358,0.07434787274022021
366,batt_kup122,1,122,battery,0.14005100573947804,0.0,0.14005100573947804,0.028039170069454906
367,pltd_kup123,1,123,diesel,0.025998,0.134,-0.10800200000000001,0.018032849969968585
368,plts_kup123,1,123,solar,0.33085351516576533,0.0,0.33085351516576533,0.06955121355260206
369,batt_kup123,1,123,battery,0.1310151790259561,0.0,0.1310151790259561,0.026230164806665453
370,pltd_kup124,1,124,diesel,0.027194,0.1402,-0.113006,0.018862394718143542
371,plts_kup124,1,124,solar,0.3460663061368446,0.0,0.3460663061368446,0.07274846066120373
372,batt_kup124,1,124,battery,0.13703579678886516,0.0,0.13703579678886516,0.027435683382028158
373,pltd_kup125,1,125,diesel,0.037892,0.1953,-0.157408,0.026282650210274552
374,plts_kup125,1,125,solar,0.48221020456148594,0.0,0.48221020456148594,0.10136863764327467
375,batt_kup125,1,125,battery,0.19094914716507014,0.0,0.19094914716507014,0.03822943505757862
376,pltd_kup126,1,126,diesel,0.029046,0.1497,-0.120654,0.020146879769333974
377,plts_kup126,1,126,solar,0.36964495650129314,0.0,0.36964495650129314,0.07770576086552357
378,batt_kup126,1,126,battery,0.14637643587769247,0.0,0.14637643587769247,0.02930560611291305
379,pltd_kup127,1,127,diesel,0.050144,0.2585,-0.208356,0.034781102645970174
380,plts_kup127,1,127,solar,0.638128379967082,0.0,0.638128379967082,0.13414542911449484
381,batt_kup127,1,127,battery,0.2526912659196066,0.0,0.2526912659196066,0.050590643669646
382,pltd_kup128,1,128,diesel,0.03785774010421388,0.2234,-0.1855422598957861,0.02212664720069629
383,plts_kup128,1,128,solar,0.573160913756667,0.0,0.573160913756667,0.1251083346517281
384,batt_kup128,1,128,battery,0.25375960169870176,0.0,0.25375960169870176,0.050668219842590595
385,pltd_kup129,1,129,diesel,0.032949276184801576,0.1944,-0.16145072381519843,0.01925783146587414
386,plts_kup129,1,129,solar,0.4988477407668311,0.0,0.4988477407668311,0.10888741365769349
387,batt_kup129,1,129,battery,0.22085827736389255,0.0,0.22085827736389255,0.04409881828507571
388,pltd_kup130,1,130,diesel,0.030242,0.1559,-0.12565800000000002,0.020976550154566665
389,plts_kup130,1,130,solar,0.38485304490947564,0.0,0.38485304490947564,0.08090287292147715
390,batt_kup130,1,130,battery,0.15239778160500517,0.0,0.15239778160500517,0.03051111137736652
391,pltd_kup131,1,131,diesel,0.035023,0.1805,-0.145477,0.02429265263836971
392,plts_kup131,1,131,solar,0.44570420879379263,0.0,0.44570420879379263,0.09369417768858694
393,batt_kup131,1,131,battery,0.1764926904827283,0.0,0.1764926904827283,0.03533520152041737
394,pltd_kup132,1,132,diesel,0.028568,0.1473,-0.11873199999999999,0.01981533096900086
395,plts_kup132,1,132,solar,0.3635598401128615,0.0,0.3635598401128615,0.0764264673230281
396,batt_kup132,1,132,battery,0.1439662070333984,0.0,0.1439662070333984,0.028823084578622465
397,pltd_kup133,1,133,diesel,0.012229007307457764,0.1226,-0.11037099269254223,0.00399670047326273
398,plts_kup133,1,133,solar,0.34756075399200703,0.0,0.34756075399200703,0.07817477574595316
399,batt_kup133,1,133,battery,0.17452155947388867,0.0,0.17452155947388867,0.03522402827047088
400,pltd_kup134,1,134,diesel,0.03247944041666231,0.1916,-0.15912055958333768,0.018983052950261783
401,plts_kup134,1,134,solar,0.49173291737949076,0.0,0.49173291737949076,0.10733439767059298
402,batt_kup134,1,134,battery,0.21770840637063502,0.0,0.21770840637063502,0.0434698677464506
403,pltd_kup135,1,135,diesel,0.04819701580386835,0.2844,-0.23620298419613164,0.028169588894703147
404,plts_kup135,1,135,solar,0.7296920599778606,0.0,0.7296920599778606,0.15927574172904302
405,batt_kup135,1,135,battery,0.3230621706797827,0.0,0.3230621706797827,0.06450585015585111
406,pltd_kup136,1,136,diesel,0.023497626595401697,0.1386,-0.11510237340459831,0.013733539984722636
407,plts_kup136,1,136,solar,0.3557562644661367,0.0,0.3557562644661367,0.07765374911396802
408,batt_kup136,1,136,battery,0.1575072410511221,0.0,0.1575072410511221,0.0314495023979932
409,pltd_kup137,1,137,diesel,0.01137,0.0613,-0.04993,0.006752779259205664
410,plts_kup137,1,137,solar,0.1492543342990244,0.0,0.1492543342990244,0.03356560040009394
411,batt_kup137,1,137,battery,0.06846227280944499,0.0,0.06846227280944499,0.013383433622598875
412,pltd_kup138,1,138,diesel,0.009855983530562513,0.0591,-0.04924401646943749,0.0065761570770306275
413,plts_kup138,1,138,solar,0.1466817816824902,0.0,0.1466817816824902,0.03233592046346417
414,batt_kup138,1,138,battery,0.06564871004440034,0.0,0.06564871004440034,0.012978444843282632
415,pltd_kup139,1,139,diesel,0.03434211604868614,0.2061,-0.17175788395131386,0.022914382398681772
416,plts_kup139,1,139,solar,0.5110906428605166,0.0,0.5110906428605166,0.1126697317418009
417,batt_kup139,1,139,battery,0.2287421109120967,0.0,0.2287421109120967,0.04522123822193352
418,pltd_kup140,1,140,diesel,0.006622239705047897,0.0397,-0.0330777602949521,0.004418771373066481
419,plts_kup140,1,140,solar,0.09854990316942988,0.0,0.09854990316942988,0.021725258453072598
420,batt_kup140,1,140,battery,0.0441059128236739,0.0,0.0441059128236739,0.008719539104453897
421,pltd_kup141,1,141,diesel,0.014783930478628535,0.0887,-0.07391606952137146,0.009864181123669966
422,plts_kup141,1,141,solar,0.22002267252373528,0.0,0.22002267252373528,0.04850394169519626
423,batt_kup141,1,141,battery,0.09847364006660052,0.0,0.09847364006660052,0.019467761064377413
424,pltd_kup142,1,142,diesel,0.019764996149302973,0.1217,-0.10193500385069704,0.011778547419537424
425,plts_kup142,1,142,solar,0.30278629297131593,0.0,0.30278629297131593,0.06856411749080359
426,batt_kup142,1,142,battery,0.14405744762754544,0.0,0.14405744762754544,0.028294027380941656
427,pltd_kup143,1,143,diesel,0.014147541687794137,0.1577,-0.14355245831220587,0.005559035123460822
428,plts_kup143,1,143,solar,0.4399102277940702,0.0,0.4399102277940702,0.1001973867512109
429,batt_kup143,1,143,battery,0.2292879364546526,0.0,0.2292879364546526,0.045579929276551044
430,pltd_kup144,1,144,diesel,0.01061061290797484,0.1183,-0.10768938709202516,0.004169300586953986
431,plts_kup144,1,144,solar,0.3299321362234756,0.0,0.3299321362234756,0.07514796131825541
432,batt_kup144,1,144,battery,0.17196581036539424,0.0,0.17196581036539424,0.03418491624849768
433,pltd_kup145,1,145,diesel,0.01080414002378562,0.1205,-0.10969585997621438,0.004245253277017826
434,plts_kup145,1,145,solar,0.33594716635284455,0.0,0.33594716635284455,0.07651790400334854
435,batt_kup145,1,145,battery,0.17510061018257958,0.0,0.17510061018257958,0.03480808081101606
436,pltd_kup146,1,146,diesel,0.009505366929439799,0.106,-0.09649463307056019,0.0037349144054469275
437,plts_kup146,1,146,solar,0.2955650658023949,0.0,0.2955650658023949,0.06732015984079272
438,batt_kup146,1,146,battery,0.154053115120967,0.0,0.154053115120967,0.030624075856883076
439,pltd_kup147,1,147,diesel,0.00815,0.0462,-0.03805,0.005048375498334529
440,plts_kup147,1,147,solar,0.11305020308922437,0.0,0.11305020308922437,0.025360856376325288
441,batt_kup147,1,147,battery,0.052005240876948584,0.0,0.052005240876948584,0.010190038142656729
442,pltd_kup148,1,148,diesel,0.007340510487625909,0.0441,-0.036759489512374094,0.004897705653932875
443,plts_kup148,1,148,solar,0.10924850030702375,0.0,0.10924850030702375,0.02408373970313165
444,batt_kup148,1,148,battery,0.04889534300080299,0.0,0.04889534300080299,0.009666391667183014
445,pltd_kup149,1,149,diesel,0.015376,0.0872,-0.071824,0.009524361756718785
446,plts_kup149,1,149,solar,0.21328967512344738,0.0,0.21328967512344738,0.047847751776221525
447,batt_kup149,1,149,battery,0.09811759171574888,0.0,0.09811759171574888,0.019225444426306488
448,pltd_kup150,1,150,diesel,0.029557,0.1676,-0.138043,0.018308723231444973
449,plts_kup150,1,150,solar,0.4099962209326051,0.0,0.4099962209326051,0.09197547229342634
450,batt_kup150,1,150,battery,0.18860575980589536,0.0,0.18860575980589536,0.03695594334137616
451,pltd_kup151,1,151,diesel,0.016683317688638465,0.1001,-0.08341668231136153,0.011131766085723553
452,plts_kup151,1,151,solar,0.2482877521137405,0.0,0.2482877521137405,0.054734879039865854
453,batt_kup151,1,151,battery,0.11112254642860515,0.0,0.11112254642860515,0.021968422900383314
454,pltd_kup152,1,152,diesel,0.027767,0.1497,-0.121933,0.016490881852809353
455,plts_kup152,1,152,solar,0.36451479324488495,0.0,0.36451479324488495,0.08197520817020801
456,batt_kup152,1,152,battery,0.16720327320295253,0.0,0.16720327320295253,0.03268596828469913
457,pltd_kup153,1,153,diesel,0.011598,0.0625,-0.050902,0.006888058379424763
458,plts_kup153,1,153,solar,0.1522565315244904,0.0,0.1522565315244904,0.03424077627636801
459,batt_kup153,1,153,battery,0.06984056265173509,0.0,0.06984056265173509,0.013652876447024778
460,pltd_kup154,1,154,diesel,0.017984,0.102,-0.084016,0.011139834764523437
461,plts_kup154,1,154,solar,0.24946507214762204,0.0,0.24946507214762204,0.055963208207207606
462,batt_kup154,1,154,battery,0.11475929039446062,0.0,0.11475929039446062,0.022486235906726323
463,pltd_kup155,1,155,diesel,0.020265761615309828,0.1248,-0.10453423838469017,0.012077047356514879
464,plts_kup155,1,155,solar,0.31044996715568207,0.0,0.31044996715568207,0.07029952421403547
465,batt_kup155,1,155,battery,0.14770293241843663,0.0,0.14770293241843663,0.02901002149813683
466,pltd_kup156,1,156,diesel,0.012959232540830591,0.0798,-0.0668407674591694,0.007722564864439486
467,plts_kup156,1,156,solar,0.1985384278519816,0.0,0.1985384278519816,0.044957886078497926
468,batt_kup156,1,156,battery,0.09446057542916578,0.0,0.09446057542916578,0.018552790123061363
469,pltd_kup157,1,157,diesel,0.02809,0.1593,-0.13121,0.01740006295060092
470,plts_kup157,1,157,solar,0.38964660747433677,0.0,0.38964660747433677,0.0874103953629838
471,batt_kup157,1,157,battery,0.17924446038843453,0.0,0.17924446038843453,0.03512166729048251
472,pltd_kup158,1,158,diesel,0.013510110164104807,0.0832,-0.06968988983589519,0.008050910555281217
473,plts_kup158,1,158,solar,0.20696846945478434,0.0,0.20696846945478434,0.046866894974053004
474,batt_kup158,1,158,battery,0.09847097669914606,0.0,0.09847097669914606,0.019340452312685386
475,pltd_kup159,1,159,diesel,0.014768758706828986,0.0721,-0.05733124129317101,0.009347907123090592
476,plts_kup159,1,159,solar,0.17133594771241828,0.0,0.17133594771241828,0.03785158913819607
477,batt_kup159,1,159,battery,0.07459597287843137,0.0,0.07459597287843137,0.01458010657521509
478,pltd_kup160,1,160,diesel,0.015968194778489583,0.1756,-0.15963180522151044,0.0054785836128010655
479,plts_kup160,1,160,solar,0.4896098035888715,0.0,0.4896098035888715,0.11234936986837903
480,batt_kup160,1,160,battery,0.2578548113005784,0.0,0.2578548113005784,0.0512461557869195
481,pltd_kup161,1,161,diesel,0.02682004087247354,0.1651,-0.13827995912752644,0.015982646542178597
482,plts_kup161,1,161,solar,0.4108714692358222,0.0,0.4108714692358222,0.09303936625881323
483,batt_kup161,1,161,battery,0.1954822874819356,0.0,0.1954822874819356,0.038394256840882025
484,pltd_kup162,1,162,diesel,0.01891480216072987,0.1165,-0.09758519783927014,0.011272004742225348
485,plts_kup162,1,162,solar,0.28975257280490474,0.0,0.28975257280490474,0.06561273506722137
486,batt_kup162,1,162,battery,0.13785554222246554,0.0,0.13785554222246554,0.027075921668722046
487,pltd_kup163,1,163,diesel,0.008870104404764765,0.0989,-0.09002989559523523,0.003485321359602108
488,plts_kup163,1,163,solar,0.2758027718442504,0.0,0.2758027718442504,0.06281904792586684
489,batt_kup163,1,163,battery,0.14375247237250147,0.0,0.14375247237250147,0.028576388708469486
490,pltd_kup164,1,164,diesel,0.014311084627049116,0.0881,-0.07378891537295088,0.008528623405066417
491,plts_kup164,1,164,solar,0.21923034814977008,0.0,0.21923034814977008,0.04964337573122399
492,batt_kup164,1,164,battery,0.10430320036457193,0.0,0.10430320036457193,0.020485983115600327
493,pltd_kup165,1,165,diesel,0.00895273327772829,0.0998,-0.09084726672227171,0.003517885307996848
494,plts_kup165,1,165,solar,0.2783799319140731,0.0,0.2783799319140731,0.06340608456933
495,batt_kup165,1,165,battery,0.1450960012980135,0.0,0.1450960012980135,0.028843481865686527
496,pltd_kup166,1,166,diesel,0.01576236076949711,0.097,-0.0812376392305029,0.009393269551905973
497,plts_kup166,1,166,solar,0.24146047733742063,0.0,0.24146047733742063,0.054677303222684485
498,batt_kup166,1,166,battery,0.11487996351872129,0.0,0.11487996351872129,0.022563303507899476
499,pltd_kup167,1,167,diesel,0.009457429293698267,0.0582,-0.04874257070630174,0.005635958485906473
500,plts_kup167,1,167,solar,0.14487628640245237,0.0,0.14487628640245237,0.032806381533610686
501,batt_kup167,1,167,battery,0.06892788611123277,0.0,0.06892788611123277,0.013537969732547686
502,pltd_kup168,1,168,diesel,0.009588281269052102,0.1069,-0.09731171873094789,0.0037675717613886734
503,plts_kup168,1,168,solar,0.298141961155404,0.0,0.298141961155404,0.06790720642267414
504,batt_kup168,1,168,battery,0.15539640292170423,0.0,0.15539640292170423,0.030891082747653776
505,pltd_kup169,1,169,diesel,0.061124,0.3466,-0.285476,0.03767142924159361
506,plts_kup169,1,169,solar,0.8661914727979243,0.0,0.8661914727979243,0.19033493627592926
507,batt_kup169,1,169,battery,0.38405131916670027,0.0,0.38405131916670027,0.07607909666426715
508,pltd_kup170,1,170,diesel,0.045096,0.2557,-0.21060399999999999,0.027793187576126754
509,plts_kup170,1,170,solar,0.6390569837843112,0.0,0.6390569837843112,0.1404249017747578
510,batt_kup170,1,170,battery,0.2833444454457754,0.0,0.2833444454457754,0.05612944223560348
511,pltd_kup171,1,171,diesel,0.039772,0.2255,-0.185728,0.02451214581047904
512,plts_kup171,1,171,solar,0.5635994200945507,0.0,0.5635994200945507,0.12384398457841182
513,batt_kup171,1,171,battery,0.24988682256852546,0.0,0.24988682256852546,0.04950162348670068
514,pltd_kup172,1,172,diesel,0.016952,0.0961,-0.07914800000000001,0.010447793195746872
515,plts_kup172,1,172,solar,0.2402221778121908,0.0,0.2402221778121908,0.05278590547145806
516,batt_kup172,1,172,battery,0.1065092144515359,0.0,0.1065092144515359,0.02109905846824384
517,pltd_kup173,1,173,diesel,0.032219,0.1827,-0.150481,0.019857035760575053
518,plts_kup173,1,173,solar,0.45657912866311146,0.0,0.45657912866311146,0.10032766493475262
519,batt_kup173,1,173,battery,0.20243768177678415,0.0,0.20243768177678415,0.04010213826904526
520,pltd_kup174,1,174,diesel,0.033594,0.1811,-0.14750600000000003,0.01995135202887041
521,plts_kup174,1,174,solar,0.44102072216053195,0.0,0.44102072216053195,0.09918053016287297
522,batt_kup174,1,174,battery,0.20229794333090778,0.0,0.20229794333090778,0.03954650916075255
523,pltd_kup175,1,175,diesel,0.026569,0.1506,-0.12403100000000002,0.01637492744316859
524,plts_kup175,1,175,solar,0.3765024819859491,0.0,0.3765024819859491,0.08273180377466056
525,batt_kup175,1,175,battery,0.16693254491387205,0.0,0.16693254491387205,0.03306869490866274
526,pltd_kup176,1,176,diesel,0.017115,0.097,-0.07988500000000001,0.010548162839356777
527,plts_kup176,1,176,solar,0.24253208991201997,0.0,0.24253208991201997,0.053293510983447236
528,batt_kup176,1,176,battery,0.10753363424075273,0.0,0.10753363424075273,0.02130197470713073
529,pltd_kup177,1,177,diesel,0.056234,0.3189,-0.262666,0.034657784749328256
530,plts_kup177,1,177,solar,0.7968963334398177,0.0,0.7968963334398177,0.17510812202069384
531,batt_kup177,1,177,battery,0.35332684226851047,0.0,0.35332684226851047,0.06999272161814273
532,pltd_kup178,1,178,diesel,0.021407,0.1214,-0.099993,0.013193395115798666
533,plts_kup178,1,178,solar,0.30335977930069336,0.0,0.30335977930069336,0.06665956927786389
534,batt_kup178,1,178,battery,0.13450335553337342,0.0,0.13450335553337342,0.02664460301216775
535,pltd_kup179,1,179,diesel,0.02064104283598868,0.1041,-0.08345895716401132,0.013612985222740069
536,plts_kup179,1,179,solar,0.25391082210868554,0.0,0.25391082210868554,0.05453842064626103
537,batt_kup179,1,179,battery,0.1068578221853228,0.0,0.1068578221853228,0.020918984673974853
538,pltd_kup180,1,180,diesel,0.022176037022212616,0.1331,-0.11092396297778738,0.014796752513218997
539,plts_kup180,1,180,solar,0.33003164706438054,0.0,0.33003164706438054,0.07275530959656627
540,batt_kup180,1,180,battery,0.14770772738462992,0.0,0.14770772738462992,0.02920114270345007
541,pltd_kup181,1,181,diesel,0.020893065146539755,0.1254,-0.10450693485346026,0.013940863923516985
542,plts_kup181,1,181,solar,0.3109300458173917,0.0,0.3109300458173917,0.06854439797586317
543,batt_kup181,1,181,battery,0.1391578162736762,0.0,0.1391578162736762,0.027510853841376203
544,pltd_kup182,1,182,diesel,0.0438461507551104,0.2212,-0.17735384924488962,0.028916796362510135
545,plts_kup182,1,182,solar,0.5393776126335346,0.0,0.5393776126335346,0.1158547363301543
546,batt_kup182,1,182,battery,0.22699685410589873,0.0,0.22699685410589873,0.044437987939975235
547,pltd_kup183,1,183,diesel,0.026539203451589687,0.1593,-0.1327607965484103,0.017707883421538166
548,plts_kup183,1,183,solar,0.3949695337962307,0.0,0.3949695337962307,0.08707086650333003
549,batt_kup183,1,183,battery,0.1767717164730055,0.0,0.1767717164730055,0.034946940856825794
550,pltd_kup184,1,184,diesel,0.015865,0.09,-0.07413499999999999,0.009777892741713335
551,plts_kup184,1,184,solar,0.22482531812604062,0.0,0.22482531812604062,0.04940252602763335
552,batt_kup184,1,184,battery,0.0996823995244795,0.0,0.0996823995244795,0.01974673114567081
553,pltd_kup185,1,185,diesel,0.034338,0.1947,-0.160362,0.021162832305227995
554,plts_kup185,1,185,solar,0.4866079357977776,0.0,0.4866079357977776,0.10692607708289072
555,batt_kup185,1,185,battery,0.2157518760215118,0.0,0.2157518760215118,0.042739625878279064
556,pltd_kup186,1,186,diesel,0.022106387404072118,0.1115,-0.08939361259592789,0.014579336858391996
557,plts_kup186,1,186,solar,0.2719414770088249,0.0,0.2719414770088249,0.05841131297261703
558,batt_kup186,1,186,battery,0.11444643502786807,0.0,0.11444643502786807,0.022404565219652815
559,pltd_kup187,1,187,diesel,0.013617506514363885,0.0687,-0.05508249348563611,0.00898087501360307
560,plts_kup187,1,187,solar,0.16752438457965632,0.0,0.16752438457965632,0.0359830650467255
561,batt_kup187,1,187,battery,0.0705029449883883,0.0,0.0705029449883883,0.013802007082435574
562,pltd_kup188,1,188,diesel,0.198824,1.0721,-0.873276,0.11808234230893308
563,plts_kup188,1,188,solar,2.610107196449047,0.0,2.610107196449047,0.5869833906497872
564,batt_kup188,1,188,battery,1.1972596382214709,0.0,1.1972596382214709,0.23404808171003133
565,pltd_kup189,1,189,diesel,0.183284,0.9883,-0.805016,0.10885303376655518
566,plts_kup189,1,189,solar,2.4060976193595875,0.0,2.4060976193595875,0.5411040115488337
567,batt_kup189,1,189,battery,1.1036800267317108,0.0,1.1036800267317108,0.21575450323792417
568,pltd_kup190,1,190,diesel,0.583904,3.1485,-2.564596,0.3467827612745786
569,plts_kup190,1,190,solar,7.66531088109174,0.0,7.66531088109174,1.7238412689623155
570,batt_kup190,1,190,battery,3.516087353405422,0.0,3.516087353405422,0.6873474999512205
571,pltd_kup191,1,191,diesel,0.109182,0.5887,-0.479518,0.06484357974112633
572,plts_kup191,1,191,solar,1.433308797966031,0.0,1.433308797966031,0.3223347882617058
573,batt_kup191,1,191,battery,0.6574603997773564,0.0,0.6574603997773564,0.1285246277239394
574,pltd_kup192,1,192,diesel,0.033652,0.1815,-0.14784799999999998,0.019986383742554764
575,plts_kup192,1,192,solar,0.44176534203445444,0.0,0.44176534203445444,0.09934792654730325
576,batt_kup192,1,192,battery,0.20263693730237362,0.0,0.20263693730237362,0.0396127889930718
577,pltd_kup193,1,193,diesel,0.025996,0.1402,-0.114204,0.01543931161290158
578,plts_kup193,1,193,solar,0.3412618081401535,0.0,0.3412618081401535,0.07674592825059556
579,batt_kup193,1,193,battery,0.156536530715194,0.0,0.156536530715194,0.030600781216562407
580,pltd_kup194,1,194,diesel,0.019425,0.1047,-0.085275,0.011536390253165999
581,plts_kup194,1,194,solar,0.2550123374886746,0.0,0.2550123374886746,0.057349352252348454
582,batt_kup194,1,194,battery,0.11697530106685405,0.0,0.11697530106685405,0.02286708027517857
583,pltd_kup195,1,195,diesel,0.058333,0.3145,-0.256167,0.034644057027235976
584,plts_kup195,1,195,solar,0.76578230442551,0.0,0.76578230442551,0.17221575126323757
585,batt_kup195,1,195,battery,0.3512659568917195,0.0,0.3512659568917195,0.06866774479854695
586,pltd_kup196,1,196,diesel,0.011427,0.0616,-0.050173,0.006786704004913771
587,plts_kup196,1,196,solar,0.15000443945969333,0.0,0.15000443945969333,0.03373432030664174
588,batt_kup196,1,196,battery,0.06880662144708607,0.0,0.06880662144708607,0.013450752650395135
589,pltd_kup197,1,197,diesel,0.016426650132385257,0.0829,-0.06647334986761474,0.010833456443667896
590,plts_kup197,1,197,solar,0.20208081746400372,0.0,0.20208081746400372,0.043405573120575934
591,batt_kup197,1,197,battery,0.0850460356758012,0.0,0.0850460356758012,0.016649027244635288
592,pltd_kup198,1,198,diesel,0.037822,0.2039,-0.166078,0.022462538702298595
593,plts_kup198,1,198,solar,0.4965215210510654,0.0,0.4965215210510654,0.11166208116103313
594,batt_kup198,1,198,battery,0.2277558014020214,0.0,0.2277558014020214,0.04452317403856754
595,pltd_kup199,1,199,diesel,0.064047,0.3453,-0.281253,0.03803791574169239
596,plts_kup199,1,199,solar,0.8407816494416775,0.0,0.8407816494416775,0.1890822427623303
597,batt_kup199,1,199,battery,0.38566670243235446,0.0,0.38566670243235446,0.07539261439195831
598,pltd_kup200,1,200,diesel,0.078044,0.4208,-0.342756,0.046350420412804995
599,plts_kup200,1,200,solar,1.0245438235464017,0.0,1.0245438235464017,0.23040821597138972
600,batt_kup200,1,200,battery,0.4699601917073959,0.0,0.4699601917073959,0.09187085352332282
601,pltd_kup201,1,201,diesel,0.035823,0.1932,-0.15737700000000002,0.02127555410840989
602,plts_kup201,1,201,solar,0.470267359082569,0.0,0.470267359082569,0.10575783831672209
603,batt_kup201,1,201,battery,0.21571144956765628,0.0,0.21571144956765628,0.042168664259320976
604,pltd_kup202,1,202,diesel,0.013084,0.0705,-0.057415999999999995,0.007770874679367523
605,plts_kup202,1,202,solar,0.17175476557473285,0.0,0.17175476557473285,0.03862566214126692
606,batt_kup202,1,202,battery,0.0787829416481453,0.0,0.0787829416481453,0.015400996732246718
607,pltd_kup203,1,203,diesel,0.082329,0.4439,-0.36157100000000003,0.04889539546512785
608,plts_kup203,1,203,solar,1.0807954358839134,0.0,1.0807954358839134,0.2430585262249573
609,batt_kup203,1,203,battery,0.4957625704387235,0.0,0.4957625704387235,0.09691488122973979
610,pltd_kup204,1,204,diesel,0.065932,0.3555,-0.289568,0.039157168360348805
611,plts_kup204,1,204,solar,0.8655355531540561,0.0,0.8655355531540561,0.1946491178772156
612,batt_kup204,1,204,battery,0.39702231421796763,0.0,0.39702231421796763,0.0776124897882453
613,pltd_kup205,1,205,diesel,0.07833,0.4224,-0.34407,0.046520496041127186
614,plts_kup205,1,205,solar,1.02829144480166,0.0,1.02829144480166,0.23125106724702538
615,batt_kup205,1,205,battery,0.4716784230906642,0.0,0.4716784230906642,0.09220674044200775
616,pltd_kup206,1,206,diesel,0.055705,0.3004,-0.244695,0.03308341324822259
617,plts_kup206,1,206,solar,0.7312797699014707,0.0,0.7312797699014707,0.16445652826684312
618,batt_kup206,1,206,battery,0.335439014469008,0.0,0.335439014469008,0.06557379034864357
619,pltd_kup207,1,207,diesel,0.06816,0.3675,-0.29934,0.04048046745961664
620,plts_kup207,1,207,solar,0.8947873632874477,0.0,0.8947873632874477,0.20122742395046636
621,batt_kup207,1,207,battery,0.41044020664778086,0.0,0.41044020664778086,0.08023551519722832
622,pltd_kup208,1,208,diesel,0.094727,0.5108,-0.416073,0.056258686246820386
623,plts_kup208,1,208,solar,1.243551459601823,0.0,1.243551459601823,0.27966060448793645
624,batt_kup208,1,208,battery,0.5704190271612402,0.0,0.5704190271612402,0.11150921450714986
625,pltd_kup209,1,209,diesel,0.026967,0.1454,-0.118433,0.016015874867983917
626,plts_kup209,1,209,solar,0.3540136203382359,0.0,0.3540136203382359,0.07961365476617425
627,batt_kup209,1,209,battery,0.16238633938738475,0.0,0.16238633938738475,0.031744329171559144
628,pltd_kup210,1,210,diesel,0.058333,0.3145,-0.256167,0.034644057027235976
629,plts_kup210,1,210,solar,0.76578230442551,0.0,0.76578230442551,0.17221575126323757
630,batt_kup210,1,210,battery,0.3512659568917195,0.0,0.3512659568917195,0.06866774479854695
631,pltd_kup211,1,211,diesel,0.015637947517200743,0.1097,-0.09406205248279927,0.008822069604410463
632,plts_kup211,1,211,solar,0.28934957561937497,0.0,0.28934957561937497,0.06383030666830924
633,batt_kup211,1,211,battery,0.13433284751568655,0.0,0.13433284751568655,0.026835212690299197
634,pltd_kup212,1,212,diesel,0.03162728102715409,0.2218,-0.1901727189728459,0.01784220094866956
635,plts_kup212,1,212,solar,0.5852018675810746,0.0,0.5852018675810746,0.12909496178438792
636,batt_kup212,1,212,battery,0.2716844640708074,0.0,0.2716844640708074,0.054273491924868765
637,pltd_kup213,1,213,diesel,0.024564,0.1266,-0.10203599999999999,0.01703820570656923
638,plts_kup213,1,213,solar,0.31259816600047025,0.0,0.31259816600047025,0.06571357353192094
639,batt_kup213,1,213,battery,0.12378549597133481,0.0,0.12378549597133481,0.0247827420954302
640,pltd_kup214,1,214,diesel,0.013749064765477359,0.0964,-0.08265093523452265,0.007756455221149684
641,plts_kup214,1,214,solar,0.254399603427325,0.0,0.254399603427325,0.056120373189330476
642,batt_kup214,1,214,battery,0.11810717678681952,0.0,0.11810717678681952,0.023593865136916754
643,pltd_kup215,1,215,diesel,0.01686782115162296,0.1183,-0.10143217884837705,0.009515796769410516
644,plts_kup215,1,215,solar,0.31210763973378436,0.0,0.31210763973378436,0.0688507235918246
645,batt_kup215,1,215,battery,0.14489876106588354,0.0,0.14489876106588354,0.02894593419888931
646,pltd_kup216,1,216,diesel,0.015110817165208349,0.106,-0.09088918283479165,0.008524667645002903
647,plts_kup216,1,216,solar,0.2795959831665933,0.0,0.2795959831665933,0.06167867376418304
648,batt_kup216,1,216,battery,0.12980485081463794,0.0,0.12980485081463794,0.025930673021270542
649,pltd_kup217,1,217,diesel,0.028967,0.1562,-0.127233,0.01720378500072409
650,plts_kup217,1,217,solar,0.3802637135926044,0.0,0.3802637135926044,0.08551696777633605
651,batt_kup217,1,217,battery,0.17442660060071985,0.0,0.17442660060071985,0.03409804332654006
652,pltd_kup218,1,218,diesel,0.009180724794224772,0.0644,-0.05521927520577523,0.005179207821126685
653,plts_kup218,1,218,solar,0.1698711218765748,0.0,0.1698711218765748,0.037473391312086476
654,batt_kup218,1,218,battery,0.07886383113316038,0.0,0.07886383113316038,0.015754356510124107
655,pltd_kup219,1,219,diesel,0.011948102704413327,0.0838,-0.07185189729558668,0.006740315169755474
656,plts_kup219,1,219,solar,0.2210766935145598,0.0,0.2210766935145598,0.04876931509275532
657,batt_kup219,1,219,battery,0.10263661834334523,0.0,0.10263661834334523,0.020503363898513295
658,pltd_kup220,1,220,diesel,0.022578309722124726,0.1583,-0.13572169027787528,0.012737292280288385
659,plts_kup220,1,220,solar,0.4177692704292169,0.0,0.4177692704292169,0.09215951204585343
660,batt_kup220,1,220,battery,0.19395279121980746,0.0,0.19395279121980746,0.03874528980759402
661,pltd_kup221,1,221,diesel,0.016626945835052354,0.1045,-0.08787305416494764,0.004313531310324299
662,plts_kup221,1,221,solar,0.47480823418589346,0.0,0.47480823418589346,0.10517978349928256
663,batt_kup221,1,221,battery,0.22659253582025723,0.0,0.22659253582025723,0.04509456027049336
664,pltd_kup222,1,222,diesel,0.01540819225633042,0.0968,-0.08139180774366958,0.003997337028011052
665,plts_kup222,1,222,solar,0.44000689795707676,0.0,0.44000689795707676,0.09747061425517856
666,batt_kup222,1,222,battery,0.20998458905864353,0.0,0.20998458905864353,0.04178938149799293
667,pltd_kup223,1,223,diesel,0.078413,0.4042,-0.325787,0.05438902357986245
668,plts_kup223,1,223,solar,0.9978838466964496,0.0,0.9978838466964496,0.2097726342006132
669,batt_kup223,1,223,battery,0.39515277224250916,0.0,0.39515277224250916,0.07911238411324598
670,pltd_kup224,1,224,diesel,0.139135,0.7172,-0.5780649999999999,0.09650730022829215
671,plts_kup224,1,224,solar,1.7706371972725137,0.0,1.7706371972725137,0.3722186485980871
672,batt_kup224,1,224,battery,0.7011553975624367,0.0,0.7011553975624367,0.1403763262203608
673,pltd_kup225,1,225,diesel,0.07340271365270616,0.3703,-0.29689728634729384,0.048409738814064456
674,plts_kup225,1,225,solar,0.9029679516953089,0.0,0.9029679516953089,0.19395160337287506
675,batt_kup225,1,225,battery,0.3800134093009754,0.0,0.3800134093009754,0.07439322694678131
676,pltd_kup226,1,226,diesel,0.039565,0.2039,-0.164335,0.02744311618904046
677,plts_kup226,1,226,solar,0.503508111920997,0.0,0.503508111920997,0.10584579113180093
678,batt_kup226,1,226,battery,0.19938344290270804,0.0,0.19938344290270804,0.039918049715886424
679,pltd_kup227,1,227,diesel,0.024504,0.1263,-0.101796,0.016996402213439774
680,plts_kup227,1,227,solar,0.31184105337408885,0.0,0.31184105337408885,0.06555420242230961
681,batt_kup227,1,227,battery,0.1234856834577127,0.0,0.1234856834577127,0.024722752378243982
682,pltd_kup228,1,228,diesel,0.072317,0.3728,-0.300483,0.05016072864049738
683,plts_kup228,1,228,solar,0.9203056665882905,0.0,0.9203056665882905,0.19346403064443146
684,batt_kup228,1,228,battery,0.36443134927028487,0.0,0.36443134927028487,0.07296179205966001
685,pltd_kup229,1,229,diesel,0.07059373788923025,0.3561,-0.2855062621107698,0.04655715482062146
686,plts_kup229,1,229,solar,0.8684115188109615,0.0,0.8684115188109615,0.18652906129902458
687,batt_kup229,1,229,battery,0.36547008861356245,0.0,0.36547008861356245,0.07154615959679979
688,pltd_kup230,1,230,diesel,0.087079,0.4489,-0.361821,0.06039998251623633
689,plts_kup230,1,230,solar,1.1081683517517047,0.0,1.1081683517517047,0.23295640892041564
690,batt_kup230,1,230,battery,0.4388246797439147,0.0,0.4388246797439147,0.08785579340613443
691,pltd_kup231,1,231,diesel,0.061494757182924464,0.3102,-0.2487052428170755,0.040556346863839715
692,plts_kup231,1,231,solar,0.7564793311658151,0.0,0.7564793311658151,0.16248673770134694
693,batt_kup231,1,231,battery,0.31836346262888987,0.0,0.31836346262888987,0.06232434199983062
694,pltd_kup232,1,232,diesel,0.056397,0.3198,-0.26340299999999994,0.03475811736996877
695,plts_kup232,1,232,solar,0.7992069488683022,0.0,0.7992069488683022,0.17561586291807213
696,batt_kup232,1,232,battery,0.3543518651651438,0.0,0.3543518651651438,0.0701957571452753
697,pltd_kup233,1,233,diesel,0.043357607002112886,0.2187,-0.17534239299788712,0.028594700704283823
698,plts_kup233,1,233,solar,0.5333673943334882,0.0,0.5333673943334882,0.11456374830895982
699,batt_kup233,1,233,battery,0.2244671631583837,0.0,0.2244671631583837,0.04394276818756137
700,pltd_kup234,1,234,diesel,0.1333094663091939,0.6725,-0.539190533690806,0.08791866185761589
701,plts_kup234,1,234,solar,1.6399163957268927,0.0,1.6399163957268927,0.3522432942683697
702,batt_kup234,1,234,battery,0.6901580086112401,0.0,0.6901580086112401,0.13510860097548322
703,pltd_kup235,1,235,diesel,0.04775475514657093,0.2409,-0.19314524485342907,0.03149465825748148
704,plts_kup235,1,235,solar,0.587454714352067,0.0,0.587454714352067,0.12618128224177633
705,batt_kup235,1,235,battery,0.24722911716442175,0.0,0.24722911716442175,0.04839876339928981
706,pltd_kup236,1,236,diesel,0.039266,0.2024,-0.163134,0.027235811019202187
707,plts_kup236,1,236,solar,0.4997037385375029,0.0,0.4997037385375029,0.10504653689489112
708,batt_kup236,1,236,battery,0.19787874219221213,0.0,0.19787874219221213,0.03961671033911844
709,pltd_kup237,1,237,diesel,0.019418957158741704,0.098,-0.0785810428412583,0.01280694437313697
710,plts_kup237,1,237,solar,0.23888992104040874,0.0,0.23888992104040874,0.05131196646335346
711,batt_kup237,1,237,battery,0.10053724933813282,0.0,0.10053724933813282,0.019681653494827474
712,pltd_kup238,1,238,diesel,0.080146,0.4131,-0.332954,0.055591141733523516
713,plts_kup238,1,238,solar,1.0199435692452385,0.0,1.0199435692452385,0.21440951526160676
714,batt_kup238,1,238,battery,0.4038869677467568,0.0,0.4038869677467568,0.08086111602524923
715,pltd_kup239,1,239,diesel,0.01754,0.0946,-0.07706,0.010416998414870798
716,plts_kup239,1,239,solar,0.2302597182786087,0.0,0.2302597182786087,0.05178276987537738
717,batt_kup239,1,239,battery,0.10562037547656512,0.0,0.10562037547656512,0.020647356516055124
718,pltd_kup240,1,240,diesel,0.039571662569005614,0.1996,-0.16002833743099437,0.026097907090644436
719,plts_kup240,1,240,solar,0.48679052484904783,0.0,0.48679052484904783,0.10455939500241525
720,batt_kup240,1,240,battery,0.20486515057594054,0.0,0.20486515057594054,0.04010537507529756
721,pltd_kup241,1,241,diesel,0.020141,0.1038,-0.08365900000000001,0.013970238899570074
722,plts_kup241,1,241,solar,0.25631789325182225,0.0,0.25631789325182225,0.05388227007107075
723,batt_kup241,1,241,battery,0.10149891221500934,0.0,0.10149891221500934,0.02032085154655202
724,pltd_kup242,1,242,diesel,0.04427373993085334,0.2234,-0.17912626006914664,0.029198867730051568
725,plts_kup242,1,242,solar,0.5446353924756154,0.0,0.5446353924756154,0.11698408672039017
726,batt_kup242,1,242,battery,0.22920936255457502,0.0,0.22920936255457502,0.044871110492538294
727,pltd_kup243,1,243,diesel,0.032692,0.1685,-0.135808,0.02267579311225711
728,plts_kup243,1,243,solar,0.4160404420409123,0.0,0.4160404420409123,0.08745869565186805
729,batt_kup243,1,243,battery,0.16474736211482433,0.0,0.16474736211482433,0.03298363883938739
730,pltd_kup244,1,244,diesel,0.127808,0.6892,-0.561392,0.075905813256845
731,plts_kup244,1,244,solar,1.6778163859144066,0.0,1.6778163859144066,0.37732171356456673
732,batt_kup244,1,244,battery,0.7696151155040133,0.0,0.7696151155040133,0.1504493623492374
733,pltd_kup245,1,245,diesel,0.086043,0.464,-0.37795700000000004,0.051101232915915173
734,plts_kup245,1,245,solar,1.129546104218331,0.0,1.129546104218331,0.25402213443517413
735,batt_kup245,1,245,battery,0.5181243188111684,0.0,0.5181243188111684,0.10128628739298154
736,pltd_kup246,1,246,diesel,0.134721,0.7264,-0.5916790000000001,0.08001139547355039
737,plts_kup246,1,246,solar,1.7685705807107377,0.0,1.7685705807107377,0.3977313436642234
738,batt_kup246,1,246,battery,0.8112447094315224,0.0,0.8112447094315224,0.15858736784252478
739,pltd_kup247,1,247,diesel,0.163744,0.8829,-0.719156,0.09724803005584787
740,plts_kup247,1,247,solar,2.149589356469534,0.0,2.149589356469534,0.48341819427298033
741,batt_kup247,1,247,battery,0.9860203119367763,0.0,0.9860203119367763,0.19275363841614723
742,pltd_kup248,1,248,diesel,0.082786,0.4464,-0.363614,0.04916673245846985
743,plts_kup248,1,248,solar,1.0867958212895323,0.0,1.0867958212895323,0.2444081065587635
744,batt_kup248,1,248,battery,0.4985155727463322,0.0,0.4985155727463322,0.09745303583454634
745,pltd_kup249,1,249,diesel,0.117238,0.6322,-0.514962,0.06962814004276228
746,plts_kup249,1,249,solar,1.5390615438088016,0.0,1.5390615438088016,0.346117437151084
747,batt_kup249,1,249,battery,0.7059689667653501,0.0,0.7059689667653501,0.13800738909942384
748,pltd_kup250,1,250,diesel,0.125351,0.6759,-0.550549,0.07444650253334673
749,plts_kup250,1,250,solar,1.645565859319639,0.0,1.645565859319639,0.37006906147965596
750,batt_kup250,1,250,battery,0.7548227292095999,0.0,0.7548227292095999,0.14755762337568293
751,pltd_kup251,1,251,diesel,0.120094,0.6476,-0.5275059999999999,0.07132417896119478
752,plts_kup251,1,251,solar,1.5765662755583065,0.0,1.5765662755583065,0.3545518410237525
753,batt_kup251,1,251,battery,0.7231739690303519,0.0,0.7231739690303519,0.14137072035455323
754,pltd_kup252,1,252,diesel,0.238589,1.2865,-1.047911,0.14169884698278842
755,plts_kup252,1,252,solar,3.132128357317675,0.0,3.132128357317675,0.7043800179611011
756,batt_kup252,1,252,battery,1.4367115014231955,0.0,1.4367115014231955,0.28085767156580743
757,pltd_kup253,1,253,diesel,0.015026,0.081,-0.065974,0.008924037911382458
758,plts_kup253,1,253,solar,0.19725806616147099,0.0,0.19725806616147099,0.04436111488047592
759,batt_kup253,1,253,battery,0.0904825000488273,0.0,0.0904825000488273,0.01768810021763626
760,pltd_kup254,1,254,diesel,0.01414445939007866,0.0992,-0.08505554060992133,0.007979429838358948
761,plts_kup254,1,254,solar,0.261715265847852,0.0,0.261715265847852,0.05773421441460029
762,batt_kup254,1,254,battery,0.12150349245182046,0.0,0.12150349245182046,0.024272334502845844
763,pltd_kup255,1,255,diesel,0.022412,0.1155,-0.093088,0.015545359941893731
764,plts_kup255,1,255,solar,0.2852198448154244,0.0,0.2852198448154244,0.05995818880118435
765,batt_kup255,1,255,battery,0.11294496777282531,0.0,0.11294496777282531,0.022612379105086552
766,pltd_kup256,1,256,diesel,0.026058,0.1343,-0.108242,0.018074392578040333
767,plts_kup256,1,256,solar,0.3316153303550435,0.0,0.3316153303550435,0.06971102912506942
768,batt_kup256,1,256,battery,0.13131553879256583,0.0,0.13131553879256583,0.02629035607756866
769,pltd_kup257,1,257,diesel,0.01542,0.0795,-0.06408,0.010695769953862207
770,plts_kup257,1,257,solar,0.19622854455678346,0.0,0.19622854455678346,0.04125056846622035
771,batt_kup257,1,257,battery,0.07770354788650466,0.0,0.07770354788650466,0.015556823293996633
772,pltd_kup258,1,258,diesel,0.009921,0.0511,-0.041179,0.006881357038501861
773,plts_kup258,1,258,solar,0.1262591112156125,0.0,0.1262591112156125,0.026541540041703195
774,batt_kup258,1,258,battery,0.04999660590048968,0.0,0.04999660590048968,0.010009732931546637
775,pltd_kup259,1,259,diesel,0.008726,0.045,-0.036274,0.006052509940492504
776,plts_kup259,1,259,solar,0.11104632024453327,0.0,0.11104632024453327,0.023343533531690174
777,batt_kup259,1,259,battery,0.043971995528884984,0.0,0.043971995528884984,0.008803565261783927
778,pltd_kup260,1,260,diesel,0.009356343877351112,0.0656,-0.056243656122648894,0.00527828016112539
779,plts_kup260,1,260,solar,0.17312220708689044,0.0,0.17312220708689044,0.038190612696016896
780,batt_kup260,1,260,battery,0.08037345659931408,0.0,0.08037345659931408,0.01605593150148504
781,pltd_kup261,1,261,diesel,0.00645724800157561,0.0453,-0.038842751998424394,0.003642670284992858
782,plts_kup261,1,261,solar,0.11947930010911427,0.0,0.11947930010911427,0.026357024149508263
783,batt_kup261,1,261,battery,0.0554694655991952,0.0,0.0554694655991952,0.01108094335261556
784,pltd_kup262,1,262,diesel,0.027552,0.142,-0.114448,0.019110721353439466
785,plts_kup262,1,262,solar,0.35062779214671996,0.0,0.35062779214671996,0.07370827546897246
786,batt_kup262,1,262,battery,0.13884612131733098,0.0,0.13884612131733098,0.027797946125582357
787,pltd_kup263,1,263,diesel,0.012684,0.0684,-0.055716,0.007533156863605606
788,plts_kup263,1,263,solar,0.16650542155595804,0.0,0.16650542155595804,0.03744517565542698
789,batt_kup263,1,263,battery,0.07637558339751045,0.0,0.07637558339751045,0.014930383141335813
790,pltd_kup264,1,264,diesel,0.170943,0.9218,-0.7508569999999999,0.1015234924874746
791,plts_kup264,1,264,solar,2.2440930811742192,0.0,2.2440930811742192,0.5046710406582542
792,batt_kup264,1,264,battery,1.0293691503890992,0.0,1.0293691503890992,0.201227732691408
793,pltd_kup265,1,265,diesel,0.064732,0.349,-0.28426799999999997,0.03844463782802808
794,plts_kup265,1,265,solar,0.8497848082887661,0.0,0.8497848082887661,0.19110691239478303
795,batt_kup265,1,265,battery,0.3897973587550052,0.0,0.3897973587550052,0.07620012583194867
796,pltd_kup266,1,266,diesel,0.201567,1.0869,-0.8853329999999999,0.11971141392115506
797,plts_kup266,1,266,solar,2.646106724670946,0.0,2.646106724670946,0.5950792884661875
798,batt_kup266,1,266,battery,1.213771947641417,0.0,1.213771947641417,0.2372759924781684
799,pltd_kup267,1,267,diesel,0.163802,0.8832,-0.719398,0.0972827400190788
800,plts_kup267,1,267,solar,2.150335440850855,0.0,2.150335440850855,0.48358589913818906
801,batt_kup267,1,267,battery,0.9863603827268568,0.0,0.9863603827268568,0.19282011513744476
802,pltd_kup268,1,268,diesel,0.237961,1.2831,-1.0451389999999998,0.1413258710284629
803,plts_kup268,1,268,solar,3.1238763719277363,0.0,3.1238763719277363,0.7025243010697841
804,batt_kup268,1,268,battery,1.4329259170073394,0.0,1.4329259170073394,0.2801176234580487
805,pltd_kup269,1,269,diesel,0.06319,0.3407,-0.27751000000000003,0.037528994545627845
806,plts_kup269,1,269,solar,0.8295313438012807,0.0,0.8295313438012807,0.18655212352031167
807,batt_kup269,1,269,battery,0.380505827701359,0.0,0.380505827701359,0.07438375387377104
808,pltd_kup270,1,270,diesel,0.099755,0.5379,-0.43814500000000006,0.059244843155583614
809,plts_kup270,1,270,solar,1.3095529510525628,0.0,1.3095529510525628,0.29450364516714755
810,batt_kup270,1,270,battery,0.6006938504221095,0.0,0.6006938504221095,0.11742750443463314
811,pltd_kup271,1,271,diesel,0.004700108494038883,0.033,-0.028299891505961117,0.0026515521624497955
812,plts_kup271,1,271,solar,0.08696750962316917,0.0,0.08696750962316917,0.019184994187331335
813,batt_kup271,1,271,battery,0.04037544787693083,0.0,0.04037544787693083,0.008065659417023094
814,pltd_kup272,1,272,diesel,0.014495830349240266,0.1017,-0.08720416965075974,0.008177678396228275
815,plts_kup272,1,272,solar,0.2682174788424754,0.0,0.2682174788424754,0.05916859315883596
816,batt_kup272,1,272,battery,0.12452231755014401,0.0,0.12452231755014401,0.024875401496135218
817,pltd_kup273,1,273,diesel,0.018405315182380644,0.1291,-0.11069468481761935,0.010383220972659875
818,plts_kup273,1,273,solar,0.3405548042387471,0.0,0.3405548042387471,0.07512606337165095
819,batt_kup273,1,273,battery,0.1581051294503132,0.0,0.1581051294503132,0.03158412357723582
820,pltd_kup274,1,274,diesel,0.010322841962185206,0.0724,-0.0620771580378148,0.005823566768308108
821,plts_kup274,1,274,solar,0.1910032186534746,0.0,0.1910032186534746,0.042135105821559805
822,batt_kup274,1,274,battery,0.08867436109870315,0.0,0.08867436109870315,0.017714185417084683
823,pltd_kup275,1,275,diesel,0.006105856552396722,0.0428,-0.03669414344760327,0.003444625368065451
824,plts_kup275,1,275,solar,0.11297640107726512,0.0,0.11297640107726512,0.02492238232477341
825,batt_kup275,1,275,battery,0.05244962994975506,0.0,0.05244962994975506,0.010477702932414143
826,pltd_kup276,1,276,diesel,0.011596730381145084,0.0813,-0.06970326961885491,0.006542146235726035
827,plts_kup276,1,276,solar,0.21457443484755565,0.0,0.21457443484755565,0.04733483082960318
828,batt_kup276,1,276,battery,0.09961752659252052,0.0,0.09961752659252052,0.01990026951624123
829,pltd_kup277,1,277,diesel,0.012431201874170576,0.0872,-0.07476879812582943,0.007013022500605885
830,plts_kup277,1,277,solar,0.23001658486758697,0.0,0.23001658486758697,0.0507414696265796
831,batt_kup277,1,277,battery,0.10678715250716084,0.0,0.10678715250716084,0.021332509805011675
832,pltd_kup278,1,278,diesel,0.011245226629074538,0.0789,-0.06765477337092546,0.006343841708433082
833,plts_kup278,1,278,solar,0.20807217927894023,0.0,0.20807217927894023,0.04590048217499563
834,batt_kup278,1,278,battery,0.09659912732818095,0.0,0.09659912732818095,0.019297291170143643
835,pltd_kup279,1,279,diesel,0.016533230699370818,0.1039,-0.08736676930062919,0.004289172581965078
836,plts_kup279,1,279,solar,0.4721316904544975,0.0,0.4721316904544975,0.10458687458972743
837,batt_kup279,1,279,battery,0.2253154174029206,0.0,0.2253154174029206,0.044840399404430645
838,pltd_kup280,1,280,diesel,0.0049093735070042145,0.0573,-0.05239062649299578,0.001699136094407438
839,plts_kup280,1,280,solar,0.16043679385529944,0.0,0.16043679385529944,0.03672968329657887
840,batt_kup280,1,280,battery,0.08224611738719766,0.0,0.08224611738719766,0.016610899716997522
841,pltd_kup281,1,281,diesel,0.00716010358689713,0.0502,-0.04303989641310287,0.004039349263274019
842,plts_kup281,1,281,solar,0.13248312830750805,0.0,0.13248312830750805,0.029225584996090695
843,batt_kup281,1,281,battery,0.06150594606324282,0.0,0.06150594606324282,0.012286845772183804
844,pltd_kup282,1,282,diesel,0.006809790171587383,0.0795,-0.07269020982841262,0.0023568095310155033
845,plts_kup282,1,282,solar,0.2225416825211001,0.0,0.2225416825211001,0.05094771679232058
846,batt_kup282,1,282,battery,0.11408372304720707,0.0,0.11408372304720707,0.02304100453221239
847,pltd_kup283,1,283,diesel,0.020909178597383116,0.1466,-0.1256908214026169,0.011795750265284842
848,plts_kup283,1,283,solar,0.38688307475344613,0.0,0.38688307475344613,0.08534612024217149
849,batt_kup283,1,283,battery,0.1796136281256207,0.0,0.1796136281256207,0.03588079989004596
850,pltd_kup284,1,284,diesel,0.011998,0.0647,-0.05270199999999999,0.007125557875629117
851,plts_kup284,1,284,solar,0.15750738798544392,0.0,0.15750738798544392,0.03542161206004404
852,batt_kup284,1,284,battery,0.07224904049445444,0.0,0.07224904049445444,0.0141237101295034
853,pltd_kup285,1,285,diesel,0.03364738411172907,0.1697,-0.13605261588827092,0.022190743855201325
854,plts_kup285,1,285,solar,0.4139247561542035,0.0,0.4139247561542035,0.08890830110153272
855,batt_kup285,1,285,battery,0.17420082575011614,0.0,0.17420082575011614,0.03410239804283673
856,pltd_kup286,1,286,diesel,0.04549490353152894,0.2295,-0.18400509646847107,0.030004206846042672
857,plts_kup286,1,286,solar,0.5596609382257316,0.0,0.5596609382257316,0.12021143106593607
858,batt_kup286,1,286,battery,0.23553312992336278,0.0,0.23553312992336278,0.04610909383764567
859,pltd_kup287,1,287,diesel,0.011724754588719332,0.0591,-0.047375245411280666,0.0077324648894973895
860,plts_kup287,1,287,solar,0.14423594983743612,0.0,0.14423594983743612,0.030980869402601023
861,batt_kup287,1,287,battery,0.06070182369716674,0.0,0.06070182369716674,0.011883286786667299
862,pltd_kup288,1,288,diesel,0.011759988201711459,0.0798,-0.06804001179828853,0.006401080079800962
863,plts_kup288,1,288,solar,0.20842552755582872,0.0,0.20842552755582872,0.04647213610305266
864,batt_kup288,1,288,battery,0.09889122449395618,0.0,0.09889122449395618,0.01961500691384964
865,pltd_kup289,1,289,diesel,0.060700054354147714,0.3062,-0.2454999456458523,0.04003223181702475
866,plts_kup289,1,289,solar,0.7467162099396192,0.0,0.7467162099396192,0.1603897138409661
867,batt_kup289,1,289,battery,0.3142558582303762,0.0,0.3142558582303762,0.061520234959137214
868,pltd_kup290,1,290,diesel,0.016060832737740994,0.081,-0.06493916726225901,0.01059224986435391
869,plts_kup290,1,290,solar,0.19757083139804923,0.0,0.19757083139804923,0.0424368714976312
870,batt_kup290,1,290,battery,0.083147055204366,0.0,0.083147055204366,0.016277260341559803
871,pltd_kup291,1,291,diesel,0.04940891299473188,0.2935,-0.2440910870052681,0.012558064365825777
872,plts_kup291,1,291,solar,1.3229205797918684,0.0,1.3229205797918684,0.29508565196552033
873,batt_kup291,1,291,battery,0.6398999042986033,0.0,0.6398999042986033,0.1266224392112725
874,pltd_kup292,1,292,diesel,0.033349,0.1719,-0.138551,0.023131640634285064
875,plts_kup292,1,292,solar,0.42440630143428165,0.0,0.42440630143428165,0.08921762523408718
876,batt_kup292,1,292,battery,0.16806157213639475,0.0,0.16806157213639475,0.03364712142050958
877,pltd_kup293,1,293,diesel,0.052893,0.2726,-0.219707,0.03668782304382698
878,plts_kup293,1,293,solar,0.6731154479191158,0.0,0.6731154479191158,0.14150046678029868
879,batt_kup293,1,293,battery,0.26654654684345575,0.0,0.26654654684345575,0.05336454919752562
880,pltd_kup294,1,294,diesel,0.036039,0.1858,-0.14976099999999998,0.024997497346565412
881,plts_kup294,1,294,solar,0.4586315541970374,0.0,0.4586315541970374,0.09641222168659186
882,batt_kup294,1,294,battery,0.18161323242406893,0.0,0.18161323242406893,0.03636028067229374
883,pltd_kup295,1,295,diesel,0.025102,0.1294,-0.10429799999999999,0.01741124927902096
884,plts_kup295,1,295,solar,0.3194450975781801,0.0,0.3194450975781801,0.06715266964688375
885,batt_kup295,1,295,battery,0.12649608458223863,0.0,0.12649608458223863,0.025325466820870727
886,pltd_kup296,1,296,diesel,0.040521,0.2089,-0.168379,0.02810633936436446
887,plts_kup296,1,296,solar,0.5156736421349636,0.0,0.5156736421349636,0.10840404436074115
888,batt_kup296,1,296,battery,0.20420389681656936,0.0,0.20420389681656936,0.04088298647549087
889,pltd_kup297,1,297,diesel,0.009084,0.0468,-0.037716,0.006300836575788422
890,plts_kup297,1,297,solar,0.11560780625440865,0.0,0.11560780625440865,0.02430334829663589
891,batt_kup297,1,297,battery,0.04578232005735082,0.0,0.04578232005735082,0.009165828005338123
892,pltd_kup298,1,298,diesel,0.022173,0.1143,-0.092127,0.01537958523175062
893,plts_kup298,1,298,solar,0.28217728662120856,0.0,0.28217728662120856,0.059318650333339266
894,batt_kup298,1,298,battery,0.11174035508980873,0.0,0.11174035508980873,0.022371192697214017
895,pltd_kup299,1,299,diesel,0.054391,0.2933,-0.238909,0.03230303440036906
896,plts_kup299,1,299,solar,0.714028994719929,0.0,0.714028994719929,0.16057700764754368
897,batt_kup299,1,299,battery,0.32752598235405317,0.0,0.32752598235405317,0.06402690360776908
898,pltd_kup300,1,300,diesel,0.031893,0.1808,-0.14890699999999998,0.019656068647046596
899,plts_kup300,1,300,solar,0.4519594426732817,0.0,0.4519594426732817,0.09931257037810477
900,batt_kup300,1,300,battery,0.20038988071388672,0.0,0.20038988071388672,0.039696463211511185
901,pltd_kup301,1,301,diesel,0.023689,0.1343,-0.110611,0.014599863162758162
902,plts_kup301,1,301,solar,0.33569668952790477,0.0,0.33569668952790477,0.07376526816490465
903,batt_kup301,1,301,battery,0.14884087833561221,0.0,0.14884087833561221,0.029484797659725358
904,pltd_kup302,1,302,diesel,0.032328,0.1833,-0.150972,0.020025216360888828
905,plts_kup302,1,302,solar,0.44843301671560165,0.0,0.44843301671560165,0.10059814988268789
906,batt_kup302,1,302,battery,0.20628744180406072,0.0,0.20628744180406072,0.04042053867554238
907,pltd_kup303,1,303,diesel,0.034338,0.1947,-0.160362,0.02127008748672525
908,plts_kup303,1,303,solar,0.47632003082766394,0.0,0.47632003082766394,0.10685416279139368
909,batt_kup303,1,303,battery,0.2191169607396901,0.0,0.2191169607396901,0.042934369383481955
910,pltd_kup304,1,304,diesel,0.031404,0.1781,-0.146696,0.019354598040429803
911,plts_kup304,1,304,solar,0.4450307741688214,0.0,0.4450307741688214,0.09779004284895598
912,batt_kup304,1,304,battery,0.19731776698517045,0.0,0.19731776698517045,0.03908789204671953
913,pltd_kup305,1,305,diesel,0.035914,0.2036,-0.167686,0.02224640507054768
914,plts_kup305,1,305,solar,0.4981754096693124,0.0,0.4981754096693124,0.11175699284304241
915,batt_kup305,1,305,battery,0.2291700775129853,0.0,0.2291700775129853,0.0449042196280121
916,pltd_kup306,1,306,diesel,0.026895,0.1525,-0.125605,0.01657591973217261
917,plts_kup306,1,306,solar,0.38112184139300814,0.0,0.38112184139300814,0.08374682051168467
918,batt_kup306,1,306,battery,0.16898029593060657,0.0,0.16898029593060657,0.03347434988542181
919,pltd_kup307,1,307,diesel,0.047759,0.2708,-0.223041,0.02943481956077119
920,plts_kup307,1,307,solar,0.6767798118946468,0.0,0.6767798118946468,0.14871404007988712
921,batt_kup307,1,307,battery,0.3000680365308319,0.0,0.3000680365308319,0.05944233388446109
922,pltd_kup308,1,308,diesel,0.032219,0.1827,-0.150481,0.019957696713597463
923,plts_kup308,1,308,solar,0.44692653470704996,0.0,0.44692653470704996,0.10026015794925332
924,batt_kup308,1,308,battery,0.20559474644514658,0.0,0.20559474644514658,0.0402848304442506
925,pltd_kup309,1,309,diesel,0.030644,0.1738,-0.143156,0.01888649250736801
926,plts_kup309,1,309,solar,0.43424787247196756,0.0,0.43424787247196756,0.09542067622755536
927,batt_kup309,1,309,battery,0.19253545133535094,0.0,0.19253545133535094,0.038140534851817384
928,pltd_tim310,1,310,diesel,0.023882,0.1257,-0.101818,0.014280424692468992
929,plts_tim310,1,310,solar,0.3080998710771998,0.0,0.3080998710771998,0.06827878159976111
930,batt_tim310,1,310,battery,0.13667185877500032,0.0,0.13667185877500032,0.02686898063114303
931,pltd_tim311,1,311,diesel,0.013346,0.0702,-0.056854,0.007980368720487088
932,plts_tim311,1,311,solar,0.1721729675738242,0.0,0.1721729675738242,0.038155697222621854
933,batt_tim311,1,311,battery,0.07637496139204898,0.0,0.07637496139204898,0.015014915269839928
934,pltd_tim312,1,312,diesel,0.020166050714140286,0.1118,-0.09163394928585972,0.01225493778453291
935,plts_tim312,1,312,solar,0.2791242749833603,0.0,0.2791242749833603,0.06127781597504041
936,batt_tim312,1,312,battery,0.12224325241989162,0.0,0.12224325241989162,0.024342870445982174
937,pltd_tim313,1,313,diesel,0.030165845586738935,0.1673,-0.13713415441326107,0.01833183441725994
938,plts_tim313,1,313,solar,0.417533517162689,0.0,0.417533517162689,0.09166358174403348
939,batt_tim313,1,313,battery,0.1828597197689455,0.0,0.1828597197689455,0.036413716325192864
940,pltd_tim314,1,314,diesel,0.024409,0.1285,-0.104091,0.01459553692672385
941,plts_tim314,1,314,solar,0.31489549242746345,0.0,0.31489549242746345,0.0697847654766299
942,batt_tim314,1,314,battery,0.13968594431641088,0.0,0.13968594431641088,0.02746152185806379
943,pltd_tim315,1,315,diesel,0.030852,0.1664,-0.135548,0.018323247130863498
944,plts_tim315,1,315,solar,0.405015576581581,0.0,0.405015576581581,0.09108346589786828
945,batt_tim315,1,315,battery,0.18578108139496638,0.0,0.18578108139496638,0.03631769063749078
946,pltd_tim316,1,316,diesel,0.014888342666149404,0.0826,-0.06771165733385061,0.009047546843973074
947,plts_tim316,1,316,solar,0.2060758771512789,0.0,0.2060758771512789,0.04524119372691834
948,batt_tim316,1,316,battery,0.09025227428544264,0.0,0.09025227428544264,0.017972331802099475
949,pltd_tim317,1,317,diesel,0.02195,0.1155,-0.09355000000000001,0.013125006988688579
950,plts_tim317,1,317,solar,0.28318223672122583,0.0,0.28318223672122583,0.06275667637343253
951,batt_tim317,1,317,battery,0.12561905714911992,0.0,0.12561905714911992,0.024696058412104826
952,pltd_tim318,1,318,diesel,0.018965,0.0998,-0.080835,0.011340305328263082
953,plts_tim318,1,318,solar,0.2446678503647225,0.0,0.2446678503647225,0.05422145274018015
954,batt_tim318,1,318,battery,0.10853349775363558,0.0,0.10853349775363558,0.021337127210484065
955,pltd_tim319,1,319,diesel,0.038679,0.2086,-0.16992100000000002,0.022971491235960536
956,plts_tim319,1,319,solar,0.5077721387668545,0.0,0.5077721387668545,0.11419223009985856
957,batt_tim319,1,319,battery,0.23291649460612773,0.0,0.23291649460612773,0.0455320233906173
958,pltd_tim320,1,320,diesel,0.030789,0.162,-0.131211,0.018410628404981873
959,plts_tim320,1,320,solar,0.39720684978191856,0.0,0.39720684978191856,0.0880259862926323
960,batt_tim320,1,320,battery,0.1761989965272003,0.0,0.1761989965272003,0.03463981663879632
961,pltd_tim321,1,321,diesel,0.021333249130793947,0.1183,-0.09696675086920606,0.012964406898294936
962,plts_tim321,1,321,solar,0.29526956356375395,0.0,0.29526956356375395,0.06482225684563088
963,batt_tim321,1,321,battery,0.12931290601407247,0.0,0.12931290601407247,0.025750682630591288
964,pltd_tim322,1,322,diesel,0.01874,0.101,-0.08226,0.011129729993436933
965,plts_tim322,1,322,solar,0.24600878243066876,0.0,0.24600878243066876,0.0553247169403875
966,batt_tim322,1,322,battery,0.11284475119474192,0.0,0.11284475119474192,0.02205959719784505
967,pltd_tim323,1,323,diesel,0.035537,0.1916,-0.156063,0.021105568127864772
968,plts_tim323,1,323,solar,0.4665189336714412,0.0,0.4665189336714412,0.10491477002615497
969,batt_tim323,1,323,battery,0.21399250061487596,0.0,0.21399250061487596,0.04183265408829635
970,pltd_tim324,1,324,diesel,0.03548,0.1913,-0.15582000000000001,0.02107181502019151
971,plts_tim324,1,324,solar,0.4657686964404666,0.0,0.4657686964404666,0.10474593219312008
972,batt_tim324,1,324,battery,0.21364780412741438,0.0,0.21364780412741438,0.04176528406085235
973,pltd_tim325,1,325,diesel,0.028555252111704853,0.1583,-0.12974474788829515,0.017353129735685088
974,plts_tim325,1,325,solar,0.395231529903965,0.0,0.395231529903965,0.08676755935594753
975,batt_tim325,1,325,battery,0.17309188968051728,0.0,0.17309188968051728,0.03446857148410052
976,pltd_tim326,1,326,diesel,0.0201109254642528,0.1115,-0.0913890745357472,0.012221450805599367
977,plts_tim326,1,326,solar,0.2783540933726348,0.0,0.2783540933726348,0.061108736573422306
978,batt_tim326,1,326,battery,0.12190526666539886,0.0,0.12190526666539886,0.02427555852966421
979,pltd_tim327,1,327,diesel,0.026721807678559795,0.1482,-0.1214781923214402,0.01623882772822736
980,plts_tim327,1,327,solar,0.3698583246172863,0.0,0.3698583246172863,0.08119716092592943
981,batt_tim327,1,327,battery,0.16197985565750686,0.0,0.16197985565750686,0.03225578962550991
982,pltd_tim328,1,328,diesel,0.03622189441027668,0.2009,-0.16467810558972332,0.02201206409129727
983,plts_tim328,1,328,solar,0.5013454407150328,0.0,0.5013454407150328,0.11006333657254923
984,batt_tim328,1,328,battery,0.21956449029951514,0.0,0.21956449029951514,0.043722878595570766
985,pltd_tim329,1,329,diesel,0.04449951390211912,0.2468,-0.20230048609788087,0.02704245249310634
986,plts_tim329,1,329,solar,0.6159170866216602,0.0,0.6159170866216602,0.13521589893249028
987,batt_tim329,1,329,battery,0.26974125559284967,0.0,0.26974125559284967,0.05371481112646454
988,pltd_tim330,1,330,diesel,0.01422178379632468,0.0789,-0.06467821620367532,0.008642564543368638
989,plts_tim330,1,330,solar,0.1968479604449938,0.0,0.1968479604449938,0.04321525016749072
990,batt_tim330,1,330,battery,0.08621035385661309,0.0,0.08621035385661309,0.01716746458379797
991,pltd_tim331,1,331,diesel,0.03760998358648028,0.2086,-0.17099001641351974,0.022855563262986607
992,plts_tim331,1,331,solar,0.5205714557383284,0.0,0.5205714557383284,0.11428417710749264
993,batt_tim331,1,331,battery,0.22798585691166684,0.0,0.22798585691166684,0.04539987861441173
994,pltd_tim332,1,332,diesel,0.021882,0.118,-0.096118,0.012995640693989207
995,plts_tim332,1,332,solar,0.28726259994283077,0.0,0.28726259994283077,0.06460211156947017
996,batt_tim332,1,332,battery,0.13176814166162645,0.0,0.13176814166162645,0.02575888499343758
997,pltd_tim333,1,333,diesel,0.07026324545749847,0.5995,-0.5292367545425015,0.026023480166923522
998,plts_tim333,1,333,solar,1.6608328097332496,0.0,1.6608328097332496,0.3746891765156794
999,batt_tim333,1,333,battery,0.8384917450048552,0.0,0.8384917450048552,0.1663826652510102
1000,pltd_tim334,1,334,diesel,0.020653684307284315,0.1762,-0.15554631569271568,0.007649819864696978
1001,plts_tim334,1,334,solar,0.48817615810818527,0.0,0.48817615810818527,0.11013407788850177
1002,batt_tim334,1,334,battery,0.2464603105483521,0.0,0.2464603105483521,0.048905332285855495
1003,pltd_tim335,1,335,diesel,0.06976,0.3762,-0.30644,0.04143065892355242
1004,plts_tim335,1,335,solar,0.9157875001062927,0.0,0.9157875001062927,0.20595010776843367
1005,batt_tim335,1,335,battery,0.420072563134848,0.0,0.420072563134848,0.08211851980271481
1006,pltd_tim336,1,336,diesel,0.037403,0.1969,-0.159497,0.022365372912104227
1007,plts_tim336,1,336,solar,0.4825410102410582,0.0,0.4825410102410582,0.10693703003012453
1008,batt_tim336,1,336,battery,0.21405349380248218,0.0,0.21405349380248218,0.04208181643843547
1009,pltd_tim337,1,337,diesel,0.021339381649348635,0.1821,-0.16076061835065136,0.007903777055105268
1010,plts_tim337,1,337,solar,0.5043925287028046,0.0,0.5043925287028046,0.1137925143728223
1011,batt_tim337,1,337,battery,0.2546478647238248,0.0,0.2546478647238248,0.05052999970180925
1012,pltd_tim338,1,338,diesel,0.03588,0.1935,-0.15762,0.021309264566089895
1013,plts_tim338,1,338,solar,0.4710182683991074,0.0,0.4710182683991074,0.10592672027151893
1014,batt_tim338,1,338,battery,0.21605651577480944,0.0,0.21605651577480944,0.042236119542656964
1015,pltd_tim339,1,339,diesel,0.029427429902659872,0.2511,-0.22167257009734012,0.010899335161759978
1016,plts_tim339,1,339,solar,0.695567487290798,0.0,0.695567487290798,0.1569221661881533
1017,batt_tim339,1,339,battery,0.35116432382875423,0.0,0.35116432382875423,0.06968186567816803
1018,pltd_tim340,1,340,diesel,0.024335809937474143,0.2076,-0.18326419006252587,0.009013147800583795
1019,plts_tim340,1,340,solar,0.5752327640372422,0.0,0.5752327640372422,0.12977430148432056
1020,batt_tim340,1,340,battery,0.2904134505689153,0.0,0.2904134505689153,0.05762699127827507
1021,pltd_tim341,1,341,diesel,0.034084544995362606,0.2908,-0.2567154550046374,0.01262397676218167
1022,plts_tim341,1,341,solar,0.8056663049066088,0.0,0.8056663049066088,0.18176073950174215
1023,batt_tim341,1,341,battery,0.40674974654880913,0.0,0.40674974654880913,0.08071175215224706
1024,pltd_tim342,1,342,diesel,0.021425,0.1155,-0.094075,0.012724282495345096
1025,plts_tim342,1,342,solar,0.28126221453721173,0.0,0.28126221453721173,0.06325262123566394
1026,batt_tim342,1,342,battery,0.12901536935401786,0.0,0.12901536935401786,0.025220762319831072
1027,pltd_tim343,1,343,diesel,0.018775401493132268,0.1602,-0.14142459850686773,0.00695383240463857
1028,plts_tim343,1,343,solar,0.4437996230079397,0.0,0.4437996230079397,0.10012256842934573
1029,batt_tim343,1,343,battery,0.22405751840349575,0.0,0.22405751840349575,0.04445994218693534
1030,pltd_tim344,1,344,diesel,0.02541924609810778,0.2169,-0.19148075390189223,0.009414784616789336
1031,plts_tim344,1,344,solar,0.6008339521334324,0.0,0.6008339521334324,0.13555005929965158
1032,batt_tim344,1,344,battery,0.303337555903353,0.0,0.303337555903353,0.06019154818538799
1033,pltd_tim345,1,345,diesel,0.018883971284586354,0.1611,-0.14221602871541364,0.006994146133564432
1034,plts_tim345,1,345,solar,0.44635859941737593,0.0,0.44635859941737593,0.1006998815888502
1035,batt_tim345,1,345,battery,0.22534911103844177,0.0,0.22534911103844177,0.04471623622038884
1036,pltd_tim346,1,346,diesel,0.025454704261734556,0.2172,-0.19174529573826546,0.009427435321698683
1037,plts_tim346,1,346,solar,0.6016907522705204,0.0,0.6016907522705204,0.13574341027874562
1038,batt_tim346,1,346,battery,0.30377180977666074,0.0,0.30377180977666074,0.06027771282953179
1039,pltd_tim347,1,347,diesel,0.029681607472676747,0.2976,-0.26791839252732325,0.0097005229192311
1040,plts_tim347,1,347,solar,0.8435771283102375,0.0,0.8435771283102375,0.1897407743934731
1041,batt_tim347,1,347,battery,0.4235872858549504,0.0,0.4235872858549504,0.08549343295480466
1042,pltd_tim348,1,348,diesel,0.013900710870854704,0.1186,-0.10469928912914529,0.0051482971105057925
1043,plts_tim348,1,348,solar,0.3285828525732564,0.0,0.3285828525732564,0.0741293629825784
1044,batt_tim348,1,348,battery,0.16588960041354886,0.0,0.16588960041354886,0.032917626148349345
1045,pltd_tim349,1,349,diesel,0.041739124373144476,0.3561,-0.31436087562685555,0.015458936666631897
1046,plts_tim349,1,349,solar,0.9865996458559433,0.0,0.9865996458559433,0.2225800150069686
1047,batt_tim349,1,349,battery,0.49809678062146556,0.0,0.49809678062146556,0.09883779613890285
1048,pltd_tim350,1,350,diesel,0.00738560143210269,0.077,-0.0696143985678973,0.002729361309954711
1049,plts_tim350,1,350,solar,0.21964148527528807,0.0,0.21964148527528807,0.04884586123892444
1050,batt_tim350,1,350,battery,0.1088357200537772,0.0,0.1088357200537772,0.02190520973288623
1051,pltd_tim351,1,351,diesel,0.016038,0.0844,-0.068362,0.009589973448097823
1052,plts_tim351,1,351,solar,0.2069116928671102,0.0,0.2069116928671102,0.045854249427253635
1053,batt_tim351,1,351,battery,0.09178585488376646,0.0,0.09178585488376646,0.01804461361521792
1054,pltd_tim352,1,352,diesel,0.030109,0.1624,-0.132291,0.0178817080644904
1055,plts_tim352,1,352,solar,0.39526788199609547,0.0,0.39526788199609547,0.08889123992445996
1056,batt_tim352,1,352,battery,0.18131058617720083,0.0,0.18131058617720083,0.03544377690786191
1057,pltd_tim353,1,353,diesel,0.007149451006042823,0.0746,-0.06745054899395718,0.0026422397505442667
1058,plts_tim353,1,353,solar,0.21261203585147248,0.0,0.21261203585147248,0.04728255148783613
1059,batt_tim353,1,353,battery,0.10535186060819465,0.0,0.10535186060819465,0.02120403505315857
1060,pltd_tim354,1,354,diesel,0.043878,0.2366,-0.192722,0.026059091239850937
1061,plts_tim354,1,354,solar,0.5760258543526969,0.0,0.5760258543526969,0.12954167754787435
1062,batt_tim354,1,354,battery,0.26422491692146644,0.0,0.26422491692146644,0.0516523853927779
1063,pltd_tim355,1,355,diesel,0.056105,0.3025,-0.24639499999999998,0.03332085983724729
1064,plts_tim355,1,355,solar,0.7365307584327302,0.0,0.7365307584327302,0.16563733596341387
1065,batt_tim355,1,355,battery,0.3378476101615478,0.0,0.3378476101615478,0.06604464053454273
1066,pltd_tim356,1,356,diesel,0.012936,0.0681,-0.05516399999999999,0.007735228800185316
1067,plts_tim356,1,356,solar,0.16688748988273094,0.0,0.16688748988273094,0.0369844030065398
1068,batt_tim356,1,356,battery,0.07403072862839469,0.0,0.07403072862839469,0.014554056330808198
1069,pltd_tim357,1,357,diesel,0.014169,0.0764,-0.062230999999999995,0.008415008292301728
1070,plts_tim357,1,357,solar,0.18600762845076801,0.0,0.18600762845076801,0.041831042745287914
1071,batt_tim357,1,357,battery,0.08532219746801138,0.0,0.08532219746801138,0.016679326123801283
1072,pltd_tim358,1,358,diesel,0.024818,0.1306,-0.10578199999999999,0.014840030791627797
1073,plts_tim358,1,358,solar,0.32018429066351006,0.0,0.32018429066351006,0.07095685561930705
1074,batt_tim358,1,358,battery,0.1420333101757365,0.0,0.1420333101757365,0.02792301378525562
1075,pltd_tim359,1,359,diesel,0.008242234558798337,0.086,-0.07775776544120165,0.00304582172007187
1076,plts_tim359,1,359,solar,0.24512163892445582,0.0,0.24512163892445582,0.05451217061536491
1077,batt_tim359,1,359,battery,0.12146111123175415,0.0,0.12146111123175415,0.02444633169214647
1078,pltd_tim360,1,360,diesel,0.024292,0.1279,-0.103608,0.01452560676539428
1079,plts_tim360,1,360,solar,0.31338502173699834,0.0,0.31338502173699834,0.06945003194251793
1080,batt_tim360,1,360,battery,0.139015805620786,0.0,0.139015805620786,0.027329791515474725
1081,pltd_tim361,1,361,diesel,0.037052,0.195,-0.157948,0.02215555463225471
1082,plts_tim361,1,361,solar,0.47800857914014866,0.0,0.47800857914014866,0.10593270735450724
1083,batt_tim361,1,361,battery,0.21204287679552872,0.0,0.21204287679552872,0.04168652793746971
1084,pltd_tim362,1,362,diesel,0.03553,0.187,-0.15147,0.02124537816830037
1085,plts_tim362,1,362,solar,0.4583755418453978,0.0,0.4583755418453978,0.10158175711097056
1086,batt_tim362,1,362,battery,0.20333399801366592,0.0,0.20333399801366592,0.03997441002848248
1087,pltd_tim363,1,363,diesel,0.05268,0.2773,-0.22462,0.031500452801175735
1088,plts_tim363,1,363,solar,0.6796341904855833,0.0,0.6796341904855833,0.15061558905883807
1089,batt_tim363,1,363,battery,0.3014842009968881,0.0,0.3014842009968881,0.0592702335038155
1090,pltd_tim364,1,364,diesel,0.019888667352089,0.1103,-0.090411332647911,0.01208640418726808
1091,plts_tim364,1,364,solar,0.27527812113720646,0.0,0.27527812113720646,0.06043348470580965
1092,batt_tim364,1,364,battery,0.12055834318912238,0.0,0.12055834318912238,0.024007325379563713
1093,pltd_tim365,1,365,diesel,0.042222,0.2277,-0.185478,0.025075913742134907
1094,plts_tim365,1,365,solar,0.5542707991720004,0.0,0.5542707991720004,0.12464920735636824
1095,batt_tim365,1,365,battery,0.25424391685027425,0.0,0.25424391685027425,0.04970124224071011
1096,pltd_tim366,1,366,diesel,0.029384,0.1547,-0.125316,0.0175704532145382
1097,plts_tim366,1,366,solar,0.3790840063783451,0.0,0.3790840063783451,0.084009818903225
1098,batt_tim366,1,366,battery,0.16816024444007813,0.0,0.16816024444007813,0.03305943685725777
1099,pltd_tim367,1,367,diesel,0.031199,0.1642,-0.133001,0.018655823396405154
1100,plts_tim367,1,367,solar,0.40249163547479233,0.0,0.40249163547479233,0.0891972693087582
1101,batt_tim367,1,367,battery,0.17854331428864453,0.0,0.17854331428864453,0.035100685781577164
1102,pltd_tim368,1,368,diesel,0.008956,0.0471,-0.038144000000000004,0.005355285259768893
1103,plts_tim368,1,368,solar,0.11553699570691892,0.0,0.11553699570691892,0.025604480499920385
1104,batt_tim368,1,368,battery,0.05125151966393265,0.0,0.05125151966393265,0.010075773509121123
1105,pltd_tim369,1,369,diesel,0.015888397980526762,0.0881,-0.07221160201947324,0.009655472773226148
1106,plts_tim369,1,369,solar,0.21991537510696968,0.0,0.21991537510696968,0.04827937916045451
1107,batt_tim369,1,369,battery,0.09631276015783968,0.0,0.09631276015783968,0.019179203217886055
1108,pltd_tim370,1,370,diesel,0.013697,0.0721,-0.058403,0.008190130318832103
1109,plts_tim370,1,370,solar,0.176704983475802,0.0,0.176704983475802,0.03916001037826536
1110,batt_tim370,1,370,battery,0.07838567539767623,0.0,0.07838567539767623,0.01541022018504751
1111,pltd_tim371,1,371,diesel,0.021555618568636532,0.1839,-0.16234438143136348,0.007983578843504948
1112,plts_tim371,1,371,solar,0.5095161935225909,0.0,0.5095161935225909,0.11494840648780487
1113,batt_tim371,1,371,battery,0.2572350244862055,0.0,0.2572350244862055,0.05104339366940519
1114,pltd_tim372,1,372,diesel,0.020760935968451473,0.1771,-0.15633906403154854,0.007689046367715585
1115,plts_tim372,1,372,solar,0.49074084651853545,0.0,0.49074084651853545,0.11071269390592337
1116,batt_tim372,1,372,battery,0.2477570276757869,0.0,0.2477570276757869,0.049162660591197956
1117,pltd_tim373,1,373,diesel,0.027982354310703905,0.2388,-0.21081764568929612,0.010363762388957124
1118,plts_tim373,1,373,solar,0.6614325698292112,0.0,0.6614325698292112,0.14922129107159043
1119,batt_tim373,1,373,battery,0.33393256671617066,0.0,0.33393256671617066,0.06626255372095083
1120,pltd_tim374,1,374,diesel,0.03199015859525598,0.273,-0.24100984140474405,0.011848189026225675
1121,plts_tim374,1,374,solar,0.7561661049865768,0.0,0.7561661049865768,0.17059344298954707
1122,batt_tim374,1,374,battery,0.38175979464157195,0.0,0.38175979464157195,0.0757529378473309
1123,pltd_tim375,1,375,diesel,0.016854,0.0909,-0.074046,0.010009665227219137
1124,plts_tim375,1,375,solar,0.22126035227100177,0.0,0.22126035227100177,0.04975891372502253
1125,batt_tim375,1,375,battery,0.10149264360471488,0.0,0.10149264360471488,0.01984045883058164
1126,pltd_tim376,1,376,diesel,0.012492560372812392,0.1066,-0.09410743962718761,0.004626683460268476
1127,plts_tim376,1,376,solar,0.29529902324784374,0.0,0.29529902324784374,0.06662037595470383
1128,batt_tim376,1,376,battery,0.1490858226817844,0.0,0.1490858226817844,0.02958324173458699
1129,pltd_tim377,1,377,diesel,0.022339,0.1205,-0.098161,0.013267155837094919
1130,plts_tim377,1,377,solar,0.2932628894788894,0.0,0.2932628894788894,0.06595143620388687
1131,batt_tim377,1,377,battery,0.13452013842229535,0.0,0.13452013842229535,0.026296882277910022
1132,pltd_tim378,1,378,diesel,0.03199947977988401,0.1774,-0.145400520220116,0.019446106673427513
1133,plts_tim378,1,378,solar,0.4429067224493677,0.0,0.4429067224493677,0.09723394417405151
1134,batt_tim378,1,378,battery,0.1939715237919558,0.0,0.1939715237919558,0.03862644401371258
1135,pltd_tim379,1,379,diesel,0.030888594445731662,0.1713,-0.14041140555426834,0.018771127397682143
1136,plts_tim379,1,379,solar,0.42752686127222594,0.0,0.42752686127222594,0.09385748390833888
1137,batt_tim379,1,379,battery,0.1872355264105734,0.0,0.1872355264105734,0.03728506785297011
1138,pltd_tim380,1,380,diesel,0.022554718298054575,0.1251,-0.1025452817019454,0.01370638099429225
1139,plts_tim380,1,380,solar,0.3121897879623467,0.0,0.3121897879623467,0.06853689894352001
1140,batt_tim380,1,380,battery,0.13672487490444044,0.0,0.13672487490444044,0.027226654313569715
1141,pltd_tim381,1,381,diesel,0.009999548685931984,0.0555,-0.04550045131406802,0.0060767533451259225
1142,plts_tim381,1,381,solar,0.1384092421793287,0.0,0.1384092421793287,0.030385832768993055
1143,batt_tim381,1,381,battery,0.06061692734905391,0.0,0.06061692734905391,0.012070926514259816
1144,pltd_tim382,1,382,diesel,0.028333173519541052,0.1571,-0.12876682648045895,0.017218228345089768
1145,plts_tim382,1,382,solar,0.39215555766853666,0.0,0.39215555766853666,0.08609223450280498
1146,batt_tim382,1,382,battery,0.17174450620424075,0.0,0.17174450620424075,0.034200273463920024
1147,pltd_tim383,1,383,diesel,0.017054967604566575,0.0946,-0.07754503239543342,0.010364137639626464
1148,plts_tim383,1,383,solar,0.23606541789483693,0.0,0.23606541789483693,0.05182480383654884
1149,batt_tim383,1,383,battery,0.10338582329371493,0.0,0.10338582329371493,0.020587696290786515
1150,pltd_tim384,1,384,diesel,0.02883287142042281,0.1599,-0.13106712857957717,0.0175218323489342
1151,plts_tim384,1,384,solar,0.3990776837501189,0.0,0.3990776837501189,0.08761180962517828
1152,batt_tim384,1,384,battery,0.17477610891128648,0.0,0.17477610891128648,0.03480398438859899
1153,pltd_tim385,1,385,diesel,0.006832960806470791,0.0379,-0.03106703919352921,0.004152357283010845
1154,plts_tim385,1,385,solar,0.09458020348007987,0.0,0.09458020348007987,0.0207637662201198
1155,batt_tim385,1,385,battery,0.04142197246838452,0.0,0.04142197246838452,0.008248556501626198
1156,pltd_tim386,1,386,diesel,0.008684,0.0468,-0.038116,0.005157265729000599
1157,plts_tim386,1,386,solar,0.1140067357553649,0.0,0.1140067357553649,0.0256387864900662
1158,batt_tim386,1,386,battery,0.05229571009233608,0.0,0.05229571009233608,0.010223096931667171
1159,pltd_tim387,1,387,diesel,0.038866,0.2046,-0.165734,0.02324014618786743
1160,plts_tim387,1,387,solar,0.5014208246103512,0.0,0.5014208246103512,0.11112108843989946
1161,batt_tim387,1,387,battery,0.22242929266072933,0.0,0.22242929266072933,0.043728460448840496
1162,pltd_tim388,1,388,diesel,0.012526,0.0659,-0.053374,0.007489974244562745
1163,plts_tim388,1,388,solar,0.16160261602222012,0.0,0.16160261602222012,0.035813156343765466
1164,batt_tim388,1,388,battery,0.07168679378349309,0.0,0.07168679378349309,0.014093252044016869
1165,pltd_tim389,1,389,diesel,0.007721711121792653,0.0428,-0.035078288878207346,0.004692332472854696
1166,plts_tim389,1,389,solar,0.10688409242179328,0.0,0.10688409242179328,0.02346488163268993
1167,batt_tim389,1,389,battery,0.04681081637349053,0.0,0.04681081637349053,0.009321652852428195
1168,pltd_tim390,1,390,diesel,0.013902,0.0644,-0.050498,0.0088499159417189
1169,plts_tim390,1,390,solar,0.15065891073818596,0.0,0.15065891073818596,0.03322234240377158
1170,batt_tim390,1,390,battery,0.06437869944970659,0.0,0.06437869944970659,0.012556433526777802
1171,pltd_tim391,1,391,diesel,0.016722079472627806,0.0927,-0.0759779205273722,0.010162037687004048
1172,plts_tim391,1,391,solar,0.2314490824379576,0.0,0.2314490824379576,0.050811436156936396
1173,batt_tim391,1,391,battery,0.10136338830845297,0.0,0.10136338830845297,0.02018494744213009
1174,pltd_tim392,1,392,diesel,0.03458765584955362,0.1688,-0.1342123441504464,0.021892353479161998
1175,plts_tim392,1,392,solar,0.40124444444444446,0.0,0.40124444444444446,0.08864311290133335
1176,batt_tim392,1,392,battery,0.17469195213333336,0.0,0.17469195213333336,0.034144279544604514
1177,pltd_tim393,1,393,diesel,0.023653,0.1275,-0.103847,0.014047479685333786
1178,plts_tim393,1,393,solar,0.3105137605299917,0.0,0.3105137605299917,0.0698310365225758
1179,batt_tim393,1,393,battery,0.1424337160841895,0.0,0.1424337160841895,0.027843866551918544
1180,pltd_tim394,1,394,diesel,0.010414713635246374,0.0508,-0.04038528636475362,0.006592017821759884
1181,plts_tim394,1,394,solar,0.12081045751633987,0.0,0.12081045751633987,0.026689541240784317
1182,batt_tim394,1,394,battery,0.052597142313725496,0.0,0.052597142313725496,0.010280316334227935
1183,pltd_tim395,1,395,diesel,0.02158600521702029,0.1054,-0.08381399478297971,0.013663009695056683
1184,plts_tim395,1,395,solar,0.2504104575163399,0.0,0.2504104575163399,0.055320821536784325
1185,batt_tim395,1,395,battery,0.10902219591372551,0.0,0.10902219591372551,0.021308837631707173
1186,pltd_tim396,1,396,diesel,0.03130581800681739,0.1528,-0.1214941819931826,0.01981527626581827
1187,plts_tim396,1,396,solar,0.3631686274509804,0.0,0.3631686274509804,0.08023145946755557
1188,batt_tim396,1,396,battery,0.15811438265882355,0.0,0.15811438265882355,0.03090411276997039
1189,pltd_tim397,1,397,diesel,0.012112,0.0653,-0.053188,0.007193206832503201
1190,plts_tim397,1,397,solar,0.1590083545278711,0.0,0.1590083545278711,0.035759098137648763
1191,batt_tim397,1,397,battery,0.07293772256577898,0.0,0.07293772256577898,0.014258346231358191
1192,pltd_tim398,1,398,diesel,0.016448,0.0866,-0.07015199999999999,0.009835263534496956
1193,plts_tim398,1,398,solar,0.21219656672762102,0.0,0.21219656672762102,0.04702544009002797
1194,batt_tim398,1,398,battery,0.09412978972866802,0.0,0.09412978972866802,0.01850542082680925
1195,pltd_tim399,1,399,diesel,0.021423,0.1128,-0.091377,0.012809965603242216
1196,plts_tim399,1,399,solar,0.2763859613083728,0.0,0.2763859613083728,0.0612505527499133
1197,batt_tim399,1,399,battery,0.12260439977197204,0.0,0.12260439977197204,0.024103407539783975
1198,pltd_tim400,1,400,diesel,0.018283,0.0986,-0.080317,0.010858462296485474
1199,plts_tim400,1,400,solar,0.24000795287935212,0.0,0.24000795287935212,0.05397510307737827
1200,batt_tim400,1,400,battery,0.11009135256420192,0.0,0.11009135256420192,0.02152136967472832
1201,pltd_tim401,1,401,diesel,0.020253,0.1066,-0.08634700000000001,0.012110547259624148
1202,plts_tim401,1,401,solar,0.26127985811090604,0.0,0.26127985811090604,0.05790295326884456
1203,batt_tim401,1,401,battery,0.11590248206079144,0.0,0.11590248206079144,0.022785818287082704
1204,pltd_tim402,1,402,diesel,0.012936,0.0681,-0.05516399999999999,0.007735228800185316
1205,plts_tim402,1,402,solar,0.16688748988273094,0.0,0.16688748988273094,0.0369844030065398
1206,batt_tim402,1,402,battery,0.07403072862839469,0.0,0.07403072862839469,0.014554056330808198
1207,pltd_tim403,1,403,diesel,0.024526,0.1291,-0.104574,0.014665387487669008
1208,plts_tim403,1,403,solar,0.31640689397980565,0.0,0.31640689397980565,0.07011967843737478
1209,batt_tim403,1,403,battery,0.14035666684865705,0.0,0.14035666684865705,0.02759337798279328
1210,pltd_tim404,1,404,diesel,0.020857032965308782,0.2175,-0.19664296703469122,0.007707680984736723
1211,plts_tim404,1,404,solar,0.6202688860435339,0.0,0.6202688860435339,0.13794079497080663
1212,batt_tim404,1,404,battery,0.30735205045966707,0.0,0.30735205045966707,0.06186035604669218
1213,pltd_tim405,1,405,diesel,0.019232385793480692,0.2006,-0.1813676142065193,0.007107481860030094
1214,plts_tim405,1,405,solar,0.5719462227912931,0.0,0.5719462227912931,0.12719441784583865
1215,batt_tim405,1,405,battery,0.2834071747080666,0.0,0.2834071747080666,0.05704099935838103
1216,pltd_tim406,1,406,diesel,0.022968,0.1238,-0.10083199999999999,0.01364091994265585
1217,plts_tim406,1,406,solar,0.3015102896075115,0.0,0.3015102896075115,0.06780623225408952
1218,batt_tim406,1,406,battery,0.13830232128842812,0.0,0.13830232128842812,0.027036237782065715
1219,pltd_tim407,1,407,diesel,0.037822,0.2039,-0.166078,0.022462538702298595
1220,plts_tim407,1,407,solar,0.4965215210510654,0.0,0.4965215210510654,0.11166208116103313
1221,batt_tim407,1,407,battery,0.2277558014020214,0.0,0.2277558014020214,0.04452317403856754
1222,pltd_tim408,1,408,diesel,0.030338,0.1636,-0.133262,0.018017997686578403
1223,plts_tim408,1,408,solar,0.3982651339500732,0.0,0.3982651339500732,0.08956520341811341
1224,batt_tim408,1,408,battery,0.18268400322318654,0.0,0.18268400322318654,0.03571226188425505
1225,pltd_tim409,1,409,diesel,0.011238,0.0591,-0.047862,0.006719771402906101
1226,plts_tim409,1,409,solar,0.14499052010839952,0.0,0.14499052010839952,0.032131725265447074
1227,batt_tim409,1,409,battery,0.06431819239287988,0.0,0.06431819239287988,0.012644618513007749
1228,pltd_tim410,1,410,diesel,0.014112,0.0761,-0.061988,0.008381057608717164
1229,plts_tim410,1,410,solar,0.1852580995061025,0.0,0.1852580995061025,0.041662402227794826
1230,batt_tim410,1,410,battery,0.0849781330031222,0.0,0.0849781330031222,0.016612070380362953
1231,pltd_tim411,1,411,diesel,0.030145,0.1587,-0.128555,0.018025355360700806
1232,plts_tim411,1,411,solar,0.38890127340413516,0.0,0.38890127340413516,0.08618544078831086
1233,batt_tim411,1,411,battery,0.1725154531254602,0.0,0.1725154531254602,0.0339156455711164
1234,pltd_tim412,1,412,diesel,0.014091660565346279,0.147,-0.13290833943465372,0.005207365687801281
1235,plts_tim412,1,412,solar,0.419078104993598,0.0,0.419078104993598,0.0931983083572343
1236,batt_tim412,1,412,battery,0.20765970213828425,0.0,0.20765970213828425,0.04179539205024822
1237,pltd_tim413,1,413,diesel,0.036408,0.1916,-0.155192,0.02177021468467971
1238,plts_tim413,1,413,solar,0.46970369476058477,0.0,0.46970369476058477,0.10409218505014202
1239,batt_tim413,1,413,battery,0.208359248395999,0.0,0.208359248395999,0.04096234759084072
1240,pltd_tim414,1,414,diesel,0.03188,0.1719,-0.14002,0.018933554490601488
1241,plts_tim414,1,414,solar,0.4185183342969472,0.0,0.4185183342969472,0.09412011856202378
1242,batt_tim414,1,414,battery,0.1919759885771915,0.0,0.1919759885771915,0.03752869850873722
1243,pltd_tim415,1,415,diesel,0.026796,0.1445,-0.11770399999999999,0.015914300212073088
1244,plts_tim415,1,415,solar,0.35176268070544553,0.0,0.35176268070544553,0.0791074186745106
1245,batt_tim415,1,415,battery,0.16135319652823976,0.0,0.16135319652823976,0.0315423572604454
1246,pltd_tim416,1,416,diesel,0.036108,0.1947,-0.158592,0.0214445949168231
1247,plts_tim416,1,416,solar,0.47402059769487925,0.0,0.47402059769487925,0.10660182004096243
1248,batt_tim416,1,416,battery,0.21743423346692,0.0,0.21743423346692,0.04250546386113058
1249,pltd_tim417,1,417,diesel,0.006399,0.0345,-0.028101,0.0038003680718739614
1250,plts_tim417,1,417,solar,0.08400344008943152,0.0,0.08400344008943152,0.018891404039646183
1251,batt_tim417,1,417,battery,0.03853246728261811,0.0,0.03853246728261811,0.007532585906189146
1252,pltd_tim418,1,418,diesel,0.010513,0.0567,-0.046187,0.006243863741786019
1253,plts_tim418,1,418,solar,0.1380034524426238,0.0,0.1380034524426238,0.03103538975489226
1254,batt_tim418,1,418,battery,0.06330134390569772,0.0,0.06330134390569772,0.012374563525653687
1255,pltd_tim419,1,419,diesel,0.013405472995470707,0.0628,-0.04939452700452929,0.008858134275447916
1256,plts_tim419,1,419,solar,0.14607601859447633,0.0,0.14607601859447633,0.03217393521957889
1257,batt_tim419,1,419,battery,0.06132806987421383,0.0,0.06132806987421383,0.012070553904887286
1258,pltd_tim420,1,420,diesel,0.014833196936261919,0.0823,-0.06746680306373808,0.009014146763508184
1259,plts_tim420,1,420,solar,0.2053056955405534,0.0,0.2053056955405534,0.04507199431083008
1260,batt_tim420,1,420,battery,0.0899138285309499,0.0,0.0899138285309499,0.01790495320130152
1261,pltd_tim421,1,421,diesel,0.007951627443498147,0.0373,-0.029348372556501853,0.005254257323985462
1262,plts_tim421,1,421,solar,0.0866420563303254,0.0,0.0866420563303254,0.019083357606371344
1263,batt_tim421,1,421,battery,0.0363751463836478,0.0,0.0363751463836478,0.007159331324570304
1264,pltd_tim422,1,422,diesel,0.021499460827123076,0.1192,-0.09770053917287692,0.013065020231181184
1265,plts_tim422,1,422,solar,0.29758010839593035,0.0,0.29758010839593035,0.0653294800938956
1266,batt_tim422,1,422,battery,0.1303261732775506,0.0,0.1303261732775506,0.025952449739225166
1267,pltd_tim423,1,423,diesel,0.018730315807469856,0.1953,-0.17656968419253014,0.006921973633901964
1268,plts_tim423,1,423,solar,0.5570102432778489,0.0,0.5570102432778489,0.12387279909603073
1269,batt_tim423,1,423,battery,0.2760058476984635,0.0,0.2760058476984635,0.055551346511816604
1270,pltd_tim424,1,424,diesel,0.009926378996324547,0.1035,-0.09357362100367544,0.003668272204289823
1271,plts_tim424,1,424,solar,0.29519846350832263,0.0,0.29519846350832263,0.0656488082355954
1272,batt_tim424,1,424,battery,0.14627504322023047,0.0,0.14627504322023047,0.029440588107955846
1273,pltd_tim425,1,425,diesel,0.017282194961755704,0.1802,-0.1629178050382443,0.006386461352525183
1274,plts_tim425,1,425,solar,0.5139628681177977,0.0,0.5139628681177977,0.11429962822688862
1275,batt_tim425,1,425,battery,0.25467669515556984,0.0,0.25467669515556984,0.05125842802614482
1276,pltd_tim426,1,426,diesel,0.00478539610156599,0.0499,-0.04511460389843401,0.0017681609032560086
1277,plts_tim426,1,426,solar,0.1423303457106274,0.0,0.1423303457106274,0.031652696746991026
1278,batt_tim426,1,426,battery,0.07052780065044813,0.0,0.07052780065044813,0.014195035291465477
1279,pltd_tim427,1,427,diesel,0.020000436672435607,0.2086,-0.1885995633275644,0.007391304601006672
1280,plts_tim427,1,427,solar,0.5947887323943661,0.0,0.5947887323943661,0.1322744295943662
1281,batt_tim427,1,427,battery,0.29472619928169014,0.0,0.29472619928169014,0.05931915708700261
1282,pltd_tim428,1,428,diesel,0.020797425198143267,0.2169,-0.19610257480185675,0.007685180774864052
1283,plts_tim428,1,428,solar,0.6185147247119078,0.0,0.6185147247119078,0.13755081247554418
1284,batt_tim428,1,428,battery,0.3064843742227913,0.0,0.3064843742227913,0.061685693994437046
1285,pltd_tim429,1,429,diesel,0.011935104774232954,0.1245,-0.11256489522576704,0.0044104220250521615
1286,plts_tim429,1,429,solar,0.35494238156209984,0.0,0.35494238156209984,0.07893521114566183
1287,batt_tim429,1,429,battery,0.17587943125864275,0.0,0.17587943125864275,0.035399022796626586
1288,pltd_tim430,1,430,diesel,0.01512572917106771,0.1577,-0.1425742708289323,0.005589627379707166
1289,plts_tim430,1,430,solar,0.44982714468629964,0.0,0.44982714468629964,0.10003650610448143
1290,batt_tim430,1,430,battery,0.2228959642759283,0.0,0.2228959642759283,0.04486198542849763
1291,pltd_tim431,1,431,diesel,0.01282150286655805,0.1337,-0.12087849713344197,0.004738004998309448
1292,plts_tim431,1,431,solar,0.38129961587708067,0.0,0.38129961587708067,0.08479673785889884
1293,batt_tim431,1,431,battery,0.18893981055505765,0.0,0.18893981055505765,0.03802767117149159
1294,pltd_tim432,1,432,diesel,0.012909459279583129,0.1346,-0.12169054072041686,0.004770206589691181
1295,plts_tim432,1,432,solar,0.3839372599231754,0.0,0.3839372599231754,0.08538340342042965
1296,batt_tim432,1,432,battery,0.190248017159411,0.0,0.190248017159411,0.03829095457781318
1297,pltd_tim433,1,433,diesel,0.031938,0.1722,-0.140262,0.018968193557416326
1298,plts_tim433,1,433,solar,0.4192653549044437,0.0,0.4192653549044437,0.09428795333533325
1299,batt_tim433,1,433,battery,0.19231666478660464,0.0,0.19231666478660464,0.03759530754442226
1300,pltd_tim434,1,434,diesel,0.008035681432169135,0.0838,-0.07576431856783086,0.002969760328787025
1301,plts_tim434,1,434,solar,0.23896927016645325,0.0,0.23896927016645325,0.05314404811190781
1302,batt_tim434,1,434,battery,0.11841200990460946,0.0,0.11841200990460946,0.023832637167995482
1303,pltd_tim435,1,435,diesel,0.008330518137830813,0.0869,-0.0785694818621692,0.003078152212206331
1304,plts_tim435,1,435,solar,0.24775928297055055,0.0,0.24775928297055055,0.05509888324327784
1305,batt_tim435,1,435,battery,0.12276954783610755,0.0,0.12276954783610755,0.02470965863490762
1306,pltd_tim436,1,436,diesel,0.010815675721294599,0.1152,-0.10438432427870539,0.0037863415155381607
1307,plts_tim436,1,436,solar,0.32752118248275436,0.0,0.32752118248275436,0.07342076851991194
1308,batt_tim436,1,436,battery,0.16490995999061436,0.0,0.16490995999061436,0.03304866353909495
1309,pltd_tim437,1,437,diesel,0.01955690163260818,0.2039,-0.18434309836739182,0.007226938084182856
1310,plts_tim437,1,437,solar,0.5816133162612036,0.0,0.5816133162612036,0.12934435722483995
1311,batt_tim437,1,437,battery,0.28819878075800254,0.0,0.28819878075800254,0.05800537519242774
1312,pltd_tim438,1,438,diesel,0.038108,0.2055,-0.16739199999999999,0.022632563665357822
1313,plts_tim438,1,438,solar,0.5002700785324989,0.0,0.5002700785324989,0.11250502634476964
1314,batt_tim438,1,438,battery,0.22947440820462214,0.0,0.22947440820462214,0.04485914495163988
1315,pltd_tim439,1,439,diesel,0.009022871050459126,0.0961,-0.08707712894954088,0.0031586246639295048
1316,plts_tim439,1,439,solar,0.27322555263137294,0.0,0.27322555263137294,0.06124938630730827
1317,batt_tim439,1,439,battery,0.13757212632053029,0.0,0.13757212632053029,0.02757000860359686
1318,pltd_tim440,1,440,diesel,0.008271786858016326,0.0863,-0.07802821314198367,0.0030569022811767084
1319,plts_tim440,1,440,solar,0.2459987195902689,0.0,0.2459987195902689,0.05470742291037639
1320,batt_tim440,1,440,battery,0.12189609935019206,0.0,0.12189609935019206,0.024533858096535924
1321,pltd_tim441,1,441,diesel,0.020568,0.1109,-0.090332,0.012215519733185033
1322,plts_tim441,1,441,solar,0.270010444389416,0.0,0.270010444389416,0.060722312512866916
1323,batt_tim441,1,441,battery,0.1238541078044077,0.0,0.1238541078044077,0.024211807866265454
1324,pltd_tim442,1,442,diesel,0.012969,0.0699,-0.056931,0.0077022407813234625
1325,plts_tim442,1,442,solar,0.17025834809287654,0.0,0.17025834809287654,0.03828909674363374
1326,batt_tim442,1,442,battery,0.07809808882366341,0.0,0.07809808882366341,0.015267124736482953
1327,pltd_tim443,1,443,diesel,0.02639451246728736,0.2252,-0.19880548753271265,0.009776136601575267
1328,plts_tim443,1,443,solar,0.6238761638201862,0.0,0.6238761638201862,0.1407483690174216
1329,batt_tim443,1,443,battery,0.3149700686028446,0.0,0.3149700686028446,0.062499804983847385
1330,pltd_tim444,1,444,diesel,0.018111,0.0977,-0.079589,0.010756052846318103
1331,plts_tim444,1,444,solar,0.23776093815634916,0.0,0.23776093815634916,0.05346973636098182
1332,batt_tim444,1,444,battery,0.10906194200567772,0.0,0.10906194200567772,0.021320128661531774
1333,pltd_tim445,1,445,diesel,0.055477,0.2991,-0.24362299999999998,0.0329481213464505
1334,plts_tim445,1,445,solar,0.7282776568115304,0.0,0.7282776568115304,0.1637813556187712
1335,batt_tim445,1,445,battery,0.33406102970306845,0.0,0.33406102970306845,0.06530440958209835
1336,pltd_tim446,1,446,diesel,0.025024,0.1349,-0.10987599999999999,0.01486172068823913
1337,plts_tim446,1,446,solar,0.3285151808874604,0.0,0.3285151808874604,0.07387933531033329
1338,batt_tim446,1,446,battery,0.1506913487066563,0.0,0.1506913487066563,0.029458125429633546
1339,pltd_tim447,1,447,diesel,0.025196,0.1359,-0.110704,0.014964042744249983
1340,plts_tim447,1,447,solar,0.33076343217799575,0.0,0.33076343217799575,0.07438479891494928
1341,batt_tim447,1,447,battery,0.15172094268703518,0.0,0.15172094268703518,0.029659419080379296
1342,pltd_tim448,1,448,diesel,0.012853630524134718,0.1097,-0.0968463694758653,0.004760541485602264
1343,plts_tim448,1,448,solar,0.30383275261324044,0.0,0.30383275261324044,0.06854567422648085
1344,batt_tim448,1,448,battery,0.15339416445993034,0.0,0.15339416445993034,0.030438140434291296
1345,pltd_tim449,1,449,diesel,0.0164649936404044,0.1405,-0.1240350063595956,0.006098370791529767
1346,plts_tim449,1,449,solar,0.3891757582681213,0.0,0.3891757582681213,0.0877993038641115
1347,batt_tim449,1,449,battery,0.1964792567338779,0.0,0.1964792567338779,0.03898755709202326
1348,pltd_tim450,1,450,diesel,0.049306,0.2659,-0.216594,0.02928288129421848
1349,plts_tim450,1,450,solar,0.6472771339679088,0.0,0.6472771339679088,0.14556530724212827
1350,batt_tim450,1,450,battery,0.2969074947559017,0.0,0.2969074947559017,0.058041387017994134
1351,pltd_tim451,1,451,diesel,0.14152,0.7631,-0.62158,0.0840493322189094
1352,plts_tim451,1,451,solar,1.8578243851806449,0.0,1.8578243851806449,0.41780345514128503
1353,batt_tim451,1,451,battery,0.8521852154604588,0.0,0.8521852154604588,0.1665906927244049
1354,pltd_tim452,1,452,diesel,0.044678,0.2409,-0.196222,0.026534219198528136
1355,plts_tim452,1,452,solar,0.5865257906918135,0.0,0.5865257906918135,0.13190303006368856
1356,batt_tim452,1,452,battery,0.26904120731517966,0.0,0.26904120731517966,0.05259389228867344
1357,pltd_tim453,1,453,diesel,0.044678,0.2409,-0.196222,0.026534219198528136
1358,plts_tim453,1,453,solar,0.5865257906918135,0.0,0.5865257906918135,0.13190303006368856
1359,batt_tim453,1,453,battery,0.26904120731517966,0.0,0.26904120731517966,0.05259389228867344
1360,pltd_tim454,1,454,diesel,0.052449,0.2828,-0.230351,0.03114975602957911
1361,plts_tim454,1,454,solar,0.6885255620628852,0.0,0.6885255620628852,0.15484151901516532
1362,batt_tim454,1,454,battery,0.3158265361035508,0.0,0.3158265361035508,0.061739816173643755
1363,pltd_tim455,1,455,diesel,0.03348,0.1805,-0.14701999999999998,0.01988389011771451
1364,plts_tim455,1,455,solar,0.4395188193919293,0.0,0.4395188193919293,0.09884270920980455
1365,batt_tim455,1,455,battery,0.2016079658402505,0.0,0.2016079658402505,0.039411636950599856
1366,pltd_tim456,1,456,diesel,0.023073167856155378,0.2406,-0.21752683214384463,0.008526942542553996
1367,plts_tim456,1,456,solar,0.6861587708066581,0.0,0.6861587708066581,0.1525940075884763
1368,batt_tim456,1,456,battery,0.34000068757618435,0.0,0.34000068757618435,0.0684315013366149
1369,pltd_tim457,1,457,diesel,0.018730315807469856,0.1953,-0.17656968419253014,0.006921973633901964
1370,plts_tim457,1,457,solar,0.5570102432778489,0.0,0.5570102432778489,0.12387279909603073
1371,batt_tim457,1,457,battery,0.2760058476984635,0.0,0.2760058476984635,0.055551346511816604
1372,pltd_tim458,1,458,diesel,0.02977919015557648,0.3105,-0.2807208098444235,0.011004837070264475
1373,plts_tim458,1,458,solar,0.885595390524968,0.0,0.885595390524968,0.19694651470678617
1374,batt_tim458,1,458,battery,0.4388251296606915,0.0,0.4388251296606915,0.08832175611520626
1375,pltd_tim459,1,459,diesel,0.009276577163924306,0.0967,-0.08742342283607568,0.0034280845182375562
1376,plts_tim459,1,459,solar,0.27587067861715747,0.0,0.27587067861715747,0.061350408362612026
1377,batt_tim459,1,459,battery,0.13669760336939818,0.0,0.13669760336939818,0.027512958718431582
1378,pltd_tim460,1,460,diesel,0.016425733669520524,0.1713,-0.1548742663304795,0.006070172968993879
1379,plts_tim460,1,460,solar,0.4884827144686299,0.0,0.4884827144686299,0.10863306385044814
1380,batt_tim460,1,460,battery,0.2420501539775928,0.0,0.2420501539775928,0.04871711885921694
1381,pltd_tim461,1,461,diesel,0.026516447242012475,0.2659,-0.23938355275798756,0.008665926202765618
1382,plts_tim461,1,461,solar,0.7536312507157449,0.0,0.7536312507157449,0.169509872288167
1383,batt_tim461,1,461,battery,0.3784234043353394,0.0,0.3784234043353394,0.07637790437190989
1384,pltd_tim462,1,462,diesel,0.02767799445743291,0.2668,-0.23912200554256707,0.008611012368609306
1385,plts_tim462,1,462,solar,0.7450101768359614,0.0,0.7450101768359614,0.17017692951864763
1386,batt_tim462,1,462,battery,0.3800768613562741,0.0,0.3800768613562741,0.07660332668082227
1387,pltd_tim463,1,463,diesel,0.02005901661883169,0.2092,-0.1891409833811683,0.007412454159778619
1388,plts_tim463,1,463,solar,0.5965492957746479,0.0,0.5965492957746479,0.13266594697464787
1389,batt_tim463,1,463,battery,0.2955998777676056,0.0,0.2955998777676056,0.05949498863657939
1390,pltd_tim464,1,464,diesel,0.028094865717199616,0.293,-0.2649051342828004,0.010382249400129133
1391,plts_tim464,1,464,solar,0.8355185659411012,0.0,0.8355185659411012,0.1858099829894763
1392,batt_tim464,1,464,battery,0.41401211767221513,0.0,0.41401211767221513,0.08332767491100296
1393,pltd_tim465,1,465,diesel,0.014653248318097313,0.1528,-0.13814675168190269,0.005415271168773058
1394,plts_tim465,1,465,solar,0.43576824583866836,0.0,0.43576824583866836,0.09690999760230473
1395,batt_tim465,1,465,battery,0.21592916538476314,0.0,0.21592916538476314,0.04345977883229332
1396,pltd_tim466,1,466,diesel,0.046027157011802204,0.48,-0.43397284298819777,0.017009048483843534
1397,plts_tim466,1,466,solar,1.368809218950064,0.0,1.368809218950064,0.30440787518642765
1398,batt_tim466,1,466,battery,0.678265562678617,0.0,0.678265562678617,0.13651361695389014
1399,pltd_tim467,1,467,diesel,0.004963064748045308,0.0518,-0.04683693525195469,0.0018341592302081899
1400,plts_tim467,1,467,solar,0.14759923175416131,0.0,0.14759923175416131,0.0328244971177977
1401,batt_tim467,1,467,battery,0.07313775161011522,0.0,0.07313775161011522,0.01472033613640742
1402,pltd_tim468,1,468,diesel,0.023279479648940848,0.2428,-0.21952052035105915,0.008602861826347981
1403,plts_tim468,1,468,solar,0.6923111395646606,0.0,0.6923111395646606,0.1539623000919334
1404,batt_tim468,1,468,battery,0.34305047890332907,0.0,0.34305047890332907,0.0690453109871965
1405,pltd_tim469,1,469,diesel,0.012644567540401566,0.1319,-0.11925543245959842,0.004673126718568311
1406,plts_tim469,1,469,solar,0.37602432778489114,0.0,0.37602432778489114,0.083623617603073
1407,batt_tim469,1,469,battery,0.18632454734635084,0.0,0.18632454734635084,0.037501307957884054
1408,pltd_tim470,1,470,diesel,0.008005912298278009,0.0835,-0.075494087701722,0.0029585268794245553
1409,plts_tim470,1,470,solar,0.2380921895006402,0.0,0.2380921895006402,0.052949083883594504
1410,batt_tim470,1,470,battery,0.11797840178617158,0.0,0.11797840178617158,0.023745353837686424
1411,pltd_tim471,1,471,diesel,0.01669171456246459,0.1741,-0.1574082854375354,0.006168513455387109
1412,plts_tim471,1,471,solar,0.4963892445582586,0.0,0.4963892445582586,0.11039145184916774
1413,batt_tim471,1,471,battery,0.24596785154161332,0.0,0.24596785154161332,0.04950562358447411
1414,pltd_tim472,1,472,diesel,0.006055864633581217,0.0632,-0.05714413536641879,0.00223761226459474
1415,plts_tim472,1,472,solar,0.18010883482714468,0.0,0.18010883482714468,0.04005419624532651
1416,batt_tim472,1,472,battery,0.08924746223367476,0.0,0.08924746223367476,0.017962710278628505
1417,pltd_tim473,1,473,diesel,0.004017210221973083,0.0419,-0.037882789778026914,0.001484183661782786
1418,plts_tim473,1,473,solar,0.11948783610755441,0.0,0.11948783610755441,0.026572819998463507
1419,batt_tim473,1,473,battery,0.05920946607682458,0.0,0.05920946607682458,0.01191700154448218
1420,pltd_tim474,1,474,diesel,0.0057897405736089666,0.0604,-0.054610259426391035,0.0021391951416201804
1421,plts_tim474,1,474,solar,0.172202304737516,0.0,0.172202304737516,0.038295955246606915
1422,batt_tim474,1,474,battery,0.08533022466965427,0.0,0.08533022466965427,0.01717428470179304
1423,pltd_tim475,1,475,diesel,0.010724109008745248,0.1118,-0.10107589099125475,0.003963298957591529
1424,plts_tim475,1,475,solar,0.31891805377720867,0.0,0.31891805377720867,0.07092384423175414
1425,batt_tim475,1,475,battery,0.15802813591229192,0.0,0.15802813591229192,0.03180612053295698
1426,pltd_tim476,1,476,diesel,0.00543565193422143,0.0567,-0.05126434806577857,0.0020084621297364997
1427,plts_tim476,1,476,solar,0.16165813060179257,0.0,0.16165813060179257,0.035950952619974386
1428,batt_tim476,1,476,battery,0.0801045505012804,0.0,0.0801045505012804,0.016122535506219393
1429,pltd_tim477,1,477,diesel,0.022796,0.1229,-0.100104,0.013538635110395745
1430,plts_tim477,1,477,solar,0.29926327488450843,0.0,0.29926327488450843,0.06730079953110331
1431,batt_tim477,1,477,battery,0.1372724507299039,0.0,0.1372724507299039,0.026834933853916547
1432,pltd_tim478,1,478,diesel,0.017459900442057478,0.1821,-0.16464009955794254,0.006452528196382053
1433,plts_tim478,1,478,solar,0.5192317541613316,0.0,0.5192317541613316,0.11547127059769524
1434,batt_tim478,1,478,battery,0.25728618611523685,0.0,0.25728618611523685,0.051783660102657406
1435,pltd_tim479,1,479,diesel,0.033774,0.1778,-0.14402600000000002,0.020195423501593115
1436,plts_tim479,1,479,solar,0.43572049390819584,0.0,0.43572049390819584,0.09656118953258573
1437,batt_tim479,1,479,battery,0.19328436700348983,0.0,0.19328436700348983,0.03799868735500649
1438,pltd_tim480,1,480,diesel,0.015083,0.0813,-0.066217,0.008957717595851641
1439,plts_tim480,1,480,solar,0.1980093716889269,0.0,0.1980093716889269,0.044530053514781016
1440,batt_tim480,1,480,battery,0.09082768980544206,0.0,0.09082768980544206,0.01775558253671543
1441,pltd_tim481,1,481,diesel,0.03188,0.1719,-0.14002,0.018933554490601488
1442,plts_tim481,1,481,solar,0.4185183342969472,0.0,0.4185183342969472,0.09412011856202378
1443,batt_tim481,1,481,battery,0.1919759885771915,0.0,0.1919759885771915,0.03752869850873722
1444,pltd_tim482,1,482,diesel,0.031316,0.1648,-0.133484,0.018725643281516144
1445,plts_tim482,1,482,solar,0.4040034522260662,0.0,0.4040034522260662,0.08953218278947676
1446,batt_tim482,1,482,battery,0.17921393982221676,0.0,0.17921393982221676,0.035232530026617186
1447,pltd_tim483,1,483,diesel,0.067431,0.3549,-0.287469,0.040320845860845965
1448,plts_tim483,1,483,solar,0.869930932324858,0.0,0.869930932324858,0.19278761905103323
1449,batt_tim483,1,483,battery,0.38589849831268075,0.0,0.38589849831268075,0.07586564733733442
1450,pltd_tim484,1,484,diesel,0.01134446487513323,0.1183,-0.10695553512486677,0.004192500873626927
1451,plts_tim484,1,484,solar,0.33736875800256083,0.0,0.33736875800256083,0.07502700185710626
1452,batt_tim484,1,484,battery,0.16717058764468629,0.0,0.16717058764468629,0.0336462224641444
1453,pltd_tim485,1,485,diesel,0.025824,0.1392,-0.11337599999999999,0.015336749895737972
1454,plts_tim485,1,485,solar,0.3390158617136316,0.0,0.3390158617136316,0.0762407683354693
1455,batt_tim485,1,485,battery,0.15550761342582292,0.0,0.15550761342582292,0.03039964752404841
1456,pltd_tim486,1,486,diesel,0.021139,0.114,-0.092861,0.012554460804473656
1457,plts_tim486,1,486,solar,0.27751237255346556,0.0,0.27751237255346556,0.06240943331401317
1458,batt_tim486,1,486,battery,0.12729607635609272,0.0,0.12729607635609272,0.024884651079995122
1459,pltd_tim487,1,487,diesel,0.031078,0.1762,-0.145122,0.019153825432254464
1460,plts_tim487,1,487,solar,0.44041084964293575,0.0,0.44041084964293575,0.0967747977597766
1461,batt_tim487,1,487,battery,0.19526861137655568,0.0,0.19526861137655568,0.03868199642275442
1462,pltd_tim488,1,488,diesel,0.02771,0.1494,-0.12169,0.016457091137777158
1463,plts_tim488,1,488,solar,0.3637637997928208,0.0,0.3637637997928208,0.08180635917193649
1464,batt_tim488,1,488,battery,0.16685859191944866,0.0,0.16685859191944866,0.032618599071234565
1465,pltd_tim489,1,489,diesel,0.019831,0.1124,-0.092569,0.012283893509430797
1466,plts_tim489,1,489,solar,0.27509145262516405,0.0,0.27509145262516405,0.06171199003479055
1467,batt_tim489,1,489,battery,0.12654836786870047,0.0,0.12654836786870047,0.024796233280136398
1468,pltd_tim490,1,490,diesel,0.014912,0.0804,-0.065488,0.008856426968315123
1469,plts_tim490,1,490,solar,0.195756787543652,0.0,0.195756787543652,0.044023402199474704
1470,batt_tim490,1,490,battery,0.08979307950439189,0.0,0.08979307950439189,0.017553350560008545
1471,pltd_tim491,1,491,diesel,0.029138,0.1571,-0.127962,0.01730504254259079
1472,plts_tim491,1,491,solar,0.38251647774296527,0.0,0.38251647774296527,0.08602356874430436
1473,batt_tim491,1,491,battery,0.17546114152506037,0.0,0.17546114152506037,0.0343002789246617
1474,pltd_tim492,1,492,diesel,0.011255,0.0607,-0.049444999999999996,0.006684352069359303
1475,plts_tim492,1,492,solar,0.1477567164503812,0.0,0.1477567164503812,0.03322882730802117
1476,batt_tim492,1,492,battery,0.06777680886598944,0.0,0.06777680886598944,0.01324944077744031
1477,pltd_tim493,1,493,diesel,0.0885,0.4772,-0.38870000000000005,0.052560410078817545
1478,plts_tim493,1,493,solar,1.161796546677573,0.0,1.161796546677573,0.261274873542833
1479,batt_tim493,1,493,battery,0.532917550029231,0.0,0.532917550029231,0.10417815528785532
1480,pltd_tim494,1,494,diesel,0.031309,0.1688,-0.137491,0.01859451800157335
1481,plts_tim494,1,494,solar,0.4110168502785952,0.0,0.4110168502785952,0.09243303629008054
1482,batt_tim494,1,494,battery,0.18853418634843788,0.0,0.18853418634843788,0.03685588897171774
1483,pltd_tim495,1,495,diesel,0.056276,0.3035,-0.247224,0.03342227995774875
1484,plts_tim495,1,495,solar,0.7387823222163039,0.0,0.7387823222163039,0.16614376734005656
1485,batt_tim495,1,495,battery,0.3388815399669148,0.0,0.3388815399669148,0.06624675980769823
1486,pltd_tim496,1,496,diesel,0.01733170045812988,0.1479,-0.13056829954187013,0.006419286736393983
1487,plts_tim496,1,496,solar,0.409658993545439,0.0,0.409658993545439,0.09242031748432056
1488,batt_tim496,1,496,battery,0.20682040679842353,0.0,0.20682040679842353,0.04103955671622917
1489,pltd_tim497,1,497,diesel,0.015712,0.0847,-0.068988,0.009331447952087653
1490,plts_tim497,1,497,solar,0.20625703595816047,0.0,0.20625703595816047,0.04638493335132254
1491,batt_tim497,1,497,battery,0.09461010837121595,0.0,0.09461010837121595,0.018494982328166574
1492,pltd_tim498,1,498,diesel,0.023082,0.1245,-0.10141800000000001,0.01370851896247742
1493,plts_tim498,1,498,solar,0.303012012371028,0.0,0.303012012371028,0.06814393846429374
1494,batt_tim498,1,498,battery,0.13899167815579494,0.0,0.13899167815579494,0.027171001799603637
1495,pltd_tim499,1,499,diesel,0.011769,0.0635,-0.051731,0.006989546782393452
1496,plts_tim499,1,499,solar,0.1545082273783701,0.0,0.1545082273783701,0.03474716354790221
1497,batt_tim499,1,499,battery,0.07087415030692246,0.0,0.07087415030692246,0.013854936041511237
1498,pltd_tim500,1,500,diesel,0.026796,0.1445,-0.11770399999999999,0.015914300212073088
1499,plts_tim500,1,500,solar,0.35176268070544553,0.0,0.35176268070544553,0.0791074186745106
1500,batt_tim500,1,500,battery,0.16135319652823976,0.0,0.16135319652823976,0.0315423572604454
1501,pltd_tim501,1,501,diesel,0.02034,0.1097,-0.08936000000000001,0.01208026721810824
1502,plts_tim501,1,501,solar,0.26700864337486735,0.0,0.26700864337486735,0.0600471313161011
1503,batt_tim501,1,501,battery,0.1224757115115793,0.0,0.1224757115115793,0.023942366610382734
1504,pltd_tim502,1,502,diesel,0.021368,0.1152,-0.093832,0.012690537295721324
1505,plts_tim502,1,502,solar,0.2805116652308452,0.0,0.2805116652308452,0.06308378376659542
1506,batt_tim502,1,502,battery,0.12867062439344534,0.0,0.12867062439344534,0.02515339930172459
1507,pltd_tim503,1,503,diesel,0.028681,0.1547,-0.126019,0.017033643395306452
1508,plts_tim503,1,503,solar,0.3765156961264288,0.0,0.3765156961264288,0.08467415473098987
1509,batt_tim503,1,503,battery,0.17270847566799022,0.0,0.17270847566799022,0.033762158300112005
1510,pltd_tim504,1,504,diesel,0.025024,0.1349,-0.10987599999999999,0.01486172068823913
1511,plts_tim504,1,504,solar,0.3285151808874604,0.0,0.3285151808874604,0.07387933531033329
1512,batt_tim504,1,504,battery,0.1506913487066563,0.0,0.1506913487066563,0.029458125429633542
1513,pltd_tim505,1,505,diesel,0.026167,0.1411,-0.11493300000000001,0.01554060068829858
1514,plts_tim505,1,505,solar,0.3435148364311259,0.0,0.3435148364311259,0.07725256809510489
1515,batt_tim505,1,505,battery,0.15757084733917548,0.0,0.15757084733917548,0.030802980004379477
1516,pltd_tim506,1,506,diesel,0.027081,0.146,-0.118919,0.016083317429196244
1517,plts_tim506,1,506,solar,0.35551605138806164,0.0,0.35551605138806164,0.07995154629192032
1518,batt_tim506,1,506,battery,0.16307632827732402,0.0,0.16307632827732402,0.03187921362990274
1519,pltd_tim507,1,507,diesel,0.033252,0.1793,-0.14604799999999998,0.019748559766981266
1520,plts_tim507,1,507,solar,0.43651649009615756,0.0,0.43651649009615756,0.0981676094403611
1521,batt_tim507,1,507,battery,0.20023024814814006,0.0,0.20023024814814006,0.039142292632126256
1522,pltd_tim508,1,508,diesel,0.008799,0.0474,-0.038600999999999996,0.0052259871679098385
1523,plts_tim508,1,508,solar,0.11550234908135165,0.0,0.11550234908135165,0.02597513687276801
1524,batt_tim508,1,508,battery,0.052979845347305835,0.0,0.052979845347305835,0.010356844880401948
1525,pltd_tim509,1,509,diesel,0.011255,0.0607,-0.049444999999999996,0.006684352069359303
1526,plts_tim509,1,509,solar,0.1477567164503812,0.0,0.1477567164503812,0.03322882730802117
1527,batt_tim509,1,509,battery,0.06777680886598944,0.0,0.06777680886598944,0.01324944077744031
1528,pltd_tim510,1,510,diesel,0.00937,0.0505,-0.04113,0.005565050211362034
1529,plts_tim510,1,510,solar,0.12300409724031529,0.0,0.12300409724031529,0.027662133931050104
1530,batt_tim510,1,510,battery,0.05642142327570048,0.0,0.05642142327570048,0.011029639763916858
1531,pltd_tim511,1,511,diesel,0.023425,0.1263,-0.102875,0.013912225272542884
1532,plts_tim511,1,511,solar,0.3075118274451372,0.0,0.3075118274451372,0.06915588745737171
1533,batt_tim511,1,511,battery,0.14105543194154058,0.0,0.14105543194154058,0.027574437469188105
1534,pltd_tim512,1,512,diesel,0.012912,0.0696,-0.056687999999999995,0.007668228233419413
1535,plts_tim512,1,512,solar,0.169508158796682,0.0,0.169508158796682,0.03812056476029359
1536,batt_tim512,1,512,battery,0.07775481510967165,0.0,0.07775481510967165,0.015199971871606006
1537,pltd_tim513,1,513,diesel,0.017711,0.0955,-0.077789,0.010518453480630054
1538,plts_tim513,1,513,solar,0.23251096998679077,0.0,0.23251096998679077,0.0522891326030747
1539,batt_tim513,1,513,battery,0.10665402680882109,0.0,0.10665402680882109,0.020849405825831377
1540,pltd_tim514,1,514,diesel,0.024796,0.1337,-0.10890400000000001,0.014726429518183686
1541,plts_tim514,1,514,solar,0.32551364401352334,0.0,0.32551364401352334,0.07320427689990631
1542,batt_tim514,1,514,battery,0.149313418113469,0.0,0.149313418113469,0.029188767003751052
1543,pltd_tim515,1,515,diesel,0.021025,0.1134,-0.092375,0.012486835906320423
1544,plts_tim515,1,515,solar,0.2760112260059524,0.0,0.2760112260059524,0.06207181352618136
1545,batt_tim515,1,515,battery,0.12660677366147785,0.0,0.12660677366147785,0.02474991210201514
1546,pltd_tim516,1,516,diesel,0.024967,0.1346,-0.109633,0.014827798782165972
1547,plts_tim516,1,516,solar,0.32776502779201133,0.0,0.32776502779201133,0.07371066552077304
1548,batt_tim516,1,516,battery,0.15034718729554541,0.0,0.15034718729554541,0.029390828388070257
1549,pltd_tim517,1,517,diesel,0.019597,0.1057,-0.086103,0.011638859746050563
1550,plts_tim517,1,517,solar,0.25725917220659156,0.0,0.25725917220659156,0.057854661225880705
1551,batt_tim517,1,517,battery,0.11800455100208783,0.0,0.11800455100208783,0.023068295709912968
1552,pltd_tim518,1,518,diesel,0.012512,0.0675,-0.054988,0.007430912813926331
1553,plts_tim518,1,518,solar,0.1642580468227831,0.0,0.1642580468227831,0.03693968445330218
1554,batt_tim518,1,518,battery,0.07534539159240553,0.0,0.07534539159240553,0.014729020107957116
1555,pltd_tim519,1,519,diesel,0.010284,0.0555,-0.045216,0.006107808908811242
1556,plts_tim519,1,519,solar,0.1350050001218592,0.0,0.1350050001218592,0.03036111649183195
1557,batt_tim519,1,519,battery,0.061926855740738154,0.0,0.061926855740738154,0.012105858624377621
1558,pltd_tim520,1,520,diesel,0.029595,0.1596,-0.13000499999999998,0.01757651615131934
1559,plts_tim520,1,520,solar,0.38851650313841235,0.0,0.38851650313841235,0.08737289152777526
1560,batt_tim520,1,520,battery,0.17821313258608823,0.0,0.17821313258608823,0.03483826893143869
1561,pltd_tim521,1,521,diesel,0.023110872854771005,0.1282,-0.105089127145229,0.014044481742459316
1562,plts_tim521,1,521,solar,0.3198773414471807,0.0,0.3198773414471807,0.07022449067077113
1563,batt_tim521,1,521,battery,0.14009036382428444,0.0,0.14009036382428444,0.02789684482915528
1564,pltd_tim522,1,522,diesel,0.01955495042753636,0.1084,-0.08884504957246364,0.01188351512490209
1565,plts_tim522,1,522,solar,0.2706665398878007,0.0,0.2706665398878007,0.059421040831701064
1566,batt_tim522,1,522,battery,0.11853931774555485,0.0,0.11853931774555485,0.023605280219198638
1567,pltd_tim523,1,523,diesel,0.008399,0.0453,-0.036901,0.004988326329094674
1568,plts_tim523,1,523,solar,0.11025287299227107,0.0,0.11025287299227107,0.024794548493758662
1569,batt_tim523,1,523,battery,0.05057213924685048,0.0,0.05057213924685048,0.009886176950931426
1570,pltd_tim524,1,524,diesel,0.019165985159762918,0.1063,-0.08713401484023708,0.01164705482527485
1571,plts_tim524,1,524,solar,0.2652847770276695,0.0,0.2652847770276695,0.05823952554150423
1572,batt_tim524,1,524,battery,0.11618253654749455,0.0,0.11618253654749455,0.0231359658023556
1573,pltd_tim525,1,525,diesel,0.017665955037837154,0.098,-0.08033404496216284,0.01073552676837728
1574,plts_tim525,1,525,solar,0.2445231529903965,0.0,0.2445231529903965,0.05368167598559475
1575,batt_tim525,1,525,battery,0.10709021796805172,0.0,0.10709021796805172,0.02132536624845006
1576,pltd_tim526,1,526,diesel,0.009531703101646954,0.0813,-0.07176829689835304,0.003529993258601359
1577,plts_tim526,1,526,solar,0.2253155880504941,0.0,0.2253155880504941,0.05083189282229965
1578,batt_tim526,1,526,battery,0.11375403071000173,0.0,0.11375403071000173,0.022572320238464973
1579,pltd_tim527,1,527,diesel,0.009315512369025721,0.0795,-0.07018448763097428,0.0034502844051975306
1580,plts_tim527,1,527,solar,0.22019192323070771,0.0,0.22019192323070771,0.04967600770731706
1581,batt_tim527,1,527,battery,0.11116641094762095,0.0,0.11116641094762095,0.022058859787669013
1582,pltd_tim528,1,528,diesel,0.009026369048577143,0.077,-0.06797363095142285,0.0033430283243261376
1583,plts_tim528,1,528,solar,0.21336608213857314,0.0,0.21336608213857314,0.0481359934738676
1584,batt_tim528,1,528,battery,0.10772053242360197,0.0,0.10772053242360197,0.021375103512963355
1585,pltd_tim529,1,529,diesel,0.04405,0.2375,-0.19344999999999998,0.026161627553264226
1586,plts_tim529,1,529,solar,0.5782726411358338,0.0,0.5782726411358338,0.13004684867171187
1587,batt_tim529,1,529,battery,0.2652536640832305,0.0,0.2652536640832305,0.051853518010545274
1588,pltd_tim530,1,530,diesel,0.014151239665079517,0.1476,-0.13344876033492048,0.00522971748501838
1589,plts_tim530,1,530,solar,0.4208322663252241,0.0,0.4208322663252241,0.0935884178524968
1590,batt_tim530,1,530,battery,0.20852806837516008,0.0,0.20852806837516008,0.04197016754734933
1591,pltd_tim531,1,531,diesel,0.021411498240222378,0.1827,-0.16128850175977763,0.007930339154924951
1592,plts_tim531,1,531,solar,0.5061004169760667,0.0,0.5061004169760667,0.11417780541114982
1593,batt_tim531,1,531,battery,0.25551009797795166,0.0,0.25551009797795166,0.05070111534803453
1594,pltd_tim532,1,532,diesel,0.02603326279596502,0.2221,-0.19606673720403497,0.009642243413888349
1595,plts_tim532,1,532,solar,0.6153424344547895,0.0,0.6153424344547895,0.1388231827456446
1596,batt_tim532,1,532,battery,0.31066218682469876,0.0,0.31066218682469876,0.06164498253534309
1597,pltd_tim533,1,533,diesel,0.010341,0.0558,-0.045459,0.006141504253370466
1598,plts_tim533,1,533,solar,0.13575617357900924,0.0,0.13575617357900924,0.030530041232967663
1599,batt_tim533,1,533,battery,0.062271927647532484,0.0,0.062271927647532484,0.012173312107009074
1600,pltd_tim534,1,534,diesel,0.014912,0.0804,-0.065488,0.008856426968315123
1601,plts_tim534,1,534,solar,0.195756787543652,0.0,0.195756787543652,0.044023402199474704
1602,batt_tim534,1,534,battery,0.08979307950439189,0.0,0.08979307950439189,0.017553350560008545
1603,pltd_tim535,1,535,diesel,0.019777,0.1121,-0.092323,0.012250632958802929
1604,plts_tim535,1,535,solar,0.27433635375055526,0.0,0.27433635375055526,0.061542446156481606
1605,batt_tim535,1,535,battery,0.12619953522355723,0.0,0.12619953522355723,0.024727918281099107
1606,pltd_tim536,1,536,diesel,0.015655,0.0844,-0.068745,0.00929784065162107
1607,plts_tim536,1,536,solar,0.2055054183553128,0.0,0.2055054183553128,0.04621585008098383
1608,batt_tim536,1,536,battery,0.09426441014149026,0.0,0.09426441014149026,0.018427410453624917
1609,pltd_tim537,1,537,diesel,0.018511,0.0998,-0.081289,0.010993682881774483
1610,plts_tim537,1,537,solar,0.2430110383962133,0.0,0.2430110383962133,0.05465041101205834
1611,batt_tim537,1,537,battery,0.11146974505235477,0.0,0.11146974505235477,0.02179083191497463
1612,pltd_tim538,1,538,diesel,0.012055,0.065,-0.052945000000000006,0.007159426225655381
1613,plts_tim538,1,538,solar,0.15825754108089304,0.0,0.15825754108089304,0.03559031688224141
1614,batt_tim538,1,538,battery,0.07259343190556539,0.0,0.07259343190556539,0.014191020719556264
1615,pltd_tim539,1,539,diesel,0.01577712892813793,0.0875,-0.07172287107186207,0.009587714514070384
1616,plts_tim539,1,539,solar,0.2183797660929923,0.0,0.2183797660929923,0.047942147139488446
1617,batt_tim539,1,539,battery,0.09564042819054865,0.0,0.09564042819054865,0.019045326101381477
1618,pltd_tim540,1,540,diesel,0.01159680816403561,0.1235,-0.1119031918359644,0.004059764169290033
1619,plts_tim540,1,540,solar,0.3511647892453497,0.0,0.3511647892453497,0.07872108251557165
1620,batt_tim540,1,540,battery,0.17681474061638874,0.0,0.17681474061638874,0.03543440201345642
1621,pltd_tim541,1,541,diesel,0.032395,0.1747,-0.142305,0.019239630961230738
1622,plts_tim541,1,541,solar,0.425265248229585,0.0,0.425265248229585,0.09563733529024172
1623,batt_tim541,1,541,battery,0.19506876799781203,0.0,0.19506876799781203,0.03813330803155154
1624,pltd_tim542,1,542,diesel,0.016021390000572122,0.1707,-0.15467860999942787,0.005608681993217868
1625,plts_tim542,1,542,solar,0.4851508665322554,0.0,0.4851508665322554,0.1087568589419877
1626,batt_tim542,1,542,battery,0.24427802767647072,0.0,0.24427802767647072,0.04895433191378902
1627,pltd_tim543,1,543,diesel,0.013071400127491776,0.1392,-0.1261285998725082,0.004576023806706574
1628,plts_tim543,1,543,solar,0.3958269076733224,0.0,0.3958269076733224,0.08873301943655716
1629,batt_tim543,1,543,battery,0.1993025840426668,0.0,0.1993025840426668,0.03994107186276311
1630,pltd_tim544,1,544,diesel,0.01411268045627022,0.1503,-0.13618731954372976,0.004940457180099337
1631,plts_tim544,1,544,solar,0.42735292134383657,0.0,0.42735292134383657,0.09580030855577902
1632,batt_tim544,1,544,battery,0.21517667882495864,0.0,0.21517667882495864,0.043122282148746395
1633,pltd_tim545,1,545,diesel,0.023832536494483216,0.1322,-0.10836746350551679,0.014483022445438348
1634,plts_tim545,1,545,solar,0.3298754397641913,0.0,0.3298754397641913,0.07241945064628696
1635,batt_tim545,1,545,battery,0.14446981000760675,0.0,0.14446981000760675,0.028768954661694757
1636,pltd_tim546,1,546,diesel,0.009456516018470185,0.1007,-0.09124348398152982,0.003310489991497605
1637,plts_tim546,1,546,solar,0.2863616573888314,0.0,0.2863616573888314,0.06419404310907194
1638,batt_tim546,1,546,battery,0.14418587496451646,0.0,0.14418587496451646,0.02889546285626345
1639,pltd_tim547,1,547,diesel,0.016079111322768194,0.1713,-0.15522088867723183,0.005628851312572836
1640,plts_tim547,1,547,solar,0.486902227249792,0.0,0.486902227249792,0.10914951867611143
1641,batt_tim547,1,547,battery,0.2451603079141613,0.0,0.2451603079141613,0.04913113328409701
1642,pltd_tim548,1,548,diesel,0.019784,0.1041,-0.084316,0.011829864746961825
1643,plts_tim548,1,548,solar,0.2552421765238691,0.0,0.2552421765238691,0.05656481629228215
1644,batt_tim548,1,548,battery,0.11322537029360025,0.0,0.11322537029360025,0.022259532226667326
1645,pltd_tim549,1,549,diesel,0.052095,0.2742,-0.222105,0.031150451008337698
1646,plts_tim549,1,549,solar,0.6720832333260732,0.0,0.6720832333260732,0.14894206148176092
1647,batt_tim549,1,549,battery,0.29813449827369615,0.0,0.29813449827369615,0.05861169284648088
1648,pltd_tim550,1,550,diesel,0.02517,0.1325,-0.10733000000000001,0.015050661073960463
1649,plts_tim550,1,550,solar,0.3247118285913765,0.0,0.3247118285913765,0.07196029893508277
1650,batt_tim550,1,550,battery,0.14404056916517158,0.0,0.14404056916517158,0.02831761801858199
1651,pltd_tim551,1,551,diesel,0.01598,0.0841,-0.06811999999999999,0.009555347458895077
1652,plts_tim551,1,551,solar,0.20615477213339753,0.0,0.20615477213339753,0.04568644860022874
1653,batt_tim551,1,551,battery,0.09144908202962605,0.0,0.09144908202962605,0.017978417992463497
1654,pltd_tim552,1,552,diesel,0.025653,0.1383,-0.11264700000000001,0.015235519612703448
1655,plts_tim552,1,552,solar,0.33676319343283123,0.0,0.33676319343283123,0.0757341979766883
1656,batt_tim552,1,552,battery,0.15447338804842195,0.0,0.15447338804842195,0.030197461289460832
1657,pltd_tim553,1,553,diesel,0.019258,0.1014,-0.082142,0.011515492422413544
1658,plts_tim553,1,553,solar,0.24844249239842572,0.0,0.24844249239842572,0.05505800309551931
1659,batt_tim553,1,553,battery,0.11020796273732364,0.0,0.11020796273732364,0.021666305447775893
1660,pltd_tim554,1,554,diesel,0.037988,0.1999,-0.161912,0.022715116656186474
1661,plts_tim554,1,554,solar,0.4900936025570415,0.0,0.4900936025570415,0.10861085992736093
1662,batt_tim554,1,554,battery,0.2174046261150178,0.0,0.2174046261150178,0.04274063536142272
1663,pltd_tim555,1,555,diesel,0.010595,0.0558,-0.045205,0.006335441462178384
1664,plts_tim555,1,555,solar,0.13668017666084026,0.0,0.13668017666084026,0.030290058404243828
1665,batt_tim555,1,555,battery,0.06063025122355177,0.0,0.06063025122355177,0.011919581555597393
1666,pltd_tim556,1,556,diesel,0.029138,0.1571,-0.127962,0.017305042542590788
1667,plts_tim556,1,556,solar,0.38251647774296527,0.0,0.38251647774296527,0.08602356874430436
1668,batt_tim556,1,556,battery,0.17546114152506037,0.0,0.17546114152506037,0.0343002789246617
1669,pltd_tim557,1,557,diesel,0.03035854553377391,0.1482,-0.11784145446622608,0.019215547289591985
1670,plts_tim557,1,557,solar,0.35218823529411764,0.0,0.35218823529411764,0.07780560711011765
1671,batt_tim557,1,557,battery,0.15333456324705882,0.0,0.15333456324705882,0.029969879988280893
1672,pltd_tim558,1,558,diesel,0.033364,0.1756,-0.142236,0.019950173068554847
1673,plts_tim558,1,558,solar,0.4304363622779113,0.0,0.4304363622779113,0.09539009026311035
1674,batt_tim558,1,558,battery,0.19094062107778292,0.0,0.19094062107778292,0.03753794701122573
1675,pltd_tim559,1,559,diesel,0.018454,0.0995,-0.081046,0.010959839767612656
1676,plts_tim559,1,559,solar,0.24226017701445496,0.0,0.24226017701445496,0.05448159490695625
1677,batt_tim559,1,559,battery,0.11112518161867141,0.0,0.11112518161867141,0.02172347137340568
1678,pltd_tim560,1,560,diesel,0.030203,0.159,-0.128797,0.018060056970058046
1679,plts_tim560,1,560,solar,0.38965842070512885,0.0,0.38965842070512885,0.08635320910197548
1680,batt_tim560,1,560,battery,0.1728519640635001,0.0,0.1728519640635001,0.033981808719851514
1681,pltd_tim561,1,561,diesel,0.022396,0.1208,-0.098404,0.013300852977698436
1682,plts_tim561,1,561,solar,0.2940143750114313,0.0,0.2940143750114313,0.06612045158105616
1683,batt_tim561,1,561,battery,0.13486548880220048,0.0,0.13486548880220048,0.026364382224803962
1684,pltd_tim562,1,562,diesel,0.016961,0.0786,-0.061639,0.01079841539280137
1685,plts_tim562,1,562,solar,0.18381550499330793,0.0,0.18381550499330793,0.04053370297457016
1686,batt_tim562,1,562,battery,0.07854518195408217,0.0,0.07854518195408217,0.015319610586870215
1687,pltd_tim563,1,563,diesel,0.02675,0.1408,-0.11405000000000001,0.015995401563746424
1688,plts_tim563,1,563,solar,0.3451023402184156,0.0,0.3451023402184156,0.07647904736560937
1689,batt_tim563,1,563,battery,0.15308624480294303,0.0,0.15308624480294303,0.03009596128780437
1690,pltd_tim564,1,564,diesel,0.013404,0.0705,-0.057095999999999994,0.008015026405044328
1691,plts_tim564,1,564,solar,0.17293011487481777,0.0,0.17293011487481777,0.03832345453628649
1692,batt_tim564,1,564,battery,0.07671147233008885,0.0,0.07671147233008885,0.015081084343375028
1693,pltd_tim565,1,565,diesel,0.012798,0.069,-0.056202,0.00760093664791298
1694,plts_tim565,1,565,solar,0.16800594395268767,0.0,0.16800594395268767,0.037782603171191594
1695,batt_tim565,1,565,battery,0.07706409914590356,0.0,0.07706409914590356,0.01506499325319083
1696,pltd_tim566,1,566,diesel,0.036332344910051675,0.2015,-0.16516765508994835,0.022079073999812394
1697,plts_tim566,1,566,solar,0.5028858039364837,0.0,0.5028858039364837,0.11040158940472566
1698,batt_tim566,1,566,battery,0.2202404618085005,0.0,0.2202404618085005,0.04385748562500667
1699,pltd_tim567,1,567,diesel,0.01022195037142911,0.0567,-0.04647804962857089,0.006211742756822501
1700,plts_tim567,1,567,solar,0.14148521441475706,0.0,0.14148521441475706,0.031061090622135596
1701,batt_tim567,1,567,battery,0.06196408082533043,0.0,0.06196408082533043,0.012339186077800317
1702,pltd_tim568,1,568,diesel,0.015332669130477004,0.085,-0.06966733086952301,0.00931762268294158
1703,plts_tim568,1,568,solar,0.21222782162213558,0.0,0.21222782162213558,0.04659169243320338
1704,batt_tim568,1,568,battery,0.09294635123799562,0.0,0.09294635123799562,0.01850882897334048
1705,pltd_tim569,1,569,diesel,0.04610994833715317,0.2557,-0.2095900516628468,0.02802086129378192
1706,plts_tim569,1,569,solar,0.6382190738803841,0.0,0.6382190738803841,0.1401120543205762
1707,batt_tim569,1,569,battery,0.27951000568127793,0.0,0.27951000568127793,0.055660099458286
1708,pltd_tim570,1,570,diesel,0.014610861917431465,0.081,-0.06638913808256854,0.008879089181954522
1709,plts_tim570,1,570,solar,0.20222972330512504,0.0,0.20222972330512504,0.04439673345768756
1710,batt_tim570,1,570,battery,0.08856667505467337,0.0,0.08856667505467337,0.01763668719136101
1711,pltd_tim571,1,571,diesel,0.014226,0.0767,-0.062474,0.00844877062218709
1712,plts_tim571,1,571,solar,0.18675906604852963,0.0,0.18675906604852963,0.04199996527276245
1713,batt_tim571,1,571,battery,0.08566704507444672,0.0,0.08566704507444672,0.016746750796128175
1714,pltd_tim572,1,572,diesel,0.04392837098926376,0.2144,-0.17047162901073626,0.02780476873658352
1715,plts_tim572,1,572,solar,0.5096104575163398,0.0,0.5096104575163398,0.1125834881287843
1716,batt_tim572,1,572,battery,0.22187253311372548,0.0,0.22187253311372548,0.043365920424787374
1717,pltd_tim573,1,573,diesel,0.009027,0.0487,-0.039673,0.005361057729198746
1718,plts_tim573,1,573,solar,0.1185053504626872,0.0,0.1185053504626872,0.02665051676397344
1719,batt_tim573,1,573,battery,0.054358852759108026,0.0,0.054358852759108026,0.010626416957167577
1720,pltd_tim574,1,574,diesel,0.012969,0.0699,-0.056931,0.0077022407813234625
1721,plts_tim574,1,574,solar,0.17025834809287654,0.0,0.17025834809287654,0.03828909674363374
1722,batt_tim574,1,574,battery,0.07809808882366341,0.0,0.07809808882366341,0.015267124736482953
1723,pltd_tim575,1,575,diesel,0.00757413889150145,0.037,-0.029425861108498548,0.004793995312377763
1724,plts_tim575,1,575,solar,0.08786405228758169,0.0,0.08786405228758169,0.019410937453803918
1725,batt_tim575,1,575,battery,0.03825367432156863,0.0,0.03825367432156863,0.0074768406282303326
1726,pltd_tim576,1,576,diesel,0.037194,0.2006,-0.163406,0.02208957732959457
1727,plts_tim576,1,576,solar,0.48827011187713043,0.0,0.48827011187713043,0.10980635369208858
1728,batt_tim576,1,576,battery,0.22397004115891717,0.0,0.22397004115891717,0.043783109421566595
1729,pltd_tim577,1,577,diesel,0.020111,0.1084,-0.08828899999999999,0.011944002672868515
1730,plts_tim577,1,577,solar,0.2640105510642747,0.0,0.2640105510642747,0.05937298855795845
1731,batt_tim577,1,577,battery,0.12110200459320039,0.0,0.12110200459320039,0.023673803761536185
1732,pltd_tim578,1,578,diesel,0.023939,0.1291,-0.10516099999999999,0.014217615049265424
1733,plts_tim578,1,578,solar,0.3142618259309474,0.0,0.3142618259309474,0.07067385632741457
1734,batt_tim578,1,578,battery,0.14415165379038902,0.0,0.14415165379038902,0.028179716356913645
1735,pltd_tim579,1,579,diesel,0.023888690536984565,0.1325,-0.10861130946301545,0.01451729725065205
1736,plts_tim579,1,579,solar,0.3306408671674432,0.0,0.3306408671674432,0.07258765625116478
1737,batt_tim579,1,579,battery,0.14480438622040503,0.0,0.14480438622040503,0.028835561590954156
1738,pltd_tim580,1,580,diesel,0.02144407915056892,0.1189,-0.09745592084943108,0.013031472091187211
1739,plts_tim580,1,580,solar,0.2968099267852049,0.0,0.2968099267852049,0.06516038667780735
1740,batt_tim580,1,580,battery,0.1299884175230579,0.0,0.1299884175230579,0.025885186529147213
1741,pltd_tim581,1,581,diesel,0.021596,0.1165,-0.094904,0.01282570261584656
1742,plts_tim581,1,581,solar,0.2835137783207856,0.0,0.2835137783207856,0.06375905259939484
1743,batt_tim581,1,581,battery,0.1300492991593847,0.0,0.1300492991593847,0.025422881561069803
1744,pltd_tim582,1,582,diesel,0.010054930362486135,0.0558,-0.04574506963751387,0.006110282200366624
1745,plts_tim582,1,582,solar,0.13917942379005419,0.0,0.13917942379005419,0.0305548892747132
1746,batt_tim582,1,582,battery,0.060954683103546625,0.0,0.060954683103546625,0.012138188649137778
1747,pltd_tim583,1,583,diesel,0.01955495042753636,0.1084,-0.08884504957246364,0.01188351512490209
1748,plts_tim583,1,583,solar,0.2706665398878007,0.0,0.2706665398878007,0.059421040831701064
1749,batt_tim583,1,583,battery,0.11853931774555485,0.0,0.11853931774555485,0.023605280219198638
1750,pltd_tim584,1,584,diesel,0.034337,0.1852,-0.150863,0.020392863269823338
1751,plts_tim584,1,584,solar,0.4507694371077183,0.0,0.4507694371077183,0.10137294208785676
1752,batt_tim584,1,584,battery,0.20676888904435684,0.0,0.20676888904435684,0.04042052277304961
1753,pltd_tim585,1,585,diesel,0.043221629039023816,0.2397,-0.19647837096097617,0.026265825309668374
1754,plts_tim585,1,585,solar,0.5982314348198156,0.0,0.5982314348198156,0.13133336222972328
1755,batt_tim585,1,585,battery,0.2619963204896833,0.0,0.2619963204896833,0.052172517763939476
1756,pltd_tim586,1,586,diesel,0.03849960888108268,0.2135,-0.17500039111891733,0.023396435221209048
1757,plts_tim586,1,586,solar,0.5328705904725682,0.0,0.5328705904725682,0.11698428970885232
1758,batt_tim586,1,586,battery,0.23337083127507843,0.0,0.23337083127507843,0.04647219776044238
1759,pltd_tim587,1,587,diesel,0.032610646733154565,0.1808,-0.14818935326684543,0.01981762871921096
1760,plts_tim587,1,587,solar,0.45136445754492727,0.0,0.45136445754492727,0.0990906813563301
1761,batt_tim587,1,587,battery,0.19767545846629267,0.0,0.19767545846629267,0.039364025562096144
1762,pltd_tim588,1,588,diesel,0.027293004990449593,0.1328,-0.10550699500955041,0.018571943915144898
1763,plts_tim588,1,588,solar,0.3101891123197445,0.0,0.3101891123197445,0.06815891109675166
1764,batt_tim588,1,588,battery,0.13012770126390896,0.0,0.13012770126390896,0.025724900867638296
1765,pltd_tim589,1,589,diesel,0.023090725442393482,0.1066,-0.08350927455760651,0.014904600640423279
1766,plts_tim589,1,589,solar,0.24751280700914444,0.0,0.24751280700914444,0.05473942819165032
1767,batt_tim589,1,589,battery,0.10625032706133004,0.0,0.10625032706133004,0.020749875293405547
1768,pltd_tim590,1,590,diesel,0.037439790267254545,0.1728,-0.13536020973274546,0.024166693658029953
1769,plts_tim590,1,590,solar,0.40131182074974864,0.0,0.40131182074974864,0.08875307377091013
1770,batt_tim590,1,590,battery,0.17226987843156027,0.0,0.17226987843156027,0.033643002698104385
1771,pltd_tim591,1,591,diesel,0.02368476220071399,0.1152,-0.09151523779928601,0.016116437024719144
1772,plts_tim591,1,591,solar,0.26916321540841276,0.0,0.26916321540841276,0.05914408216556061
1773,batt_tim591,1,591,battery,0.11291507548924704,0.0,0.11291507548924704,0.022322136902687327
1774,pltd_tim592,1,592,diesel,0.022511,0.1214,-0.09888899999999999,0.013369448960351363
1775,plts_tim592,1,592,solar,0.29551052835267594,0.0,0.29551052835267594,0.06645695619235048
1776,batt_tim592,1,592,battery,0.1355503359270413,0.0,0.1355503359270413,0.026498250049784167
1777,pltd_tim593,1,593,diesel,0.01709813297773383,0.0832,-0.06610186702226617,0.011634644766861907
1778,plts_tim593,1,593,solar,0.19431665086572525,0.0,0.19431665086572525,0.042697844780998945
1779,batt_tim593,1,593,battery,0.0815172768709146,0.0,0.0815172768709146,0.01611511737310827
1780,pltd_tim594,1,594,diesel,0.08409570582000354,0.4091,-0.3250042941799965,0.05722410840410596
1781,plts_tim594,1,594,solar,0.9557557008133326,0.0,0.9557557008133326,0.21001143401327282
1782,batt_tim594,1,594,battery,0.40094919841474974,0.0,0.40094919841474974,0.07926352733118068
1783,pltd_tim595,1,595,diesel,0.017540709983766,0.0853,-0.067759290016234,0.011935867063876483
1784,plts_tim595,1,595,solar,0.1993563195449329,0.0,0.1993563195449329,0.04380528258889278
1785,batt_tim595,1,595,battery,0.08363254883788236,0.0,0.08363254883788236,0.016533292451197248
1786,pltd_tim596,1,596,diesel,0.02395898025257641,0.1106,-0.0866410197474236,0.015465046242570743
1787,plts_tim596,1,596,solar,0.25681045626466226,0.0,0.25681045626466226,0.05679554736357543
1788,batt_tim596,1,596,battery,0.11024011149231581,0.0,0.11024011149231581,0.021529046965118002
1789,pltd_tim597,1,597,diesel,0.013741249225077678,0.0669,-0.053158750774922325,0.00935046709161028
1790,plts_tim597,1,597,solar,0.1561748415747717,0.0,0.1561748415747717,0.034316835304226335
1791,batt_tim597,1,597,battery,0.06551731731101243,0.0,0.06551731731101243,0.012952093285391363
1792,pltd_tim598,1,598,diesel,0.01393204057584859,0.0678,-0.05386795942415141,0.009480341017822613
1793,plts_tim598,1,598,solar,0.15833042263360111,0.0,0.15833042263360111,0.03479053765770172
1794,batt_tim598,1,598,battery,0.06642038306322041,0.0,0.06642038306322041,0.013130615795337176
1795,pltd_tim599,1,599,diesel,0.015070935588784815,0.0733,-0.05822906441121519,0.010255282687134888
1796,plts_tim599,1,599,solar,0.17128885784142506,0.0,0.17128885784142506,0.0376378936069391
1797,batt_tim599,1,599,battery,0.07185811560600767,0.0,0.07185811560600767,0.014205607818386914
1798,pltd_tim600,1,600,diesel,0.008675601280211928,0.0422,-0.03352439871978807,0.005903386053788637
1799,plts_tim600,1,600,solar,0.09859787435756698,0.0,0.09859787435756698,0.021665255538595874
1800,batt_tim600,1,600,battery,0.041362692739883244,0.0,0.041362692739883244,0.008176971170535502
1801,pltd_tim601,1,601,diesel,0.02089774762733124,0.1017,-0.08080225237266876,0.014220148835021425
1802,plts_tim601,1,601,solar,0.23749812883588642,0.0,0.23749812883588642,0.05218623506566539
1803,batt_tim601,1,601,battery,0.09963204839778454,0.0,0.09963204839778454,0.019696228900659613
1804,pltd_tim602,1,602,diesel,0.01671749849452984,0.0813,-0.06458250150547015,0.011375693745527606
1805,plts_tim602,1,602,solar,0.19000049897709695,0.0,0.19000049897709695,0.04174944891582257
1806,batt_tim602,1,602,battery,0.07970750776059081,0.0,0.07970750776059081,0.015757348685981686
1807,pltd_tim603,1,603,diesel,0.015957954037368854,0.0776,-0.06164204596263115,0.010858795047996193
1808,plts_tim603,1,603,solar,0.1813632054288708,0.0,0.1813632054288708,0.039851516037101714
1809,batt_tim603,1,603,battery,0.0760836419340352,0.0,0.0760836419340352,0.015040936185438959
1810,pltd_tim604,1,604,diesel,0.007916056823050924,0.0385,-0.030583943176949076,0.005386592095802017
1811,plts_tim604,1,604,solar,0.08996058080934084,0.0,0.08996058080934084,0.019767358650017466
1812,batt_tim604,1,604,battery,0.03773882691332769,0.0,0.03773882691332769,0.007460562745192787
1813,pltd_tim605,1,605,diesel,0.03299243394666387,0.1605,-0.12750756605333613,0.022450122915942807
1814,plts_tim605,1,605,solar,0.37496132927498627,0.0,0.37496132927498627,0.08239150802375131
1815,batt_tim605,1,605,battery,0.1572999735542139,0.0,0.1572999735542139,0.031096592396856224
1816,pltd_tim606,1,606,diesel,0.018110593126675758,0.0881,-0.06998940687332424,0.012323733737089844
1817,plts_tim606,1,606,solar,0.20583304226336013,0.0,0.20583304226336013,0.04522843196577017
1818,batt_tim606,1,606,battery,0.08634971130632206,0.0,0.08634971130632206,0.01707044263346827
1819,pltd_tim607,1,607,diesel,0.02999921357382916,0.1488,-0.11880078642617083,0.019537395155291522
1820,plts_tim607,1,607,solar,0.3506090923228449,0.0,0.3506090923228449,0.07786445253480898
1821,batt_tim607,1,607,battery,0.15349104378051942,0.0,0.15349104378051942,0.02996913772982462
1822,pltd_tim608,1,608,diesel,0.009245561368576237,0.045,-0.03575443863142376,0.006291366694077583
1823,plts_tim608,1,608,solar,0.10507459707599422,0.0,0.10507459707599422,0.023088438915473276
1824,batt_tim608,1,608,battery,0.04407962520832294,0.0,0.04407962520832294,0.00871408810887925
1825,pltd_tim609,1,609,diesel,0.010579712690561068,0.0496,-0.039020287309438934,0.006990901661065544
1826,plts_tim609,1,609,solar,0.11528575334974021,0.0,0.11528575334974021,0.02539226611676237
1827,batt_tim609,1,609,battery,0.04840146578616352,0.0,0.04840146578616352,0.009526346494489253
1828,pltd_tim610,1,610,diesel,0.017808137568618102,0.0835,-0.0656918624313819,0.011767331560633951
1829,plts_tim610,1,610,solar,0.19405250205086136,0.0,0.19405250205086136,0.04274105042863003
1830,batt_tim610,1,610,battery,0.08147074160377357,0.0,0.08147074160377357,0.016035020388756684
1831,pltd_tim611,1,611,diesel,0.01823823497264426,0.0887,-0.07046176502735574,0.012410487401349962
1832,plts_tim611,1,611,solar,0.2072700963025797,0.0,0.2072700963025797,0.04554415753475376
1833,batt_tim611,1,611,battery,0.08695114180779404,0.0,0.08695114180779404,0.017189325647904867
1834,pltd_tim612,1,612,diesel,0.021974119608348334,0.1069,-0.08492588039165166,0.014952616215314464
1835,plts_tim612,1,612,solar,0.24973304725313109,0.0,0.24973304725313109,0.0548747360349284
1836,batt_tim612,1,612,battery,0.10476519808392795,0.0,0.10476519808392795,0.020710996097692443
1837,pltd_tim613,1,613,diesel,0.020580780176202417,0.1001,-0.07951921982379757,0.014004403034676984
1838,plts_tim613,1,613,solar,0.23390050396686793,0.0,0.23390050396686793,0.05139577498498079
1839,batt_tim613,1,613,battery,0.0981234545381967,0.0,0.0981234545381967,0.01939799478540586
1840,pltd_tim614,1,614,diesel,0.01494499032479055,0.0727,-0.057755009675209454,0.010169558441981759
1841,plts_tim614,1,614,solar,0.16984681403123597,0.0,0.16984681403123597,0.03732101284247847
1842,batt_tim614,1,614,battery,0.07125189749862781,0.0,0.07125189749862781,0.01408576171329716
1843,pltd_tim615,1,615,diesel,0.018300485277290647,0.089,-0.07069951472270936,0.012452898322055433
1844,plts_tim615,1,615,solar,0.207993613093159,0.0,0.207993613093159,0.04570306747747119
1845,batt_tim615,1,615,battery,0.0872557246644379,0.0,0.0872557246644379,0.01724958130155814
1846,pltd_tim616,1,616,diesel,0.028795,0.1553,-0.12650499999999998,0.01710146404829983
1847,plts_tim616,1,616,solar,0.3780161705883783,0.0,0.3780161705883783,0.08501157540818886
1848,batt_tim616,1,616,battery,0.1733969486429135,0.0,0.1733969486429135,0.033896763006199974
1849,pltd_tim617,1,617,diesel,0.0314093422911758,0.1528,-0.12139065770882419,0.021373013244690795
1850,plts_tim617,1,617,solar,0.35696821515892424,0.0,0.35696821515892424,0.0784378464621027
1851,batt_tim617,1,617,battery,0.14975152665036678,0.0,0.14975152665036678,0.02960433716730058
1852,pltd_tim618,1,618,diesel,0.02754615151859414,0.134,-0.10645384848140586,0.01874417105510823
1853,plts_tim618,1,618,solar,0.31306821016915326,0.0,0.31306821016915326,0.06879153439294447
1854,batt_tim618,1,618,battery,0.13133557987276087,0.0,0.13133557987276087,0.025963691666873765
1855,pltd_tim619,1,619,diesel,0.029767,0.1605,-0.13073300000000002,0.017678809515810728
1856,plts_tim619,1,619,solar,0.39076409407741863,0.0,0.39076409407741863,0.08787837673115106
1857,batt_tim619,1,619,battery,0.17924305731736437,0.0,0.17924305731736437,0.03503960028794579
1858,pltd_tim620,1,620,diesel,0.031823,0.1716,-0.139777,0.01889968463844909
1859,plts_tim620,1,620,solar,0.4177679170608865,0.0,0.4177679170608865,0.09395126698612469
1860,batt_tim620,1,620,battery,0.19163136146643955,0.0,0.19163136146643955,0.03746134232707847
1861,pltd_tim621,1,621,diesel,0.022861305911477833,0.1112,-0.08833869408852216,0.015556225005388788
1862,plts_tim621,1,621,solar,0.2598073948405768,0.0,0.2598073948405768,0.05708830449249039
1863,batt_tim621,1,621,battery,0.1089904944119555,0.0,0.1089904944119555,0.02154628846227176
1864,pltd_tim622,1,622,diesel,0.025646428121068175,0.1248,-0.09915357187893181,0.017451472882600703
1865,plts_tim622,1,622,solar,0.29147747118407263,0.0,0.29147747118407263,0.06404732475061126
1866,batt_tim622,1,622,battery,0.1222780791093259,0.0,0.1222780791093259,0.024173121364261724
1867,pltd_tim623,1,623,diesel,0.017769,0.0958,-0.07803099999999999,0.010553178687676947
1868,plts_tim623,1,623,solar,0.23325701816736652,0.0,0.23325701816736652,0.05245680427450351
1869,batt_tim623,1,623,battery,0.10699429529602084,0.0,0.10699429529602084,0.020915937927015328
1870,pltd_tim624,1,624,diesel,0.01834,0.0989,-0.08056,0.010892376829941262
1871,plts_tim624,1,624,solar,0.24075898253216163,0.0,0.24075898253216163,0.05414389626942968
1872,batt_tim624,1,624,battery,0.11043537615058671,0.0,0.11043537615058671,0.02158865034965865
1873,pltd_tim625,1,625,diesel,0.012411408970461463,0.0604,-0.047988591029538535,0.00844561338296716
1874,plts_tim625,1,625,solar,0.14106082530811836,0.0,0.14106082530811836,0.03099585303877051
1875,batt_tim625,1,625,battery,0.059176979016017164,0.0,0.059176979016017164,0.011698672011450351
1876,pltd_tim626,1,626,diesel,0.015641231386240028,0.0761,-0.06045876861375997,0.01064320541108929
1877,plts_tim626,1,626,solar,0.17776558055985228,0.0,0.17776558055985228,0.03906099794655954
1878,batt_tim626,1,626,battery,0.07457458807444736,0.0,0.07457458807444736,0.014742626138733296
1879,pltd_tim627,1,627,diesel,0.013298595273590955,0.0647,-0.05140140472640904,0.009049212219786287
1880,plts_tim627,1,627,solar,0.15113517289556408,0.0,0.15113517289556408,0.03320946049633253
1881,batt_tim627,1,627,battery,0.06340227534404472,0.0,0.06340227534404472,0.01253397014402967
1882,pltd_tim628,1,628,diesel,0.014817942951549317,0.0721,-0.05728205704845068,0.010082990606564533
1883,plts_tim628,1,628,solar,0.16840975999201638,0.0,0.16840975999201638,0.03700519527348935
1884,batt_tim628,1,628,battery,0.07064977699715586,0.0,0.07064977699715586,0.013966739995296922
1885,pltd_tim629,1,629,diesel,0.011588365335770762,0.0564,-0.04481163466422924,0.007885462192233069
1886,plts_tim629,1,629,solar,0.1317050047402824,0.0,0.1317050047402824,0.028939957365700313
1887,batt_tim629,1,629,battery,0.0552517079387256,0.0,0.0552517079387256,0.010922701397362062
1888,pltd_tim630,1,630,diesel,0.031138,0.1679,-0.136762,0.018493017721687963
1889,plts_tim630,1,630,solar,0.40876533442980134,0.0,0.40876533442980134,0.0919267087760444
1890,batt_tim630,1,630,battery,0.1875007593165409,0.0,0.1875007593165409,0.03665386170104606
1891,pltd_tim631,1,631,diesel,0.02019645771742608,0.0986,-0.07840354228257392,0.012783341799686
1892,plts_tim631,1,631,solar,0.23430588235294114,0.0,0.23430588235294114,0.05176301504894117
1893,batt_tim631,1,631,battery,0.10201228477647059,0.0,0.10201228477647059,0.01993873103045601
1894,pltd_tim632,1,632,diesel,0.020753,0.0961,-0.075347,0.01321197473687313
1895,plts_tim632,1,632,solar,0.22490476680737156,0.0,0.22490476680737156,0.04959435789454324
1896,batt_tim632,1,632,battery,0.09610317224750338,0.0,0.09610317224750338,0.01874409354186728
1897,pltd_tim633,1,633,diesel,0.013443661380823186,0.0656,-0.05215633861917682,0.00850920100705996
1898,plts_tim633,1,633,solar,0.1559581699346405,0.0,0.1559581699346405,0.03445437836537067
1899,batt_tim633,1,633,battery,0.06790053794509802,0.0,0.06790053794509802,0.013271444003306201
1900,pltd_tim634,1,634,diesel,0.009972512208695652,0.0487,-0.038727487791304346,0.00631213459343284
1901,plts_tim634,1,634,solar,0.11568627450980391,0.0,0.11568627450980391,0.025557522219421095
1902,batt_tim634,1,634,battery,0.050366820588235287,0.0,0.050366820588235287,0.00984439140624723
1903,pltd_tim635,1,635,diesel,0.008458009918515941,0.0413,-0.032841990081484064,0.00535362782316588
1904,plts_tim635,1,635,solar,0.09811241830065359,0.0,0.09811241830065359,0.02167506958243137
1905,batt_tim635,1,635,battery,0.04271500777254902,0.0,0.04271500777254902,0.008348817995426522
1906,pltd_tim636,1,636,diesel,0.010098880318144925,0.0493,-0.03920111968185507,0.006392114160922022
1907,plts_tim636,1,636,solar,0.11715032679738563,0.0,0.11715032679738563,0.025880959766274508
1908,batt_tim636,1,636,battery,0.05100402250980393,0.0,0.05100402250980393,0.009968943984239236
1909,pltd_tim637,1,637,diesel,0.017826,0.0826,-0.064774,0.011348328597859376
1910,plts_tim637,1,637,solar,0.19318953979203132,0.0,0.19318953979203132,0.04260082470971894
1911,batt_tim637,1,637,battery,0.08255218572686092,0.0,0.08255218572686092,0.016101064486551304
1912,pltd_tim638,1,638,diesel,0.00725,0.0336,-0.02635,0.0046151675272279764
1913,plts_tim638,1,638,solar,0.07857510552867292,0.0,0.07857510552867292,0.01732683800895707
1914,batt_tim638,1,638,battery,0.033576895627509526,0.0,0.033576895627509526,0.006548841110853002
1915,pltd_tim639,1,639,diesel,0.012354019289372813,0.0579,-0.04554598071062719,0.008163475917233503
1916,plts_tim639,1,639,solar,0.1346185397867104,0.0,0.1346185397867104,0.029650440815422476
1917,batt_tim639,1,639,battery,0.05651781811320754,0.0,0.05651781811320754,0.011123816037239704
1918,pltd_tim640,1,640,diesel,0.007557678119922771,0.0354,-0.02784232188007723,0.00499396691472187
1919,plts_tim640,1,640,solar,0.08234436240998998,0.0,0.08234436240998998,0.018136809965910126
1920,batt_tim640,1,640,battery,0.03457036362683438,0.0,0.03457036362683438,0.00680409652973257
1921,pltd_tim641,1,641,diesel,0.00898,0.0416,-0.032619999999999996,0.005717170884486222
1922,plts_tim641,1,641,solar,0.09731287964583549,0.0,0.09731287964583549,0.02145865565417482
1923,batt_tim641,1,641,battery,0.04158110341604036,0.0,0.04158110341604036,0.008110068905746774
1924,pltd_tim642,1,642,diesel,0.032726,0.1516,-0.11887400000000001,0.020834016762633283
1925,plts_tim642,1,642,solar,0.35465870482858025,0.0,0.35465870482858025,0.07820683534860497
1926,batt_tim642,1,642,battery,0.15154860005456605,0.0,0.15154860005456605,0.02955820072755243
1927,pltd_tim643,1,643,diesel,0.015631,0.0724,-0.05676900000000001,0.009950838430941005
1928,plts_tim643,1,643,solar,0.16940183259549058,0.0,0.16940183259549058,0.03735531286286421
1929,batt_tim643,1,643,battery,0.07238746211675075,0.0,0.07238746211675075,0.014118521191905778
1930,pltd_tim644,1,644,diesel,0.034256,0.1587,-0.124444,0.021807648144033173
1931,plts_tim644,1,644,solar,0.3712395758262123,0.0,0.3712395758262123,0.08186318063960672
1932,batt_tim644,1,644,battery,0.1586344637460105,0.0,0.1586344637460105,0.030940200401515745
1933,pltd_tim645,1,645,diesel,0.012971,0.0601,-0.047129000000000004,0.00825774106808803
1934,plts_tim645,1,645,solar,0.1405641923195717,0.0,0.1405641923195717,0.030996202814372494
1935,batt_tim645,1,645,battery,0.06006337268506127,0.0,0.06006337268506127,0.011714836602308494
1936,pltd_tim646,1,646,diesel,0.026939,0.1248,-0.09786099999999999,0.017150129648826676
1937,plts_tim646,1,646,solar,0.29194378667764853,0.0,0.29194378667764853,0.06437737287506434
1938,batt_tim646,1,646,battery,0.12474947512663442,0.0,0.12474947512663442,0.02433129727227452
1939,pltd_tim647,1,647,diesel,0.015498,0.0718,-0.056302000000000005,0.009866090030687523
1940,plts_tim647,1,647,solar,0.16796046535570883,0.0,0.16796046535570883,0.03703744435169361
1941,batt_tim647,1,647,battery,0.0717717361330176,0.0,0.0717717361330176,0.013998416638329332
1942,pltd_tim648,1,648,diesel,0.009541,0.0514,-0.041859,0.005666235482712131
1943,plts_tim648,1,648,solar,0.12525712553128773,0.0,0.12525712553128773,0.02816888377555943
1944,batt_tim648,1,648,battery,0.0574561998996821,0.0,0.0574561998996821,0.011231911266933957
1945,pltd_tim649,1,649,diesel,0.015365,0.0712,-0.055834999999999996,0.00978126467194027
1946,plts_tim649,1,649,solar,0.16651909811592713,0.0,0.16651909811592713,0.036719657840523015
1947,batt_tim649,1,649,battery,0.07115624014928448,0.0,0.07115624014928448,0.013878339865552891
1948,pltd_tim650,1,650,diesel,0.011441,0.053,-0.041559,0.007283088009163883
1949,plts_tim650,1,650,solar,0.12398846906208175,0.0,0.12398846906208175,0.027341044435910632
1950,batt_tim650,1,650,battery,0.05298206387213014,0.0,0.05298206387213014,0.01033363172337939
1951,pltd_tim651,1,651,diesel,0.018358,0.085,-0.066642,0.01168742796022226
1952,plts_tim651,1,651,solar,0.19895500875115826,0.0,0.19895500875115826,0.04387211475440134
1953,batt_tim651,1,651,battery,0.08501485966179352,0.0,0.08501485966179352,0.016581437302457088
1954,pltd_tim652,1,652,diesel,0.018292,0.0847,-0.066408,0.011644980657453556
1955,plts_tim652,1,652,solar,0.1982343251312674,0.0,0.1982343251312674,0.04371324299881603
1956,batt_tim652,1,652,battery,0.08470722666992692,0.0,0.08470722666992692,0.016521384460068858
1957,pltd_tim653,1,653,diesel,0.021485,0.0995,-0.078015,0.013677059859738612
1958,plts_tim653,1,653,solar,0.2328374343663132,0.0,0.2328374343663132,0.05134370909199012
1959,batt_tim653,1,653,battery,0.099494450036549,0.0,0.099494450036549,0.019405427963171924
1960,pltd_tim654,1,654,diesel,0.020952,0.097,-0.076048,0.013339016423979725
1961,plts_tim654,1,654,solar,0.2270668176670442,0.0,0.2270668176670442,0.05007117913476785
1962,batt_tim654,1,654,battery,0.0970272212231031,0.0,0.0970272212231031,0.018924349891431946
1963,pltd_tim655,1,655,diesel,0.012771,0.0591,-0.046329,0.008130681236451845
1964,plts_tim655,1,655,solar,0.13840214145989913,0.0,0.13840214145989913,0.030519384547616595
1965,batt_tim655,1,655,battery,0.05913932370946155,0.0,0.05913932370946155,0.01153465094554383
1966,pltd_tim656,1,656,diesel,0.006984,0.0323,-0.025316,0.0044466968897197215
1967,plts_tim656,1,656,solar,0.07568722330896738,0.0,0.07568722330896738,0.01668998907407598
1968,batt_tim656,1,656,battery,0.032340888781529915,0.0,0.032340888781529915,0.006307850904665913
1969,pltd_tim657,1,657,diesel,0.01137,0.0613,-0.04993,0.006752779259205664
1970,plts_tim657,1,657,solar,0.1492543342990244,0.0,0.1492543342990244,0.03356560040009394
1971,batt_tim657,1,657,battery,0.06846227280944499,0.0,0.06846227280944499,0.013383433622598875
1972,pltd_tim658,1,658,diesel,0.007639633789090967,0.0379,-0.030260366210909037,0.00497543479044033
1973,plts_tim658,1,658,solar,0.08928515888238038,0.0,0.08928515888238038,0.019828770753615676
1974,batt_tim658,1,658,battery,0.03908752336737339,0.0,0.03908752336737339,0.007631841914641948
1975,pltd_tim659,1,659,diesel,0.00975145940441577,0.0484,-0.03864854059558423,0.006350844493387404
1976,plts_tim659,1,659,solar,0.11396506142760873,0.0,0.11396506142760873,0.025309754087450103
1977,batt_tim659,1,659,battery,0.0498916407635685,0.0,0.0498916407635685,0.009741345336073366
1978,pltd_tim660,1,660,diesel,0.014855,0.0801,-0.065245,0.008822541770311694
1979,plts_tim660,1,660,solar,0.19500637030759133,0.0,0.19500637030759133,0.04385469562357559
1980,batt_tim660,1,660,battery,0.08944891239363989,0.0,0.08944891239363989,0.0174860530871498
1981,pltd_tim661,1,661,diesel,0.012904,0.0598,-0.046896,0.008215456551905328
1982,plts_tim661,1,661,solar,0.13984350869968085,0.0,0.13984350869968085,0.030837273058787192
1983,batt_tim661,1,661,battery,0.059755279693194704,0.0,0.059755279693194704,0.011654782583920272
1984,pltd_tim662,1,662,diesel,0.018695019367392523,0.0927,-0.07400498063260748,0.01217545044829902
1985,plts_tim662,1,662,solar,0.21849567155668448,0.0,0.21849567155668448,0.04852427359317816
1986,batt_tim662,1,662,battery,0.09565410530972993,0.0,0.09565410530972993,0.018676471968139926
1987,pltd_tim663,1,663,diesel,0.012305,0.057,-0.044695,0.007834028245657654
1988,plts_tim663,1,663,solar,0.13335735612066302,0.0,0.13335735612066302,0.02940702125851951
1989,batt_tim663,1,663,battery,0.056984512766395566,0.0,0.056984512766395566,0.011114358903226275
1990,pltd_tim664,1,664,diesel,0.011707,0.0542,-0.042492999999999996,0.007452526525121891
1991,plts_tim664,1,664,solar,0.12687120354164524,0.0,0.12687120354164524,0.02797671245825183
1992,batt_tim664,1,664,battery,0.05421351583959643,0.0,0.05421351583959643,0.010573833752132276
1993,pltd_tim665,1,665,diesel,0.02102901715285753,0.0986,-0.07757098284714246,0.013895628682216728
1994,plts_tim665,1,665,solar,0.2291359037462401,0.0,0.2291359037462401,0.050468349716297524
1995,batt_tim665,1,665,battery,0.09619860506289311,0.0,0.09619860506289311,0.018933749779312885
1996,pltd_tim666,1,666,diesel,0.02293396281629751,0.1075,-0.08456603718370248,0.015154498250550087
1997,plts_tim666,1,666,solar,0.24990429313645063,0.0,0.24990429313645063,0.055042584889097225
1998,batt_tim666,1,666,battery,0.10491859389937107,0.0,0.10491859389937107,0.02065003949652896
1999,pltd_tim667,1,667,diesel,0.013208042737623986,0.0619,-0.04869195726237601,0.008727669755447707
2000,plts_tim667,1,667,solar,0.14392945036915503,0.0,0.14392945036915503,0.0317011206271534
2001,batt_tim667,1,667,battery,0.06042732518867924,0.0,0.06042732518867924,0.011893283181208202
2002,pltd_tim668,1,668,diesel,0.029110871006438464,0.1365,-0.10738912899356154,0.019236104619684787
2003,plts_tim668,1,668,solar,0.31721356302980586,0.0,0.31721356302980586,0.06986792576103887
2004,batt_tim668,1,668,battery,0.13317807795597483,0.0,0.13317807795597483,0.026212040699148807
2005,pltd_tim669,1,669,diesel,0.012455,0.0672,-0.054744999999999995,0.007396985602663794
2006,plts_tim669,1,669,solar,0.1635073292453654,0.0,0.1635073292453654,0.036770976897284355
2007,batt_tim669,1,669,battery,0.07500141647913161,0.0,0.07500141647913161,0.01466175573408927
2008,pltd_tim670,1,670,diesel,0.019320485682418943,0.0906,-0.07127951431758106,0.012766654055444696
2009,plts_tim670,1,670,solar,0.21051864005104365,0.0,0.21051864005104365,0.046367816539487225
2010,batt_tim670,1,670,battery,0.08838242429769391,0.0,0.08838242429769391,0.017395363806855454
2011,pltd_tim671,1,671,diesel,0.02076562994845585,0.0974,-0.07663437005154415,0.013721607104537825
2012,plts_tim671,1,671,solar,0.22627381277914502,0.0,0.22627381277914502,0.04983785859306353
2013,batt_tim671,1,671,battery,0.09499768881551361,0.0,0.09499768881551361,0.018697398635740766
2014,pltd_tim672,1,672,diesel,0.028453534478461405,0.1334,-0.10494646552153858,0.01880177335021677
2015,plts_tim672,1,672,solar,0.31005377814237534,0.0,0.31005377814237534,0.06829090807620088
2016,batt_tim672,1,672,battery,0.13017237895178196,0.0,0.13017237895178196,0.025620464224738966
2017,pltd_tim673,1,673,diesel,0.018597206171523273,0.0872,-0.06860279382847673,0.012288743628674513
2018,plts_tim673,1,673,solar,0.20264333242183938,0.0,0.20264333242183938,0.044633189253942204
2019,batt_tim673,1,673,battery,0.08507678373165618,0.0,0.08507678373165618,0.016744761467752584
2020,pltd_tim674,1,674,diesel,0.015574078590585102,0.073,-0.057425921409414896,0.010291055053868493
2021,plts_tim674,1,674,solar,0.16970649895178197,0.0,0.16970649895178197,0.03737863062773285
2022,batt_tim674,1,674,battery,0.07124897495807127,0.0,0.07124897495807127,0.01402318722967547
2023,pltd_tim675,1,675,diesel,0.008805559982658412,0.0413,-0.03249444001734159,0.005818455823344468
2024,plts_tim675,1,675,solar,0.09595296691277003,0.0,0.09595296691277003,0.021134020418102268
2025,batt_tim675,1,675,battery,0.040284653459119496,0.0,0.040284653459119496,0.007928807603882728
2026,pltd_tim676,1,676,diesel,0.036273583737940526,0.1701,-0.1338264162620595,0.023969072679676576
2027,plts_tim676,1,676,solar,0.39526478898915324,0.0,0.39526478898915324,0.08705896662095525
2028,batt_tim676,1,676,battery,0.16594672221174003,0.0,0.16594672221174003,0.03266155822952321
2029,pltd_tim677,1,677,diesel,0.03650793650793651,0.1969,-0.16039206349206347,0.021682191661151613
2030,plts_tim677,1,677,solar,0.479270962075355,0.0,0.479270962075355,0.10778248947837775
2031,batt_tim677,1,677,battery,0.21984227221323815,0.0,0.21984227221323815,0.04297621029713899
2032,pltd_tim678,1,678,diesel,0.017873975678809422,0.0838,-0.06592602432119057,0.011810887296053299
2033,plts_tim678,1,678,solar,0.19476802479263514,0.0,0.19476802479263514,0.042898560959438524
2034,batt_tim678,1,678,battery,0.08177045316561846,0.0,0.08177045316561846,0.016094027397449716
2035,pltd_tim679,1,679,diesel,0.01846538318750424,0.0866,-0.06813461681249576,0.01220172805309781
2036,plts_tim679,1,679,solar,0.20121228693829185,0.0,0.20121228693829185,0.04431801719232521
2037,batt_tim679,1,679,battery,0.08447644060796647,0.0,0.08447644060796647,0.016626598091966528
2038,pltd_tim680,1,680,diesel,0.01261756038468359,0.0591,-0.04648243961531641,0.008337597998740013
2039,plts_tim680,1,680,solar,0.13748063075380548,0.0,0.13748063075380548,0.030280785856934514
2040,batt_tim680,1,680,battery,0.057718274360587,0.0,0.057718274360587,0.011360070769611813
2041,pltd_tim681,1,681,diesel,0.020305891532870955,0.0952,-0.07489410846712904,0.013417773317925194
2042,plts_tim681,1,681,solar,0.22126059611703583,0.0,0.22126059611703583,0.04873366442179382
2043,batt_tim681,1,681,battery,0.09289250449685536,0.0,0.09289250449685536,0.018283054107410015
2044,pltd_tim682,1,682,diesel,0.027024,0.1457,-0.118676,0.016049522188520314
2045,plts_tim682,1,682,solar,0.35476505793599755,0.0,0.35476505793599755,0.07978271829364877
2046,batt_tim682,1,682,battery,0.16273187699382013,0.0,0.16273187699382013,0.031811858490286046
2047,pltd_tim683,1,683,diesel,0.016397,0.0884,-0.07200300000000001,0.00973811504541672
2048,plts_tim683,1,683,solar,0.21526059101616635,0.0,0.21526059101616635,0.04840961166328348
2049,batt_tim683,1,683,battery,0.09874088824332806,0.0,0.09874088824332806,0.019302508571900093
2050,pltd_tim684,1,684,diesel,0.015698,0.0727,-0.057002,0.009993145360002337
2051,plts_tim684,1,684,solar,0.17012251621538146,0.0,0.17012251621538146,0.0375142736184495
2052,batt_tim684,1,684,battery,0.07269578510861734,0.0,0.07269578510861734,0.014178599527094
2053,pltd_tim685,1,685,diesel,0.020354,0.0943,-0.073946,0.012957681272681924
2054,plts_tim685,1,685,solar,0.22058066508802637,0.0,0.22058066508802637,0.04864088542033667
2055,batt_tim685,1,685,battery,0.09425599429630394,0.0,0.09425599429630394,0.01838378426673794
2056,pltd_tim686,1,686,diesel,0.011973,0.0555,-0.043527,0.007622035138601264
2057,plts_tim686,1,686,solar,0.1297539380212087,0.0,0.1297539380212087,0.028612470480593025
2058,batt_tim686,1,686,battery,0.05544542780706271,0.0,0.05544542780706271,0.010814107953685164
2059,pltd_tim687,1,687,diesel,0.012372,0.0573,-0.044927999999999996,0.007876243794342432
2060,plts_tim687,1,687,solar,0.1340780397405539,0.0,0.1340780397405539,0.029565998014104807
2061,batt_tim687,1,687,battery,0.057292835758262134,0.0,0.057292835758262134,0.011174446163214497
2062,pltd_tim688,1,688,diesel,0.006851,0.0317,-0.024849,0.0043618962380151975
2063,plts_tim688,1,688,solar,0.07424585606918563,0.0,0.07424585606918563,0.016372179562905383
2064,batt_tim688,1,688,battery,0.031725162797796774,0.0,0.031725162797796774,0.00618774496548947
2065,pltd_tim689,1,689,diesel,0.012638,0.0585,-0.045862,0.008045880464496282
2066,plts_tim689,1,689,solar,0.13696077422011738,0.0,0.13696077422011738,0.030201645036446
2067,batt_tim689,1,689,battery,0.05852405772572841,0.0,0.05852405772572841,0.011414621489567388
2068,pltd_tim690,1,690,diesel,0.009445,0.0437,-0.034255,0.006012712052797383
2069,plts_tim690,1,690,solar,0.10236281272521364,0.0,0.10236281272521364,0.0225722558558118
2070,batt_tim690,1,690,battery,0.0437409292376197,0.0,0.0437409292376197,0.00853128168389853
2071,pltd_tim691,1,691,diesel,0.011973,0.0555,-0.043527,0.007622035138601264
2072,plts_tim691,1,691,solar,0.1297539380212087,0.0,0.1297539380212087,0.02861247048059302
2073,batt_tim691,1,691,battery,0.05544542780706271,0.0,0.05544542780706271,0.010814107953685164
2074,pltd_tim692,1,692,diesel,0.021654,0.1168,-0.09514600000000001,0.012860542589318982
2075,plts_tim692,1,692,solar,0.2842593344208835,0.0,0.2842593344208835,0.0639266748919259
2076,batt_tim692,1,692,battery,0.13038912855018323,0.0,0.13038912855018323,0.025489311099776507
2077,pltd_tim693,1,693,diesel,0.013702,0.0635,-0.049798,0.008722891939055117
2078,plts_tim693,1,693,solar,0.14849685987851335,0.0,0.14849685987851335,0.03274547606668857
2079,batt_tim693,1,693,battery,0.0634546504741069,0.0,0.0634546504741069,0.012376257948413143
2080,pltd_tim694,1,694,diesel,0.009598,0.0518,-0.042201999999999996,0.005700146690432161
2081,plts_tim694,1,694,solar,0.12600727862673686,0.0,0.12600727862673686,0.0283376746548223
2082,batt_tim694,1,694,battery,0.05780082131079302,0.0,0.05780082131079302,0.011299276095697251
2083,pltd_tim695,1,695,diesel,0.01337,0.0619,-0.04853,0.008511094417426323
2084,plts_tim695,1,695,solar,0.144893441779059,0.0,0.144893441779059,0.03195083524828941
2085,batt_tim695,1,695,battery,0.06191487551477402,0.0,0.06191487551477402,0.01207589450607203
2086,pltd_tim696,1,696,diesel,0.029466,0.1365,-0.10703400000000002,0.01875850624991992
2087,plts_tim696,1,696,solar,0.31934005971378565,0.0,0.31934005971378565,0.07041863141238548
2088,batt_tim696,1,696,battery,0.1364578385745908,0.0,0.1364578385745908,0.02661489184749536
2089,pltd_tim697,1,697,diesel,0.01962762936905293,0.0974,-0.07777237063094707,0.012782730651854141
2090,plts_tim697,1,697,solar,0.2293815769011456,0.0,0.2293815769011456,0.05094174772593437
2091,batt_tim697,1,697,battery,0.10041834479135348,0.0,0.10041834479135348,0.019606687258855466
2092,pltd_tim698,1,698,diesel,0.01981253065479239,0.0983,-0.07848746934520762,0.012903110980805977
2093,plts_tim698,1,698,solar,0.2315639417344876,0.0,0.2315639417344876,0.051426511480446926
2094,batt_tim698,1,698,battery,0.10137587659219326,0.0,0.10137587659219326,0.019793656367286052
2095,pltd_tim699,1,699,diesel,0.008323313870308595,0.0413,-0.03297668612969141,0.005420840032656443
2096,plts_tim699,1,699,solar,0.09726815613498523,0.0,0.09726815613498523,0.021601529784303557
2097,batt_tim699,1,699,battery,0.042580946320563993,0.0,0.042580946320563993,0.00831395034554001
2098,pltd_tim700,1,700,diesel,0.032725881732435104,0.1534,-0.12067411826756491,0.021624788581486486
2099,plts_tim700,1,700,solar,0.35659465864552,0.0,0.35659465864552,0.07854177484492886
2100,batt_tim700,1,700,battery,0.14971072417190773,0.0,0.14971072417190773,0.029465969110142737
2101,pltd_tim701,1,701,diesel,0.036451,0.1688,-0.132349,0.023205117458481233
2102,plts_tim701,1,701,solar,0.39502728302275303,0.0,0.39502728302275303,0.08710866248646144
2103,batt_tim701,1,701,battery,0.16879895735612072,0.0,0.16879895735612072,0.032922694915361275
2104,pltd_tim702,1,702,diesel,0.01807152477301978,0.0847,-0.06662847522698022,0.011941378129308698
2105,plts_tim702,1,702,solar,0.19691459301795644,0.0,0.19691459301795644,0.043371475551864005
2106,batt_tim702,1,702,battery,0.08267165785115306,0.0,0.08267165785115306,0.0162713769931288
2107,pltd_tim703,1,703,diesel,0.057336,0.2656,-0.208264,0.03650190744527411
2108,plts_tim703,1,703,solar,0.6213734170699063,0.0,0.6213734170699063,0.137020903865644
2109,batt_tim703,1,703,battery,0.26551785558735724,0.0,0.26551785558735724,0.05178695816120501
2110,pltd_tim704,1,704,diesel,0.0071422354866669605,0.0354,-0.02825776451333304,0.004651531442960103
2111,plts_tim704,1,704,solar,0.08347934269866777,0.0,0.08347934269866777,0.018539426549479033
2112,batt_tim704,1,704,battery,0.03654658031050748,0.0,0.03654658031050748,0.007135719531253144
2113,pltd_tim705,1,705,diesel,0.0123594655983412,0.0613,-0.0489405344016588,0.0080491944525513
2114,plts_tim705,1,705,solar,0.14445596392099944,0.0,0.14445596392099944,0.03208125559167486
2115,batt_tim705,1,705,battery,0.06324129312114457,0.0,0.06324129312114457,0.01234786313953798
2116,pltd_tim706,1,706,diesel,0.034720251291518164,0.1722,-0.13747974870848184,0.02261215885771297
2117,plts_tim706,1,706,solar,0.40577471359701417,0.0,0.40577471359701417,0.09011571050380268
2118,batt_tim706,1,706,battery,0.17764022162977552,0.0,0.17764022162977552,0.034684277696137786
2119,pltd_tim707,1,707,diesel,0.01819786364958391,0.0903,-0.0721021363504161,0.011851483747880249
2120,plts_tim707,1,707,solar,0.21268985537297183,0.0,0.21268985537297183,0.04723499838904152
2121,batt_tim707,1,707,battery,0.09311339225286402,0.0,0.09311339225286402,0.018180380702412662
2122,pltd_tim708,1,708,diesel,0.018283,0.0986,-0.080317,0.010858462296485474
2123,plts_tim708,1,708,solar,0.24000795287935212,0.0,0.24000795287935212,0.05397510307737827
2124,batt_tim708,1,708,battery,0.11009135256420192,0.0,0.11009135256420192,0.02152136967472832
2125,pltd_tim709,1,709,diesel,0.031195,0.1682,-0.137005,0.01852686051781493
2126,plts_tim709,1,709,solar,0.40951632788186554,0.0,0.40951632788186554,0.09209558977431591
2127,batt_tim709,1,709,battery,0.18784544060004477,0.0,0.18784544060004477,0.03672123092226273
2128,pltd_tim710,1,710,diesel,0.062904,0.3392,-0.276296,0.03735901907703693
2129,plts_tim710,1,710,solar,0.8257833625358505,0.0,0.8257833625358505,0.18570926675894764
2130,batt_tim710,1,710,battery,0.3787875050715103,0.0,0.3787875050715103,0.07404784862745666
2131,pltd_tim711,1,711,diesel,0.022856714764085278,0.1134,-0.09054328523591472,0.01488579246239429
2132,plts_tim711,1,711,solar,0.26712974962417707,0.0,0.26712974962417707,0.059325070985329936
2133,batt_tim711,1,711,battery,0.11694469347001193,0.0,0.11694469347001193,0.02283346641506378
2134,pltd_tim712,1,712,diesel,0.044033,0.2039,-0.15986699999999998,0.028032303656059368
2135,plts_tim712,1,712,solar,0.4772058066508803,0.0,0.4772058066508803,0.10523006223977356
2136,batt_tim712,1,712,battery,0.2039149379429631,0.0,0.2039149379429631,0.039771795590155395
2137,pltd_tim713,1,713,diesel,0.052015,0.2409,-0.188885,0.03311365150301194
2138,plts_tim713,1,713,solar,0.5637084319983527,0.0,0.5637084319983527,0.1243050365937404
2139,batt_tim713,1,713,battery,0.24087855648100492,0.0,0.24087855648100492,0.04698119586647884
2140,pltd_tim714,1,714,diesel,0.08055,0.3731,-0.29255,0.05127991519895615
2141,plts_tim714,1,714,solar,0.8729537732935242,0.0,0.8729537732935242,0.19249761351539177
2142,batt_tim714,1,714,battery,0.3730215282909504,0.0,0.3730215282909504,0.07275454765510489
2143,pltd_tim715,1,715,diesel,0.117001,0.5419,-0.424899,0.07448501897364158
2144,plts_tim715,1,715,solar,1.2679810563162772,0.0,1.2679810563162772,0.2796062890018532
2145,batt_tim715,1,715,battery,0.5418204856470712,0.0,0.5418204856470712,0.10567723880246618
2146,pltd_tim716,1,716,diesel,0.092523,0.4285,-0.33597699999999997,0.058901896235063686
2147,plts_tim716,1,716,solar,1.002707711314733,0.0,1.002707711314733,0.22111004599598477
2148,batt_tim716,1,716,battery,0.42846695609801294,0.0,0.42846695609801294,0.08356864953359004
2149,pltd_tim717,1,717,diesel,0.049554,0.2295,-0.179946,0.03154674818426109
2150,plts_tim717,1,717,solar,0.5370379903222485,0.0,0.5370379903222485,0.1184237777245444
2151,batt_tim717,1,717,battery,0.22948215090342844,0.0,0.22948215090342844,0.044758424997480416
2152,pltd_tim718,1,718,diesel,0.095051,0.4402,-0.345149,0.06051118806595034
2153,plts_tim718,1,718,solar,1.030098836610728,0.0,1.030098836610728,0.22715021562076604
2154,batt_tim718,1,718,battery,0.4401712246674561,0.0,0.4401712246674561,0.0858514413361767
2155,pltd_tim719,1,719,diesel,0.124318,0.5758,-0.451482,0.07914263074674605
2156,plts_tim719,1,719,solar,1.3472768454648412,0.0,1.3472768454648412,0.29709207276639565
2157,batt_tim719,1,719,battery,0.5757052442664471,0.0,0.5757052442664471,0.11228609937970739
2158,pltd_tim720,1,720,diesel,0.093721,0.4341,-0.340379,0.05966472517303352
2159,plts_tim720,1,720,solar,1.0156800164727686,0.0,1.0156800164727686,0.22397060459652016
2160,batt_tim720,1,720,battery,0.4340087199516113,0.0,0.4340087199516113,0.08464953175097806
2161,pltd_tim721,1,721,diesel,0.03982591977423767,0.1944,-0.15457408022576233,0.025207919864897198
2162,plts_tim721,1,721,solar,0.4620183006535947,0.0,0.4620183006535947,0.10206936892737253
2163,batt_tim721,1,721,battery,0.2011521161490196,0.0,0.2011521161490196,0.039316017251153086
2164,pltd_tim722,1,722,diesel,0.02543580716966956,0.1242,-0.09876419283033044,0.016099859548112484
2165,plts_tim722,1,722,solar,0.2950745098039215,0.0,0.2950745098039215,0.06518812755858823
2166,batt_tim722,1,722,battery,0.1284682090352941,0.0,0.1284682090352941,0.025109641327548764
2167,pltd_tim723,1,723,diesel,0.030611251630933325,0.1494,-0.11878874836906668,0.01937548257832978
2168,plts_tim723,1,723,solar,0.35511633986928104,0.0,0.35511633986928104,0.0784525032897255
2169,batt_tim723,1,723,battery,0.1546091970901961,0.0,0.1546091970901961,0.030219008554179604
2170,pltd_tim724,1,724,diesel,0.01956621108034783,0.0955,-0.07593378891965218,0.012384463890862434
2171,plts_tim724,1,724,solar,0.22698039215686272,0.0,0.22698039215686272,0.05014468158352941
2172,batt_tim724,1,724,battery,0.0988215754117647,0.0,0.0988215754117647,0.019315082051596714
2173,pltd_tim725,1,725,diesel,0.018957,0.0878,-0.068843,0.012068753074799623
2174,plts_tim725,1,725,solar,0.20544116133017606,0.0,0.20544116133017606,0.04530240355466901
2175,batt_tim725,1,725,battery,0.08778608658859263,0.0,0.08778608658859263,0.017121920541551084
2176,pltd_tim726,1,726,diesel,0.008205323856139129,0.04,-0.031794676143860875,0.005193641494710016
2177,plts_tim726,1,726,solar,0.0951843137254902,0.0,0.0951843137254902,0.021028177402823534
2178,batt_tim726,1,726,battery,0.04144060392941177,0.0,0.04144060392941177,0.008099738852033826
2179,pltd_tim727,1,727,diesel,0.014958063357959414,0.073,-0.05804193664204058,0.009467863113637107
2180,plts_tim727,1,727,solar,0.17353202614379085,0.0,0.17353202614379085,0.03833680202290196
2181,batt_tim727,1,727,battery,0.07555212076078432,0.0,0.07555212076078432,0.014766980648220492
2182,pltd_tim728,1,728,diesel,0.010798,0.0582,-0.047402,0.006412841474619961
2183,plts_tim728,1,728,solar,0.14175708726585148,0.0,0.14175708726585148,0.031879500139451525
2184,batt_tim728,1,728,battery,0.06502448135442311,0.0,0.06502448135442311,0.012711416019206482
2185,pltd_tim729,1,729,diesel,0.028212463565913042,0.1377,-0.10948753643408694,0.01785720530014295
2186,plts_tim729,1,729,solar,0.3272941176470588,0.0,0.3272941176470588,0.07230597362001867
2187,batt_tim729,1,729,battery,0.14249651082352943,0.0,0.14249651082352943,0.027851540684893136
2188,pltd_tim730,1,730,diesel,0.012812054990098555,0.0625,-0.049687945009901445,0.008109474873626265
2189,plts_tim730,1,730,solar,0.14863790849673203,0.0,0.14863790849673203,0.03283711047984314
2190,batt_tim730,1,730,battery,0.0647138383372549,0.0,0.0647138383372549,0.012648606854013682
2191,pltd_tim731,1,731,diesel,0.03679676799387826,0.1796,-0.14280323200612174,0.023290719057232758
2192,plts_tim731,1,731,solar,0.4268705882352941,0.0,0.4268705882352941,0.0943044977032904
2193,batt_tim731,1,731,battery,0.18584895051764708,0.0,0.18584895051764708,0.03632495208711166
2194,pltd_tim732,1,732,diesel,0.005028,0.0271,-0.022071999999999998,0.0029863189268933407
2195,plts_tim732,1,732,solar,0.06600060315934442,0.0,0.06600060315934442,0.014842875620805015
2196,batt_tim732,1,732,battery,0.030274260615006415,0.0,0.030274260615006415,0.005918196028462823
2197,pltd_tim733,1,733,diesel,0.01622149026114782,0.0792,-0.06297850973885219,0.01026748499196237
2198,plts_tim733,1,733,solar,0.18817254901960784,0.0,0.18817254901960784,0.041571146920941174
2199,batt_tim733,1,733,battery,0.0819245999764706,0.0,0.0819245999764706,0.01601249889506225
2200,pltd_tim734,1,734,diesel,0.015299,0.0709,-0.055601000000000005,0.009739024030661162
2201,plts_tim734,1,734,solar,0.16579841449603624,0.0,0.16579841449603624,0.036560668084937714
2202,batt_tim734,1,734,battery,0.07084791715741792,0.0,0.07084791715741792,0.013818196991164673
2203,pltd_tim735,1,735,diesel,0.027937,0.1294,-0.10146299999999998,0.01778479542138504
2204,plts_tim735,1,735,solar,0.3027591887161536,0.0,0.3027591887161536,0.06676231712138371
2205,batt_tim735,1,735,battery,0.12937220488314632,0.0,0.12937220488314632,0.025232856641093676
2206,pltd_tim736,1,736,diesel,0.02811,0.1516,-0.12349000000000002,0.016694694244382975
2207,plts_tim736,1,736,solar,0.36901390003268497,0.0,0.36901390003268497,0.08298696182301302
2208,batt_tim736,1,736,battery,0.16926639496612575,0.0,0.16926639496612575,0.033089297527630054
2209,pltd_tim737,1,737,diesel,0.010227,0.0551,-0.044873,0.006073916304291106
2210,plts_tim737,1,737,solar,0.13425476289088448,0.0,0.13425476289088448,0.03019236165879704
2211,batt_tim737,1,737,battery,0.06158261925327657,0.0,0.06158261925327657,0.01203856300493364
2212,pltd_tim738,1,738,diesel,0.012039,0.0558,-0.043761,0.007664412999425164
2213,plts_tim738,1,738,solar,0.13047462164109958,0.0,0.13047462164109958,0.028771375236178322
2214,batt_tim738,1,738,battery,0.05575329079892929,0.0,0.05575329079892929,0.010874191423273389
2215,pltd_tim739,1,739,diesel,0.011973,0.0555,-0.043527,0.007622035138601264
2216,plts_tim739,1,739,solar,0.1297539380212087,0.0,0.1297539380212087,0.02861247048059302
2217,batt_tim739,1,739,battery,0.05544542780706271,0.0,0.05544542780706271,0.010814107953685165
2218,pltd_tim740,1,740,diesel,0.022881,0.106,-0.083119,0.014567099874940087
2219,plts_tim740,1,740,solar,0.24797179038402142,0.0,0.24797179038402142,0.054680943959281386
2220,batt_tim740,1,740,battery,0.10595980286574697,0.0,0.10595980286574697,0.020666585357324577
2221,pltd_tim741,1,741,diesel,0.023725660007965457,0.1177,-0.09397433999203454,0.015451580880577865
2222,plts_tim741,1,741,solar,0.2772951117101239,0.0,0.2772951117101239,0.06158265080882276
2223,batt_tim741,1,741,battery,0.12139633822404228,0.0,0.12139633822404228,0.023702642298884725
2224,pltd_tim742,1,742,diesel,0.008323313870308595,0.0413,-0.03297668612969141,0.005420840032656443
2225,plts_tim742,1,742,solar,0.09726815613498523,0.0,0.09726815613498523,0.021601529784303557
2226,batt_tim742,1,742,battery,0.042580946320563993,0.0,0.042580946320563993,0.00831395034554001
2227,pltd_tim743,1,743,diesel,0.009312,0.0431,-0.033788,0.005927936155116299
2228,plts_tim743,1,743,solar,0.1009214454854319,0.0,0.1009214454854319,0.022254526344641208
2229,batt_tim743,1,743,battery,0.04312566325388655,0.0,0.04312566325388655,0.008411251535122085
2230,pltd_tim744,1,744,diesel,0.01623,0.0752,-0.05897,0.010332291987463162
2231,plts_tim744,1,744,solar,0.17588798517450838,0.0,0.17588798517450838,0.038785593663131876
2232,batt_tim744,1,744,battery,0.07515845904354988,0.0,0.07515845904354988,0.014658973803799775
2233,pltd_tim745,1,745,diesel,0.01161480482237472,0.0576,-0.04598519517762528,0.007564381069970022
2234,plts_tim745,1,745,solar,0.13574205588098076,0.0,0.13574205588098076,0.030146031319216213
2235,batt_tim745,1,745,battery,0.059425171631330674,0.0,0.059425171631330674,0.011602763029994996
2236,pltd_tim746,1,746,diesel,0.00857,0.0462,-0.03763,0.005089881988798831
2237,plts_tim746,1,746,solar,0.1125042088359788,0.0,0.1125042088359788,0.025300864264930625
2238,batt_tim746,1,746,battery,0.051605405655457154,0.0,0.051605405655457154,0.010088174668988361
2239,pltd_tim747,1,747,diesel,0.054676,0.2532,-0.19852399999999998,0.03480769595093125
2240,plts_tim747,1,747,solar,0.5925409245341295,0.0,0.5925409245341295,0.1306630147296922
2241,batt_tim747,1,747,battery,0.25319855103418104,0.0,0.25319855103418104,0.049384093761841906
2242,pltd_tim748,1,748,diesel,0.025409,0.1177,-0.092291,0.01617542802687493
2243,plts_tim748,1,748,solar,0.27536806342015857,0.0,0.27536806342015857,0.06072224149660249
2244,batt_tim748,1,748,battery,0.11766839631370331,0.0,0.11766839631370331,0.02295012786374542
2245,pltd_tim749,1,749,diesel,0.015341616950600323,0.0761,-0.06075838304939968,0.009991388173991506
2246,plts_tim749,1,749,solar,0.17929604478772485,0.0,0.17929604478772485,0.03981861178274843
2247,batt_tim749,1,749,battery,0.078492233366855,0.0,0.078492233366855,0.015325609167869028
2248,pltd_tim750,1,750,diesel,0.015341616950600323,0.0761,-0.06075838304939968,0.009991388173991506
2249,plts_tim750,1,750,solar,0.17929604478772485,0.0,0.17929604478772485,0.03981861178274843
2250,batt_tim750,1,750,battery,0.078492233366855,0.0,0.078492233366855,0.015325609167869028
2251,pltd_tim751,1,751,diesel,0.007849,0.0364,-0.028551,0.004996574080550129
2252,plts_tim751,1,751,solar,0.08506125810769073,0.0,0.08506125810769073,0.018757146809224752
2253,batt_tim751,1,751,battery,0.03634789255430867,0.0,0.03634789255430867,0.007089304725947001
2254,pltd_tim752,1,752,diesel,0.01666243224709564,0.0813,-0.06463756775290436,0.010546432072262864
2255,plts_tim752,1,752,solar,0.19330196078431372,0.0,0.19330196078431372,0.04270427650164706
2256,batt_tim752,1,752,battery,0.08415916145882354,0.0,0.08415916145882354,0.01644926918331616
2257,pltd_tim753,1,753,diesel,0.006585,0.0305,-0.023915,0.004192406331233747
2258,plts_tim753,1,753,solar,0.07136312158962216,0.0,0.07136312158962216,0.015736520540564198
2259,batt_tim753,1,753,battery,0.030493710830330492,0.0,0.030493710830330492,0.005947540783136579
2260,pltd_tim754,1,754,diesel,0.015166,0.0702,-0.055034,0.009654266155960803
2261,plts_tim754,1,754,solar,0.1643570472562545,0.0,0.1643570472562545,0.036242829573767114
2262,batt_tim754,1,754,battery,0.07023219117368475,0.0,0.07023219117368475,0.013698089823188224
2263,pltd_tim755,1,755,diesel,0.022216,0.1029,-0.080684,0.014143340986347152
2264,plts_tim755,1,755,solar,0.24076495418511276,0.0,0.24076495418511276,0.053091760403428404
2265,batt_tim755,1,755,battery,0.10288094294708128,0.0,0.10288094294708128,0.020066035658242363
2266,pltd_tim756,1,756,diesel,0.021207068123455068,0.1035,-0.08229293187654493,0.013423074612535462
2267,plts_tim756,1,756,solar,0.24601830065359478,0.0,0.24601830065359478,0.05435048876737256
2268,batt_tim756,1,756,battery,0.10711036014901962,0.0,0.10711036014901962,0.02093516607261812
2269,pltd_tim757,1,757,diesel,0.02915969923895651,0.1423,-0.1131403007610435,0.01845680178245014
2270,plts_tim757,1,757,solar,0.3382745098039216,0.0,0.3382745098039216,0.07473186599058824
2271,batt_tim757,1,757,battery,0.14727656023529415,0.0,0.14727656023529415,0.028785803759763594
2272,pltd_tim758,1,758,diesel,0.01514792995691594,0.0739,-0.058752070043084054,0.009587878957068832
2273,plts_tim758,1,758,solar,0.17572810457516339,0.0,0.17572810457516339,0.03882181490760783
2274,batt_tim758,1,758,battery,0.07650734864313725,0.0,0.07650734864313725,0.01495369961889545
2275,pltd_tim759,1,759,diesel,0.011171254781773911,0.0545,-0.04332874521822609,0.007070850058530828
2276,plts_tim759,1,759,solar,0.1296,0.0,0.1296,0.028631315210920633
2277,batt_tim759,1,759,battery,0.056425283599999994,0.0,0.056425283599999994,0.011028549870279234
2278,pltd_tim760,1,760,diesel,0.06557754349579127,0.3201,-0.25452245650420874,0.041507608437997896
2279,plts_tim760,1,760,solar,0.7607529411764706,0.0,0.7607529411764706,0.1680661269604706
2280,batt_tim760,1,760,battery,0.3312139049882354,0.0,0.3312139049882354,0.0647371211019775
2281,pltd_tim761,1,761,diesel,0.026645624757036957,0.1322,-0.10555437524296306,0.017353399297059615
2282,plts_tim761,1,761,solar,0.31140946555388527,0.0,0.31140946555388527,0.06915878372437925
2283,batt_tim761,1,761,battery,0.1363291718376445,0.0,0.1363291718376445,0.02661829375355372
2284,pltd_tim762,1,762,diesel,0.015590064594120016,0.0773,-0.061709935405879976,0.01015317456753153
2285,plts_tim762,1,762,solar,0.18219895287958116,0.0,0.18219895287958116,0.04046340588481675
2286,batt_tim762,1,762,battery,0.07976350989528794,0.0,0.07976350989528794,0.015573817596794196
2287,pltd_tim763,1,763,diesel,0.02335406869727852,0.1158,-0.09244593130272148,0.015209763679477892
2288,plts_tim763,1,763,solar,0.2729355658078897,0.0,0.2729355658078897,0.0606144040902115
2289,batt_tim763,1,763,battery,0.11948563652687783,0.0,0.11948563652687783,0.023329593590329507
2290,pltd_tim764,1,764,diesel,0.020869206170520325,0.1035,-0.08263079382947967,0.013591381793818741
2291,plts_tim764,1,764,solar,0.2439013011248769,0.0,0.2439013011248769,0.05416635618232863
2292,batt_tim764,1,764,battery,0.10677563933803329,0.0,0.10677563933803329,0.02084796161529495
2293,pltd_tim765,1,765,diesel,0.025609,0.1186,-0.09299099999999999,0.01630248242531942
2294,plts_tim765,1,765,solar,0.2775301142798312,0.0,0.2775301142798312,0.06119902176335839
2295,batt_tim765,1,765,battery,0.11859221528930304,0.0,0.11859221528930304,0.023130267050110086
2296,pltd_tim766,1,766,diesel,0.014168,0.0656,-0.051432000000000005,0.009019468296249309
2297,plts_tim766,1,766,solar,0.1535416452177494,0.0,0.1535416452177494,0.03385794120046362
2298,batt_tim766,1,766,battery,0.06560992141717287,0.0,0.06560992141717287,0.012796612624330692
2299,pltd_tim767,1,767,diesel,0.021618,0.1001,-0.078482,0.013761767822690027
2300,plts_tim767,1,767,solar,0.23427880160609496,0.0,0.23427880160609496,0.05166156160316072
2301,batt_tim767,1,767,battery,0.10011040602028212,0.0,0.10011040602028212,0.01952556867994836
2302,pltd_tim768,1,768,diesel,0.019423,0.09,-0.070577,0.012364475628493011
2303,plts_tim768,1,768,solar,0.21049109440955424,0.0,0.21049109440955424,0.04641602171992863
2304,batt_tim768,1,768,battery,0.08994545241017197,0.0,0.08994545241017197,0.017542997682902836
2305,pltd_tim769,1,769,diesel,0.0147,0.0681,-0.053399999999999996,0.009358608630737732
2306,plts_tim769,1,769,solar,0.15930711417687635,0.0,0.15930711417687635,0.03512926737213013
2307,batt_tim769,1,769,battery,0.06807259535210543,0.0,0.06807259535210543,0.013276985286636468
2308,pltd_tim770,1,770,diesel,0.022416,0.1038,-0.08138400000000001,0.01427047491153645
2309,plts_tim770,1,770,solar,0.24292700504478534,0.0,0.24292700504478534,0.053568471670184296
2310,batt_tim770,1,770,battery,0.10380430192268095,0.0,0.10380430192268095,0.020246117132607027
2311,pltd_tim771,1,771,diesel,0.027005,0.1251,-0.09809499999999999,0.017192397635046423
2312,plts_tim771,1,771,solar,0.2926644702975394,0.0,0.2926644702975394,0.06453636554819756
2313,batt_tim771,1,771,battery,0.125057798118501,0.0,0.125057798118501,0.024391453068262747
2314,pltd_tim772,1,772,diesel,0.013436,0.0622,-0.048764,0.00855336240364607
2315,plts_tim772,1,772,solar,0.14561412539894986,0.0,0.14561412539894986,0.03210982801600947
2316,batt_tim772,1,772,battery,0.0622231985066406,0.0,0.0622231985066406,0.01213605030206025
2317,pltd_tim773,1,773,diesel,0.019157,0.0887,-0.069543,0.012195909088506127
2318,plts_tim773,1,773,solar,0.20760321218984865,0.0,0.20760321218984865,0.045779197821424894
2319,batt_tim773,1,773,battery,0.08870990556419231,0.0,0.08870990556419231,0.017302079649515745
2320,pltd_tim774,1,774,diesel,0.006439,0.0339,-0.027461,0.0038502630674222597
2321,plts_tim774,1,774,solar,0.08306583817308472,0.0,0.08306583817308472,0.018408347949722407
2322,batt_tim774,1,774,battery,0.03684700188889522,0.0,0.03684700188889522,0.007243938740307598
2323,pltd_tim775,1,775,diesel,0.027335,0.1439,-0.116565,0.0163451058449104
2324,plts_tim775,1,775,solar,0.3526556245326183,0.0,0.3526556245326183,0.07815286346280201
2325,batt_tim775,1,775,battery,0.15643729211768867,0.0,0.15643729211768867,0.03075476123729012
2326,pltd_tim776,1,776,diesel,0.00977,0.0527,-0.042929999999999996,0.005802454639063082
2327,plts_tim776,1,776,solar,0.12825442542004561,0.0,0.12825442542004561,0.0288430051910189
2328,batt_tim776,1,776,battery,0.0588303497191378,0.0,0.0588303497191378,0.011500530609094155
2329,pltd_tim777,1,777,diesel,0.022083,0.1023,-0.08021700000000001,0.01405851139501919
2330,plts_tim777,1,777,solar,0.239323586945331,0.0,0.239323586945331,0.0527739578922578
2331,batt_tim777,1,777,battery,0.1022654469633481,0.0,0.1022654469633481,0.019945963114265913
2332,pltd_tim778,1,778,diesel,0.012505,0.0579,-0.045395,0.007961127051191758
2333,plts_tim778,1,778,solar,0.13551940698033563,0.0,0.13551940698033563,0.0298837625252754
2334,batt_tim778,1,778,battery,0.05790810174199526,0.0,0.05790810174199526,0.01129448931199094
2335,pltd_tim779,1,779,diesel,0.017693,0.0819,-0.064207,0.011263517039629335
2336,plts_tim779,1,779,solar,0.19174817255224957,0.0,0.19174817255224957,0.042283040198548345
2337,batt_tim779,1,779,battery,0.08193668974312777,0.0,0.08193668974312777,0.015980997635374857
2338,pltd_tim780,1,780,diesel,0.02501,0.1158,-0.09079,0.015922227380532474
2339,plts_tim780,1,780,solar,0.27103881396067125,0.0,0.27103881396067125,0.05976754305055081
2340,batt_tim780,1,780,battery,0.11581643348399054,0.0,0.11581643348399054,0.02258900770878188
