ID,Resource,Zone,Village,technology,Total_MW,Start_MW,Change_in_MW,Electricity_GWh
1,pltd_bel1,1,1,diesel,0.010908510186666713,0.2773,-0.26639148981333327,0.0034288425696000066
2,plts_bel1,1,1,solar,0.7644436516753504,0.0,0.7644436516753504,0.18403741642431357
3,batt_bel1,1,1,battery,0.3252861731679057,0.0,0.3252861731679057,0.08886494663312752
4,pltd_bel2,1,2,diesel,0.03378695712000005,0.846,-0.81221304288,0.010514807497600049
5,plts_bel2,1,2,solar,2.319470777899349,0.0,2.319470777899349,0.5615183365296231
6,batt_bel2,1,2,battery,0.9925517069649924,0.0,0.9925517069649924,0.2710835759729294
7,pltd_bel3,1,3,diesel,0.03362735637333346,0.842,-0.8083726436266665,0.01046517041920004
8,plts_bel3,1,3,solar,2.274859116202449,0.0,2.274859116202449,0.5588596900381323
9,batt_bel3,1,3,battery,0.9877285106117957,0.0,0.9877285106117957,0.2697992269575917
10,pltd_bel4,1,4,diesel,0.015540261866666683,0.3891,-0.3735597381333333,0.004836264495999996
11,plts_bel4,1,4,solar,1.0597155947822932,0.0,1.0597155947822932,0.2582661965263454
12,batt_bel4,1,4,battery,0.4565187678318011,0.0,0.4565187678318011,0.12468548196688244
13,pltd_bel5,1,5,diesel,0.017496411093333344,0.4381,-0.42060358890666666,0.005445049164800026
14,plts_bel5,1,5,solar,1.1980612951319887,0.0,1.1980612951319887,0.2907783990805262
15,batt_bel5,1,5,battery,0.513986268824836,0.0,0.513986268824836,0.14037581054976697
16,pltd_bel6,1,6,diesel,0.015380025173333383,0.3851,-0.36971997482666663,0.004776681012720663
17,plts_bel6,1,6,solar,1.0617269081155738,0.0,1.0617269081155738,0.2556074287907283
18,batt_bel6,1,6,battery,0.4517860003019448,0.0,0.4517860003019448,0.1233994797244594
19,pltd_bel7,1,7,diesel,0.014322037333333329,0.3586,-0.34427796266666666,0.004457141919999978
20,plts_bel7,1,7,solar,0.9746990950333617,0.0,0.9746990950333617,0.23802029037616632
21,batt_bel7,1,7,battery,0.4206750086040646,0.0,0.4206750086040646,0.11490297852783271
22,pltd_bel8,1,8,diesel,0.028311831573333394,0.7089,-0.6805881684266666,0.008810805315200001
23,plts_bel8,1,8,solar,1.9191143728914704,0.0,1.9191143728914704,0.47052124171178855
24,batt_bel8,1,8,battery,0.831543600975903,0.0,0.831543600975903,0.22714860509663537
25,pltd_bel9,1,9,diesel,0.027290414293333322,0.6833,-0.6560095857066667,0.008493122500799987
26,plts_bel9,1,9,solar,1.8872624340519781,0.0,1.8872624340519781,0.4535500175839936
27,batt_bel9,1,9,battery,0.8016478765198991,0.0,0.8016478765198991,0.2189620108109983
28,pltd_bel10,1,10,diesel,0.015847555306666726,0.3968,-0.3809524446933333,0.004931817307200018
29,plts_bel10,1,10,solar,1.0940037016490307,0.0,1.0940037016490307,0.2633780050874593
30,batt_bel10,1,10,battery,0.46552030427652163,0.0,0.46552030427652163,0.1271508609664041
31,pltd_bel11,1,11,diesel,0.026367626346666503,0.6602,-0.6338323736533336,0.00820582976639999
32,plts_bel11,1,11,solar,1.8171368010910103,0.0,1.8171368010910103,0.4382127765242693
33,batt_bel11,1,11,battery,0.774436795480245,0.0,0.774436795480245,0.21155245221629207
34,pltd_bel12,1,12,diesel,0.01134443488000003,0.284,-0.27265556511999994,0.0035305446624000034
35,plts_bel12,1,12,solar,0.7789634611096176,0.0,0.7789634611096176,0.18853544239800407
36,batt_bel12,1,12,battery,0.33321433396239875,0.0,0.33321433396239875,0.09101708431201805
37,pltd_bel13,1,13,diesel,0.010424852373333288,0.2672,-0.2567751476266667,0.0020018164992000047
38,plts_bel13,1,13,solar,1.1076126525559657,0.0,1.1076126525559657,0.2823182195499612
39,batt_bel13,1,13,battery,0.46023049841289465,0.0,0.46023049841289465,0.12979136053587917
40,pltd_bel14,1,14,diesel,0.008206641919999964,0.2055,-0.19729335808000004,0.0025539964015999944
41,plts_bel14,1,14,solar,0.5665375861880292,0.0,0.5665375861880292,0.13639217317692454
42,batt_bel14,1,14,battery,0.2410726474020482,0.0,0.2410726474020482,0.06584600528166143
43,pltd_bel15,1,15,diesel,0.0073212021333333545,0.1749,-0.16757879786666666,0.0013625922240000084
44,plts_bel15,1,15,solar,0.7293833974512985,0.0,0.7293833974512985,0.18471115508347288
45,batt_bel15,1,15,battery,0.30014355383024016,0.0,0.30014355383024016,0.0849480075573418
46,pltd_bel16,1,16,diesel,0.01960039658666677,0.4908,-0.4711996034133332,0.006099862641600016
47,plts_bel16,1,16,solar,1.3102335377696326,0.0,1.3102335377696326,0.3257462939760128
48,batt_bel16,1,16,battery,0.57569111807832,0.0,0.57569111807832,0.15726177363247093
49,pltd_bel17,1,17,diesel,0.008716839146666686,0.2234,-0.2146831608533333,0.0016738371104000123
50,plts_bel17,1,17,solar,0.929575899076534,0.0,0.929575899076534,0.2360649252480606
51,batt_bel17,1,17,battery,0.3848758655539686,0.0,0.3848758655539686,0.10853428155984247
52,pltd_bel18,1,18,diesel,0.0051803146666666855,0.1297,-0.12451968533333332,0.0015923199280000154
53,plts_bel18,1,18,solar,0.34297761902610335,0.0,0.34297761902610335,0.08608839794651399
54,batt_bel18,1,18,battery,0.1521544747479411,0.0,0.1521544747479411,0.041559975706936536
55,pltd_bel19,1,19,diesel,0.008108351146666712,0.203,-0.1948916488533333,0.002523403870400009
56,plts_bel19,1,19,solar,0.5710857987481943,0.0,0.5710857987481943,0.13475583987957054
57,batt_bel19,1,19,battery,0.23816144581627333,0.0,0.23816144581627333,0.06505405465348328
58,pltd_bel20,1,20,diesel,0.0017715988266666673,0.0444,-0.04262840117333334,0.0005513128768000013
59,plts_bel20,1,20,solar,0.12342782661717043,0.0,0.12342782661717043,0.02944621209352321
60,batt_bel20,1,20,battery,0.05204962624013243,0.0,0.05204962624013243,0.014216114398968504
61,pltd_bel21,1,21,diesel,0.006643820053333342,0.1664,-0.15975617994666666,0.0020675991056000116
62,plts_bel21,1,21,solar,0.4625290449546049,0.0,0.4625290449546049,0.11042257218709077
63,batt_bel21,1,21,battery,0.19517117945047757,0.0,0.19517117945047757,0.05330883044618146
64,pltd_bel22,1,22,diesel,0.004724841386666675,0.1183,-0.11357515861333332,0.0014703543455999966
65,plts_bel22,1,22,solar,0.33229949104407297,0.0,0.33229949104407297,0.07852272494317541
66,batt_bel22,1,22,battery,0.13878698902792858,0.0,0.13878698902792858,0.03790895162252293
67,pltd_bel23,1,23,diesel,0.004565127786666675,0.1143,-0.10973487221333332,0.0014207264175999993
68,plts_bel23,1,23,solar,0.31512020903429816,0.0,0.31512020903429816,0.07586418684846606
69,batt_bel23,1,23,battery,0.1340893301238506,0.0,0.1340893301238506,0.03662486461196823
70,pltd_bel24,1,24,diesel,0.0026822427733333245,0.0672,-0.06451775722666667,0.0008346984911999989
71,plts_bel24,1,24,solar,0.1854934025067245,0.0,0.1854934025067245,0.04457806530088044
72,batt_bel24,1,24,battery,0.0787916003176786,0.0,0.0787916003176786,0.02152112952094326
73,pltd_bel25,1,25,diesel,0.0025075700266666686,0.049,-0.04649242997333333,0.0009231451132799962
74,plts_bel25,1,25,solar,0.13670968057014257,0.0,0.13670968057014257,0.032116479140859786
75,batt_bel25,1,25,battery,0.058283014808822226,0.0,0.058283014808822226,0.015395608194229443
76,pltd_bel26,1,26,diesel,0.0054750331733333536,0.1371,-0.13162496682666663,0.0017039854832000003
77,plts_bel26,1,26,solar,0.3833476815002501,0.0,0.3833476815002501,0.09099615460614198
78,batt_bel26,1,26,battery,0.16084480690485353,0.0,0.16084480690485353,0.043929929336061824
79,pltd_bel27,1,27,diesel,0.006419077760000005,0.1254,-0.11898092224000001,0.0023190334198399994
80,plts_bel27,1,27,solar,0.35246342980368245,0.0,0.35246342980368245,0.08221009824537805
81,batt_bel27,1,27,battery,0.14686428959711134,0.0,0.14686428959711134,0.039410717166501914
82,pltd_bel28,1,28,diesel,0.0037156142933333506,0.093,-0.08928438570666665,0.0011421511865600045
83,plts_bel28,1,28,solar,0.26184215045366,0.0,0.26184215045366,0.061754924821292065
84,batt_bel28,1,28,battery,0.10914334334664187,0.0,0.10914334334664187,0.02981379154569479
85,pltd_bel29,1,29,diesel,0.0026058966400000026,0.0662,-0.06359410335999999,0.0008087615270399957
86,plts_bel29,1,29,solar,0.18394621173143136,0.0,0.18394621173143136,0.04396456260743671
87,batt_bel29,1,29,battery,0.0777067588500246,0.0,0.0777067588500246,0.021229347241696096
88,pltd_bel30,1,30,diesel,0.0026023895466666725,0.0508,-0.048197610453333324,0.0009710599024000028
89,plts_bel30,1,30,solar,0.14916458238700817,0.0,0.14916458238700817,0.033328170163195364
90,batt_bel30,1,30,battery,0.06047946778900709,0.0,0.06047946778900709,0.015976285278124645
91,pltd_bel31,1,31,diesel,0.005299116480000017,0.1035,-0.09820088351999998,0.0019514387446400118
92,plts_bel31,1,31,solar,0.296040141098284,0.0,0.296040141098284,0.06786904522649592
93,batt_bel31,1,31,battery,0.12316489127620746,0.0,0.12316489127620746,0.03253666549685379
94,pltd_bel32,1,32,diesel,0.007948682453333333,0.1553,-0.14735131754666667,0.0029033234821333334
95,plts_bel32,1,32,solar,0.4352038897321316,0.0,0.4352038897321316,0.10180341439336985
96,batt_bel32,1,32,battery,0.1827103027856628,0.0,0.1827103027856628,0.04880365571836512
97,pltd_bel33,1,33,diesel,0.004667333333333326,0.0918,-0.08713266666666668,0.001683618666666662
98,plts_bel33,1,33,solar,0.25658633518195384,0.0,0.25658633518195384,0.060193230777039114
99,batt_bel33,1,33,battery,0.10925214644990004,0.0,0.10925214644990004,0.028859454833892535
100,pltd_bel34,1,34,diesel,0.0029527501866666596,0.0739,-0.07094724981333334,0.0009170415197866672
101,plts_bel34,1,34,solar,0.2067400334582839,0.0,0.2067400334582839,0.049076686005427535
102,batt_bel34,1,34,battery,0.08674203253669466,0.0,0.08674203253669466,0.023692735041557982
103,pltd_bel35,1,35,diesel,0.003026819626666673,0.0758,-0.07277318037333333,0.0009419640608000035
104,plts_bel35,1,35,solar,0.21294855094162815,0.0,0.21294855094162815,0.05030343001285643
105,batt_bel35,1,35,battery,0.08890997491514649,0.0,0.08890997491514649,0.024284527885044264
106,pltd_bel36,1,36,diesel,0.0021583321599999952,0.0444,-0.042241667840000004,0.0008351021772799958
107,plts_bel36,1,36,solar,0.12394416703839024,0.0,0.12394416703839024,0.02911379704773902
108,batt_bel36,1,36,battery,0.05107913730878369,0.0,0.05107913730878369,0.013950699417511855
109,pltd_bel37,1,37,diesel,0.003777053119999977,0.0776,-0.07382294688000003,0.001443232808639992
110,plts_bel37,1,37,solar,0.2172477815490937,0.0,0.2172477815490937,0.05094873383859348
111,batt_bel37,1,37,battery,0.08938153172797622,0.0,0.08938153172797622,0.024412079387149413
112,pltd_bel38,1,38,diesel,0.008122269440000007,0.1587,-0.15057773056,0.0029747522550400024
113,plts_bel38,1,38,solar,0.4437769162457022,0.0,0.4437769162457022,0.10402545304177384
114,batt_bel38,1,38,battery,0.18667336895428133,0.0,0.18667336895428133,0.049869652886908096
115,pltd_bel39,1,39,diesel,0.002842166613333326,0.0712,-0.06835783338666668,0.0008845584943999994
116,plts_bel39,1,39,solar,0.19620691049846584,0.0,0.19620691049846584,0.04723617182843027
117,batt_bel39,1,39,battery,0.08348980178529498,0.0,0.08348980178529498,0.022804155820596052
118,pltd_bel40,1,40,diesel,0.0032421111111111153,0.0638,-0.06055788888888888,0.001174134666666668
119,plts_bel40,1,40,solar,0.17864613573138818,0.0,0.17864613573138818,0.04181186712260127
120,batt_bel40,1,40,battery,0.07588716139173456,0.0,0.07588716139173456,0.020045775144334123
121,pltd_bel41,1,41,diesel,0.0027559326933333447,0.069,-0.06624406730666665,0.0008576679328000041
122,plts_bel41,1,41,solar,0.19349321787787782,0.0,0.19349321787787782,0.045804978758596245
123,batt_bel41,1,41,battery,0.080959198663049,0.0,0.080959198663049,0.022113405080714757
124,pltd_bel42,1,42,diesel,0.0031004531199999943,0.0776,-0.07449954688,0.0009648995775999977
125,plts_bel42,1,42,solar,0.21404402814133525,0.0,0.21404402814133525,0.051530470600476705
126,batt_bel42,1,42,battery,0.09108040751798119,0.0,0.09108040751798119,0.02487735561669351
127,pltd_bel43,1,43,diesel,0.005369634346666657,0.1365,-0.13113036565333336,0.0016700657781333315
128,plts_bel43,1,43,solar,0.3798308914467768,0.0,0.3798308914467768,0.09058719755453586
129,batt_bel43,1,43,battery,0.16012271075522727,0.0,0.16012271075522727,0.04374102162640704
130,pltd_bel44,1,44,diesel,0.004269680960000021,0.1069,-0.10263031903999997,0.0013260971817600114
131,plts_bel44,1,44,solar,0.29886245070661566,0.0,0.29886245070661566,0.07095663800281142
132,batt_bel44,1,44,battery,0.12541465848879135,0.0,0.12541465848879135,0.034256174743858954
133,pltd_bel45,1,45,diesel,0.003235817066666668,0.081,-0.07776418293333333,0.001007049791999998
134,plts_bel45,1,45,solar,0.2278142354663976,0.0,0.2278142354663976,0.05377988943880894
135,batt_bel45,1,45,battery,0.09505480932868911,0.0,0.09505480932868911,0.025963569240603498
136,pltd_bel46,1,46,diesel,0.004368141013333323,0.1094,-0.10503185898666667,0.001359400806399995
137,plts_bel46,1,46,solar,0.30307267077248984,0.0,0.30307267077248984,0.07259219370440079
138,batt_bel46,1,46,battery,0.12829690500940294,0.0,0.12829690500940294,0.03504382272097514
139,pltd_bel47,1,47,diesel,0.004515843946666657,0.1131,-0.10858415605333335,0.0014025044583466642
140,plts_bel47,1,47,solar,0.3117226636967053,0.0,0.3117226636967053,0.07504626312589947
141,batt_bel47,1,47,battery,0.13264435815119907,0.0,0.13264435815119907,0.03623001280852507
142,pltd_bel48,1,48,diesel,0.004380141439999999,0.1097,-0.10531985856000001,0.0013632088511999904
143,plts_bel48,1,48,solar,0.3030464392809395,0.0,0.3030464392809395,0.07279680744086214
144,batt_bel48,1,48,battery,0.12865914343739152,0.0,0.12865914343739152,0.03514293738021734
145,pltd_bel49,1,49,diesel,0.007985397866666638,0.1999,-0.19191460213333336,0.002485202775999999
146,plts_bel49,1,49,solar,0.5353201977084664,0.0,0.5353201977084664,0.1327112668754382
147,batt_bel49,1,49,battery,0.234555246731127,0.0,0.234555246731127,0.0640686648709457
148,pltd_bel50,1,50,diesel,0.009375423573333297,0.2348,-0.22542457642666672,0.002917770475199984
149,plts_bel50,1,50,solar,0.6266722703036331,0.0,0.6266722703036331,0.15581866942389647
150,batt_bel50,1,50,battery,0.27539660257820575,0.0,0.27539660257820575,0.07522599258981265
151,pltd_bel51,1,51,diesel,0.0058814123733333425,0.1473,-0.14141858762666665,0.0018303262992000024
152,plts_bel51,1,51,solar,0.40483442282387355,0.0,0.40483442282387355,0.09774430696366808
153,batt_bel51,1,51,battery,0.17276313016894423,0.0,0.17276313016894423,0.04718839395892931
154,pltd_bel52,1,52,diesel,0.0063982930133333225,0.1602,-0.15380170698666668,0.0019912297663999923
155,plts_bel52,1,52,solar,0.43115492289382745,0.0,0.43115492289382745,0.1063328472695558
156,batt_bel52,1,52,battery,0.1879454943293938,0.0,0.1879454943293938,0.05133515758354806
157,pltd_bel53,1,53,diesel,0.005487505493333304,0.1374,-0.1319124945066667,0.0017042615822933263
158,plts_bel53,1,53,solar,0.3746893519423873,0.0,0.3746893519423873,0.0912006932826987
159,batt_bel53,1,53,battery,0.16120847811253852,0.0,0.16120847811253852,0.04402836339765436
160,pltd_bel54,1,54,diesel,0.005044735253333361,0.1263,-0.12125526474666663,0.001566756936853338
161,plts_bel54,1,54,solar,0.33837369141638807,0.0,0.33837369141638807,0.08383950266488273
162,batt_bel54,1,54,battery,0.14819802409047983,0.0,0.14819802409047983,0.04047629099343077
163,pltd_bel55,1,55,diesel,0.008243725333333292,0.2064,-0.19815627466666672,0.002565541159999993
164,plts_bel55,1,55,solar,0.5639863183949799,0.0,0.5639863183949799,0.13700519146113516
165,batt_bel55,1,55,battery,0.24214080658388687,0.0,0.24214080658388687,0.06614025074563025
166,pltd_bel56,1,56,diesel,0.006373512639999997,0.1596,-0.15322648736,0.0019834408272
167,plts_bel56,1,56,solar,0.44558948771445345,0.0,0.44558948771445345,0.10592325349330965
168,batt_bel56,1,56,battery,0.18719229914930313,0.0,0.18719229914930313,0.051134150172391604
169,pltd_bel57,1,57,diesel,0.006811861653333328,0.1731,-0.16628813834666667,0.0021410964735999968
170,plts_bel57,1,57,solar,0.48411578172100844,0.0,0.48411578172100844,0.11492115437329244
171,batt_bel57,1,57,battery,0.203121266820355,0.0,0.203121266820355,0.055491256062563464
172,pltd_bel58,1,58,diesel,0.009892453013333302,0.2477,-0.2378075469866667,0.0030786335664000027
173,plts_bel58,1,58,solar,0.676137958924622,0.0,0.676137958924622,0.1644062798624238
174,batt_bel58,1,58,battery,0.29056993477590987,0.0,0.29056993477590987,0.079368566956748
175,pltd_bel59,1,59,diesel,0.0031250334933333288,0.0783,-0.07517496650666666,0.0009724715167999955
176,plts_bel59,1,59,solar,0.2180691157910743,0.0,0.2180691157910743,0.05193941399274788
177,batt_bel59,1,59,battery,0.09178996150414354,0.0,0.09178996150414354,0.025073814818237786
178,pltd_bel60,1,60,diesel,0.01688126015999999,0.4227,-0.40581873984000005,0.0052535553168
179,plts_bel60,1,60,solar,1.1618880456656175,0.0,1.1618880456656175,0.2805551564220123
180,batt_bel60,1,60,battery,0.49581570690904503,0.0,0.49581570690904503,0.1354458253211631
181,pltd_bel61,1,61,diesel,0.0022270156800000174,0.0558,-0.05357298431999998,0.0006916486620800011
182,plts_bel61,1,61,solar,0.15593436718837225,0.0,0.15593436718837225,0.03701192535942269
183,batt_bel61,1,61,battery,0.06541392114350404,0.0,0.06541392114350404,0.017868022011252153
184,pltd_bel62,1,62,diesel,0.011442905173333351,0.2865,-0.2750570948266666,0.003561219043200007
185,plts_bel62,1,62,solar,0.7824407182962113,0.0,0.7824407182962113,0.19017218725675172
186,batt_bel62,1,62,battery,0.3360857473773392,0.0,0.3360857473773392,0.09181140668410934
187,pltd_bel63,1,63,diesel,0.004515843946666657,0.1131,-0.10858415605333335,0.0014025044583466642
188,plts_bel63,1,63,solar,0.3117226636967053,0.0,0.3117226636967053,0.07504626312589947
189,batt_bel63,1,63,battery,0.13264435815119907,0.0,0.13264435815119907,0.03623001280852507
190,pltd_bel64,1,64,diesel,0.004220284266666674,0.1057,-0.10147971573333332,0.0013134328479999992
191,plts_bel64,1,64,solar,0.28697364897001415,0.0,0.28697364897001415,0.07013884474586751
192,batt_bel64,1,64,battery,0.12397934614904896,0.0,0.12397934614904896,0.03386186084537407
193,pltd_bel65,1,65,diesel,0.0020669585066666607,0.0518,-0.04973304149333334,0.0006352843942399985
194,plts_bel65,1,65,solar,0.14379177928858047,0.0,0.14379177928858047,0.03435384278472004
195,batt_bel65,1,65,battery,0.06071218206655616,0.0,0.06071218206655616,0.01658478054551778
196,pltd_bel66,1,66,diesel,0.017865670933333355,0.4473,-0.4294343290666666,0.005560009447999994
197,plts_bel66,1,66,solar,1.2344901517791882,0.0,1.2344901517791882,0.2969134097591492
198,batt_bel66,1,66,battery,0.5247934253914771,0.0,0.5247934253914771,0.14334025470397838
199,pltd_bel67,1,67,diesel,0.014420384533333407,0.3611,-0.3466796154666666,0.004478520760533357
200,plts_bel67,1,67,solar,0.9728880237940062,0.0,0.9728880237940062,0.23965740863270604
201,batt_bel67,1,67,battery,0.42354338235440253,0.0,0.42354338235440253,0.11569863151672428
202,pltd_bel68,1,68,diesel,0.007271663786666671,0.1821,-0.17482833621333335,0.00226300869760001
203,plts_bel68,1,68,solar,0.4887216652211707,0.0,0.4887216652211707,0.12085134076655248
204,batt_bel68,1,68,battery,0.21360763274241656,0.0,0.21360763274241656,0.05834409033892374
205,pltd_bel69,1,69,diesel,0.013756170240000027,0.3444,-0.33064382975999995,0.00428111287520003
206,plts_bel69,1,69,solar,0.952780104374718,0.0,0.952780104374718,0.22861593177315806
207,batt_bel69,1,69,battery,0.40405077675407514,0.0,0.40405077675407514,0.11037282835397334
208,pltd_bel70,1,70,diesel,0.0025223394133333447,0.0632,-0.06067766058666666,0.0007833899778133345
209,plts_bel70,1,70,solar,0.17645882777041794,0.0,0.17645882777041794,0.04191955432605692
210,batt_bel70,1,70,battery,0.07408201201659068,0.0,0.07408201201659068,0.020237082158309598
211,pltd_bel71,1,71,diesel,0.005930475733333311,0.1485,-0.1425695242666667,0.001845578951999992
212,plts_bel71,1,71,solar,0.4134505529202045,0.0,0.4134505529202045,0.09856181138240493
213,batt_bel71,1,71,battery,0.17420692082001404,0.0,0.17420692082001404,0.04758046049896052
214,pltd_bel72,1,72,diesel,0.005143061973333295,0.1288,-0.1236569380266667,0.0016006405071999892
215,plts_bel72,1,72,solar,0.35504154652095843,0.0,0.35504154652095843,0.08547511504449912
216,batt_bel72,1,72,battery,0.15107736270929664,0.0,0.15107736270929664,0.04126475273800871
217,pltd_bel73,1,73,diesel,0.003866399999999981,0.0986,-0.09473360000000002,0.0012127727999999927
218,plts_bel73,1,73,solar,0.2780976322914224,0.0,0.2780976322914224,0.06543524918534646
219,batt_bel73,1,73,battery,0.1156545994861014,0.0,0.1156545994861014,0.03159666284425288
220,pltd_bel74,1,74,diesel,0.02838607489979841,0.7113,-0.6829139251002017,0.0088389918644788
221,plts_bel74,1,74,solar,1.9680431620171488,0.0,1.9680431620171488,0.4721590823112534
222,batt_bel74,1,74,battery,0.8346519777154389,0.0,0.8346519777154389,0.22795206688190772
223,pltd_bel75,1,75,diesel,0.00610284618666664,0.1528,-0.14669715381333334,0.0018954346957866602
224,plts_bel75,1,75,solar,0.4212928005586902,0.0,0.4212928005586902,0.10142497962839588
225,batt_bel75,1,75,battery,0.17926876834778466,0.0,0.17926876834778466,0.048964865311039635
226,pltd_bel76,1,76,diesel,0.002743752746666663,0.0687,-0.06595624725333334,0.0008539460384000011
227,plts_bel76,1,76,solar,0.19042154268925873,0.0,0.19042154268925873,0.04560045582381274
228,batt_bel76,1,76,battery,0.08059901923318899,0.0,0.08059901923318899,0.022015072636568163
229,pltd_bel77,1,77,diesel,0.012574803413333353,0.3149,-0.3023251965866667,0.003913434358399997
230,plts_bel77,1,77,solar,0.8155169723823763,0.0,0.8155169723823763,0.20898488848757954
231,batt_bel77,1,77,battery,0.3693695459005625,0.0,0.3693695459005625,0.10089321556794979
232,pltd_bel78,1,78,diesel,0.00392167008822477,0.0998,-0.09587832991177522,0.0012311900293518249
233,plts_bel78,1,78,solar,0.2794040897895949,0.0,0.2794040897895949,0.06625342103888923
234,batt_bel78,1,78,battery,0.11709364745000062,0.0,0.11709364745000062,0.03199145393836562
235,pltd_bel79,1,79,diesel,0.0026452824533333232,0.0662,-0.06355471754666667,0.0008232296575999952
236,plts_bel79,1,79,solar,0.1840178584460621,0.0,0.1840178584460621,0.043964407373357876
237,batt_bel79,1,79,battery,0.07769583116213258,0.0,0.07769583116213258,0.021224356326840783
238,pltd_bel80,1,80,diesel,0.004306431040000014,0.1078,-0.10349356895999999,0.0013402792592000048
239,plts_bel80,1,80,solar,0.28635851132794876,0.0,0.28635851132794876,0.07157000156221455
240,batt_bel80,1,80,battery,0.1264858700201205,0.0,0.1264858700201205,0.03455170565133656
241,pltd_bel81,1,81,diesel,0.006681359893333309,0.1673,-0.16061864010666668,0.0020749741486933244
242,plts_bel81,1,81,solar,0.459937598240787,0.0,0.459937598240787,0.11103590519024217
243,batt_bel81,1,81,battery,0.19624304882189925,0.0,0.19624304882189925,0.05360464992618034
244,pltd_kup82,1,82,diesel,0.026663129600000165,0.6676,-0.6409368703999998,0.008297785608000027
245,plts_kup82,1,82,solar,1.774771880382545,0.0,1.774771880382545,0.4431204756568486
246,batt_kup82,1,82,battery,0.783228725974971,0.0,0.783228725974971,0.21392211859484303
247,pltd_kup83,1,83,diesel,0.014641685013333265,0.3666,-0.35195831498666674,0.004556672926399988
248,plts_kup83,1,83,solar,0.9746094644932306,0.0,0.9746094644932306,0.24333792400530707
249,batt_kup83,1,83,battery,0.4301068702768297,0.0,0.4301068702768297,0.11747454470701087
250,pltd_kup84,1,84,diesel,0.019292323626666705,0.4831,-0.46380767637333326,0.006004052980800003
251,plts_kup84,1,84,solar,1.284191748325246,0.0,1.284191748325246,0.3206335546027818
252,batt_kup84,1,84,battery,0.5667301927187788,0.0,0.5667301927187788,0.1547900044136956
253,pltd_kup85,1,85,diesel,0.002908793813333344,0.0739,-0.07099120618666666,0.0009104599380266706
254,plts_kup85,1,85,solar,0.19656010298015822,0.0,0.19656010298015822,0.049076624502996526
255,batt_kup85,1,85,battery,0.08674420248399015,0.0,0.08674420248399015,0.023697011556737157
256,pltd_kup86,1,86,diesel,0.01869016810666668,0.468,-0.44930983189333334,0.005816569651200008
257,plts_kup86,1,86,solar,1.2440595505310639,0.0,1.2440595505310639,0.31061360392966675
258,batt_kup86,1,86,battery,0.5490188458228548,0.0,0.5490188458228548,0.149952696148734
259,pltd_kup87,1,87,diesel,0.01696324368,0.4279,-0.41093675632,0.005305395586400001
260,plts_kup87,1,87,solar,1.137589923212477,0.0,1.137589923212477,0.2840304973448431
261,batt_kup87,1,87,battery,0.5020330544259751,0.0,0.5020330544259751,0.13713271645966257
262,pltd_kup88,1,88,diesel,0.007899061333333356,0.1978,-0.18990093866666666,0.0024582874400000086
263,plts_kup88,1,88,solar,0.5257978550221062,0.0,0.5257978550221062,0.13127980137798903
264,batt_kup88,1,88,battery,0.23204109520227173,0.0,0.23204109520227173,0.06337704788246018
265,pltd_kup89,1,89,diesel,0.037650607680000066,0.9427,-0.9050493923199999,0.011717272806399993
266,plts_kup89,1,89,solar,2.506137806002092,0.0,2.506137806002092,0.6257259958353855
267,batt_kup89,1,89,battery,1.1059895675549505,0.0,1.1059895675549505,0.30207724301567307
268,pltd_kup90,1,90,diesel,0.012070461760000008,0.3022,-0.29012953824000004,0.0037564304848000055
269,plts_kup90,1,90,solar,0.803438254177974,0.0,0.803438254177974,0.20060042253434052
270,batt_kup90,1,90,battery,0.3545677368973,0.0,0.3545677368973,0.09684244310547227
271,pltd_kup91,1,91,diesel,0.011430438080000075,0.2862,-0.27476956191999996,0.0035572289984000245
272,plts_kup91,1,91,solar,0.7608508217524861,0.0,0.7608508217524861,0.18996727604507982
273,batt_kup91,1,91,battery,0.335773290523405,0.0,0.335773290523405,0.09170914846875855
274,pltd_kup92,1,92,diesel,0.009633956266666653,0.2412,-0.23156604373333334,0.002998144407999991
275,plts_kup92,1,92,solar,0.6412769245370286,0.0,0.6412769245370286,0.16011231703123233
276,batt_kup92,1,92,battery,0.28300338248110557,0.0,0.28300338248110557,0.07729628665993642
277,pltd_kup93,1,93,diesel,0.04242254944000002,1.0783,-1.03587745056,0.01333468669120007
278,plts_kup93,1,93,solar,2.8664987521198624,0.0,2.8664987521198624,0.7156998405925835
279,batt_kup93,1,93,battery,1.265021594368583,0.0,1.265021594368583,0.3455806856783509
280,pltd_kup94,1,94,diesel,0.006229960319999958,0.1583,-0.15207003968000005,0.0019582388335999874
281,plts_kup94,1,94,solar,0.42096568847673255,0.0,0.42096568847673255,0.10510560486693635
282,batt_kup94,1,94,battery,0.18577744848057848,0.0,0.18577744848057848,0.05075099646441352
283,pltd_kup95,1,95,diesel,0.0021164218666666684,0.053,-0.05088357813333333,0.0006586182960000005
284,plts_kup95,1,95,solar,0.13740025834868255,0.0,0.13740025834868255,0.035171610369790614
285,batt_kup95,1,95,battery,0.06216723100099299,0.0,0.06216723100099299,0.016979724439617008
286,pltd_kup96,1,96,diesel,0.002165362133333337,0.0542,-0.052034637866666664,0.0006738440240000004
287,plts_kup96,1,96,solar,0.14157345387844192,0.0,0.14157345387844192,0.03598959221018932
288,batt_kup96,1,96,battery,0.06360923123429987,0.0,0.06360923123429987,0.01737477485298069
289,pltd_kup97,1,97,diesel,0.004035810773333325,0.101,-0.09696418922666668,0.0012559831311999966
290,plts_kup97,1,97,solar,0.2635076208013331,0.0,0.2635076208013331,0.06707108562674097
291,batt_kup97,1,97,battery,0.11853636524935732,0.0,0.11853636524935732,0.032378523707820475
292,pltd_kup98,1,98,diesel,0.0020602887466666694,0.0524,-0.050339711253333336,0.0006476703184000028
293,plts_kup98,1,98,solar,0.13639461546119305,0.0,0.13639461546119305,0.03476264818005977
294,batt_kup98,1,98,battery,0.061441051588926224,0.0,0.061441051588926224,0.01678561909047098
295,pltd_kup99,1,99,diesel,0.0021938368000000096,0.0558,-0.053606163199999994,0.0006895808640000018
296,plts_kup99,1,99,solar,0.14486162472736544,0.0,0.14486162472736544,0.03701190959252584
297,batt_kup99,1,99,battery,0.0654125892948976,0.0,0.0654125892948976,0.017871418911480995
298,pltd_kup100,1,100,diesel,0.008981885973333359,0.2249,-0.21591811402666664,0.002795249027200004
299,plts_kup100,1,100,solar,0.5870003407834357,0.0,0.5870003407834357,0.1492741486939967
300,batt_kup100,1,100,battery,0.26381572406510895,0.0,0.26381572406510895,0.07206179464076097
301,pltd_kup101,1,101,diesel,0.00479859797333333,0.1201,-0.11530140202666667,0.0014933657871999996
302,plts_kup101,1,101,solar,0.31452607545472405,0.0,0.31452607545472405,0.07974957395748959
303,batt_kup101,1,101,battery,0.14095229506811707,0.0,0.14095229506811707,0.03850110350979991
304,pltd_kup102,1,102,diesel,0.00585671914666667,0.1466,-0.14074328085333335,0.0018226655103999918
305,plts_kup102,1,102,solar,0.38699372594610365,0.0,0.38699372594610365,0.09733537207005294
306,batt_kup102,1,102,battery,0.17202201998275124,0.0,0.17202201998275124,0.046990720531870894
307,pltd_kup103,1,103,diesel,0.007018001813333338,0.1784,-0.17138199818666666,0.0022058891903999956
308,plts_kup103,1,103,solar,0.46974547968881064,0.0,0.46974547968881064,0.11839781506258631
309,batt_kup103,1,103,battery,0.2092601291131979,0.0,0.2092601291131979,0.05717195191489351
310,pltd_kup104,1,104,diesel,0.008366991466666668,0.2095,-0.20113300853333332,0.0026039011039999983
311,plts_kup104,1,104,solar,0.5508644380409932,0.0,0.5508644380409932,0.13905047097788628
312,batt_kup104,1,104,battery,0.2457772187093561,0.0,0.2457772187093561,0.06712975329497742
313,pltd_kup105,1,105,diesel,0.004727105386666666,0.1201,-0.11537289461333333,0.0014858590655999983
314,plts_kup105,1,105,solar,0.31363171430330594,0.0,0.31363171430330594,0.07974971750851746
315,batt_kup105,1,105,battery,0.14096185215442364,0.0,0.14096185215442364,0.03850940125737657
316,pltd_kup106,1,106,diesel,0.003137490346666674,0.0786,-0.07546250965333333,0.0009764674863999972
317,plts_kup106,1,106,solar,0.20568324306131153,0.0,0.20568324306131153,0.05214385361522758
318,batt_kup106,1,106,battery,0.09216136582668968,0.0,0.09216136582668968,0.02517335273709375
319,pltd_kup107,1,107,diesel,0.0031989131733333284,0.0801,-0.07690108682666667,0.0009853164490666669
320,plts_kup107,1,107,solar,0.20893858810350066,0.0,0.20893858810350066,0.05316648837075749
321,batt_kup107,1,107,battery,0.09398059097210344,0.0,0.09398059097210344,0.0256675497848283
322,pltd_kup108,1,108,diesel,0.004552301653333357,0.114,-0.10944769834666665,0.0014167196736000083
323,plts_kup108,1,108,solar,0.303030168776721,0.0,0.303030168776721,0.0756597320137237
324,batt_kup108,1,108,battery,0.13373127696225107,0.0,0.13373127696225107,0.036525723516606594
325,pltd_kup109,1,109,diesel,0.005290682773333355,0.1325,-0.12720931722666665,0.001646590691200006
326,plts_kup109,1,109,solar,0.3428942608213247,0.0,0.3428942608213247,0.08792890056112483
327,batt_kup109,1,109,battery,0.15542918435062042,0.0,0.15542918435062042,0.04244925372374852
328,pltd_kup110,1,110,diesel,0.0036666637866666755,0.0918,-0.08813333621333333,0.0011411046976000012
329,plts_kup110,1,110,solar,0.2411401162460258,0.0,0.2411401162460258,0.06093702642284088
330,batt_kup110,1,110,battery,0.10770195195515324,0.0,0.10770195195515324,0.029419349299096162
331,pltd_kup111,1,111,diesel,0.006361209599999969,0.1593,-0.15293879040000002,0.0019796710079999936
332,plts_kup111,1,111,solar,0.42255447597847356,0.0,0.42255447597847356,0.1057193031399047
333,batt_kup111,1,111,battery,0.18685049051047456,0.0,0.18685049051047456,0.051038593085849855
334,pltd_kup112,1,112,diesel,0.0070501633066667214,0.1765,-0.16944983669333327,0.0021940481472000114
335,plts_kup112,1,112,solar,0.4779446449659921,0.0,0.4779446449659921,0.11717017065784385
336,batt_kup112,1,112,battery,0.20710011044394244,0.0,0.20710011044394244,0.05656453070696068
337,pltd_kup113,1,113,diesel,0.010126153920000054,0.2535,-0.24337384607999996,0.0031513531616000055
338,plts_kup113,1,113,solar,0.6663999228368693,0.0,0.6663999228368693,0.16829145427966438
339,batt_kup113,1,113,battery,0.29746214961247563,0.0,0.29746214961247563,0.08124330445238391
340,pltd_kup114,1,114,diesel,0.005069284906666664,0.1269,-0.12183071509333335,0.0015776409152000008
341,plts_kup114,1,114,solar,0.33509184288769384,0.0,0.33509184288769384,0.08424789622512564
342,batt_kup114,1,114,battery,0.14891120706128977,0.0,0.14891120706128977,0.040670936950336085
343,pltd_kup115,1,115,diesel,0.0051062092800272,0.1279,-0.12279379071997282,0.0015891339744028574
344,plts_kup115,1,115,solar,0.3354249321126402,0.0,0.3354249321126402,0.08486135666458403
345,batt_kup115,1,115,battery,0.1499674480953599,0.0,0.1499674480953599,0.04096725684401922
346,pltd_kup116,1,116,diesel,0.0052296139733333325,0.1309,-0.12567038602666666,0.001627424467199997
347,plts_kup116,1,116,solar,0.3462357200171893,0.0,0.3462357200171893,0.08690624952797359
348,batt_kup116,1,116,battery,0.15359998229115585,0.0,0.15359998229115585,0.04195482466090438
349,pltd_kup117,1,117,diesel,0.007678186559999995,0.1922,-0.18452181344000002,0.0023894345887999924
350,plts_kup117,1,117,solar,0.5107711908751833,0.0,0.5107711908751833,0.1275986471745967
351,batt_kup117,1,117,battery,0.2255051121862809,0.0,0.2255051121862809,0.06159786077955072
352,pltd_kup118,1,118,diesel,0.005462878933333319,0.1368,-0.13133712106666667,0.0017001192879999962
353,plts_kup118,1,118,solar,0.3616761282518312,0.0,0.3616761282518312,0.09079170616471091
354,batt_kup118,1,118,battery,0.16047797484826365,0.0,0.16047797484826365,0.04383101935920903
355,pltd_kup119,1,119,diesel,0.004533309226666667,0.1152,-0.11066669077333333,0.0014219337780266646
356,plts_kup119,1,119,solar,0.30498289727421024,0.0,0.30498289727421024,0.07647752729891115
357,batt_kup119,1,119,battery,0.1351769105925979,0.0,0.1351769105925979,0.03692719087624178
358,pltd_kup120,1,120,diesel,0.0055368252799999984,0.1386,-0.13306317472,0.0017230876544000004
359,plts_kup120,1,120,solar,0.3627090785157108,0.0,0.3627090785157108,0.09201855138755928
360,batt_kup120,1,120,battery,0.1626471555063066,0.0,0.1626471555063066,0.04442295156454641
361,pltd_kup121,1,121,diesel,0.007640810773333273,0.1913,-0.1836591892266667,0.0023778731311999827
362,plts_kup121,1,121,solar,0.4965284041678342,0.0,0.4965284041678342,0.1269857289978753
363,batt_kup121,1,121,battery,0.22445423367618877,0.0,0.22445423367618877,0.061304422086258435
364,pltd_kup122,1,122,diesel,0.005721149973333335,0.1433,-0.13757885002666667,0.0017805497471999946
365,plts_kup122,1,122,solar,0.37419629166700935,0.0,0.37419629166700935,0.09508570841762642
366,batt_kup122,1,122,battery,0.16804696362522514,0.0,0.16804696362522514,0.04590296199159566
367,pltd_kup123,1,123,diesel,0.005352172266666659,0.134,-0.12864782773333336,0.0016656820879999929
368,plts_kup123,1,123,solar,0.35745161068730164,0.0,0.35745161068730164,0.0889514311461055
369,batt_kup123,1,123,battery,0.15720436631620988,0.0,0.15720436631620988,0.042943532487935476
370,pltd_kup124,1,124,diesel,0.0055982019199999865,0.1402,-0.13460179808,0.001742209201599997
371,plts_kup124,1,124,solar,0.374634203148494,0.0,0.374634203148494,0.09304108337559626
372,batt_kup124,1,124,battery,0.16446308526196285,0.0,0.16446308526196285,0.04491713419100844
373,pltd_kup125,1,125,diesel,0.0078009807999999715,0.1953,-0.18749901920000003,0.0024277099840000088
374,plts_kup125,1,125,solar,0.5166383212118882,0.0,0.5166383212118882,0.12964350295515487
375,batt_kup125,1,125,battery,0.22911994280227313,0.0,0.22911994280227313,0.06258506391471808
376,pltd_kup126,1,126,diesel,0.005980051946666664,0.1497,-0.14371994805333332,0.0018610184544000004
377,plts_kup126,1,126,solar,0.3992070342377357,0.0,0.3992070342377357,0.09937977331196787
378,batt_kup126,1,126,battery,0.17565656793883047,0.0,0.17565656793883047,0.04797573057717301
379,pltd_kup127,1,127,diesel,0.010322874026666628,0.2585,-0.24817712597333338,0.0032125947727999773
380,plts_kup127,1,127,solar,0.6915308928983379,0.0,0.6915308928983379,0.1715634703142514
381,batt_kup127,1,127,battery,0.3032430677942837,0.0,0.3032430677942837,0.08282400960468926
382,pltd_kup128,1,128,diesel,0.008787378346666722,0.2234,-0.21461262165333328,0.002762211726400017
383,plts_kup128,1,128,solar,0.5837049987150228,0.0,0.5837049987150228,0.14825232012029743
384,batt_kup128,1,128,battery,0.262076443156027,0.0,0.262076443156027,0.07158595432190581
385,pltd_kup129,1,129,diesel,0.007764097386666672,0.1944,-0.18663590261333332,0.0024162282256000155
386,plts_kup129,1,129,solar,0.5237987574138362,0.0,0.5237987574138362,0.12903054479405562
387,batt_kup129,1,129,battery,0.22803442859687226,0.0,0.22803442859687226,0.062291612629144545
388,pltd_kup130,1,130,diesel,0.006225819946666652,0.1559,-0.14967418005333336,0.0019375040943999961
389,plts_kup130,1,130,solar,0.4100153888489031,0.0,0.4100153888489031,0.10346980056163
390,batt_kup130,1,130,battery,0.18287504122390924,0.0,0.18287504122390924,0.04995120883374872
391,pltd_kup131,1,131,diesel,0.00721020000000001,0.1805,-0.1732898,0.002243822000000001
392,plts_kup131,1,131,solar,0.4729368877826918,0.0,0.4729368877826918,0.11982912678039571
393,batt_kup131,1,131,battery,0.21177695518644135,0.0,0.21177695518644135,0.05785141674822225
394,pltd_kup132,1,132,diesel,0.0058814123733333425,0.1473,-0.14141858762666665,0.0018303262991999963
395,plts_kup132,1,132,solar,0.3999495792605141,0.0,0.3999495792605141,0.09774443223155617
396,batt_kup132,1,132,battery,0.17275313913471885,0.0,0.17275313913471885,0.04718908423718765
397,pltd_kup133,1,133,diesel,0.0048244214399999945,0.1226,-0.11777557856000001,0.0015163842511999946
398,plts_kup133,1,133,solar,0.3158245647554064,0.0,0.3158245647554064,0.08138510560334826
399,batt_kup133,1,133,battery,0.14384390749652726,0.0,0.14384390749652726,0.03929658235475037
400,pltd_kup134,1,134,diesel,0.00751529999999999,0.1916,-0.1840847,0.0023673195000000007
401,plts_kup134,1,134,solar,0.49672856342647176,0.0,0.49672856342647176,0.1271904364826193
402,batt_kup134,1,134,battery,0.22481598184466695,0.0,0.22481598184466695,0.061419568482350057
403,pltd_kup135,1,135,diesel,0.011356748159999873,0.2844,-0.2730432518400001,0.0035342735567999804
404,plts_kup135,1,135,solar,0.7280271911799238,0.0,0.7280271911799238,0.1887398361489568
405,batt_kup135,1,135,battery,0.3335686262479029,0.0,0.3335686262479029,0.0911144348890141
406,pltd_kup136,1,136,diesel,0.005536825280000003,0.1386,-0.13306317472,0.0017230876543999946
407,plts_kup136,1,136,solar,0.3561570208892996,0.0,0.3561570208892996,0.09201842462329721
408,batt_kup136,1,136,battery,0.16265850565614107,0.0,0.16265850565614107,0.04442225304064394
409,pltd_kup137,1,137,diesel,0.0024486392533333403,0.0613,-0.05885136074666666,0.0007542593178666645
410,plts_kup137,1,137,solar,0.16298067795823434,0.0,0.16298067795823434,0.040692596383773295
411,batt_kup137,1,137,battery,0.07192532568983609,0.0,0.07192532568983609,0.019644825555650704
412,pltd_kup138,1,138,diesel,0.0023623848533333323,0.0591,-0.05673761514666667,0.0007351664096000018
413,plts_kup138,1,138,solar,0.16550789443930106,0.0,0.16550789443930106,0.03926144152323061
414,batt_kup138,1,138,battery,0.06939854244906726,0.0,0.06939854244906726,0.01895465924445206
415,pltd_kup139,1,139,diesel,0.008108663573333267,0.2061,-0.19799133642666675,0.0025487906751999897
416,plts_kup139,1,139,solar,0.5512654137350185,0.0,0.5512654137350185,0.13680120720956027
417,batt_kup139,1,139,battery,0.2418160159937614,0.0,0.2418160159937614,0.06605668121914776
418,pltd_kup140,1,140,diesel,0.0015871817599999922,0.0397,-0.038112818240000006,0.0004929632665599999
419,plts_kup140,1,140,solar,0.10864558792906563,0.0,0.10864558792906563,0.026378760035461135
420,batt_kup140,1,140,battery,0.046624700101867395,0.0,0.046624700101867395,0.012735003391855603
421,pltd_kup141,1,141,diesel,0.00454201194666665,0.0887,-0.08415798805333335,0.00164533733802666
422,plts_kup141,1,141,solar,0.25526229692320246,0.0,0.25526229692320246,0.05817361616462826
423,batt_kup141,1,141,battery,0.10556738960484281,0.0,0.10556738960484281,0.027888595767353665
424,pltd_kup142,1,142,diesel,0.006229679893333347,0.1217,-0.11547032010666666,0.0022629448279466702
425,plts_kup142,1,142,solar,0.35717453890533285,0.0,0.35717453890533285,0.079786561149873
426,batt_kup142,1,142,battery,0.1448010773244569,0.0,0.1448010773244569,0.03824968961414618
427,pltd_kup143,1,143,diesel,0.006299822720000018,0.1577,-0.15140017728,0.0019605553856000047
428,plts_kup143,1,143,solar,0.4196346895192708,0.0,0.4196346895192708,0.10469681245779876
429,batt_kup143,1,143,battery,0.18504333820888158,0.0,0.18504333820888158,0.05054451642872857
430,pltd_kup144,1,144,diesel,0.00472484138666666,0.1183,-0.11357515861333334,0.0014703543455999901
431,plts_kup144,1,144,solar,0.3246652485999311,0.0,0.3246652485999311,0.07852258238328369
432,batt_kup144,1,144,battery,0.1387976464743969,0.0,0.1387976464743969,0.03790816605811957
433,pltd_kup145,1,145,diesel,0.004811034346666654,0.1205,-0.11568896565333334,0.0014972476064000037
434,plts_kup145,1,145,solar,0.3197187185112899,0.0,0.3197187185112899,0.07995366526499817
435,batt_kup145,1,145,battery,0.14131112338940005,0.0,0.14131112338940005,0.03859790018718368
436,pltd_kup146,1,146,diesel,0.004232777066666641,0.106,-0.10176722293333336,0.0013172505919999944
437,plts_kup146,1,146,solar,0.2870254613713234,0.0,0.2870254613713234,0.0703433048483164
438,batt_kup146,1,146,battery,0.12433303487100766,0.0,0.12433303487100766,0.033960529520076804
439,pltd_kup147,1,147,diesel,0.0018452989866666605,0.0462,-0.04435470101333334,0.0005742763935999975
440,plts_kup147,1,147,solar,0.12858508984743583,0.0,0.12858508984743583,0.030673044312524354
441,batt_kup147,1,147,battery,0.05421428341789842,0.0,0.05421428341789842,0.01480825680770608
442,pltd_kup148,1,148,diesel,0.0017593419733333178,0.0441,-0.042340658026666686,0.0005475269071999997
443,plts_kup148,1,148,solar,0.12109290441954716,0.0,0.12109290441954716,0.029241649134544506
444,batt_kup148,1,148,battery,0.05168440951956524,0.0,0.05168440951956524,0.014117324042529652
445,pltd_kup149,1,149,diesel,0.0044324444444444385,0.0872,-0.08276755555555557,0.0016133747777777793
446,plts_kup149,1,149,solar,0.25172945452169015,0.0,0.25172945452169015,0.05716323266146078
447,batt_kup149,1,149,battery,0.10373603911338058,0.0,0.10373603911338058,0.02740586311367462
448,pltd_kup150,1,150,diesel,0.00852033333333334,0.1676,-0.15907966666666665,0.0031269693333333334
449,plts_kup150,1,150,solar,0.47556349201173276,0.0,0.47556349201173276,0.10988325396570339
450,batt_kup150,1,150,battery,0.1963137213977798,0.0,0.1963137213977798,0.05268462480059478
451,pltd_kup151,1,151,diesel,0.0051256628266663695,0.1001,-0.09497433717333363,0.0018926828763731563
452,plts_kup151,1,151,solar,0.2820743050355213,0.0,0.2820743050355213,0.06564677666781024
453,batt_kup151,1,151,battery,0.11914792357728432,0.0,0.11914792357728432,0.031469594291444844
454,pltd_kup152,1,152,diesel,0.005980051946666678,0.1497,-0.14371994805333332,0.0018610184544000077
455,plts_kup152,1,152,solar,0.39803346523590777,0.0,0.39803346523590777,0.09937999634943417
456,batt_kup152,1,152,battery,0.17565740515630204,0.0,0.17565740515630204,0.04797695960654463
457,pltd_kup153,1,153,diesel,0.002497861653333344,0.0625,-0.06000213834666666,0.0007757393352533378
458,plts_kup153,1,153,solar,0.16625659581945645,0.0,0.16625659581945645,0.04151056441154415
459,batt_kup153,1,153,battery,0.07337125826104107,0.0,0.07337125826104107,0.020039770231679806
460,pltd_kup154,1,154,diesel,0.004072571093333336,0.102,-0.09792742890666666,0.0012674449648000005
461,plts_kup154,1,154,solar,0.2800216146193425,0.0,0.2800216146193425,0.06768498486434453
462,batt_kup154,1,154,battery,0.11963350913708908,0.0,0.11963350913708908,0.03267712806893191
463,pltd_kup155,1,155,diesel,0.006387440533333313,0.1248,-0.11841255946666668,0.0023149261018666632
464,plts_kup155,1,155,solar,0.3520634829481732,0.0,0.3520634829481732,0.0818063591949233
465,batt_kup155,1,155,battery,0.14679037549959717,0.0,0.14679037549959717,0.03921752218269184
466,pltd_kup156,1,156,diesel,0.004084771626666665,0.0798,-0.07571522837333333,0.0015083328235733317
467,plts_kup156,1,156,solar,0.22780583986072606,0.0,0.22780583986072606,0.05231563505142039
468,batt_kup156,1,156,battery,0.09495859310964724,0.0,0.09495859310964724,0.02507971406463107
469,pltd_kup157,1,157,diesel,0.006361209600000024,0.1593,-0.15293879039999997,0.0019796710080000023
470,plts_kup157,1,157,solar,0.44077824993230896,0.0,0.44077824993230896,0.10571917726175781
471,batt_kup157,1,157,battery,0.18687067060801807,0.0,0.18687067060801807,0.0510378994448112
472,pltd_kup158,1,158,diesel,0.0033220305066666545,0.0832,-0.07987796949333334,0.0010211613862399962
473,plts_kup158,1,158,solar,0.2192730988928526,0.0,0.2192730988928526,0.055211375424293115
474,batt_kup158,1,158,battery,0.09759471468913633,0.0,0.09759471468913633,0.02665499646816526
475,pltd_kup159,1,159,diesel,0.002879116693333338,0.0721,-0.06922088330666666,0.0008941873694933391
476,plts_kup159,1,159,solar,0.20079615706678783,0.0,0.20079615706678783,0.04784971950879556
477,batt_kup159,1,159,battery,0.08457959198455464,0.0,0.08457959198455464,0.023100547019625644
478,pltd_kup160,1,160,diesel,0.0061215333333333325,0.1756,-0.16947846666666666,0.002056799200000002
479,plts_kup160,1,160,solar,0.4464945545446181,0.0,0.4464945545446181,0.1167707523430257
480,batt_kup160,1,160,battery,0.2082492970903349,0.0,0.2082492970903349,0.056321706140214624
481,pltd_kup161,1,161,diesel,0.0065951824000000025,0.1651,-0.1585048176,0.002027282246400002
482,plts_kup161,1,161,solar,0.4363758052434518,0.0,0.4363758052434518,0.10960399079024706
483,batt_kup161,1,161,battery,0.19370344792509758,0.0,0.19370344792509758,0.052911191338007396
484,pltd_kup162,1,162,diesel,0.004650997653333351,0.1165,-0.11184900234666666,0.001447347753600006
485,plts_kup162,1,162,solar,0.31624275635476395,0.0,0.31624275635476395,0.07729595586828056
486,batt_kup162,1,162,battery,0.13662142201621083,0.0,0.13662142201621083,0.03731738267682104
487,pltd_kup163,1,163,diesel,0.003949587093333336,0.0989,-0.09495041290666667,0.0012266812318933282
488,plts_kup163,1,163,solar,0.27023260339480015,0.0,0.27023260339480015,0.06563980628324316
489,batt_kup163,1,163,battery,0.11602609819227397,0.0,0.11602609819227397,0.03168776636390442
490,pltd_kup164,1,164,diesel,0.0034665866666666683,0.0881,-0.08463341333333332,0.001089597599999999
491,plts_kup164,1,164,solar,0.24545692603716243,0.0,0.24545692603716243,0.05848288874678961
492,batt_kup164,1,164,battery,0.10337501213149577,0.0,0.10337501213149577,0.028239085421371962
493,pltd_kup165,1,165,diesel,0.003986424319999996,0.0998,-0.09581357568,0.0012405915535999967
494,plts_kup165,1,165,solar,0.2770551645637923,0.0,0.2770551645637923,0.066253404100745
495,batt_kup165,1,165,battery,0.11709420824979277,0.0,0.11709420824979277,0.03198456140779687
496,pltd_kup166,1,166,diesel,0.0038758407466666623,0.097,-0.09312415925333334,0.0012062442783999923
497,plts_kup166,1,166,solar,0.26410702230200883,0.0,0.26410702230200883,0.06441290843105392
498,batt_kup166,1,166,battery,0.11384288826364675,0.0,0.11384288826364675,0.031096624190636645
499,pltd_kup167,1,167,diesel,0.0023255321599999837,0.0582,-0.05587446784000002,0.0007147830697599944
500,plts_kup167,1,167,solar,0.15286670776747585,0.0,0.15286670776747585,0.03864779256036274
501,batt_kup167,1,167,battery,0.06830696686759896,0.0,0.06830696686759896,0.018657766283948825
502,pltd_kup168,1,168,diesel,0.004269680960000022,0.1069,-0.10263031903999997,0.0013288185008000061
503,plts_kup168,1,168,solar,0.29805782674240594,0.0,0.29805782674240594,0.07095655248131782
504,batt_kup168,1,168,battery,0.12539759235995088,0.0,0.12539759235995088,0.03425570348479512
505,pltd_kup169,1,169,diesel,0.013842106773318808,0.3466,-0.3327578932266812,0.004307741211198469
506,plts_kup169,1,169,solar,0.9205195287382252,0.0,0.9205195287382252,0.23004644451042186
507,batt_kup169,1,169,battery,0.4066147194706411,0.0,0.4066147194706411,0.11105823091391857
508,pltd_kup170,1,170,diesel,0.010212346879999943,0.2557,-0.24548765312000004,0.0031782464223999948
509,plts_kup170,1,170,solar,0.6885871207657484,0.0,0.6885871207657484,0.16972269806905088
510,batt_kup170,1,170,battery,0.2999685720640114,0.0,0.2999685720640114,0.08193392524976599
511,pltd_kup171,1,171,diesel,0.009006712533333338,0.2255,-0.21649328746666666,0.0028030218159999934
512,plts_kup171,1,171,solar,0.6064301602367119,0.0,0.6064301602367119,0.1496838118358725
513,batt_kup171,1,171,battery,0.2645517282630695,0.0,0.2645517282630695,0.07226351959208906
514,pltd_kup172,1,172,diesel,0.003839003519999995,0.0961,-0.09226099648000001,0.0011946623695999977
515,plts_kup172,1,172,solar,0.25902859833294545,0.0,0.25902859833294545,0.06379949318096141
516,batt_kup172,1,172,battery,0.11277431427825296,0.0,0.11277431427825296,0.030799909419239442
517,pltd_kup173,1,173,diesel,0.0072963774933333305,0.1827,-0.17540362250666666,0.0022475045242666782
518,plts_kup173,1,173,solar,0.4798728203028223,0.0,0.4798728203028223,0.12126037270897715
519,batt_kup173,1,173,battery,0.21433290078586428,0.0,0.21433290078586428,0.05854219467620962
520,pltd_kup174,1,174,diesel,0.007234867520000001,0.1811,-0.17386513248000002,0.002246950957120001
521,plts_kup174,1,174,solar,0.48157200529489097,0.0,0.48157200529489097,0.12023755292592875
522,batt_kup174,1,174,battery,0.21252388661838162,0.0,0.21252388661838162,0.058046233314736705
523,pltd_kup175,1,175,diesel,0.005927263146666659,0.1506,-0.14467273685333334,0.0018591008935466724
524,plts_kup175,1,175,solar,0.39771842110646083,0.0,0.39771842110646083,0.09999332985135866
525,batt_kup175,1,175,battery,0.1767417455613102,0.0,0.1767417455613102,0.04828154060260776
526,pltd_kup176,1,176,diesel,0.0038181162666666743,0.097,-0.09318188373333333,0.0012001832079999953
527,plts_kup176,1,176,solar,0.25583449396070995,0.0,0.25583449396070995,0.06441300254366905
528,batt_kup176,1,176,battery,0.11384525556842218,0.0,0.11384525556842218,0.031103203860759786
529,pltd_kup177,1,177,diesel,0.012545036266666672,0.3189,-0.3063549637333333,0.003943250808000011
530,plts_kup177,1,177,solar,0.8415958817277436,0.0,0.8415958817277436,0.21164272444449567
531,batt_kup177,1,177,battery,0.3740386422993789,0.0,0.3740386422993789,0.10219344470385647
532,pltd_kup178,1,178,diesel,0.004847927999999987,0.1214,-0.116552072,0.001508716439999993
533,plts_kup178,1,178,solar,0.3307106706616111,0.0,0.3307106706616111,0.08056734754454693
534,batt_kup178,1,178,battery,0.14239365144974886,0.0,0.14239365144974886,0.03889480757109729
535,pltd_kup179,1,179,diesel,0.00412791914666666,0.1041,-0.09997208085333334,0.0012910575104
536,plts_kup179,1,179,solar,0.2861721567629941,0.0,0.2861721567629941,0.06911637907508722
537,batt_kup179,1,179,battery,0.12216351189848987,0.0,0.12216351189848987,0.03337183046586206
538,pltd_kup180,1,180,diesel,0.005315211946666651,0.1331,-0.12778478805333335,0.0016372223141333337
539,plts_kup180,1,180,solar,0.36233530248538776,0.0,0.36233530248538776,0.0883377149396054
540,batt_kup180,1,180,battery,0.15613717468678845,0.0,0.15613717468678845,0.042645396683634054
541,pltd_kup181,1,181,diesel,0.004917300000000036,0.1254,-0.12048269999999997,0.0015325510000000046
542,plts_kup181,1,181,solar,0.3418942345573905,0.0,0.3418942345573905,0.08322569593277547
543,batt_kup181,1,181,battery,0.14709223123042153,0.0,0.14709223123042153,0.04018812754623154
544,pltd_kup182,1,182,diesel,0.008834342080000024,0.2212,-0.21236565791999998,0.0027492789184000053
545,plts_kup182,1,182,solar,0.6133729383124005,0.0,0.6133729383124005,0.14682072535550833
546,batt_kup182,1,182,battery,0.2594865115215446,0.0,0.2594865115215446,0.07087956534268239
547,pltd_kup183,1,183,diesel,0.00636120959999998,0.1593,-0.15293879040000002,0.0019796710079999858
548,plts_kup183,1,183,solar,0.42343203987369077,0.0,0.42343203987369077,0.1057190338374117
549,batt_kup183,1,183,battery,0.18682538173846738,0.0,0.18682538173846738,0.051037109116903935
550,pltd_kup184,1,184,diesel,0.0035927533866788744,0.09,-0.08640724661332112,0.0011180561056012789
551,plts_kup184,1,184,solar,0.24557437085443845,0.0,0.24557437085443845,0.05970990087061358
552,batt_kup184,1,184,battery,0.10553760695618544,0.0,0.10553760695618544,0.028825353139775585
553,pltd_kup185,1,185,diesel,0.007776231146666657,0.1947,-0.18692376885333337,0.002420071270400014
554,plts_kup185,1,185,solar,0.540217323582981,0.0,0.540217323582981,0.12923524460499128
555,batt_kup185,1,185,battery,0.22843743636843208,0.0,0.22843743636843208,0.062392011625853935
556,pltd_kup186,1,186,diesel,0.005709282986666642,0.1115,-0.10579071701333335,0.0020966931094399998
557,plts_kup186,1,186,solar,0.31422522532379793,0.0,0.31422522532379793,0.07312047891685203
558,batt_kup186,1,186,battery,0.13270433249148708,0.0,0.13270433249148708,0.03505197879697016
559,pltd_kup187,1,187,diesel,0.0027437527466666724,0.0687,-0.06595624725333332,0.0008539460384000033
560,plts_kup187,1,187,solar,0.190782308242521,0.0,0.190782308242521,0.04560044823644868
561,batt_kup187,1,187,battery,0.08059346649387797,0.0,0.08059346649387797,0.02201503082703089
562,pltd_kup188,1,188,diesel,0.042818003839999834,1.0721,-1.0292819961600002,0.013325487403199932
563,plts_kup188,1,188,solar,2.850118165670076,0.0,2.850118165670076,0.7116100318494794
564,batt_kup188,1,188,battery,1.257792287756601,0.0,1.257792287756601,0.3435388832673677
565,pltd_kup189,1,189,diesel,0.03947144938666689,0.9883,-0.948828550613333,0.012209455089183786
566,plts_kup189,1,189,solar,2.627350339758265,0.0,2.627350339758265,0.6559899793156271
567,batt_kup189,1,189,battery,1.1594823793479359,0.0,1.1594823793479359,0.31668761609530394
568,pltd_kup190,1,190,diesel,0.12564531067300164,3.1485,-3.0228546893269983,0.03912327062066534
569,plts_kup190,1,190,solar,8.370174621574442,0.0,8.370174621574442,2.0898433206560076
570,batt_kup190,1,190,battery,3.6938627356884597,0.0,3.6938627356884597,1.0089095246608744
571,pltd_kup191,1,191,diesel,0.023513166933333333,0.5887,-0.5651868330666666,0.007317530528
572,plts_kup191,1,191,solar,1.5651079857697734,0.0,1.5651079857697734,0.3907721077232178
573,batt_kup191,1,191,battery,0.6907017156129657,0.0,0.6907017156129657,0.18865027315514765
574,pltd_kup192,1,192,diesel,0.007246847466666647,0.1815,-0.17425315253333334,0.0022553559839999975
575,plts_kup192,1,192,solar,0.48239099470676683,0.0,0.48239099470676683,0.12044207386309129
576,batt_kup192,1,192,battery,0.21288562618268866,0.0,0.21288562618268866,0.05814497905324262
577,pltd_kup193,1,193,diesel,0.005598201920000011,0.1402,-0.13460179807999997,0.001742209201599999
578,plts_kup193,1,193,solar,0.37264509062154466,0.0,0.37264509062154466,0.09304101846956518
579,batt_kup193,1,193,battery,0.1644526705052692,0.0,0.1644526705052692,0.04491677653173311
580,pltd_kup194,1,194,diesel,0.004183523946666678,0.1047,-0.10051647605333332,0.0012886096341333353
581,plts_kup194,1,194,solar,0.27845956802045013,0.0,0.27845956802045013,0.06952505706526535
582,batt_kup194,1,194,battery,0.1228874971140026,0.0,0.1228874971140026,0.033564102647322444
583,pltd_kup195,1,195,diesel,0.012375405013333299,0.3145,-0.3021245949866667,0.0038899285263999978
584,plts_kup195,1,195,solar,0.8361983909764715,0.0,0.8361983909764715,0.2087798037975134
585,batt_kup195,1,195,battery,0.36902468121441,0.0,0.36902468121441,0.10081079338906478
586,pltd_kup196,1,196,diesel,0.002424188053333335,0.0616,-0.05917581194666667,0.0007620047455999989
587,plts_kup196,1,196,solar,0.1637997071563916,0.0,0.1637997071563916,0.04089716747470719
588,batt_kup196,1,196,battery,0.07228709094016642,0.0,0.07228709094016642,0.019747494068151135
589,pltd_kup197,1,197,diesel,0.0033096967466666547,0.0829,-0.07959030325333334,0.0010299901583999977
590,plts_kup197,1,197,solar,0.21413511122712375,0.0,0.21413511122712375,0.05500681718139178
591,batt_kup197,1,197,battery,0.09722154087705562,0.0,0.09722154087705562,0.02655553186197763
592,pltd_kup198,1,198,diesel,0.00814543455999995,0.2039,-0.19575456544000006,0.002534983628799995
593,plts_kup198,1,198,solar,0.5421771861318285,0.0,0.5421771861318285,0.13536940812414133
594,batt_kup198,1,198,battery,0.23926959136670847,0.0,0.23926959136670847,0.06535129205527042
595,pltd_kup199,1,199,diesel,0.013792786986666703,0.3453,-0.3315072130133333,0.004292433633600019
596,plts_kup199,1,199,solar,0.9180983740673018,0.0,0.9180983740673018,0.22922839551194324
597,batt_kup199,1,199,battery,0.40516831029785,0.0,0.40516831029785,0.11066297657283707
598,pltd_kup200,1,200,diesel,0.016557158933333243,0.4208,-0.40424284106666675,0.005204397688000004
599,plts_kup200,1,200,solar,1.1187529661501634,0.0,1.1187529661501634,0.2793273534654554
600,batt_kup200,1,200,battery,0.4937199149465454,0.0,0.4937199149465454,0.13487514130393766
601,pltd_kup201,1,201,diesel,0.00771457759999999,0.1932,-0.18548542240000002,0.0024008366479999982
602,plts_kup201,1,201,solar,0.5135130130150873,0.0,0.5135130130150873,0.12821261208235252
603,batt_kup201,1,201,battery,0.22662000120254033,0.0,0.22662000120254033,0.061896266191213356
604,pltd_kup202,1,202,diesel,0.0028175964800000023,0.0705,-0.06768240351999999,0.0008751572268800017
605,plts_kup202,1,202,solar,0.18755080045024808,0.0,0.18755080045024808,0.046827179522878015
606,batt_kup202,1,202,battery,0.08276879677068015,0.0,0.08276879677068015,0.02260639154254234
607,pltd_kup203,1,203,diesel,0.017730260800000033,0.4439,-0.4261697392,0.005517791384000004
608,plts_kup203,1,203,solar,1.1801780929274912,0.0,1.1801780929274912,0.2946637954898593
609,batt_kup203,1,203,battery,0.5208269767939883,0.0,0.5208269767939883,0.14225274458616227
610,pltd_kup204,1,204,diesel,0.014199140480000002,0.3555,-0.34130085952,0.004418904750399985
611,plts_kup204,1,204,solar,0.9451250864108299,0.0,0.9451250864108299,0.23597637502060392
612,batt_kup204,1,204,battery,0.4170957557868317,0.0,0.4170957557868317,0.11392058957146939
613,pltd_kup205,1,205,diesel,0.01686895712000004,0.4224,-0.40553104287999997,0.005249813497600009
614,plts_kup205,1,205,solar,1.1228479733034051,0.0,1.1228479733034051,0.28034977606813233
615,batt_kup205,1,205,battery,0.49552665156467823,0.0,0.49552665156467823,0.13534242690908807
616,pltd_kup206,1,206,diesel,0.011996382080000008,0.3004,-0.28840361791999997,0.0037333921184
617,plts_kup206,1,206,solar,0.7985246960908321,0.0,0.7985246960908321,0.19937352000169017
618,batt_kup206,1,206,battery,0.35239854379624125,0.0,0.35239854379624125,0.09625011795341389
619,pltd_kup207,1,207,diesel,0.014678794133333313,0.3675,-0.35282120586666665,0.004568122383999986
620,plts_kup207,1,207,solar,0.9770663929425769,0.0,0.9770663929425769,0.24395145509591543
621,batt_kup207,1,207,battery,0.43119206328372756,0.0,0.43119206328372756,0.11777074364453406
622,pltd_kup208,1,208,diesel,0.020400067199999997,0.5108,-0.49039993280000005,0.006348720055999972
623,plts_kup208,1,208,solar,1.357901458084324,0.0,1.357901458084324,0.33903726034674136
624,batt_kup208,1,208,battery,0.5992591813392396,0.0,0.5992591813392396,0.16367461903177355
625,pltd_kup209,1,209,diesel,0.005807409599999991,0.1454,-0.13959259040000002,0.0018073450079999977
626,plts_kup209,1,209,solar,0.38656735361549543,0.0,0.38656735361549543,0.09651718795552243
627,batt_kup209,1,209,battery,0.17059688349416385,0.0,0.17059688349416385,0.046594920434410186
628,pltd_kup210,1,210,diesel,0.012375405013333299,0.3145,-0.3021245949866667,0.0038899285263999978
629,plts_kup210,1,210,solar,0.8361983909764715,0.0,0.8361983909764715,0.2087798037975134
630,batt_kup210,1,210,battery,0.36902468121441,0.0,0.36902468121441,0.10081079338906478
631,pltd_kup211,1,211,diesel,0.0043801414400000144,0.1097,-0.10531985856,0.001346469699839999
632,plts_kup211,1,211,solar,0.2936752666688624,0.0,0.2936752666688624,0.07279693129815704
633,batt_kup211,1,211,battery,0.12865347840807392,0.0,0.12865347840807392,0.035143619885519464
634,pltd_kup212,1,212,diesel,0.008858978879999995,0.2218,-0.21294102112,0.002756919782400005
635,plts_kup212,1,212,solar,0.5912099760783174,0.0,0.5912099760783174,0.14722979606703887
636,batt_kup212,1,212,battery,0.26021610359682856,0.0,0.26021610359682856,0.07107780024326225
637,pltd_kup213,1,213,diesel,0.005056915199999971,0.1266,-0.12154308480000002,0.0015737800959999908
638,plts_kup213,1,213,solar,0.3301874971415516,0.0,0.3301874971415516,0.08404332298278144
639,batt_kup213,1,213,battery,0.1485313918688551,0.0,0.1485313918688551,0.04057187034036862
640,pltd_kup214,1,214,diesel,0.0038513270399999893,0.0964,-0.09254867296000001,0.0011960746662399923
641,plts_kup214,1,214,solar,0.24574662870247968,0.0,0.24574662870247968,0.06400397716113383
642,batt_kup214,1,214,battery,0.1131177797682498,0.0,0.1131177797682498,0.030898881736214457
643,pltd_kup215,1,215,diesel,0.00472484138666666,0.1183,-0.11357515861333334,0.001470354345600002
644,plts_kup215,1,215,solar,0.31847628735167194,0.0,0.31847628735167194,0.07852256182877773
645,batt_kup215,1,215,battery,0.13878063318669084,0.0,0.13878063318669084,0.0379080527942274
646,pltd_kup216,1,216,diesel,0.004232777066666656,0.106,-0.10176722293333335,0.0013172505919999977
647,plts_kup216,1,216,solar,0.2831396691244949,0.0,0.2831396691244949,0.07034330500256167
648,batt_kup216,1,216,battery,0.1243339234455755,0.0,0.1243339234455755,0.033960530370032674
649,pltd_kup217,1,217,diesel,0.006238179413333355,0.1562,-0.14996182058666666,0.0019414548384000016
650,plts_kup217,1,217,solar,0.41523270249973887,0.0,0.41523270249973887,0.1036741766602558
651,batt_kup217,1,217,battery,0.18324723273383142,0.0,0.18324723273383142,0.05005003177905127
652,pltd_kup218,1,218,diesel,0.002525199999999994,0.0644,-0.06187480000000001,0.0007954239999999959
653,plts_kup218,1,218,solar,0.16836350397586883,0.0,0.16836350397586883,0.04273772584596308
654,batt_kup218,1,218,battery,0.07554580400976034,0.0,0.07554580400976034,0.02063800915119235
655,pltd_kup219,1,219,diesel,0.0033214780266666846,0.0838,-0.08047852197333331,0.0010388011928000001
656,plts_kup219,1,219,solar,0.22347612067849065,0.0,0.22347612067849065,0.05562043234839623
657,batt_kup219,1,219,battery,0.09829788365660874,0.0,0.09829788365660874,0.026855186674925008
658,pltd_kup220,1,220,diesel,0.006324192853333298,0.1583,-0.1519758071466667,0.00196813324959999
659,plts_kup220,1,220,solar,0.41290903287443653,0.0,0.41290903287443653,0.10510538355788557
660,batt_kup220,1,220,battery,0.1857787254379541,0.0,0.1857787254379541,0.05073988254333197
661,pltd_kup221,1,221,diesel,0.00407525930666665,0.1045,-0.10042474069333335,0.0007825852271999984
662,plts_kup221,1,221,solar,0.4321135003841358,0.0,0.4321135003841358,0.11036688766048623
663,batt_kup221,1,221,battery,0.17991583594515545,0.0,0.17991583594515545,0.05074087554544373
664,pltd_kup222,1,222,diesel,0.004051108906666644,0.0968,-0.09274889109333335,0.0007540234351999757
665,plts_kup222,1,222,solar,0.40277752843001635,0.0,0.40277752843001635,0.10221142126427511
666,batt_kup222,1,222,battery,0.16608489774335738,0.0,0.16608489774335738,0.04700800486516874
667,pltd_kup223,1,223,diesel,0.016142976426666695,0.4042,-0.3880570235733333,0.005023834524799988
668,plts_kup223,1,223,solar,1.0426317370512912,0.0,1.0426317370512912,0.26828534541031784
669,batt_kup223,1,223,battery,0.4741498946602241,0.0,0.4741498946602241,0.12951904265288933
670,pltd_kup224,1,224,diesel,0.028643961813333382,0.7172,-0.6885560381866666,0.008914355990400037
671,plts_kup224,1,224,solar,1.85058691134376,0.0,1.85058691134376,0.4760415585405591
672,batt_kup224,1,224,battery,0.841324354734735,0.0,0.841324354734735,0.2298101997383064
673,pltd_kup225,1,225,diesel,0.014789644373333476,0.3703,-0.35551035562666655,0.004602679659200035
674,plts_kup225,1,225,solar,0.9555818113567421,0.0,0.9555818113567421,0.24579109353501083
675,batt_kup225,1,225,battery,0.4344494627333692,0.0,0.4344494627333692,0.1186552686430995
676,pltd_kup226,1,226,diesel,0.008145434560000008,0.2039,-0.19575456544,0.002534983628800006
677,plts_kup226,1,226,solar,0.5339688130195467,0.0,0.5339688130195467,0.1353695436071172
678,batt_kup226,1,226,battery,0.23925655693431283,0.0,0.23925655693431283,0.0653520386229188
679,pltd_kup227,1,227,diesel,0.005044735253333347,0.1263,-0.12125526474666665,0.001569967201599997
680,plts_kup227,1,227,solar,0.3303542357907249,0.0,0.3303542357907249,0.08383938464511778
681,batt_kup227,1,227,battery,0.14818044952587364,0.0,0.14818044952587364,0.04047564065535087
682,pltd_kup228,1,228,diesel,0.01466611168000001,0.3728,-0.35813388832000004,0.004551793396479994
683,plts_kup228,1,228,solar,0.9737979573284389,0.0,0.9737979573284389,0.24742705838892637
684,batt_kup228,1,228,battery,0.4373382579647843,0.0,0.4373382579647843,0.11946858917716296
685,pltd_kup229,1,229,diesel,0.014011582293333333,0.3561,-0.3420884177066667,0.004404174140799988
686,plts_kup229,1,229,solar,0.9172804206345456,0.0,0.9172804206345456,0.2363851604791944
687,batt_kup229,1,229,battery,0.4177719442687977,0.0,0.4177719442687977,0.11413843204142705
688,pltd_kup230,1,230,diesel,0.017926919253333295,0.4489,-0.43097308074666674,0.005579089521599965
689,plts_kup230,1,230,solar,1.1587830318718866,0.0,1.1587830318718866,0.29793598938241717
690,batt_kup230,1,230,battery,0.5265859595884301,0.0,0.5265859595884301,0.14383439413776103
691,pltd_kup231,1,231,diesel,0.012390299199999965,0.3102,-0.2978097008,0.0038560374159999976
692,plts_kup231,1,231,solar,0.8032667139264396,0.0,0.8032667139264396,0.20591659957238026
693,batt_kup231,1,231,battery,0.3639221779904441,0.0,0.3639221779904441,0.0994069798318033
694,pltd_kup232,1,232,diesel,0.012771826133333341,0.3198,-0.30702817386666664,0.003974756743999984
695,plts_kup232,1,232,solar,0.829821476668844,0.0,0.829821476668844,0.21225647896029096
696,batt_kup232,1,232,battery,0.3751749246687738,0.0,0.3751749246687738,0.10247167364135354
697,pltd_kup233,1,233,diesel,0.008736082026666647,0.2187,-0.20996391797333336,0.0027187246127999814
698,plts_kup233,1,233,solar,0.565187336252985,0.0,0.565187336252985,0.14518489165059673
699,batt_kup233,1,233,battery,0.2566064287392327,0.0,0.2566064287392327,0.0700906168889257
700,pltd_kup234,1,234,diesel,0.026860059946666758,0.6725,-0.6456399400533332,0.008359112294400025
701,plts_kup234,1,234,solar,1.7452210733685323,0.0,1.7452210733685323,0.4463929086946766
702,batt_kup234,1,234,battery,0.7888736958186106,0.0,0.7888736958186106,0.2155059375648088
703,pltd_kup235,1,235,diesel,0.009621976320000029,0.2409,-0.23127802367999997,0.0029944645135999864
704,plts_kup235,1,235,solar,0.6323322820200551,0.0,0.6323322820200551,0.15990811025266474
705,batt_kup235,1,235,battery,0.2826450792129142,0.0,0.2826450792129142,0.07719969636827145
706,pltd_kup236,1,236,diesel,0.008083745066666648,0.2024,-0.19431625493333335,0.0025157592319999815
707,plts_kup236,1,236,solar,0.5277058060005874,0.0,0.5277058060005874,0.13434710925699994
708,batt_kup236,1,236,battery,0.23746473209018668,0.0,0.23746473209018668,0.06485728725709333
709,pltd_kup237,1,237,diesel,0.0039125805866666585,0.098,-0.09408741941333335,0.0012151135421866676
710,plts_kup237,1,237,solar,0.2645928189092202,0.0,0.2645928189092202,0.0650267907467207
711,batt_kup237,1,237,battery,0.11494373641680944,0.0,0.11494373641680944,0.03139396626772554
712,pltd_kup238,1,238,diesel,0.016253938666666714,0.4131,-0.39684606133333333,0.005109188560000029
713,plts_kup238,1,238,solar,1.071983751311903,0.0,1.071983751311903,0.2742158889178499
714,batt_kup238,1,238,battery,0.48475225149282375,0.0,0.48475225149282375,0.13241058168523495
715,pltd_kup239,1,239,diesel,0.0037096000000000017,0.0946,-0.0908904,0.0011685099999999974
716,plts_kup239,1,239,solar,0.25143273631807805,0.0,0.25143273631807805,0.06277698242043218
717,batt_kup239,1,239,battery,0.1109599745669512,0.0,0.1109599745669512,0.03031348103550661
718,pltd_kup240,1,240,diesel,0.007972971733333325,0.1996,-0.19162702826666667,0.0024813360319999905
719,plts_kup240,1,240,solar,0.5168434003433193,0.0,0.5168434003433193,0.1325065448931716
720,batt_kup240,1,240,battery,0.2341974900875864,0.0,0.2341974900875864,0.06396866884808113
721,pltd_kup241,1,241,diesel,0.0041156700266666586,0.1038,-0.09968432997333335,0.0012872233527999953
722,plts_kup241,1,241,solar,0.26881908411626004,0.0,0.26881908411626004,0.06891148247551489
723,batt_kup241,1,241,battery,0.12178928895225716,0.0,0.12178928895225716,0.03327049248623518
724,pltd_kup242,1,242,diesel,0.008920263146666644,0.2234,-0.21447973685333335,0.002776164630400001
725,plts_kup242,1,242,solar,0.5764608356329965,0.0,0.5764608356329965,0.1482525989509034
726,batt_kup242,1,242,battery,0.26204545569594273,0.0,0.26204545569594273,0.07157353789072426
727,pltd_kup243,1,243,diesel,0.006630276160000001,0.1685,-0.16186972384,0.0020840759968000027
728,plts_kup243,1,243,solar,0.4386287574186882,0.0,0.4386287574186882,0.11185338927165718
729,batt_kup243,1,243,battery,0.19766893976614108,0.0,0.19766893976614108,0.05400816831264437
730,pltd_kup244,1,244,diesel,0.02752427424000008,0.6892,-0.66167572576,0.008565816795200033
731,plts_kup244,1,244,solar,1.832101920434068,0.0,1.832101920434068,0.4574344297445676
732,batt_kup244,1,244,battery,0.8085289998322343,0.0,0.8085289998322343,0.22083236996392822
733,pltd_kup245,1,245,diesel,0.018439685447991322,0.464,-0.44556031455200873,0.005757179972039096
734,plts_kup245,1,245,solar,1.233413863115299,0.0,1.233413863115299,0.3079555569009784
735,batt_kup245,1,245,battery,0.544320990027237,0.0,0.544320990027237,0.14867899094064393
736,pltd_kup246,1,246,diesel,0.029013108799999954,0.7264,-0.6973868912000001,0.00902913642400002
737,plts_kup246,1,246,solar,1.931200702310754,0.0,1.931200702310754,0.4821771734923085
738,batt_kup246,1,246,battery,0.8522631734118227,0.0,0.8522631734118227,0.23277725265340915
739,pltd_kup247,1,247,diesel,0.03526348863999986,0.8829,-0.8476365113600002,0.010966126894719963
740,plts_kup247,1,247,solar,2.3472524340086505,0.0,2.3472524340086505,0.5860559231622127
741,batt_kup247,1,247,battery,1.0358721713959846,0.0,1.0358721713959846,0.2829260975241609
742,pltd_kup248,1,248,diesel,0.017828787519999993,0.4464,-0.42857121248,0.005548485689599984
743,plts_kup248,1,248,solar,1.1867297297185286,0.0,1.1867297297185286,0.29629966653457795
744,batt_kup248,1,248,battery,0.523718713506282,0.0,0.523718713506282,0.1430424388186479
745,pltd_kup249,1,249,diesel,0.02524794901333334,0.6322,-0.6069520509866666,0.00785745964639999
746,plts_kup249,1,249,solar,1.6805867962594265,0.0,1.6805867962594265,0.419604482719095
747,batt_kup249,1,249,battery,0.7416638356650858,0.0,0.7416638356650858,0.20256944301403035
748,pltd_kup250,1,250,diesel,0.026593050559999973,0.6759,-0.64930694944,0.00834136235935998
749,plts_kup250,1,250,solar,1.7968846757335182,0.0,1.7968846757335182,0.44864153941903534
750,batt_kup250,1,250,battery,0.7929877466535591,0.0,0.7929877466535591,0.2166297139690081
751,pltd_kup251,1,251,diesel,0.02586302303999991,0.6476,-0.6217369769600001,0.008048875419199991
752,plts_kup251,1,251,solar,1.7215375052012276,0.0,1.7215375052012276,0.4298289121419472
753,batt_kup251,1,251,battery,0.7597366133579124,0.0,0.7597366133579124,0.20750546043590531
754,pltd_kup252,1,252,diesel,0.05137726974561601,1.2865,-1.235122730254384,0.015990030323289706
755,plts_kup252,1,252,solar,3.4201421294446663,0.0,3.4201421294446663,0.8539321281743232
756,batt_kup252,1,252,battery,1.5093517587694767,0.0,1.5093517587694767,0.4122472243560551
757,pltd_kup253,1,253,diesel,0.003235817066666661,0.081,-0.07776418293333334,0.001004988609066667
758,plts_kup253,1,253,solar,0.2153970202561905,0.0,0.2153970202561905,0.05377975958021943
759,batt_kup253,1,253,battery,0.0950573162773966,0.0,0.0950573162773966,0.025962853665667567
760,pltd_kup254,1,254,diesel,0.003961843946666654,0.0992,-0.09523815605333334,0.001230406458346661
761,plts_kup254,1,254,solar,0.2574484783120675,0.0,0.2574484783120675,0.06584455306232823
762,batt_kup254,1,254,battery,0.11637667870777024,0.0,0.11637667870777024,0.03178764679155443
763,pltd_kup255,1,255,diesel,0.004545586560000011,0.1155,-0.11095441344,0.0014257831753600012
764,plts_kup255,1,255,solar,0.3104068057331913,0.0,0.3104068057331913,0.07668214883162228
765,batt_kup255,1,255,battery,0.13554586750236258,0.0,0.13554586750236258,0.037027164452118656
766,pltd_kup256,1,256,diesel,0.005364675306666659,0.1343,-0.12893532469333335,0.0016695919071999952
767,plts_kup256,1,256,solar,0.3637118581205668,0.0,0.3637118581205668,0.08915542105879536
768,batt_kup256,1,256,battery,0.15757257567681526,0.0,0.15757257567681526,0.04303977043762033
769,pltd_kup257,1,257,diesel,0.003174286613333321,0.0795,-0.07632571338666667,0.000985850381013329
770,plts_kup257,1,257,solar,0.21444645139766064,0.0,0.21444645139766064,0.05275718601446512
771,batt_kup257,1,257,battery,0.09324338773405191,0.0,0.09324338773405191,0.025468507224892138
772,pltd_kup258,1,258,diesel,0.0020425883733333496,0.0511,-0.04905741162666665,0.0006356967792000006
773,plts_kup258,1,258,solar,0.1360231195484298,0.0,0.1360231195484298,0.03394465152040053
774,batt_kup258,1,258,battery,0.06000171904460174,0.0,0.06000171904460174,0.016387771421757093
775,pltd_kup259,1,259,diesel,0.0017963484800000058,0.045,-0.04320365151999999,0.0005590425904000004
776,plts_kup259,1,259,solar,0.11703695789071111,0.0,0.11703695789071111,0.029854981372311497
777,batt_kup259,1,259,battery,0.05277057742471304,0.0,0.05277057742471304,0.014413062159108155
778,pltd_kup260,1,260,diesel,0.002620666133333345,0.0656,-0.06297933386666665,0.000815583944000005
779,plts_kup260,1,260,solar,0.17369733465081855,0.0,0.17369733465081855,0.04355535366021109
780,batt_kup260,1,260,battery,0.07697098205412566,0.0,0.07697098205412566,0.02102657410028821
781,pltd_kup261,1,261,diesel,0.0018084822400000068,0.0453,-0.043491517759999994,0.0005627736352000024
782,plts_kup261,1,261,solar,0.11665432419177414,0.0,0.11665432419177414,0.03005943911762448
783,batt_kup261,1,261,battery,0.05313177620897911,0.0,0.05313177620897911,0.014511278669209947
784,pltd_kup262,1,262,diesel,0.005672245653333323,0.142,-0.13632775434666666,0.001765257793599987
785,plts_kup262,1,262,solar,0.3841010236048305,0.0,0.3841010236048305,0.09426786442053876
786,batt_kup262,1,262,battery,0.16661950957962546,0.0,0.16661950957962546,0.045509116252910375
787,pltd_kup263,1,263,diesel,0.0027314958933333465,0.0684,-0.06566850410666665,0.0008500270688000047
788,plts_kup263,1,263,solar,0.1818184120963557,0.0,0.1818184120963557,0.04539592172108088
789,batt_kup263,1,263,battery,0.08023896684940723,0.0,0.08023896684940723,0.02191547696715618
790,pltd_kup264,1,264,diesel,0.03681385365333322,0.9218,-0.8849861463466667,0.0114568006336
791,plts_kup264,1,264,solar,2.4504470999945296,0.0,2.4504470999945296,0.6118211645270089
792,batt_kup264,1,264,battery,1.081412647756468,0.0,1.081412647756468,0.2953645609891882
793,pltd_kup265,1,265,diesel,0.013940387306666609,0.349,-0.33505961269333334,0.004338409667200007
794,plts_kup265,1,265,solar,0.9279263274112559,0.0,0.9279263274112559,0.23168224833009995
795,batt_kup265,1,265,battery,0.40950523697670677,0.0,0.40950523697670677,0.11184760513095525
796,pltd_kup266,1,266,diesel,0.043408866773333554,1.0869,-1.0434911332266665,0.013509237011200033
797,plts_kup266,1,266,solar,2.8894302778574423,0.0,2.8894302778574423,0.7214253857971378
798,batt_kup266,1,266,battery,1.2751411873847647,0.0,1.2751411873847647,0.3482773872980282
799,pltd_kup267,1,267,diesel,0.03475045418666671,0.8832,-0.8484495458133333,0.01092315568960004
800,plts_kup267,1,267,solar,2.348070746224862,0.0,2.348070746224862,0.5862601027385558
801,batt_kup267,1,267,battery,1.0362324737627706,0.0,1.0362324737627706,0.2830797332239016
802,pltd_kup268,1,268,diesel,0.05116843440487456,1.2831,-1.2319315655951253,0.015940277612511784
803,plts_kup268,1,268,solar,3.4111326076757686,0.0,3.4111326076757686,0.8516826569609316
804,batt_kup268,1,268,battery,1.505375211515476,0.0,1.505375211515476,0.4111689800680392
805,pltd_kup269,1,269,diesel,0.013608390399999977,0.3407,-0.3270916096,0.004235152991999987
806,plts_kup269,1,269,solar,0.9058125357454873,0.0,0.9058125357454873,0.22616097306575625
807,batt_kup269,1,269,battery,0.3997465730772865,0.0,0.3997465730772865,0.10918207916201073
808,pltd_kup270,1,270,diesel,0.02148293802666667,0.5379,-0.5164170619733334,0.0066856794928000195
809,plts_kup270,1,270,solar,1.4299732288059306,0.0,1.4299732288059306,0.35703198074821935
810,batt_kup270,1,270,battery,0.6310647165171087,0.0,0.6310647165171087,0.17236179552603414
811,pltd_kup271,1,271,diesel,0.0013164179200000057,0.033,-0.031683582079999995,0.00040974688160000085
812,plts_kup271,1,271,solar,0.08547565727627884,0.0,0.08547565727627884,0.021879991124205397
813,batt_kup271,1,271,battery,0.03867433755116897,0.0,0.03867433755116897,0.010562934271573482
814,pltd_kup272,1,272,diesel,0.004060303999999984,0.1017,-0.09763969600000001,0.0012636019199999988
815,plts_kup272,1,272,solar,0.26344603832269664,0.0,0.26344603832269664,0.06748023723213156
816,batt_kup272,1,272,battery,0.11926731118112198,0.0,0.11926731118112198,0.03257658127580817
817,pltd_kup273,1,273,diesel,0.005062400000000034,0.1291,-0.12403759999999996,0.0015946700000000103
818,plts_kup273,1,273,solar,0.3379797586663597,0.0,0.3379797586663597,0.08567950118128181
819,batt_kup273,1,273,battery,0.15144273180579879,0.0,0.15144273180579879,0.04137289680102147
820,pltd_kup274,1,274,diesel,0.0028392999999999947,0.0724,-0.06956070000000002,0.0008943935000000001
821,plts_kup274,1,274,solar,0.18951368763415846,0.0,0.18951368763415846,0.04805421799761069
822,batt_kup274,1,274,battery,0.0849271736129543,0.0,0.0849271736129543,0.023204912716000586
823,pltd_kup275,1,275,diesel,0.0017104581333333303,0.0428,-0.04108954186666667,0.0005323071039999988
824,plts_kup275,1,275,solar,0.11084907381176638,0.0,0.11084907381176638,0.02842342502600794
825,batt_kup275,1,275,battery,0.05023693593720112,0.0,0.05023693593720112,0.0137218198830646
826,pltd_kup276,1,276,diesel,0.003232171839999987,0.0813,-0.07806782816,0.0010070882150399973
827,plts_kup276,1,276,solar,0.21089348584165538,0.0,0.21089348584165538,0.05398427958418587
828,batt_kup276,1,276,battery,0.09542039827859171,0.0,0.09542039827859171,0.02606354691549089
829,pltd_kup277,1,277,diesel,0.003482169813333336,0.0872,-0.08371783018666666,0.0010704078492800014
830,plts_kup277,1,277,solar,0.22519726383395772,0.0,0.22519726383395772,0.05786961395577859
831,batt_kup277,1,277,battery,0.1022945818176649,0.0,0.1022945818176649,0.027938566248838385
832,pltd_kup278,1,278,diesel,0.0031029592533333376,0.0789,-0.07579704074666666,0.0009752917216000023
833,plts_kup278,1,278,solar,0.20588046227063508,0.0,0.20588046227063508,0.05234853736064298
834,batt_kup278,1,278,battery,0.09253440394294254,0.0,0.09253440394294254,0.025277868703193113
835,pltd_kup279,1,279,diesel,0.004052242773333272,0.1039,-0.09984775722666674,0.0007781244911999797
836,plts_kup279,1,279,solar,0.42683755949331054,0.0,0.42683755949331054,0.10974387155648403
837,batt_kup279,1,279,battery,0.17892513197445198,0.0,0.17892513197445198,0.050453289935862955
838,pltd_kup280,1,280,diesel,0.0022882794666666834,0.0573,-0.055011720533333315,0.0007121883440000032
839,plts_kup280,1,280,solar,0.14514262585865664,0.0,0.14514262585865664,0.03803439096843692
840,batt_kup280,1,280,battery,0.06722864328182575,0.0,0.06722864328182575,0.018361889284157776
841,pltd_kup281,1,281,diesel,0.0020057151999999896,0.0502,-0.048194284800000015,0.0006241810959999999
842,plts_kup281,1,281,solar,0.13002760019172754,0.0,0.13002760019172754,0.03333103767858089
843,batt_kup281,1,281,battery,0.058910293407077,0.0,0.058910293407077,0.01609059726826343
844,pltd_kup282,1,282,diesel,0.00311719999999997,0.0795,-0.07638280000000003,0.0009797991999999933
845,plts_kup282,1,282,solar,0.20489321902425395,0.0,0.20489321902425395,0.05275726710156897
846,batt_kup282,1,282,battery,0.09325190522634827,0.0,0.09325190522634827,0.02547494814302069
847,pltd_kup283,1,283,diesel,0.005856719146666641,0.1466,-0.14074328085333337,0.0018226655103999844
848,plts_kup283,1,283,solar,0.3774360882971504,0.0,0.3774360882971504,0.09733492089841246
849,batt_kup283,1,283,battery,0.1720343836765399,0.0,0.1720343836765399,0.046988234388143785
850,pltd_kup284,1,284,diesel,0.0025839622400000073,0.0647,-0.062116037759999986,0.0008040790352000007
851,plts_kup284,1,284,solar,0.17199023951341377,0.0,0.17199023951341377,0.042942122210293664
852,batt_kup284,1,284,battery,0.07590189862985992,0.0,0.07590189862985992,0.020730872144439038
853,pltd_kup285,1,285,diesel,0.006779753280000023,0.1697,-0.16292024671999997,0.002109984094400009
854,plts_kup285,1,285,solar,0.4628582546968897,0.0,0.4628582546968897,0.11267148245886803
855,batt_kup285,1,285,battery,0.19913398550622233,0.0,0.19913398550622233,0.05439407538207078
856,pltd_kup286,1,286,diesel,0.00916646207999999,0.2295,-0.22033353792000002,0.0028468549804799917
857,plts_kup286,1,286,solar,0.6207552341192881,0.0,0.6207552341192881,0.15234184240385837
858,batt_kup286,1,286,battery,0.2692842715721003,0.0,0.2692842715721003,0.07354486929036108
859,pltd_kup287,1,287,diesel,0.0023623848533333323,0.0591,-0.05673761514666667,0.0007336657944533338
860,plts_kup287,1,287,solar,0.15904633677626753,0.0,0.15904633677626753,0.03926143610764966
861,batt_kup287,1,287,battery,0.06939527676429157,0.0,0.06939527676429157,0.018954629402344495
862,pltd_kup288,1,288,diesel,0.0031868767999999967,0.0798,-0.0766131232,0.0009898209408
863,plts_kup288,1,288,solar,0.21095413868466506,0.0,0.21095413868466506,0.05296172694195953
864,batt_kup288,1,288,battery,0.09361742683408454,0.0,0.09361742683408454,0.025568256220339557
865,pltd_kup289,1,289,diesel,0.012230442026666595,0.3062,-0.2939695579733334,0.0038062754127999665
866,plts_kup289,1,289,solar,0.8263714593855629,0.0,0.8263714593855629,0.20325935847133253
867,batt_kup289,1,289,battery,0.359265248169218,0.0,0.359265248169218,0.09812972528860525
868,pltd_kup290,1,290,diesel,0.0032117228799999936,0.081,-0.07778827712000001,0.0010045199023999986
869,plts_kup290,1,290,solar,0.21688486489017375,0.0,0.21688486489017375,0.05377991734396355
870,batt_kup290,1,290,battery,0.09506357536757941,0.0,0.09506357536757941,0.025966252899232444
871,pltd_kup291,1,291,diesel,0.011572087359999093,0.2935,-0.2819279126400009,0.002211596172799882
872,plts_kup291,1,291,solar,1.2215730470328607,0.0,1.2215730470328607,0.31008371376012306
873,batt_kup291,1,291,battery,0.505251469123537,0.0,0.505251469123537,0.14256174007205072
874,pltd_kup292,1,292,diesel,0.006763218986666644,0.1719,-0.16513678101333334,0.0021258949935999936
875,plts_kup292,1,292,solar,0.4594412767270169,0.0,0.4594412767270169,0.11410308119679305
876,batt_kup292,1,292,battery,0.20169318791409024,0.0,0.20169318791409024,0.055095874538728426
877,pltd_kup293,1,293,diesel,0.010726817066666634,0.2726,-0.2618731829333334,0.0033716777919999786
878,plts_kup293,1,293,solar,0.7224950635974556,0.0,0.7224950635974556,0.18096927139304195
879,batt_kup293,1,293,battery,0.319889052692072,0.0,0.319889052692072,0.08737916301965813
880,pltd_kup294,1,294,diesel,0.007419330773333321,0.1858,-0.17838066922666668,0.0022853623850666656
881,plts_kup294,1,294,solar,0.4982332686805407,0.0,0.4982332686805407,0.12330514486167145
882,batt_kup294,1,294,battery,0.217930468628678,0.0,0.217930468628678,0.059528257548218846
883,pltd_kup295,1,295,diesel,0.005167744959999979,0.1294,-0.12423225504,0.001608202220800001
884,plts_kup295,1,295,solar,0.343009200069694,0.0,0.343009200069694,0.08588412877227035
885,batt_kup295,1,295,battery,0.15179315612511987,0.0,0.15179315612511987,0.0414622374826481
886,pltd_kup296,1,296,diesel,0.008342005866666675,0.2089,-0.20055799413333333,0.0025961256159999914
887,plts_kup296,1,296,solar,0.5546575669051752,0.0,0.5546575669051752,0.138641572529737
888,batt_kup296,1,296,battery,0.24503818549081474,0.0,0.24503818549081474,0.06693245868848817
889,pltd_kup297,1,297,diesel,0.001870392213333338,0.0468,-0.044929607786666666,0.0005820911823999998
890,plts_kup297,1,297,solar,0.12615382541292025,0.0,0.12615382541292025,0.03108184560340399
891,batt_kup297,1,297,battery,0.054941602170571494,0.0,0.054941602170571494,0.015005502611357446
892,pltd_kup298,1,298,diesel,0.004565127786666675,0.1143,-0.10973487221333332,0.0014207264176000012
893,plts_kup298,1,298,solar,0.30761233497365803,0.0,0.30761233497365803,0.07586432005137987
894,batt_kup298,1,298,battery,0.13409138601270176,0.0,0.13409138601270176,0.03662559861552452
895,pltd_kup299,1,299,diesel,0.011713458773333348,0.2933,-0.28158654122666665,0.003645403171199997
896,plts_kup299,1,299,solar,0.7796874800032493,0.0,0.7796874800032493,0.19467028254622218
897,batt_kup299,1,299,battery,0.34408623709009767,0.0,0.34408623709009767,0.09397956507829548
898,pltd_kup300,1,300,diesel,0.007222610666666658,0.1808,-0.17357738933333333,0.002247764119999989
899,plts_kup300,1,300,solar,0.4797350278460525,0.0,0.4797350278460525,0.1200333225316349
900,batt_kup300,1,300,battery,0.21217656301639595,0.0,0.21217656301639595,0.05794942981994662
901,pltd_kup301,1,301,diesel,0.005364675306666659,0.1343,-0.12893532469333335,0.0016490879590399948
902,plts_kup301,1,301,solar,0.35810474834625605,0.0,0.35810474834625605,0.08915551536211015
903,batt_kup301,1,301,battery,0.157564026510485,0.0,0.157564026510485,0.043040290088177884
904,pltd_kup302,1,302,diesel,0.0072119774933333556,0.1833,-0.17608802250666664,0.0022669266368000054
905,plts_kup302,1,302,solar,0.48565997821204526,0.0,0.48565997821204526,0.12166877901061382
906,batt_kup302,1,302,battery,0.21501196788794172,0.0,0.21501196788794172,0.05874747038002006
907,pltd_kup303,1,303,diesel,0.0077762311466667,0.1947,-0.1869237688533333,0.0024200712704000294
908,plts_kup303,1,303,solar,0.5170022104015667,0.0,0.5170022104015667,0.12923515196231466
909,batt_kup303,1,303,battery,0.22839752858253257,0.0,0.22839752858253257,0.06239150112610521
910,pltd_kup304,1,304,diesel,0.007111816853333345,0.1781,-0.17098818314666667,0.002213219769599998
911,plts_kup304,1,304,solar,0.469992725151021,0.0,0.469992725151021,0.1181927644427062
912,batt_kup304,1,304,battery,0.20888326989319383,0.0,0.20888326989319383,0.05705925264906221
913,pltd_kup305,1,305,diesel,0.008133321279999972,0.2036,-0.19546667872000004,0.002531156734399988
914,plts_kup305,1,305,solar,0.545897373853073,0.0,0.545897373853073,0.13516465773670064
915,batt_kup305,1,305,battery,0.2388904987407373,0.0,0.2388904987407373,0.06525097336679439
916,pltd_kup306,1,306,diesel,0.005999788586666679,0.1525,-0.14650021141333333,0.001866083744533336
917,plts_kup306,1,306,solar,0.4057012784601856,0.0,0.4057012784601856,0.1012205260278823
918,batt_kup306,1,306,battery,0.17889889473466572,0.0,0.17889889473466572,0.0488757803416267
919,pltd_kup307,1,307,diesel,0.010814984533333405,0.2708,-0.2599850154666666,0.0033657173760000144
920,plts_kup307,1,307,solar,0.7164327324261741,0.0,0.7164327324261741,0.17974358087467052
921,batt_kup307,1,307,battery,0.31768291352485917,0.0,0.31768291352485917,0.08677641747504923
922,pltd_kup308,1,308,diesel,0.007296377493333316,0.1827,-0.1754036225066667,0.002266083014293334
923,plts_kup308,1,308,solar,0.49577908585294617,0.0,0.49577908585294617,0.12126021353428729
924,batt_kup308,1,308,battery,0.21431469389340316,0.0,0.21431469389340316,0.05854131755734567
925,pltd_kup309,1,309,diesel,0.0069394771199999955,0.1738,-0.16686052288000003,0.002137516483200002
926,plts_kup309,1,309,solar,0.4599016580493807,0.0,0.4599016580493807,0.11532988988846854
927,batt_kup309,1,309,battery,0.20383623507921844,0.0,0.20383623507921844,0.05567644540239872
928,pltd_tim310,1,310,diesel,0.004945133119999981,0.1257,-0.12075486688000002,0.0015543779775999984
929,plts_tim310,1,310,solar,0.34536630885797115,0.0,0.34536630885797115,0.08343007323630199
930,batt_tim310,1,310,battery,0.14745279651268878,0.0,0.14745279651268878,0.0402842383557724
931,pltd_tim311,1,311,diesel,0.0028053858133333456,0.0702,-0.06739461418666665,0.0008730385103999997
932,plts_tim311,1,311,solar,0.19420247670623164,0.0,0.19420247670623164,0.04662284541462323
933,batt_tim311,1,311,battery,0.082394477291558,0.0,0.082394477291558,0.02250807894101341
934,pltd_tim312,1,312,diesel,0.004466344640000012,0.1118,-0.10733365535999999,0.0013729302550400057
935,plts_tim312,1,312,solar,0.3136346978830743,0.0,0.3136346978830743,0.07422819733896964
936,batt_tim312,1,312,battery,0.13117907163465314,0.0,0.13117907163465314,0.03583452351399731
937,pltd_tim313,1,313,diesel,0.006581823253333348,0.1673,-0.16071817674666666,0.0020687754415999954
938,plts_tim313,1,313,solar,0.4669983097953576,0.0,0.4669983097953576,0.11103563605815464
939,batt_tim313,1,313,battery,0.19621386103120636,0.0,0.19621386103120636,0.053613618243439805
940,pltd_tim314,1,314,diesel,0.005130682026666659,0.1285,-0.12336931797333335,0.001596701612799999
941,plts_tim314,1,314,solar,0.3559469494217825,0.0,0.3559469494217825,0.08527041054053014
942,batt_tim314,1,314,battery,0.15070454047185208,0.0,0.15070454047185208,0.04116487975116288
943,pltd_tim315,1,315,diesel,0.006643820053333297,0.1664,-0.1597561799466667,0.0020675991056
944,plts_tim315,1,315,solar,0.46355711967583524,0.0,0.46355711967583524,0.11042223116101092
945,batt_tim315,1,315,battery,0.19515683000834694,0.0,0.19515683000834694,0.05330695125038738
946,pltd_tim316,1,316,diesel,0.0032973167999999975,0.0826,-0.07930268320000002,0.0010157238479999982
947,plts_tim316,1,316,solar,0.2311387434772047,0.0,0.2311387434772047,0.054802119193096556
948,batt_tim316,1,316,battery,0.0968490497515265,0.0,0.0968490497515265,0.02645611908129252
949,pltd_tim317,1,317,diesel,0.0046143142400000055,0.1155,-0.11088568576,0.001436005995199996
950,plts_tim317,1,317,solar,0.31974928943290853,0.0,0.31974928943290853,0.07668201988937969
951,batt_tim317,1,317,battery,0.13553453437734658,0.0,0.13553453437734658,0.037019237520236024
952,pltd_tim318,1,318,diesel,0.003986424319999997,0.0998,-0.09581357568,0.001240591553599998
953,plts_tim318,1,318,solar,0.27611916859715996,0.0,0.27611916859715996,0.06625375033992258
954,batt_tim318,1,318,battery,0.11709533219767804,0.0,0.11709533219767804,0.031986469329931634
955,pltd_tim319,1,319,diesel,0.008205779626666684,0.2086,-0.20039422037333332,0.0025793368608000027
956,plts_tim319,1,319,solar,0.5701147901225403,0.0,0.5701147901225403,0.13843726176107002
957,batt_tim319,1,319,battery,0.24470507671794306,0.0,0.24470507671794306,0.06684780478092964
958,pltd_tim320,1,320,diesel,0.006471793173333366,0.162,-0.15552820682666663,0.0020141092832000086
959,plts_tim320,1,320,solar,0.4428212266846068,0.0,0.4428212266846068,0.10755922578998578
960,batt_tim320,1,320,battery,0.19008573035793305,0.0,0.19008573035793305,0.05192445276786751
961,pltd_tim321,1,321,diesel,0.00472484138666666,0.1183,-0.11357515861333334,0.0014703543455999975
962,plts_tim321,1,321,solar,0.33202749969820433,0.0,0.33202749969820433,0.07852263277145999
963,batt_tim321,1,321,battery,0.13878681606545196,0.0,0.13878681606545196,0.03790844371796602
964,pltd_tim322,1,322,diesel,0.004035810773333326,0.101,-0.09696418922666668,0.0012559831311999958
965,plts_tim322,1,322,solar,0.27621510794184334,0.0,0.27621510794184334,0.0670714996403857
966,batt_tim322,1,322,battery,0.11855746627668343,0.0,0.11855746627668343,0.03238080509550862
967,pltd_tim323,1,323,diesel,0.007653200960000017,0.1916,-0.18394679903999997,0.002372051502719998
968,plts_tim323,1,323,solar,0.5237979182986932,0.0,0.5237979182986932,0.12719041793372327
969,batt_tim323,1,323,battery,0.22482471289974942,0.0,0.22482471289974942,0.06140498666940417
970,pltd_tim324,1,324,diesel,0.007640810773333273,0.1913,-0.1836591892266667,0.002373008941973306
971,plts_tim324,1,324,solar,0.5229559730712052,0.0,0.5229559730712052,0.12698608995271726
972,batt_tim324,1,324,battery,0.22446405549140974,0.0,0.22446405549140974,0.06130641109783555
973,pltd_tim325,1,325,diesel,0.006324192853333329,0.1583,-0.15197580714666667,0.001968133249599997
974,plts_tim325,1,325,solar,0.4282887239628518,0.0,0.4282887239628518,0.10510556345288219
975,batt_tim325,1,325,battery,0.1857511953544294,0.0,0.1857511953544294,0.050740873839719584
976,pltd_tim326,1,326,diesel,0.004454277546666659,0.1115,-0.10704572245333334,0.0013862111423999972
977,plts_tim326,1,326,solar,0.3032732340429086,0.0,0.3032732340429086,0.07402375476526739
978,batt_tim326,1,326,battery,0.1308287380044796,0.0,0.1308287380044796,0.03573600487662545
979,pltd_tim327,1,327,diesel,0.005918126506666669,0.1482,-0.14228187349333332,0.0018418812832000013
980,plts_tim327,1,327,solar,0.40043096454093047,0.0,0.40043096454093047,0.09835746590380043
981,batt_tim327,1,327,battery,0.1738367055799449,0.0,0.1738367055799449,0.047483046540867165
982,pltd_tim328,1,328,diesel,0.007902779840000032,0.2009,-0.19299722015999995,0.0024841368831999846
983,plts_tim328,1,328,solar,0.5454766873163476,0.0,0.5454766873163476,0.13332516557602878
984,batt_tim328,1,328,battery,0.23565426638393167,0.0,0.23565426638393167,0.06437993071804204
985,pltd_tim329,1,329,diesel,0.009855636266666678,0.2468,-0.2369443637333333,0.003067123808000009
986,plts_tim329,1,329,solar,0.6787947141518644,0.0,0.6787947141518644,0.1637926173562218
987,batt_tim329,1,329,battery,0.2894840221593482,0.0,0.2894840221593482,0.07907038583201452
988,pltd_tim330,1,330,diesel,0.003149849813333332,0.0789,-0.07575015018666667,0.0009802152304
989,plts_tim330,1,330,solar,0.21348930922128456,0.0,0.21348930922128456,0.0523483567512844
990,batt_tim330,1,330,battery,0.0925202220462944,0.0,0.0925202220462944,0.025271949961573444
991,pltd_tim331,1,331,diesel,0.008329861866666644,0.2086,-0.20027013813333336,0.0025923654959999964
992,plts_tim331,1,331,solar,0.568187722468142,0.0,0.568187722468142,0.1384368842487562
993,batt_tim331,1,331,battery,0.24468826515492947,0.0,0.24468826515492947,0.06683269589558384
994,pltd_tim332,1,332,diesel,0.004712661439999991,0.118,-0.11328733856,0.0014666324511999984
995,plts_tim332,1,332,solar,0.32253140618155796,0.0,0.32253140618155796,0.07831816851292193
996,batt_tim332,1,332,battery,0.13843746994140024,0.0,0.13843746994140024,0.03781043460438018
997,pltd_tim333,1,333,diesel,0.023934850177166237,0.5995,-0.5755651498228338,0.007450672268602439
998,plts_tim333,1,333,solar,1.6472601826755342,0.0,1.6472601826755342,0.3979284678298886
999,batt_tim333,1,333,battery,0.7032907100991386,0.0,0.7032907100991386,0.19210312018984627
1000,pltd_tim334,1,334,diesel,0.007038126933333351,0.1762,-0.16916187306666663,0.0021589472165333325
1001,plts_tim334,1,334,solar,0.481670284359198,0.0,0.481670284359198,0.11696623498186827
1002,batt_tim334,1,334,battery,0.20673877154914044,0.0,0.20673877154914044,0.056469208790836674
1003,pltd_tim335,1,335,diesel,0.015023309333333283,0.3762,-0.3611766906666667,0.004675437479999975
1004,plts_tim335,1,335,solar,1.0282276591217627,0.0,1.0282276591217627,0.24967775522390928
1005,batt_tim335,1,335,battery,0.4413371471625548,0.0,0.4413371471625548,0.12053949230591668
1006,pltd_tim336,1,336,diesel,0.007862167679999978,0.1969,-0.18903783232000002,0.002446734606399992
1007,plts_tim336,1,336,solar,0.5419453082270443,0.0,0.5419453082270443,0.13066621197418424
1008,batt_tim336,1,336,battery,0.23093670514873943,0.0,0.23093670514873943,0.06307949509509425
1009,pltd_tim337,1,337,diesel,0.007271663786666667,0.1821,-0.17482833621333335,0.0022630086976000055
1010,plts_tim337,1,337,solar,0.49808954684479184,0.0,0.49808954684479184,0.1208515991134396
1011,batt_tim337,1,337,battery,0.21362038169042236,0.0,0.21362038169042236,0.058345513937916066
1012,pltd_tim338,1,338,diesel,0.007726988266666712,0.1935,-0.1857730117333333,0.0023998567562666857
1013,plts_tim338,1,338,solar,0.5288508587078614,0.0,0.5288508587078614,0.12841736397906398
1014,batt_tim338,1,338,battery,0.2269934541826662,0.0,0.2269934541826662,0.0619973438562171
1015,pltd_tim339,1,339,diesel,0.010027816960000014,0.2511,-0.24107218303999997,0.0031207487808000006
1016,plts_tim339,1,339,solar,0.682784900935606,0.0,0.682784900935606,0.16665589667399958
1017,batt_tim339,1,339,battery,0.2945465509804609,0.0,0.2945465509804609,0.0804555243394686
1018,pltd_tim340,1,340,diesel,0.008293368213333381,0.2076,-0.19930663178666663,0.002581001662400016
1019,plts_tim340,1,340,solar,0.5412191977552981,0.0,0.5412191977552981,0.13782340174801413
1020,batt_tim340,1,340,battery,0.24362484172186383,0.0,0.24362484172186383,0.06653708224071977
1021,pltd_tim341,1,341,diesel,0.011615157760000074,0.2908,-0.27918484223999995,0.0036147675648000345
1022,plts_tim341,1,341,solar,0.7455149471881057,0.0,0.7455149471881057,0.19303481189932847
1023,batt_tim341,1,341,battery,0.3411802571424368,0.0,0.3411802571424368,0.09319209207837463
1024,pltd_tim342,1,342,diesel,0.0046143142400000055,0.1155,-0.11088568576,0.0014360059951999996
1025,plts_tim342,1,342,solar,0.31579410443296585,0.0,0.31579410443296585,0.07668227745891022
1026,batt_tim342,1,342,battery,0.13554511817345927,0.0,0.13554511817345927,0.03702065683566989
1027,pltd_tim343,1,343,diesel,0.006398293013333352,0.1602,-0.15380170698666665,0.0019912297663999996
1028,plts_tim343,1,343,solar,0.42185647409373545,0.0,0.42185647409373545,0.10633220068986052
1029,batt_tim343,1,343,battery,0.18792186416688733,0.0,0.18792186416688733,0.05133159466001894
1030,pltd_tim344,1,344,diesel,0.008662002346666614,0.2169,-0.2082379976533334,0.0026957772463999867
1031,plts_tim344,1,344,solar,0.5676747288403899,0.0,0.5676747288403899,0.14395839105441205
1032,batt_tim344,1,344,battery,0.25443731970064365,0.0,0.25443731970064365,0.06950042942843303
1033,pltd_tim345,1,345,diesel,0.006435176426666666,0.1611,-0.15466482357333333,0.0020026975247999955
1034,plts_tim345,1,345,solar,0.428167526305136,0.0,0.428167526305136,0.10694629567135809
1035,batt_tim345,1,345,battery,0.18900658848785687,0.0,0.18900658848785687,0.05163161888299608
1036,pltd_tim346,1,346,diesel,0.008674382293333328,0.2172,-0.20852561770666667,0.002699534140799992
1037,plts_tim346,1,346,solar,0.569584270586244,0.0,0.569584270586244,0.14416270675854054
1038,batt_tim346,1,346,battery,0.254780946671638,0.0,0.254780946671638,0.06959800567449109
1039,pltd_tim347,1,347,diesel,0.011885931839999959,0.2976,-0.28571406816,0.0036990728432000014
1040,plts_tim347,1,347,solar,0.7617982876521816,0.0,0.7617982876521816,0.1975329284776023
1041,batt_tim347,1,347,battery,0.34908657204202265,0.0,0.34908657204202265,0.09536095822608798
1042,pltd_tim348,1,348,diesel,0.004737098240000023,0.1186,-0.11386290175999997,0.0014742733152000062
1043,plts_tim348,1,348,solar,0.3091732515350786,0.0,0.3091732515350786,0.0787269487751656
1044,batt_tim348,1,348,battery,0.13914466881069573,0.0,0.13914466881069573,0.03800683757086888
1045,pltd_tim349,1,349,diesel,0.014223520853333256,0.3561,-0.34187647914666675,0.004426427689599975
1046,plts_tim349,1,349,solar,0.9283244933210437,0.0,0.9283244933210437,0.2363857618174507
1047,batt_tim349,1,349,battery,0.4177968464025752,0.0,0.4177968464025752,0.11411949211697771
1048,pltd_tim350,1,350,diesel,0.0030759958400000008,0.077,-0.07392400416,0.0009552785590399997
1049,plts_tim350,1,350,solar,0.2087154758224771,0.0,0.2087154758224771,0.05112139090282132
1050,batt_tim350,1,350,battery,0.09035151083837473,0.0,0.09035151083837473,0.024679175067971564
1051,pltd_tim351,1,351,diesel,0.0033208638933333425,0.0844,-0.08107913610666666,0.0010438467088000017
1052,plts_tim351,1,351,solar,0.2310029148240237,0.0,0.2310029148240237,0.05602921852096724
1053,batt_tim351,1,351,battery,0.09901892788614525,0.0,0.09901892788614525,0.02705454356819655
1054,pltd_tim352,1,352,diesel,0.006484296213333307,0.1624,-0.1559157037866667,0.0020179491023999906
1055,plts_tim352,1,352,solar,0.4437969556489494,0.0,0.4437969556489494,0.107764345082966
1056,batt_tim352,1,352,battery,0.1904871084519753,0.0,0.1904871084519753,0.052026528344360515
1057,pltd_tim353,1,353,diesel,0.002977433173333343,0.0746,-0.07162256682666665,0.0009265794832000109
1058,plts_tim353,1,353,solar,0.2018775859902983,0.0,0.2018775859902983,0.04948549065629543
1059,batt_tim353,1,353,battery,0.08746101400065107,0.0,0.08746101400065107,0.023889144831178065
1060,pltd_tim354,1,354,diesel,0.009308898239999978,0.2366,-0.22729110176000003,0.002926066315199999
1061,plts_tim354,1,354,solar,0.6467472964307939,0.0,0.6467472964307939,0.15704544017079103
1062,batt_tim354,1,354,battery,0.2775976274288955,0.0,0.2775976274288955,0.07583321067801305
1063,pltd_tim355,1,355,diesel,0.012082908373333309,0.3025,-0.2904170916266667,0.0037603063791999906
1064,plts_tim355,1,355,solar,0.82696047072081,0.0,0.82696047072081,0.2008055002917526
1065,batt_tim355,1,355,battery,0.3549484795655966,0.0,0.3549484795655966,0.09694491289514488
1066,pltd_tim356,1,356,diesel,0.0027193159466666708,0.0681,-0.06538068405333332,0.0008462631744000009
1067,plts_tim356,1,356,solar,0.1853612199818412,0.0,0.1853612199818412,0.04519126930152697
1068,batt_tim356,1,356,battery,0.0798757130765527,0.0,0.0798757130765527,0.021816238143389278
1069,pltd_tim357,1,357,diesel,0.0030512564266666595,0.0764,-0.07334874357333333,0.0009378834633599955
1070,plts_tim357,1,357,solar,0.20884596364030586,0.0,0.20884596364030586,0.05071271546681503
1071,batt_tim357,1,357,battery,0.08964138056974805,0.0,0.08964138056974805,0.024483136074628552
1072,pltd_tim358,1,358,diesel,0.005191052053333322,0.1306,-0.12540894794666668,0.001604141725866664
1073,plts_tim358,1,358,solar,0.3549336187012723,0.0,0.3549336187012723,0.08670177687099798
1074,batt_tim358,1,358,battery,0.1532360735717236,0.0,0.1532360735717236,0.04185874691729487
1075,pltd_tim359,1,359,diesel,0.0034327833599999908,0.086,-0.08256721664,0.0010683172527999987
1076,plts_tim359,1,359,solar,0.23190118653865105,0.0,0.23190118653865105,0.05705136691298399
1077,batt_tim359,1,359,battery,0.1008323447572359,0.0,0.1008323447572359,0.027541487715622287
1078,pltd_tim360,1,360,diesel,0.005106209280000022,0.1279,-0.12279379071999999,0.0015891339744000105
1079,plts_tim360,1,360,solar,0.3482041371042358,0.0,0.3482041371042358,0.08486175676769539
1080,batt_tim360,1,360,battery,0.1500042472030894,0.0,0.1500042472030894,0.040969461578838184
1081,pltd_tim361,1,361,diesel,0.007672408106666683,0.195,-0.1873275918933333,0.0024116128512000038
1082,plts_tim361,1,361,solar,0.5248834282724801,0.0,0.5248834282724801,0.1294398247971901
1083,batt_tim361,1,361,battery,0.22875767386653328,0.0,0.22875767386653328,0.06250253831248305
1084,pltd_tim362,1,362,diesel,0.007468594133333345,0.187,-0.17953140586666666,0.0023243003840000133
1085,plts_tim362,1,362,solar,0.5060105376864175,0.0,0.5060105376864175,0.12412325869952405
1086,batt_tim362,1,362,battery,0.2194044840544946,0.0,0.2194044840544946,0.05992445369983585
1087,pltd_tim363,1,363,diesel,0.01107350176000001,0.2773,-0.26622649824,0.003446166684799993
1088,plts_tim363,1,363,solar,0.7473976937674753,0.0,0.7473976937674753,0.18403664898039257
1089,batt_tim363,1,363,battery,0.3252881116217516,0.0,0.3252881116217516,0.0888433935821549
1090,pltd_tim364,1,364,diesel,0.004325399999999977,0.1103,-0.10597460000000002,0.0013624729999999897
1091,plts_tim364,1,364,solar,0.29767330648457824,0.0,0.29767330648457824,0.0732060270869035
1092,batt_tim364,1,364,battery,0.1293934555935433,0.0,0.1293934555935433,0.03535031368720789
1093,pltd_tim365,1,365,diesel,0.009092525973333269,0.2277,-0.21860747402666675,0.002829644227199972
1094,plts_tim365,1,365,solar,0.6223269366486556,0.0,0.6223269366486556,0.15111555751638134
1095,batt_tim365,1,365,battery,0.26711608352169086,0.0,0.26711608352169086,0.0729556449620265
1096,pltd_tim366,1,366,diesel,0.006084637546666668,0.1547,-0.14861536245333334,0.001908452579946668
1097,plts_tim366,1,366,solar,0.41475386701565065,0.0,0.41475386701565065,0.10265218450278259
1098,batt_tim366,1,366,battery,0.18145247489001642,0.0,0.18145247489001642,0.04956756144272488
1099,pltd_tim367,1,367,diesel,0.006558227093333357,0.1642,-0.15764177290666664,0.0020410838448000016
1100,plts_tim367,1,367,solar,0.4475665803465148,0.0,0.4475665803465148,0.1089911801650533
1101,batt_tim367,1,367,battery,0.19265567564420039,0.0,0.19265567564420039,0.052619244325129266
1102,pltd_tim368,1,368,diesel,0.0018826285866666522,0.0471,-0.04521737141333335,0.0005858960016000007
1103,plts_tim368,1,368,solar,0.12670808950891027,0.0,0.12670808950891027,0.031286257308696296
1104,batt_tim368,1,368,battery,0.055291444342488325,0.0,0.055291444342488325,0.015103409074445224
1105,pltd_tim369,1,369,diesel,0.003519007039999981,0.0881,-0.08458099296000002,0.0010951017391999933
1106,plts_tim369,1,369,solar,0.23836719085557576,0.0,0.23836719085557576,0.05848270305302331
1107,batt_tim369,1,369,battery,0.10336914587877724,0.0,0.10336914587877724,0.02823255803214722
1108,pltd_tim370,1,370,diesel,0.0028791166933333314,0.0721,-0.06922088330666666,0.0008960192528
1109,plts_tim370,1,370,solar,0.1929442968221399,0.0,0.1929442968221399,0.04784982097734377
1110,batt_tim370,1,370,battery,0.08456488312235598,0.0,0.08456488312235598,0.023101106153604785
1111,pltd_tim371,1,371,diesel,0.007345733226666666,0.1839,-0.17655426677333333,0.0022626486549333353
1112,plts_tim371,1,371,solar,0.4976742651720482,0.0,0.4976742651720482,0.1220784935941686
1113,batt_tim371,1,371,battery,0.21578978639863017,0.0,0.21578978639863017,0.05893724877489993
1114,pltd_tim372,1,372,diesel,0.007075020586666655,0.1771,-0.17002497941333336,0.002201866161599998
1115,plts_tim372,1,372,solar,0.47613676416034506,0.0,0.47613676416034506,0.11757891354025451
1116,batt_tim372,1,372,battery,0.2078093239163803,0.0,0.2078093239163803,0.05676174244042736
1117,pltd_tim373,1,373,diesel,0.009535552639999965,0.2388,-0.22926444736000004,0.002967463027199991
1118,plts_tim373,1,373,solar,0.6457525200190716,0.0,0.6457525200190716,0.1584766107449351
1119,batt_tim373,1,373,battery,0.28012854920410285,0.0,0.28012854920410285,0.07650653006728612
1120,pltd_tim374,1,374,diesel,0.010901377493333324,0.273,-0.2620986225066667,0.0033926176367999688
1121,plts_tim374,1,374,solar,0.7229161735746618,0.0,0.7229161735746618,0.18117459054958962
1122,batt_tim374,1,374,battery,0.3202116804763808,0.0,0.3202116804763808,0.08746574820416754
1123,pltd_tim375,1,375,diesel,0.003629590613333344,0.0909,-0.08727040938666665,0.001129638014400003
1124,plts_tim375,1,375,solar,0.24842514464994941,0.0,0.24842514464994941,0.06032347825724683
1125,batt_tim375,1,375,battery,0.10662914832570324,0.0,0.10662914832570324,0.029122961351053973
1126,pltd_tim376,1,376,diesel,0.004193923626666674,0.1066,-0.10240607637333332,0.001315452904426666
1127,plts_tim376,1,376,solar,0.2852344796978047,0.0,0.2852344796978047,0.07075194898749303
1128,batt_tim376,1,376,battery,0.12503087183020214,0.0,0.12503087183020214,0.03416230184611473
1129,pltd_tim377,1,377,diesel,0.004811034346666653,0.1205,-0.11568896565333334,0.0014972476064000026
1130,plts_tim377,1,377,solar,0.32926829798368984,0.0,0.32926829798368984,0.07995408909124121
1131,batt_tim377,1,377,battery,0.14132856430395885,0.0,0.14132856430395885,0.03860023564637703
1132,pltd_tim378,1,378,diesel,0.007087133866666662,0.1774,-0.17031286613333335,0.002201036189866669
1133,plts_tim378,1,378,solar,0.4621849864814169,0.0,0.4621849864814169,0.11778376006953213
1134,batt_tim378,1,378,battery,0.20816268759260564,0.0,0.20816268759260564,0.05686181945215104
1135,pltd_tim379,1,379,diesel,0.0068408939733333165,0.1713,-0.1644591060266667,0.002107193337066669
1136,plts_tim379,1,379,solar,0.4488997098466925,0.0,0.4488997098466925,0.11369403273937483
1137,batt_tim379,1,379,battery,0.20095941997859892,0.0,0.20095941997859892,0.05488748940498025
1138,pltd_tim380,1,380,diesel,0.004995338560000028,0.1251,-0.12010466143999995,0.0015514068873600127
1139,plts_tim380,1,380,solar,0.3252122454794977,0.0,0.3252122454794977,0.0830211691927774
1140,batt_tim380,1,380,battery,0.1467446032410164,0.0,0.1467446032410164,0.04007957887806713
1141,pltd_tim381,1,381,diesel,0.002214369066666662,0.0555,-0.05328563093333334,0.0006890697519999998
1142,plts_tim381,1,381,solar,0.15117658586291569,0.0,0.15117658586291569,0.0368077471706614
1143,batt_tim381,1,381,battery,0.06504966080070541,0.0,0.06504966080070541,0.017769969198832183
1144,pltd_tim382,1,382,diesel,0.006275185920000003,0.1571,-0.15082481407999998,0.0019488307075199982
1145,plts_tim382,1,382,solar,0.4132741670049996,0.0,0.4132741670049996,0.10428764713082495
1146,batt_tim382,1,382,battery,0.18433239397076223,0.0,0.18433239397076223,0.05034583730346655
1147,pltd_tim383,1,383,diesel,0.003749431520000009,0.0946,-0.09085056847999999,0.0011726923096000061
1148,plts_tim383,1,383,solar,0.2541369780129302,0.0,0.2541369780129302,0.06277705786428549
1149,batt_tim383,1,383,battery,0.11095228785685857,0.0,0.11095228785685857,0.0303097144529732
1150,pltd_tim384,1,384,diesel,0.006385902826663336,0.1599,-0.15351409717333664,0.001987268796799646
1151,plts_tim384,1,384,solar,0.4412540955109311,0.0,0.4412540955109311,0.10612823999253698
1152,batt_tim384,1,384,battery,0.18758092199824805,0.0,0.18758092199824805,0.051235312984988186
1153,pltd_tim385,1,385,diesel,0.001513291840000003,0.0379,-0.03638670816,0.00047094864320000184
1154,plts_tim385,1,385,solar,0.10138093055930296,0.0,0.10138093055930296,0.025151786675563587
1155,batt_tim385,1,385,battery,0.04445686695379288,0.0,0.04445686695379288,0.012142282027353537
1156,pltd_tim386,1,386,diesel,0.0018703922133333148,0.0468,-0.04492960778666669,0.0005808985746133312
1157,plts_tim386,1,386,solar,0.12800178586655458,0.0,0.12800178586655458,0.031081880400118507
1158,batt_tim386,1,386,battery,0.054941321345609626,0.0,0.054941321345609626,0.015005694355753043
1159,pltd_tim387,1,387,diesel,0.008170071360000008,0.2046,-0.19642992864,0.0025426104928000025
1160,plts_tim387,1,387,solar,0.5503150486299704,0.0,0.5503150486299704,0.13577828189781485
1161,batt_tim387,1,387,battery,0.24000600102592112,0.0,0.24000600102592112,0.0655478245795341
1162,pltd_tim388,1,388,diesel,0.002632989653333332,0.0659,-0.06326701034666667,0.0008194469135999985
1163,plts_tim388,1,388,solar,0.17728974999853273,0.0,0.17728974999853273,0.04375998546870045
1164,batt_tim388,1,388,battery,0.0773413184490635,0.0,0.0773413184490635,0.0211262067212181
1165,pltd_tim389,1,389,diesel,0.0017104581333333428,0.0428,-0.041089541866666655,0.0005257758528000005
1166,plts_tim389,1,389,solar,0.11462931081070647,0.0,0.11462931081070647,0.028423488689807288
1167,batt_tim389,1,389,battery,0.05023285116074393,0.0,0.05023285116074393,0.013722170697125616
1168,pltd_tim390,1,390,diesel,0.0025712130133333203,0.0644,-0.061828786986666676,0.0008002553663999927
1169,plts_tim390,1,390,solar,0.17268372936386875,0.0,0.17268372936386875,0.04273761334484598
1170,batt_tim390,1,390,battery,0.075549586792876,0.0,0.075549586792876,0.020632557856761644
1171,pltd_tim391,1,391,diesel,0.0037034702933333255,0.0927,-0.08899652970666667,0.001152564380799996
1172,plts_tim391,1,391,solar,0.2498350947387167,0.0,0.2498350947387167,0.06155032876832606
1173,batt_tim391,1,391,battery,0.10878395534856254,0.0,0.10878395534856254,0.029714768405080087
1174,pltd_tim392,1,392,diesel,0.008582777777777455,0.1688,-0.16021722222222254,0.0031669959999998678
1175,plts_tim392,1,392,solar,0.5028128936924108,0.0,0.5028128936924108,0.1106908302514453
1176,batt_tim392,1,392,battery,0.1977080668554892,0.0,0.1977080668554892,0.05306949702098431
1177,pltd_tim393,1,393,diesel,0.006484222222222254,0.1275,-0.12101577777777775,0.0023667201111111195
1178,plts_tim393,1,393,solar,0.36876034806869346,0.0,0.36876034806869346,0.08362432019446658
1179,batt_tim393,1,393,battery,0.15175529120250317,0.0,0.15175529120250317,0.040094410957008705
1180,pltd_tim394,1,394,diesel,0.002584666666666673,0.0508,-0.048215333333333325,0.0009226700000000011
1181,plts_tim394,1,394,solar,0.15167684297096723,0.0,0.15167684297096723,0.03332834055205124
1182,batt_tim394,1,394,battery,0.06048359006867614,0.0,0.06048359006867614,0.015979085094115764
1183,pltd_tim395,1,395,diesel,0.005356333333333158,0.1054,-0.10004366666666684,0.0019451073333332587
1184,plts_tim395,1,395,solar,0.3106375988701844,0.0,0.3106375988701844,0.06908081320841296
1185,batt_tim395,1,395,battery,0.12536202535318283,0.0,0.12536202535318283,0.033119912585942185
1186,pltd_tim396,1,396,diesel,0.007822435946666673,0.1528,-0.1449775640533333,0.00287283800576
1187,plts_tim396,1,396,solar,0.4531720607672689,0.0,0.4531720607672689,0.10018752518914614
1188,batt_tim396,1,396,battery,0.17898753698872952,0.0,0.17898753698872952,0.04802887963245728
1189,pltd_tim397,1,397,diesel,0.002608486186666655,0.0653,-0.06269151381333334,0.0008117430495999926
1190,plts_tim397,1,397,solar,0.17852926380647052,0.0,0.17852926380647052,0.043351128119860825
1191,batt_tim397,1,397,battery,0.07662852474408284,0.0,0.07662852474408284,0.020929070392133042
1192,pltd_tim398,1,398,diesel,0.0034057230933333535,0.0866,-0.08319427690666664,0.0010705649248000083
1193,plts_tim398,1,398,solar,0.23504177428801232,0.0,0.23504177428801232,0.05746042795076654
1194,batt_tim398,1,398,battery,0.10155590552745258,0.0,0.10155590552745258,0.027744627626819913
1195,pltd_tim399,1,399,diesel,0.004503171626666683,0.1128,-0.10829682837333332,0.0013985931924266658
1196,plts_tim399,1,399,solar,0.30966683214490837,0.0,0.30966683214490837,0.07484193808582204
1197,batt_tim399,1,399,battery,0.13227480340735326,0.0,0.13227480340735326,0.036131984514615224
1198,pltd_tim400,1,400,diesel,0.003937294293333308,0.0986,-0.09466270570666668,0.001212835372266656
1199,plts_tim400,1,400,solar,0.2694777652838332,0.0,0.2694777652838332,0.06543557051385346
1200,batt_tim400,1,400,battery,0.11566508882171886,0.0,0.11566508882171886,0.03159098959741323
1201,pltd_tim401,1,401,diesel,0.0042573472000000095,0.1066,-0.10234265279999999,0.0013248844560000057
1202,plts_tim401,1,401,solar,0.2924905424552908,0.0,0.2924905424552908,0.070752268648551
1203,batt_tim401,1,401,battery,0.12506283430578438,0.0,0.12506283430578438,0.03415740383653629
1204,pltd_tim402,1,402,diesel,0.0026705999999999904,0.0681,-0.0654294,0.0008411479999999968
1205,plts_tim402,1,402,solar,0.1850217174367134,0.0,0.1850217174367134,0.04519126795058437
1206,batt_tim402,1,402,battery,0.07986521456128448,0.0,0.07986521456128448,0.021821345873532606
1207,pltd_tim403,1,403,diesel,0.005155308586666655,0.1291,-0.12394469141333334,0.0016044254015999998
1208,plts_tim403,1,403,solar,0.35398148603366186,0.0,0.35398148603366186,0.08567940992573522
1209,batt_tim403,1,403,battery,0.1514186139598656,0.0,0.1514186139598656,0.04136263854333682
1210,pltd_tim404,1,404,diesel,0.008686685333333284,0.2175,-0.20881331466666672,0.002703352959999997
1211,plts_tim404,1,404,solar,0.6058899675911613,0.0,0.6058899675911613,0.14436705129409694
1212,batt_tim404,1,404,battery,0.25516680903291444,0.0,0.25516680903291444,0.06969577344184666
1213,pltd_tim405,1,405,diesel,0.008009911573333313,0.2006,-0.1925900884266667,0.0024926977151999794
1214,plts_tim405,1,405,solar,0.5444170606715464,0.0,0.5444170606715464,0.13312025965031246
1215,batt_tim405,1,405,battery,0.23526046575655157,0.0,0.23526046575655157,0.06426547333704227
1216,pltd_tim406,1,406,diesel,0.00494625472000001,0.1238,-0.11885374527999998,0.001536156000320002
1217,plts_tim406,1,406,solar,0.33853165999040585,0.0,0.33853165999040585,0.08220349986803424
1218,batt_tim406,1,406,battery,0.14530502930797584,0.0,0.14530502930797584,0.039686244631380374
1219,pltd_tim407,1,407,diesel,0.008024060800000017,0.2039,-0.1958759392,0.002522239383999996
1220,plts_tim407,1,407,solar,0.5574824390996195,0.0,0.5574824390996195,0.1353698794719149
1221,batt_tim407,1,407,battery,0.2392832235106511,0.0,0.2392832235106511,0.06536663362269726
1222,pltd_tim408,1,408,diesel,0.006533313386666651,0.1636,-0.15706668661333334,0.002029046218986666
1223,plts_tim408,1,408,solar,0.44716526838133663,0.0,0.44716526838133663,0.10858228689493689
1224,batt_tim408,1,408,battery,0.19193307201664125,0.0,0.19193307201664125,0.052421441255041744
1225,pltd_tim409,1,409,diesel,0.0023623848533333397,0.0591,-0.05673761514666666,0.0007261627187200041
1226,plts_tim409,1,409,solar,0.1599978017426576,0.0,0.1599978017426576,0.03926125810794912
1227,batt_tim409,1,409,battery,0.06939460520571623,0.0,0.06939460520571623,0.018953648549828044
1228,pltd_tim410,1,410,diesel,0.0029846000000000117,0.0761,-0.07311539999999998,0.0009401419999999973
1229,plts_tim410,1,410,solar,0.20800283033513464,0.0,0.20800283033513464,0.050508011584952765
1230,batt_tim410,1,410,battery,0.08927897716743105,0.0,0.08927897716743105,0.024389978869166953
1231,pltd_tim411,1,411,diesel,0.0062421248,0.1587,-0.1524578752,0.0019620221039999973
1232,plts_tim411,1,411,solar,0.4334439696836817,0.0,0.4334439696836817,0.10531020883454627
1233,batt_tim411,1,411,battery,0.18612450175528883,0.0,0.18612450175528883,0.05084995934886436
1234,pltd_tim412,1,412,diesel,0.005868986240000013,0.147,-0.14113101375999998,0.0018265085552000124
1235,plts_tim412,1,412,solar,0.40304622220713343,0.0,0.40304622220713343,0.09753955135734123
1236,batt_tim412,1,412,battery,0.1723780212350034,0.0,0.1723780212350034,0.047087518340982494
1237,pltd_tim413,1,413,diesel,0.007543862846344047,0.1916,-0.18405613715365596,0.002370318598866114
1238,plts_tim413,1,413,solar,0.5210940403657874,0.0,0.5210940403657874,0.12719001495843632
1239,batt_tim413,1,413,battery,0.22479444887484845,0.0,0.22479444887484845,0.06141424660960045
1240,pltd_tim414,1,414,diesel,0.006865520533333328,0.1719,-0.16503447946666666,0.0021366366559999904
1241,plts_tim414,1,414,solar,0.4744874390558859,0.0,0.4744874390558859,0.11410295093805405
1242,batt_tim414,1,414,battery,0.20167628960494988,0.0,0.20167628960494988,0.055084415096401995
1243,pltd_tim415,1,415,diesel,0.005666499999999986,0.1445,-0.1388335,0.0017849685000000043
1244,plts_tim415,1,415,solar,0.39495357271109993,0.0,0.39495357271109993,0.09590404360655308
1245,batt_tim415,1,415,battery,0.16952234830529966,0.0,0.16952234830529966,0.046311502644443434
1246,pltd_tim416,1,416,diesel,0.007776231146666657,0.1947,-0.18692376885333337,0.0024200712704000003
1247,plts_tim416,1,416,solar,0.5322187205843706,0.0,0.5322187205843706,0.12923528324282188
1248,batt_tim416,1,416,battery,0.2284391346549263,0.0,0.2284391346549263,0.06239222453639982
1249,pltd_tim417,1,417,diesel,0.001378071466666658,0.0345,-0.033121928533333345,0.0004235869327999987
1250,plts_tim417,1,417,solar,0.09431757231240358,0.0,0.09431757231240358,0.0229024970513959
1251,batt_tim417,1,417,battery,0.04048300365495821,0.0,0.04048300365495821,0.011056902070879471
1252,pltd_tim418,1,418,diesel,0.0022638990933333395,0.0567,-0.05443610090666666,0.0007045254047999998
1253,plts_tim418,1,418,solar,0.15494994754006342,0.0,0.15494994754006342,0.037625521971959425
1254,batt_tim418,1,418,battery,0.06650807206040582,0.0,0.06650807206040582,0.01816487571151805
1255,pltd_tim419,1,419,diesel,0.0025101287466666776,0.0628,-0.060289871253333314,0.0007810805184000055
1256,plts_tim419,1,419,solar,0.17208621761242215,0.0,0.17208621761242215,0.04171531877434366
1257,batt_tim419,1,419,battery,0.07373164119946621,0.0,0.07373164119946621,0.020139621201923526
1258,pltd_tim420,1,420,diesel,0.0032360918399999957,0.0823,-0.07906390816,0.0010172356431999976
1259,plts_tim420,1,420,solar,0.22680051546879204,0.0,0.22680051546879204,0.054597770366946664
1260,batt_tim420,1,420,battery,0.09648864082777615,0.0,0.09648864082777615,0.026363117316328993
1261,pltd_tim421,1,421,diesel,0.0014885421866666709,0.0373,-0.03581145781333333,0.00046328192960000094
1262,plts_tim421,1,421,solar,0.10231986201804724,0.0,0.10231986201804724,0.024742780881706027
1263,batt_tim421,1,421,battery,0.04373560971988494,0.0,0.04373560971988494,0.011944841001884303
1264,pltd_tim422,1,422,diesel,0.004761847893333322,0.1192,-0.11443815210666668,0.0014819750287999951
1265,plts_tim422,1,422,solar,0.3276412089882101,0.0,0.3276412089882101,0.07913560534124643
1266,batt_tim422,1,422,battery,0.1398629350131372,0.0,0.1398629350131372,0.03820254707035996
1267,pltd_tim423,1,423,diesel,0.007800980800000001,0.1953,-0.1874990192,0.0024277099840000027
1268,plts_tim423,1,423,solar,0.5312307414094148,0.0,0.5312307414094148,0.1296437562925237
1269,batt_tim423,1,423,battery,0.22913159782934076,0.0,0.22913159782934076,0.06258645990917765
1270,pltd_tim424,1,424,diesel,0.004134024640000018,0.1035,-0.09936597535999997,0.0012865605872
1271,plts_tim424,1,424,solar,0.2851826290008485,0.0,0.2851826290008485,0.06870715296048328
1272,batt_tim424,1,424,battery,0.12142325960462853,0.0,0.12142325960462853,0.03316911855962978
1273,pltd_tim425,1,425,diesel,0.00709050677333334,0.1802,-0.17310949322666666,0.0022287692111999983
1274,plts_tim425,1,425,solar,0.4718816821947181,0.0,0.4718816821947181,0.11962420381684138
1275,batt_tim425,1,425,battery,0.21144144267863774,0.0,0.21144144267863774,0.05776176914410307
1276,pltd_tim426,1,426,diesel,0.0019935609599999833,0.0499,-0.04790643904000002,0.0006203149007999979
1277,plts_tim426,1,426,solar,0.1292781552536117,0.0,0.1292781552536117,0.033126789870887935
1278,batt_tim426,1,426,battery,0.058542777855517744,0.0,0.058542777855517744,0.015992792866905366
1279,pltd_tim427,1,427,diesel,0.008329861866666673,0.2086,-0.20027013813333333,0.0025923654960000085
1280,plts_tim427,1,427,solar,0.5592274969188032,0.0,0.5592274969188032,0.1384373576166833
1281,batt_tim427,1,427,battery,0.24469152077772593,0.0,0.24469152077772593,0.06683530435009835
1282,pltd_tim428,1,428,diesel,0.008662002346666645,0.2169,-0.20823799765333337,0.0026957772463999767
1283,plts_tim428,1,428,solar,0.5890732553214525,0.0,0.5890732553214525,0.14395828997751875
1284,batt_tim428,1,428,battery,0.25444839003762587,0.0,0.25444839003762587,0.06949987245263572
1285,pltd_tim429,1,429,diesel,0.00497073248000001,0.1245,-0.11952926752,0.0015469719104000018
1286,plts_tim429,1,429,solar,0.33000724151632943,0.0,0.33000724151632943,0.08261218126455665
1287,batt_tim429,1,429,battery,0.14601968743352006,0.0,0.14601968743352006,0.03988185649533411
1288,pltd_tim430,1,430,diesel,0.0062998227199999885,0.1577,-0.15140017728000002,0.0019605553856000095
1289,plts_tim430,1,430,solar,0.4281258726386841,0.0,0.4281258726386841,0.10469674758479607
1290,batt_tim430,1,430,battery,0.18504098926943996,0.0,0.18504098926943996,0.05054415895145338
1291,pltd_tim431,1,431,diesel,0.005340115413333338,0.1337,-0.12835988458666667,0.0016585512338133416
1292,plts_tim431,1,431,solar,0.36409712683910694,0.0,0.36409712683910694,0.08874715686038744
1293,batt_tim431,1,431,battery,0.1568410093340052,0.0,0.1568410093340052,0.042845792820609956
1294,pltd_tim432,1,432,diesel,0.005377157866666691,0.1346,-0.1292228421333333,0.0016733595760000033
1295,plts_tim432,1,432,solar,0.35733248047617217,0.0,0.35733248047617217,0.0893600247534274
1296,batt_tim432,1,432,battery,0.15793618187589292,0.0,0.15793618187589292,0.043138877284032234
1297,pltd_tim433,1,433,diesel,0.006878203093333319,0.1722,-0.16532179690666668,0.0021405723247999928
1298,plts_tim433,1,433,solar,0.4707440519730293,0.0,0.4707440519730293,0.11430775043086963
1299,batt_tim433,1,433,battery,0.20205319023386512,0.0,0.20205319023386512,0.05518552662238796
1300,pltd_tim434,1,434,diesel,0.003346390400000014,0.0838,-0.08045360959999999,0.0010392883823999988
1301,plts_tim434,1,434,solar,0.2235301991301421,0.0,0.2235301991301421,0.055620310342502366
1302,batt_tim434,1,434,battery,0.09831033012033344,0.0,0.09831033012033344,0.026851898572414074
1303,pltd_tim435,1,435,diesel,0.003469800106666687,0.0869,-0.08343019989333332,0.001079848011200001
1304,plts_tim435,1,435,solar,0.24194631193876667,0.0,0.24194631193876667,0.05766519954424167
1305,batt_tim435,1,435,battery,0.10192951204786188,0.0,0.10192951204786188,0.02783964197738182
1306,pltd_tim436,1,436,diesel,0.004601867626666678,0.1152,-0.11059813237333332,0.001432130100800006
1307,plts_tim436,1,436,solar,0.3176683212951585,0.0,0.3176683212951585,0.07647773072304963
1308,batt_tim436,1,436,battery,0.1351745300062362,0.0,0.1351745300062362,0.036921113196004794
1309,pltd_tim437,1,437,diesel,0.008145434559999998,0.2039,-0.19575456544,0.0025349836287999984
1310,plts_tim437,1,437,solar,0.5422604053675455,0.0,0.5422604053675455,0.13536921969741736
1311,batt_tim437,1,437,battery,0.2392690916647506,0.0,0.2392690916647506,0.06535025374551022
1312,pltd_tim438,1,438,diesel,0.008206641920000025,0.2055,-0.19729335807999995,0.0025539964016000134
1313,plts_tim438,1,438,solar,0.5616938442277599,0.0,0.5616938442277599,0.13639247182290593
1314,batt_tim438,1,438,battery,0.24109056479061047,0.0,0.24109056479061047,0.06584765094545494
1315,pltd_tim439,1,439,diesel,0.0038390035200000006,0.0961,-0.09226099648000001,0.001194662369599999
1316,plts_tim439,1,439,solar,0.2572000041715248,0.0,0.2572000041715248,0.06379939567099217
1317,batt_tim439,1,439,battery,0.112767082675616,0.0,0.112767082675616,0.030799372098679768
1318,pltd_tim440,1,440,diesel,0.0034452299733333564,0.0863,-0.08285477002666665,0.0010721791472000015
1319,plts_tim440,1,440,solar,0.24009059073070851,0.0,0.24009059073070851,0.05725603841974386
1320,batt_tim440,1,440,battery,0.10119285824455487,0.0,0.10119285824455487,0.027641140301180294
1321,pltd_tim441,1,441,diesel,0.004429194560000008,0.1109,-0.10647080544,0.001375586623360001
1322,plts_tim441,1,441,solar,0.30316353595270934,0.0,0.30316353595270934,0.07361521124788953
1323,batt_tim441,1,441,battery,0.13012438422470618,0.0,0.13012438422470618,0.03554003114550801
1324,pltd_tim442,1,442,diesel,0.0027722793066666637,0.0699,-0.06712772069333334,0.0008670073272000005
1325,plts_tim442,1,442,solar,0.1911608976361558,0.0,0.1911608976361558,0.04641837582514012
1326,batt_tim442,1,442,battery,0.08204992762574222,0.0,0.08204992762574222,0.022412069448832485
1327,pltd_tim443,1,443,diesel,0.008927220799999974,0.2252,-0.21627277920000004,0.002792078183999992
1328,plts_tim443,1,443,solar,0.6154319085874571,0.0,0.6154319085874571,0.14947862153362051
1329,batt_tim443,1,443,battery,0.26418623859292306,0.0,0.26418623859292306,0.07216784810022141
1330,pltd_tim444,1,444,diesel,0.003871463999999974,0.0977,-0.09382853600000002,0.0012108317199999987
1331,plts_tim444,1,444,solar,0.2679749370733998,0.0,0.2679749370733998,0.06482197898322062
1332,batt_tim444,1,444,battery,0.11458032313941155,0.0,0.11458032313941155,0.03129743476045538
1333,pltd_tim445,1,445,diesel,0.011769431146666664,0.2991,-0.2873305688533333,0.003699419270399999
1334,plts_tim445,1,445,solar,0.8176974977797052,0.0,0.8176974977797052,0.19855625595722
1335,batt_tim445,1,445,battery,0.35097325885587694,0.0,0.35097325885587694,0.09587776316053129
1336,pltd_tim446,1,446,diesel,0.005389112106666705,0.1349,-0.1295108878933333,0.0016736718833066727
1337,plts_tim446,1,446,solar,0.3718313602001803,0.0,0.3718313602001803,0.08956455174598528
1338,batt_tim446,1,446,battery,0.1582945711326723,0.0,0.1582945711326723,0.04323744865198982
1339,pltd_tim447,1,447,diesel,0.005426005759999978,0.1359,-0.13047399424,0.0016886036048000014
1340,plts_tim447,1,447,solar,0.37324138333323553,0.0,0.37324138333323553,0.09017825674306625
1341,batt_tim447,1,447,battery,0.15937989216827225,0.0,0.15937989216827225,0.04353475122938784
1342,pltd_tim448,1,448,diesel,0.0043801414400000144,0.1097,-0.10531985856,0.0013632088512000088
1343,plts_tim448,1,448,solar,0.3007512409347138,0.0,0.3007512409347138,0.07279691809642107
1344,batt_tim448,1,448,battery,0.12867720170103736,0.0,0.12867720170103736,0.03514354713845369
1345,pltd_tim449,1,449,diesel,0.0056105561600000055,0.1405,-0.13488944384,0.0017460893968000006
1346,plts_tim449,1,449,solar,0.38636874477608524,0.0,0.38636874477608524,0.09324532943986623
1347,batt_tim449,1,449,battery,0.16480009674027718,0.0,0.16480009674027718,0.045014543256212944
1348,pltd_tim450,1,450,diesel,0.010618443946666644,0.2659,-0.25528155605333336,0.0033045156143999906
1349,plts_tim450,1,450,solar,0.7302359406860257,0.0,0.7302359406860257,0.17647149042772622
1350,batt_tim450,1,450,battery,0.31193443933469744,0.0,0.31193443933469744,0.08519571473213321
1351,pltd_tim451,1,451,diesel,0.030477450133333406,0.7631,-0.7326225498666666,0.009484865264000018
1352,plts_tim451,1,451,solar,2.100872992097103,0.0,2.100872992097103,0.5065097110249027
1353,batt_tim451,1,451,battery,0.8952542232733338,0.0,0.8952542232733338,0.24451784213363936
1354,pltd_tim452,1,452,diesel,0.00962197632000004,0.2409,-0.23127802367999997,0.002994464513600012
1355,plts_tim452,1,452,solar,0.6630740486982141,0.0,0.6630740486982141,0.15990771012728822
1356,batt_tim452,1,452,battery,0.2826559767682063,0.0,0.2826559767682063,0.07719749151072806
1357,pltd_tim453,1,453,diesel,0.00962197632,0.2409,-0.23127802368,0.0029944645136
1358,plts_tim453,1,453,solar,0.6585368623047368,0.0,0.6585368623047368,0.15990826348846673
1359,batt_tim453,1,453,battery,0.2826582958411443,0.0,0.2826582958411443,0.07720054076138848
1360,pltd_tim454,1,454,diesel,0.011295417706666673,0.2828,-0.2715045822933333,0.0035152758592000045
1361,plts_tim454,1,454,solar,0.7730644546205675,0.0,0.7730644546205675,0.18771822152657558
1362,batt_tim454,1,454,battery,0.33181517105625435,0.0,0.33181517105625435,0.09062664553203435
1363,pltd_tim455,1,455,diesel,0.0070799999999999735,0.1805,-0.17342000000000002,0.0022301509999999853
1364,plts_tim455,1,455,solar,0.49638203022507166,0.0,0.49638203022507166,0.11982875124625118
1365,batt_tim455,1,455,battery,0.2117976632664897,0.0,0.2117976632664897,0.05786301839861311
1366,pltd_tim456,1,456,diesel,0.00960939637333332,0.2406,-0.23099060362666668,0.002990511619200003
1367,plts_tim456,1,456,solar,0.6212649919820965,0.0,0.6212649919820965,0.15970327773170528
1368,batt_tim456,1,456,battery,0.2822848401704995,0.0,0.2822848401704995,0.07709850078780119
1369,pltd_tim457,1,457,diesel,0.007800980799999965,0.1953,-0.18749901920000003,0.002427709983999999
1370,plts_tim457,1,457,solar,0.5113842858314294,0.0,0.5113842858314294,0.1296440299708006
1371,batt_tim457,1,457,battery,0.22913739936250196,0.0,0.22913739936250196,0.06258796799051612
1372,pltd_tim458,1,458,diesel,0.012402679146666724,0.3105,-0.2980973208533333,0.0038598573104000103
1373,plts_tim458,1,458,solar,0.8285931171184031,0.0,0.8285931171184031,0.206121315189653
1374,batt_tim458,1,458,battery,0.3643010929305569,0.0,0.3643010929305569,0.099506914057584
1375,pltd_tim459,1,459,diesel,0.0038636865066666785,0.0967,-0.09283631349333332,0.0012024340832000042
1376,plts_tim459,1,459,solar,0.2591725701592203,0.0,0.2591725701592203,0.06420859870904369
1377,batt_tim459,1,459,battery,0.11348994844399651,0.0,0.11348994844399651,0.030998517188509482
1378,pltd_tim460,1,460,diesel,0.006840893973333332,0.1713,-0.16445910602666666,0.0021289688672000004
1379,plts_tim460,1,460,solar,0.44608891477900087,0.0,0.44608891477900087,0.1136941416334013
1380,batt_tim460,1,460,battery,0.20094759483936156,0.0,0.20094759483936156,0.05488808945643829
1381,pltd_tim461,1,461,diesel,0.010618443946666703,0.2659,-0.2552815560533333,0.0033045156144000097
1382,plts_tim461,1,461,solar,0.6810084271493505,0.0,0.6810084271493505,0.1764713859611212
1383,batt_tim461,1,461,battery,0.31188564619006487,0.0,0.31188564619006487,0.0851951390776119
1384,pltd_tim462,1,462,diesel,0.010655470933333255,0.2668,-0.25614452906666674,0.00331615244799999
1385,plts_tim462,1,462,solar,0.6845859107210355,0.0,0.6845859107210355,0.17708464422500345
1386,batt_tim462,1,462,battery,0.3130275156813007,0.0,0.3130275156813007,0.08549082857311277
1387,pltd_tim463,1,463,diesel,0.008354355093333331,0.2092,-0.20084564490666668,0.0025999352848
1388,plts_tim463,1,463,solar,0.5414072677341208,0.0,0.5414072677341208,0.1388460655239276
1389,batt_tim463,1,463,battery,0.24540315923449557,0.0,0.24540315923449557,0.06703103267517625
1390,pltd_tim464,1,464,diesel,0.011701371200000033,0.293,-0.28129862879999995,0.003641550976000007
1391,plts_tim464,1,464,solar,0.7827497697556177,0.0,0.7827497697556177,0.19446657902059564
1392,batt_tim464,1,464,battery,0.34372545209100874,0.0,0.34372545209100874,0.09388506848124069
1393,pltd_tim465,1,465,diesel,0.006102846186666655,0.1528,-0.14669715381333334,0.0018954346957866669
1394,plts_tim465,1,465,solar,0.4137363802976273,0.0,0.4137363802976273,0.1014246561898506
1395,batt_tim465,1,465,battery,0.17928149147066597,0.0,0.17928149147066597,0.048963083029889234
1396,pltd_tim466,1,466,diesel,0.01916996533333345,0.48,-0.46083003466666655,0.005965851360000009
1397,plts_tim466,1,466,solar,1.2987300448848909,0.0,1.2987300448848909,0.31858994260601003
1398,batt_tim466,1,466,battery,0.5631134674704863,0.0,0.5631134674704863,0.15381010014603438
1399,pltd_tim467,1,467,diesel,0.00206695850666667,0.0518,-0.04973304149333333,0.0006418496017066668
1400,plts_tim467,1,467,solar,0.14196675375056203,0.0,0.14196675375056203,0.0343537573026026
1401,batt_tim467,1,467,battery,0.06072059782172667,0.0,0.06072059782172667,0.016584309503433196
1402,pltd_tim468,1,468,diesel,0.009695609813333304,0.2428,-0.23310439018666668,0.003017365030399986
1403,plts_tim468,1,468,solar,0.6532933504053055,0.0,0.6532933504053055,0.1611353615739294
1404,batt_tim468,1,468,battery,0.28482949888850373,0.0,0.28482949888850373,0.07779345389260665
1405,pltd_tim469,1,469,diesel,0.00526620501333334,0.1319,-0.12663379498666666,0.0016388755263999875
1406,plts_tim469,1,469,solar,0.3518931195202845,0.0,0.3518931195202845,0.08751965616797712
1407,batt_tim469,1,469,battery,0.15469346516349497,0.0,0.15469346516349497,0.04225011521172384
1408,pltd_tim470,1,470,diesel,0.0033345694933333207,0.0835,-0.08016543050666669,0.0010377397967999992
1409,plts_tim470,1,470,solar,0.22448664859582065,0.0,0.22448664859582065,0.05541578948379619
1410,batt_tim470,1,470,battery,0.09794882779871233,0.0,0.09794882779871233,0.026753592442035214
1411,pltd_tim471,1,471,diesel,0.006951790400000032,0.1741,-0.1671482096,0.002163397992000005
1412,plts_tim471,1,471,solar,0.4690326477234532,0.0,0.4690326477234532,0.11553447824534467
1413,batt_tim471,1,471,battery,0.20419589333506735,0.0,0.20419589333506735,0.055775986953701555
1414,pltd_tim472,1,472,diesel,0.0025223394133333564,0.0632,-0.06067766058666665,0.0007769713354666706
1415,plts_tim472,1,472,solar,0.1685930530632584,0.0,0.1685930530632584,0.041919710141824454
1416,batt_tim472,1,472,battery,0.07408947381436881,0.0,0.07408947381436881,0.020237940768111876
1417,pltd_tim473,1,473,diesel,0.0016734516266666741,0.0419,-0.04022654837333332,0.0005207704207999996
1418,plts_tim473,1,473,solar,0.11298353305345277,0.0,0.11298353305345277,0.027810071286534024
1419,batt_tim473,1,473,battery,0.04914872043521733,0.0,0.04914872043521733,0.01342596328312186
1420,pltd_tim474,1,474,diesel,0.00236829999999999,0.0604,-0.05803170000000001,0.0007459654999999942
1421,plts_tim474,1,474,solar,0.16139182892644724,0.0,0.16139182892644724,0.040079245444492304
1422,batt_tim474,1,474,battery,0.07083669335367176,0.0,0.07083669335367176,0.019353334459754366
1423,pltd_tim475,1,475,diesel,0.004466344640000027,0.1118,-0.10733365535999997,0.001389998187200006
1424,plts_tim475,1,475,solar,0.299116802151738,0.0,0.299116802151738,0.07422835169009331
1425,batt_tim475,1,475,battery,0.1312092519407703,0.0,0.1312092519407703,0.03583537405300189
1426,pltd_tim476,1,476,diesel,0.0022301559466666554,0.0567,-0.05446984405333335,0.000699510530346665
1427,plts_tim476,1,476,solar,0.15419849982424289,0.0,0.15419849982424289,0.037625295604508495
1428,batt_tim476,1,476,battery,0.06649883353911484,0.0,0.06649883353911484,0.018167171362943678
1429,pltd_tim477,1,477,diesel,0.00490937130666668,0.1229,-0.11799062869333332,0.0015278519872000092
1430,plts_tim477,1,477,solar,0.3399078864837437,0.0,0.3399078864837437,0.08158972022556676
1431,batt_tim477,1,477,battery,0.14418983435181137,0.0,0.14418983435181137,0.03938842093285018
1432,pltd_tim478,1,478,diesel,0.007271663786666683,0.1821,-0.17482833621333332,0.002263008697600008
1433,plts_tim478,1,478,solar,0.49520109910984056,0.0,0.49520109910984056,0.12085090580812892
1434,batt_tim478,1,478,battery,0.2135908935383094,0.0,0.2135908935383094,0.058341693536777095
1435,pltd_tim479,1,479,diesel,0.007099313813333374,0.1778,-0.17070068618666664,0.0022093939504000074
1436,plts_tim479,1,479,solar,0.48554890670718737,0.0,0.48554890670718737,0.11798848327034238
1437,batt_tim479,1,479,battery,0.2085313780841258,0.0,0.2085313780841258,0.05696148688304936
1438,pltd_tim480,1,480,diesel,0.003248309866666672,0.0813,-0.07805169013333332,0.001010867536000001
1439,plts_tim480,1,480,solar,0.22231962451631537,0.0,0.22231962451631537,0.05398441821685599
1440,batt_tim480,1,480,battery,0.09542449223379441,0.0,0.09542449223379441,0.026062616346466897
1441,pltd_tim481,1,481,diesel,0.006865520533333328,0.1719,-0.16503447946666666,0.0021147892586666633
1442,plts_tim481,1,481,solar,0.4699027012105225,0.0,0.4699027012105225,0.1141033988974633
1443,batt_tim481,1,481,battery,0.20169190609008708,0.0,0.20169190609008708,0.05508688353939685
1444,pltd_tim482,1,482,diesel,0.006582833173333351,0.1648,-0.15821716682666664,0.0020486654832000168
1445,plts_tim482,1,482,solar,0.4493173605650588,0.0,0.4493173605650588,0.109400091080676
1446,batt_tim482,1,482,battery,0.19337821021176105,0.0,0.19337821021176105,0.05281588659677506
1447,pltd_tim483,1,483,diesel,0.014174447253333255,0.3549,-0.3407255527466667,0.004411229961599968
1448,plts_tim483,1,483,solar,0.9746208117155944,0.0,0.9746208117155944,0.23556823258241286
1449,batt_tim483,1,483,battery,0.41639500732224655,0.0,0.41639500732224655,0.11372770720607063
1450,pltd_tim484,1,484,diesel,0.004724841386666689,0.1183,-0.11357515861333331,0.0014703543456000023
1451,plts_tim484,1,484,solar,0.318705277778326,0.0,0.318705277778326,0.07852269763285571
1452,batt_tim484,1,484,battery,0.1387991324725715,0.0,0.1387991324725715,0.03790880113128214
1453,pltd_tim485,1,485,diesel,0.005561764693333337,0.1392,-0.13363823530666666,0.0017272900574933333
1454,plts_tim485,1,485,solar,0.37894751259836024,0.0,0.37894751259836024,0.09242759719335768
1455,batt_tim485,1,485,battery,0.1633771961957858,0.0,0.1633771961957858,0.04462153289768142
1456,pltd_tim486,1,486,diesel,0.004552301653333357,0.114,-0.10944769834666665,0.001416719673600013
1457,plts_tim486,1,486,solar,0.30696090724993813,0.0,0.30696090724993813,0.07565956658748078
1458,batt_tim486,1,486,battery,0.1337211861903856,0.0,0.1337211861903856,0.036524811949080756
1459,pltd_tim487,1,487,diesel,0.007038126933333321,0.1762,-0.16916187306666666,0.0021903133279999984
1460,plts_tim487,1,487,solar,0.4677729595099837,0.0,0.4677729595099837,0.11696545103128787
1461,batt_tim487,1,487,battery,0.20671321832320444,0.0,0.20671321832320444,0.05646488889649281
1462,pltd_tim488,1,488,diesel,0.005967605333333336,0.1494,-0.14343239466666666,0.0018571355600000014
1463,plts_tim488,1,488,solar,0.40842784808066007,0.0,0.40842784808066007,0.09917590530263969
1464,batt_tim488,1,488,battery,0.17530584580984648,0.0,0.17530584580984648,0.04788019701392082
1465,pltd_tim489,1,489,diesel,0.0044911609599999885,0.1124,-0.10790883904000001,0.0013977209007999991
1466,plts_tim489,1,489,solar,0.3002825752741202,0.0,0.3002825752741202,0.07463717469782111
1467,batt_tim489,1,489,battery,0.1319226111286771,0.0,0.1319226111286771,0.03603203928823521
1468,pltd_tim490,1,490,diesel,0.0032112469333333295,0.0804,-0.07718875306666667,0.0009994159279999955
1469,plts_tim490,1,490,solar,0.21899114214015242,0.0,0.21899114214015242,0.05337085765587219
1470,batt_tim490,1,490,battery,0.09434021777672404,0.0,0.09434021777672404,0.025766320311128937
1471,pltd_tim491,1,491,diesel,0.0061816869333333364,0.1571,-0.15091831306666664,0.001943006127999997
1472,plts_tim491,1,491,solar,0.4259353470723999,0.0,0.4259353470723999,0.10428810508278243
1473,batt_tim491,1,491,battery,0.18433066823153638,0.0,0.18433066823153638,0.050358178203165724
1474,pltd_tim492,1,492,diesel,0.002423858880000007,0.0607,-0.05827614111999999,0.0007527890412800023
1475,plts_tim492,1,492,solar,0.16431921191057047,0.0,0.16431921191057047,0.04028356778599056
1476,batt_tim492,1,492,battery,0.07120194843011063,0.0,0.07120194843011063,0.01944712537790216
1477,pltd_tim493,1,493,diesel,0.01905939200000007,0.4772,-0.45814060799999995,0.005931484160000014
1478,plts_tim493,1,493,solar,1.2995074158617976,0.0,1.2995074158617976,0.3167495541757428
1479,batt_tim493,1,493,battery,0.5597845734761049,0.0,0.5597845734761049,0.15292194975633208
1480,pltd_tim494,1,494,diesel,0.006696030643260194,0.1688,-0.16210396935673982,0.0020717893707586114
1481,plts_tim494,1,494,solar,0.46148099721308855,0.0,0.46148099721308855,0.11205848530290284
1482,batt_tim494,1,494,battery,0.1980769181500983,0.0,0.1980769181500983,0.054104534878661806
1483,pltd_tim495,1,495,diesel,0.012119591786666668,0.3035,-0.29138040821333333,0.003771648137600004
1484,plts_tim495,1,495,solar,0.8375806427044301,0.0,0.8375806427044301,0.20141831234092733
1485,batt_tim495,1,495,battery,0.35600564363361464,0.0,0.35600564363361464,0.09723686473063524
1486,pltd_tim496,1,496,diesel,0.005906049173333313,0.1479,-0.1419939508266667,0.0018379041631999976
1487,plts_tim496,1,496,solar,0.3961274121978664,0.0,0.3961274121978664,0.09815362769768876
1488,batt_tim496,1,496,battery,0.173489832995173,0.0,0.173489832995173,0.0473871579834392
1489,pltd_tim497,1,497,diesel,0.0033835866666666863,0.0847,-0.08131641333333331,0.0010529526000000076
1490,plts_tim497,1,497,solar,0.23404176723922412,0.0,0.23404176723922412,0.05623366331924125
1491,batt_tim497,1,497,battery,0.09939914998572993,0.0,0.09939914998572993,0.027147629325818972
1492,pltd_tim498,1,498,diesel,0.004970732480000016,0.1245,-0.11952926751999998,0.0015469719104000035
1493,plts_tim498,1,498,solar,0.34680910992187575,0.0,0.34680910992187575,0.08261209997400332
1494,batt_tim498,1,498,battery,0.14600573080088325,0.0,0.14600573080088325,0.03988140855051411
1495,pltd_tim499,1,499,diesel,0.0024967596800000063,0.0635,-0.06100324031999999,0.0007831275260800011
1496,plts_tim499,1,499,solar,0.17347685607201657,0.0,0.17347685607201657,0.04212426168648872
1497,batt_tim499,1,499,battery,0.07446011792761921,0.0,0.07446011792761921,0.020340774360188864
1498,pltd_tim500,1,500,diesel,0.00577072618666666,0.1445,-0.13872927381333333,0.0017959122495999973
1499,plts_tim500,1,500,solar,0.4049722993620317,0.0,0.4049722993620317,0.09590339116710458
1500,batt_tim500,1,500,battery,0.16949553889937202,0.0,0.16949553889937202,0.04629696368163252
1501,pltd_tim501,1,501,diesel,0.004301399999999988,0.1097,-0.10539860000000002,0.0013405979999999943
1502,plts_tim501,1,501,solar,0.29979469054560764,0.0,0.29979469054560764,0.07279718982395005
1503,batt_tim501,1,501,battery,0.12867808619358703,0.0,0.12867808619358703,0.035153312321557995
1504,pltd_tim502,1,502,diesel,0.004601867626666678,0.1152,-0.11059813237333332,0.0014321301007999988
1505,plts_tim502,1,502,solar,0.31631752536603464,0.0,0.31631752536603464,0.07647746480353085
1506,batt_tim502,1,502,battery,0.13515608510630822,0.0,0.13515608510630822,0.036919647868656556
1507,pltd_tim503,1,503,diesel,0.007917265706666675,0.1547,-0.14678273429333333,0.0028837852905599878
1508,plts_tim503,1,503,solar,0.433939812696531,0.0,0.433939812696531,0.10139943900396495
1509,batt_tim503,1,503,battery,0.181960191318233,0.0,0.181960191318233,0.048609517414315226
1510,pltd_tim504,1,504,diesel,0.00690774506666664,0.1349,-0.12799225493333335,0.0025023454474666583
1511,plts_tim504,1,504,solar,0.3807230369812544,0.0,0.3807230369812544,0.08847212715224605
1512,batt_tim504,1,504,battery,0.16057559302588437,0.0,0.16057559302588437,0.04241337061735588
1513,pltd_tim505,1,505,diesel,0.0056352853333333135,0.1411,-0.13546471466666668,0.0017536979599999984
1514,plts_tim505,1,505,solar,0.39829083970365925,0.0,0.39829083970365925,0.09365462254238
1515,batt_tim505,1,505,battery,0.16553183053982481,0.0,0.16553183053982481,0.04521355562248965
1516,pltd_tim506,1,506,diesel,0.005832169493333352,0.146,-0.14016783050666665,0.001814984796800008
1517,plts_tim506,1,506,solar,0.39916471150188315,0.0,0.39916471150188315,0.09692657484059586
1518,batt_tim506,1,506,battery,0.17132952235203247,0.0,0.17132952235203247,0.04679423591856675
1519,pltd_tim507,1,507,diesel,0.00872355712000002,0.1793,-0.17057644287999996,0.00333325789664
1520,plts_tim507,1,507,solar,0.5013253472177458,0.0,0.5013253472177458,0.11766724863338068
1521,batt_tim507,1,507,battery,0.20642816041395395,0.0,0.20642816041395395,0.05637953679467466
1522,pltd_tim508,1,508,diesel,0.0018949316266666466,0.0474,-0.04550506837333335,0.0005897778207999974
1523,plts_tim508,1,508,solar,0.12968569635010008,0.0,0.12968569635010008,0.03149081940121923
1524,batt_tim508,1,508,battery,0.055663648738227836,0.0,0.055663648738227836,0.01520310855675183
1525,pltd_tim509,1,509,diesel,0.0023877458133333236,0.0607,-0.058312254186666676,0.0007505413103999992
1526,plts_tim509,1,509,solar,0.1658971791209069,0.0,0.1658971791209069,0.0402837681366899
1527,batt_tim509,1,509,battery,0.07120683877001745,0.0,0.07120683877001745,0.01945202126573505
1528,pltd_tim510,1,510,diesel,0.0020177618133333307,0.0505,-0.04848223818666667,0.000627951990399999
1529,plts_tim510,1,510,solar,0.13810748216637017,0.0,0.13810748216637017,0.03353578687049946
1530,batt_tim510,1,510,battery,0.05927868805226383,0.0,0.05927868805226383,0.0161904464939148
1531,pltd_tim511,1,511,diesel,0.005044735253333303,0.1263,-0.12125526474666669,0.0015539158778666612
1532,plts_tim511,1,511,solar,0.35504893186270003,0.0,0.35504893186270003,0.08383957665604849
1533,batt_tim511,1,511,battery,0.14819487779536467,0.0,0.14819487779536467,0.04047669871558406
1534,pltd_tim512,1,512,diesel,0.002767191146666667,0.0696,-0.06683280885333333,0.0008639670703999995
1535,plts_tim512,1,512,solar,0.19380471656618234,0.0,0.19380471656618234,0.0462136817533987
1536,batt_tim512,1,512,battery,0.08168798823470803,0.0,0.08168798823470803,0.02231155488322412
1537,pltd_tim513,1,513,diesel,0.003814253866666665,0.0955,-0.09168574613333334,0.0011845819098666628
1538,plts_tim513,1,513,solar,0.26741757163164775,0.0,0.26741757163164775,0.06339033629366085
1539,batt_tim513,1,513,battery,0.11203322965303689,0.0,0.11203322965303689,0.030601520087193627
1540,pltd_tim514,1,514,diesel,0.0068447782399999975,0.1337,-0.12685522176000003,0.002520653832319996
1541,plts_tim514,1,514,solar,0.3734564274739839,0.0,0.3734564274739839,0.08766381265991441
1542,batt_tim514,1,514,battery,0.1591200647652759,0.0,0.1591200647652759,0.04202382268161991
1543,pltd_tim515,1,515,diesel,0.004527787946666661,0.1134,-0.10887221205333333,0.0014090917344000053
1544,plts_tim515,1,515,solar,0.3099000795986479,0.0,0.3099000795986479,0.07525099137518342
1545,batt_tim515,1,515,battery,0.13301525997999103,0.0,0.13301525997999103,0.03632968726010023
1546,pltd_tim516,1,516,diesel,0.006892267520000021,0.1346,-0.12770773247999997,0.0025104764972800043
1547,plts_tim516,1,516,solar,0.3774377963816196,0.0,0.3774377963816196,0.0882697889294941
1548,batt_tim516,1,516,battery,0.15839929720137316,0.0,0.15839929720137316,0.042314792761466366
1549,pltd_tim517,1,517,diesel,0.004157424959999998,0.1057,-0.10154257504,0.0013068326207999975
1550,plts_tim517,1,517,solar,0.29776500614444734,0.0,0.29776500614444734,0.0701385403889009
1551,batt_tim517,1,517,battery,0.12395088874196844,0.0,0.12395088874196844,0.03386678393887248
1552,pltd_tim518,1,518,diesel,0.0026945920000000026,0.0675,-0.06480540800000001,0.0008385571599999986
1553,plts_tim518,1,518,solar,0.18442453850873838,0.0,0.18442453850873838,0.044782606129110815
1554,batt_tim518,1,518,battery,0.07915916772963683,0.0,0.07915916772963683,0.021620159957704405
1555,pltd_tim519,1,519,diesel,0.0021742999999999958,0.0555,-0.053325700000000004,0.0006848624999999976
1556,plts_tim519,1,519,solar,0.15158243381974773,0.0,0.15158243381974773,0.0368077756185842
1557,batt_tim519,1,519,battery,0.0650626101954196,0.0,0.0650626101954196,0.017774333210739988
1558,pltd_tim520,1,520,diesel,0.00816973301333331,0.1596,-0.15143026698666667,0.0030167652285866624
1559,plts_tim520,1,520,solar,0.4575545141360802,0.0,0.4575545141360802,0.10463075674401381
1560,batt_tim520,1,520,battery,0.18521934247191044,0.0,0.18521934247191044,0.05015755770634271
1561,pltd_tim521,1,521,diesel,0.005080375626666648,0.1282,-0.12311962437333336,0.0015889134407999989
1562,plts_tim521,1,521,solar,0.3485132941016421,0.0,0.3485132941016421,0.08506608449004179
1563,batt_tim521,1,521,battery,0.15034473990754632,0.0,0.15034473990754632,0.041070895613701086
1564,pltd_tim522,1,522,diesel,0.0043311037866666695,0.1084,-0.10406889621333333,0.0013478328975999995
1565,plts_tim522,1,522,solar,0.29951127354333074,0.0,0.29951127354333074,0.07197914430274409
1566,batt_tim522,1,522,battery,0.1272223053798257,0.0,0.1272223053798257,0.03474966394772936
1567,pltd_tim523,1,523,diesel,0.0018084822399999983,0.0453,-0.04349151776,0.0005616241174399993
1568,plts_tim523,1,523,solar,0.12379220419049657,0.0,0.12379220419049657,0.030059612929461042
1569,batt_tim523,1,523,battery,0.053134125011212806,0.0,0.053134125011212806,0.014512236444850952
1570,pltd_tim524,1,524,diesel,0.004244864640006633,0.1063,-0.10205513535999337,0.001318399651840703
1571,plts_tim524,1,524,solar,0.2901796572872998,0.0,0.2901796572872998,0.07054733156189985
1572,batt_tim524,1,524,battery,0.12468493257079666,0.0,0.12468493257079666,0.03405680701744403
1573,pltd_tim525,1,525,diesel,0.003912580586666673,0.098,-0.09408741941333333,0.0012026514451199978
1574,plts_tim525,1,525,solar,0.27055085131229856,0.0,0.27055085131229856,0.06502671598458448
1575,batt_tim525,1,525,battery,0.11494235409059353,0.0,0.11494235409059353,0.03139355429720402
1576,pltd_tim526,1,526,diesel,0.003248309866694495,0.0813,-0.0780516901333055,0.00101086753600292
1577,plts_tim526,1,526,solar,0.2209917797659543,0.0,0.2209917797659543,0.05398419690330361
1578,batt_tim526,1,526,battery,0.09543050727815335,0.0,0.09543050727815335,0.026061396816614305
1579,pltd_tim527,1,527,diesel,0.0030418901314316553,0.0795,-0.07645810986856835,0.0009739684638003215
1580,plts_tim527,1,527,solar,0.2102702793768779,0.0,0.2102702793768779,0.05275753105612864
1581,batt_tim527,1,527,battery,0.09325735725971837,0.0,0.09325735725971837,0.025484310178825142
1582,pltd_tim528,1,528,diesel,0.0030759958399999955,0.077,-0.07392400416,0.000957235563199996
1583,plts_tim528,1,528,solar,0.20250190660391193,0.0,0.20250190660391193,0.05112161217905846
1584,batt_tim528,1,528,battery,0.09036524463103371,0.0,0.09036524463103371,0.024680394392236744
1585,pltd_tim529,1,529,diesel,0.00948635594666672,0.2375,-0.22801364405333327,0.0029522523744000156
1586,plts_tim529,1,529,solar,0.6492738484542141,0.0,0.6492738484542141,0.1576590097033418
1587,batt_tim529,1,529,battery,0.278682049444401,0.0,0.278682049444401,0.07611470255338974
1588,pltd_tim530,1,530,diesel,0.005849825706666673,0.1476,-0.14175017429333334,0.0018295366991999968
1589,plts_tim530,1,530,solar,0.39670493152483016,0.0,0.39670493152483016,0.0979483799756185
1590,batt_tim530,1,530,battery,0.1731144282854516,0.0,0.1731144282854516,0.04728897235394794
1591,pltd_tim531,1,531,diesel,0.007296377493333296,0.1827,-0.17540362250666672,0.0022707276367999896
1592,plts_tim531,1,531,solar,0.4909664166072857,0.0,0.4909664166072857,0.12125990864001501
1593,batt_tim531,1,531,battery,0.21431515364541262,0.0,0.21431515364541262,0.05853963746286624
1594,pltd_tim532,1,532,diesel,0.008739084479999965,0.2221,-0.21336091552000003,0.0027469838703999975
1595,plts_tim532,1,532,solar,0.6040607041493082,0.0,0.6040607041493082,0.14743413499007305
1596,batt_tim532,1,532,battery,0.2605917103886285,0.0,0.2605917103886285,0.0711895405332317
1597,pltd_tim533,1,533,diesel,0.0022270156799999957,0.0558,-0.05357298432000001,0.0006930646464
1598,plts_tim533,1,533,solar,0.1524237027634184,0.0,0.1524237027634184,0.03701204654759214
1599,batt_tim533,1,533,battery,0.06542384296515041,0.0,0.06542384296515041,0.017868689808560836
1600,pltd_tim534,1,534,diesel,0.0032112469333333447,0.0804,-0.07718875306666666,0.000999415927999999
1601,plts_tim534,1,534,solar,0.21979311340231314,0.0,0.21979311340231314,0.053370872756825755
1602,batt_tim534,1,534,battery,0.09434009590531241,0.0,0.09434009590531241,0.025766403523675305
1603,pltd_tim535,1,535,diesel,0.004478863146666641,0.1121,-0.10762113685333337,0.0013938116303999976
1604,plts_tim535,1,535,solar,0.3165082620454823,0.0,0.3165082620454823,0.07443294379237142
1605,batt_tim535,1,535,battery,0.13156767414985782,0.0,0.13156767414985782,0.03593432210048004
1606,pltd_tim536,1,536,diesel,0.0043211921066666605,0.0844,-0.08007880789333334,0.0015740669001600008
1607,plts_tim536,1,536,solar,0.23601564876164197,0.0,0.23601564876164197,0.05534525406309726
1608,batt_tim536,1,536,battery,0.10043764715740322,0.0,0.10043764715740322,0.02653094380149213
1609,pltd_tim537,1,537,diesel,0.003986424319999966,0.0998,-0.09581357568000004,0.0012405915535999945
1610,plts_tim537,1,537,solar,0.2728468361188741,0.0,0.2728468361188741,0.06625365763061399
1611,batt_tim537,1,537,battery,0.11711152839904104,0.0,0.11711152839904104,0.031985958463012505
1612,pltd_tim538,1,538,diesel,0.0031626293333333402,0.065,-0.06183737066666666,0.0011862591066666684
1613,plts_tim538,1,538,solar,0.18188121553381206,0.0,0.18188121553381206,0.04265963702519029
1614,batt_tim538,1,538,battery,0.07484426412727659,0.0,0.07484426412727659,0.02044061017339226
1615,pltd_tim539,1,539,diesel,0.0034310000000000026,0.0875,-0.08406899999999999,0.0010784509999999976
1616,plts_tim539,1,539,solar,0.24345358032861522,0.0,0.24345358032861522,0.05807422995632936
1617,batt_tim539,1,539,battery,0.10264616834668988,0.0,0.10264616834668988,0.028043593373939964
1618,pltd_tim540,1,540,diesel,0.0049340850133333,0.1235,-0.1185659149866667,0.0015324170114133266
1619,plts_tim540,1,540,solar,0.3479783433054629,0.0,0.3479783433054629,0.08199894590402104
1620,batt_tim540,1,540,battery,0.14493120457601855,0.0,0.14493120457601855,0.03958736139888275
1621,pltd_tim541,1,541,diesel,0.006976181013333334,0.1747,-0.16772381898666666,0.0021710690063999993
1622,plts_tim541,1,541,solar,0.47748207091485695,0.0,0.47748207091485695,0.11594377352811455
1623,batt_tim541,1,541,battery,0.20494499232743868,0.0,0.20494499232743868,0.05597535546623115
1624,pltd_tim542,1,542,diesel,0.006816446933333328,0.1707,-0.16388355306666666,0.0021213829279999965
1625,plts_tim542,1,542,solar,0.46228590182929186,0.0,0.46228590182929186,0.11328534480113418
1626,batt_tim542,1,542,battery,0.20026057598922226,0.0,0.20026057598922226,0.05469170497616655
1627,pltd_tim543,1,543,diesel,0.005561764693333367,0.1392,-0.13363823530666663,0.0017308302928000078
1628,plts_tim543,1,543,solar,0.3675129927601463,0.0,0.3675129927601463,0.09242748604700711
1629,batt_tim543,1,543,battery,0.16336869919192315,0.0,0.16336869919192315,0.04462092043497889
1630,pltd_tim544,1,544,diesel,0.005896000000000012,0.1503,-0.14440399999999998,0.0018533079999999975
1631,plts_tim544,1,544,solar,0.4076071761755355,0.0,0.4076071761755355,0.09978925044514225
1632,batt_tim544,1,544,battery,0.17636734251911396,0.0,0.17636734251911396,0.04818724919250273
1633,pltd_tim545,1,545,diesel,0.005183199999999976,0.1322,-0.12701680000000004,0.0016326519999999918
1634,plts_tim545,1,545,solar,0.3709548630641953,0.0,0.3709548630641953,0.08772456802353727
1635,batt_tim545,1,545,battery,0.15506189876375542,0.0,0.15506189876375542,0.04236066933803347
1636,pltd_tim546,1,546,diesel,0.004023364160000012,0.1007,-0.09667663583999998,0.0012495606009599956
1637,plts_tim546,1,546,solar,0.27063288523564294,0.0,0.27063288523564294,0.06686697983368181
1638,batt_tim546,1,546,battery,0.11819635037705226,0.0,0.11819635037705226,0.032281988440467604
1639,pltd_tim547,1,547,diesel,0.006738987413333364,0.1713,-0.16456101258666664,0.002113811665813335
1640,plts_tim547,1,547,solar,0.465255011836707,0.0,0.465255011836707,0.11369429434269893
1641,batt_tim547,1,547,battery,0.20096964197961512,0.0,0.20096964197961512,0.05489963113709748
1642,pltd_tim548,1,548,diesel,0.004096940906666678,0.1041,-0.10000305909333332,0.0012878047952000003
1643,plts_tim548,1,548,solar,0.28021904201735665,0.0,0.28021904201735665,0.06911631091800607
1644,batt_tim548,1,548,battery,0.12217270499867008,0.0,0.12217270499867008,0.03337470760714616
1645,pltd_tim549,1,549,diesel,0.010950763946666667,0.2742,-0.26324923605333334,0.003408009214399972
1646,plts_tim549,1,549,solar,0.7487371108159591,0.0,0.7487371108159591,0.18199291445285554
1647,batt_tim549,1,549,battery,0.3216742741478302,0.0,0.3216742741478302,0.08786325027060564
1648,pltd_tim550,1,550,diesel,0.005290682773333325,0.1325,-0.12720931722666667,0.0016465906911999966
1649,plts_tim550,1,550,solar,0.3562369790378419,0.0,0.3562369790378419,0.08792901056172495
1650,batt_tim550,1,550,battery,0.15540644002195075,0.0,0.15540644002195075,0.042449859872888566
1651,pltd_tim551,1,551,diesel,0.0033340015466666673,0.0841,-0.08076599845333332,0.0010427411623999939
1652,plts_tim551,1,551,solar,0.22730668622117028,0.0,0.22730668622117028,0.05582443447574404
1653,batt_tim551,1,551,battery,0.09866374575044315,0.0,0.09866374575044315,0.0269520438028979
1654,pltd_tim552,1,552,diesel,0.0055245222400000255,0.1383,-0.13277547775999998,0.0017193458352000052
1655,plts_tim552,1,552,solar,0.37811137367476383,0.0,0.37811137367476383,0.0918143728110774
1656,batt_tim552,1,552,battery,0.16229313153038424,0.0,0.16229313153038424,0.04432617544667457
1657,pltd_tim553,1,553,diesel,0.004048144533333324,0.1014,-0.09735185546666668,0.0012469898986666639
1658,plts_tim553,1,553,solar,0.27352938961534534,0.0,0.27352938961534534,0.06727590421117824
1659,batt_tim553,1,553,battery,0.11891969179535965,0.0,0.11891969179535965,0.03247938433143003
1660,pltd_tim554,1,554,diesel,0.007985397866684145,0.1999,-0.19191460213331585,0.002485202776001835
1661,plts_tim554,1,554,solar,0.542362755898573,0.0,0.542362755898573,0.13271086852140354
1662,batt_tim554,1,554,battery,0.23456791565702717,0.0,0.23456791565702717,0.06406646977425626
1663,pltd_tim555,1,555,diesel,0.0022270156800000035,0.0558,-0.053572984319999996,0.0006930646464000016
1664,plts_tim555,1,555,solar,0.15215709934780228,0.0,0.15215709934780228,0.037012014875534294
1665,batt_tim555,1,555,battery,0.06542381548976761,0.0,0.06542381548976761,0.017868515282325505
1666,pltd_tim556,1,556,diesel,0.007644585919999999,0.1571,-0.14945541408,0.002867443028799998
1667,plts_tim556,1,556,solar,0.43971938150948797,0.0,0.43971938150948797,0.103110352231467
1668,batt_tim556,1,556,battery,0.18087711356584407,0.0,0.18087711356584407,0.04940473583721296
1669,pltd_tim557,1,557,diesel,0.007533444444444155,0.1482,-0.14066655555555585,0.0027421737777776575
1670,plts_tim557,1,557,solar,0.42274064015943474,0.0,0.42274064015943474,0.09715747118003469
1671,batt_tim557,1,557,battery,0.17434663678233753,0.0,0.17434663678233753,0.0465811445649823
1672,pltd_tim558,1,558,diesel,0.007013413226666666,0.1756,-0.16858658677333335,0.0021825733888000075
1673,plts_tim558,1,558,solar,0.47666760794647783,0.0,0.47666760794647783,0.11655697594676391
1674,batt_tim558,1,558,battery,0.20602992850455792,0.0,0.20602992850455792,0.05626942877618037
1675,pltd_tim559,1,559,diesel,0.003974311039999989,0.0995,-0.09552568896000002,0.0012242602144000021
1676,plts_tim559,1,559,solar,0.2766027409738223,0.0,0.2766027409738223,0.06604894540934549
1677,batt_tim559,1,559,battery,0.11673253227723787,0.0,0.11673253227723787,0.03188704584646424
1678,pltd_tim560,1,560,diesel,0.006349029653333312,0.159,-0.1526509703466667,0.001975823113599996
1679,plts_tim560,1,560,solar,0.4338716800810951,0.0,0.4338716800810951,0.10551472305102236
1680,batt_tim560,1,560,battery,0.18648551243499262,0.0,0.18648551243499262,0.05093890423005453
1681,pltd_tim561,1,561,diesel,0.004823311679999994,0.1208,-0.11597668832000001,0.0015010707264000004
1682,plts_tim561,1,561,solar,0.3301110831326676,0.0,0.3301110831326676,0.080158652522078
1683,batt_tim561,1,561,battery,0.141690749099002,0.0,0.141690749099002,0.03869900187963399
1684,pltd_tim562,1,562,diesel,0.0031374903466666673,0.0786,-0.07546250965333334,0.0009764674863999978
1685,plts_tim562,1,562,solar,0.22021012403322252,0.0,0.22021012403322252,0.05214402812064139
1686,batt_tim562,1,562,battery,0.09217065894554213,0.0,0.09217065894554213,0.025174314334634268
1687,pltd_tim563,1,563,diesel,0.00562329514666664,0.1408,-0.13517670485333336,0.0017285397612799912
1688,plts_tim563,1,563,solar,0.3818925766744487,0.0,0.3818925766744487,0.0934496743457526
1689,batt_tim563,1,563,battery,0.16516243326192373,0.0,0.16516243326192373,0.04511322103984084
1690,pltd_tim564,1,564,diesel,0.0028175964800000097,0.0705,-0.06768240351999999,0.0008751572268800043
1691,plts_tim564,1,564,solar,0.19442261393558793,0.0,0.19442261393558793,0.04682703172194459
1692,batt_tim564,1,564,battery,0.08277240395908417,0.0,0.08277240395908417,0.022605577097815514
1693,pltd_tim565,1,565,diesel,0.0035326144000000035,0.069,-0.0654673856,0.0012797528127999982
1694,plts_tim565,1,565,solar,0.1948801204109032,0.0,0.1948801204109032,0.04524608664889367
1695,batt_tim565,1,565,battery,0.08212533598163793,0.0,0.08212533598163793,0.02169105076159122
1696,pltd_tim566,1,566,diesel,0.008046907839999987,0.2015,-0.19345309216000003,0.0024735227702400086
1697,plts_tim566,1,566,solar,0.5427228798607976,0.0,0.5427228798607976,0.133734154157224
1698,batt_tim566,1,566,battery,0.23634674675931416,0.0,0.23634674675931416,0.0645642652931694
1699,pltd_tim567,1,567,diesel,0.00226389909333334,0.0567,-0.05443610090666666,0.0006958967993600011
1700,plts_tim567,1,567,solar,0.15514707405230851,0.0,0.15514707405230851,0.03762540339317437
1701,batt_tim567,1,567,battery,0.06650773013820266,0.0,0.06650773013820266,0.018164222293004507
1702,pltd_tim568,1,568,diesel,0.0033960230399999953,0.085,-0.08160397696,0.0010546944422399947
1703,plts_tim568,1,568,solar,0.23449330099500423,0.0,0.23449330099500423,0.05643800233681508
1704,batt_tim568,1,568,battery,0.09974718120919113,0.0,0.09974718120919113,0.027245829561791297
1705,pltd_tim569,1,569,diesel,0.010212346879999994,0.2557,-0.24548765311999998,0.0031782464223999883
1706,plts_tim569,1,569,solar,0.694659721610179,0.0,0.694659721610179,0.16972324021433638
1707,batt_tim569,1,569,battery,0.29994854614115013,0.0,0.29994854614115013,0.08193691269618296
1708,pltd_tim570,1,570,diesel,0.0032358170666666607,0.081,-0.07776418293333334,0.0010070497919999993
1709,plts_tim570,1,570,solar,0.22259054049059368,0.0,0.22259054049059368,0.05377975892558025
1710,batt_tim570,1,570,battery,0.09504931064447388,0.0,0.09504931064447388,0.02596285005833277
1711,pltd_tim571,1,571,diesel,0.003926964799999995,0.0767,-0.0727730352,0.0013989602687999954
1712,plts_tim571,1,571,solar,0.22034107115418547,0.0,0.22034107115418547,0.050295797166765875
1713,batt_tim571,1,571,battery,0.0912854475173147,0.0,0.0912854475173147,0.02411109521911615
1714,pltd_tim572,1,572,diesel,0.01090022222222222,0.2144,-0.20349977777777778,0.004034636111111105
1715,plts_tim572,1,572,solar,0.6455420103206798,0.0,0.6455420103206798,0.14058633232683668
1716,batt_tim572,1,572,battery,0.24889840518680512,0.0,0.24889840518680512,0.0674059544780896
1717,pltd_tim573,1,573,diesel,0.002492036053333328,0.0487,-0.04620796394666667,0.0009298207856000032
1718,plts_tim573,1,573,solar,0.13749208660420356,0.0,0.13749208660420356,0.03191445650519118
1719,batt_tim573,1,573,battery,0.05792127095467204,0.0,0.05792127095467204,0.015299469591963938
1720,pltd_tim574,1,574,diesel,0.0035553333333333357,0.0699,-0.06634466666666666,0.0012941553333333316
1721,plts_tim574,1,574,solar,0.2064194995809697,0.0,0.2064194995809697,0.045851668518426994
1722,batt_tim574,1,574,battery,0.08321631181035793,0.0,0.08321631181035793,0.021982662283832128
1723,pltd_tim575,1,575,diesel,0.0018924819199999943,0.037,-0.035107518080000004,0.0006967182761599974
1724,plts_tim575,1,575,solar,0.11080587283412303,0.0,0.11080587283412303,0.02423892527186002
1725,batt_tim575,1,575,battery,0.04399286758017817,0.0,0.04399286758017817,0.011619506344378605
1726,pltd_tim576,1,576,diesel,0.01026736224000002,0.2006,-0.19033263775999998,0.003741681744320002
1727,plts_tim576,1,576,solar,0.5652488744199552,0.0,0.5652488744199552,0.1314962420354651
1728,batt_tim576,1,576,battery,0.23278055089011118,0.0,0.23278055089011118,0.06303971258731088
1729,pltd_tim577,1,577,diesel,0.005551553066666725,0.1084,-0.10284844693333327,0.0020268801109334447
1730,plts_tim577,1,577,solar,0.31656119749331063,0.0,0.31656119749331063,0.07110051939254101
1731,batt_tim577,1,577,battery,0.12760434051038155,0.0,0.12760434051038155,0.03408369848689861
1732,pltd_tim578,1,578,diesel,0.006607978240000026,0.1291,-0.12249202175999997,0.0024334844323200145
1733,plts_tim578,1,578,solar,0.3794869033542114,0.0,0.3794869033542114,0.08463383969637035
1734,batt_tim578,1,578,battery,0.15120137990598825,0.0,0.15120137990598825,0.04057111724709092
1735,pltd_tim579,1,579,diesel,0.005290682773333325,0.1325,-0.12720931722666667,0.0016465906911999895
1736,plts_tim579,1,579,solar,0.3617661324892804,0.0,0.3617661324892804,0.08792913744406937
1737,batt_tim579,1,579,battery,0.15542601426951275,0.0,0.15542601426951275,0.042450559047474155
1738,pltd_tim580,1,580,diesel,0.004749278186666661,0.1189,-0.11415072181333334,0.00147803720959999
1739,plts_tim580,1,580,solar,0.3176576313320105,0.0,0.3176576313320105,0.07893121746484712
1740,batt_tim580,1,580,battery,0.13951302813081676,0.0,0.13951302813081676,0.03810396188315137
1741,pltd_tim581,1,581,diesel,0.004650997653333322,0.1165,-0.11184900234666668,0.0014473477535999954
1742,plts_tim581,1,581,solar,0.31832114822168256,0.0,0.31832114822168256,0.07729588026058776
1743,batt_tim581,1,581,battery,0.1366298489683945,0.0,0.1366298489683945,0.03731696604693029
1744,pltd_tim582,1,582,diesel,0.002227015680000011,0.0558,-0.05357298431999999,0.0006930646464000047
1745,plts_tim582,1,582,solar,0.14829547754152353,0.0,0.14829547754152353,0.037012091270198874
1746,batt_tim582,1,582,battery,0.06541207165754513,0.0,0.06541207165754513,0.017868936248758373
1747,pltd_tim583,1,583,diesel,0.004331103786639915,0.1084,-0.10406889621336009,0.001347832897597189
1748,plts_tim583,1,583,solar,0.2902853419239523,0.0,0.2902853419239523,0.07197918596333722
1749,batt_tim583,1,583,battery,0.12720793270697126,0.0,0.12720793270697126,0.034749893514922435
1750,pltd_tim584,1,584,diesel,0.007394704213333325,0.1852,-0.17780529578666668,0.0023013519424000045
1751,plts_tim584,1,584,solar,0.5061141430719112,0.0,0.5061141430719112,0.1228963961010562
1752,batt_tim584,1,584,battery,0.21723507043485304,0.0,0.21723507043485304,0.059331956947794945
1753,pltd_tim585,1,585,diesel,0.00957251296000002,0.2397,-0.23012748703999997,0.0029790088608000085
1754,plts_tim585,1,585,solar,0.6222466219436249,0.0,0.6222466219436249,0.15908960627979274
1755,batt_tim585,1,585,battery,0.28119924176693045,0.0,0.28119924176693045,0.07680092610805803
1756,pltd_tim586,1,586,diesel,0.008526535786666668,0.2135,-0.20497346421333332,0.0026535882575999883
1757,plts_tim586,1,586,solar,0.5579535095598599,0.0,0.5579535095598599,0.14170880710761544
1758,batt_tim586,1,586,battery,0.25046106972796,0.0,0.25046106972796,0.06841286088748921
1759,pltd_tim587,1,587,diesel,0.007222610666666658,0.1808,-0.17357738933333333,0.002247764120000001
1760,plts_tim587,1,587,solar,0.48607380522268795,0.0,0.48607380522268795,0.12003277569938803
1761,batt_tim587,1,587,battery,0.21214612463468627,0.0,0.21214612463468627,0.057946416546419494
1762,pltd_tim588,1,588,diesel,0.00526373333333333,0.1328,-0.12753626666666668,0.0016428927333333387
1763,plts_tim588,1,588,solar,0.359744627914272,0.0,0.359744627914272,0.08813332167985025
1764,batt_tim588,1,588,battery,0.1557872217836913,0.0,0.1557872217836913,0.04255192616292463
1765,pltd_tim589,1,589,diesel,0.004257347199999995,0.1066,-0.1023426528,0.001324884455999998
1766,plts_tim589,1,589,solar,0.278191935429404,0.0,0.278191935429404,0.07075196265068971
1767,batt_tim589,1,589,battery,0.12504901673837607,0.0,0.12504901673837607,0.03415571766082141
1768,pltd_tim590,1,590,diesel,0.006777800000000012,0.1728,-0.1660222,0.002135014000000001
1769,plts_tim590,1,590,solar,0.44452442313070695,0.0,0.44452442313070695,0.11471691404844535
1770,batt_tim590,1,590,battery,0.2027691475551207,0.0,0.2027691475551207,0.05539610875653744
1771,pltd_tim591,1,591,diesel,0.004601867626666663,0.1152,-0.11059813237333334,0.001432130100800006
1772,plts_tim591,1,591,solar,0.3145217849758984,0.0,0.3145217849758984,0.07647756739096671
1773,batt_tim591,1,591,battery,0.13516584621434735,0.0,0.13516584621434735,0.03692021316817288
1774,pltd_tim592,1,592,diesel,0.004847927999999987,0.1214,-0.116552072,0.001508716440000002
1775,plts_tim592,1,592,solar,0.3310034269170924,0.0,0.3310034269170924,0.08056737351474728
1776,batt_tim592,1,592,battery,0.14241255690161797,0.0,0.14241255690161797,0.03889495067772202
1777,pltd_tim593,1,593,diesel,0.0033220305066666545,0.0832,-0.07987796949333334,0.0010338332031999975
1778,plts_tim593,1,593,solar,0.21738449208033406,0.0,0.21738449208033406,0.0552112678240691
1779,batt_tim593,1,593,battery,0.09758239594915538,0.0,0.09758239594915538,0.026654403546097397
1780,pltd_tim594,1,594,diesel,0.01633988629333333,0.4091,-0.3927601137066667,0.005085166060799996
1781,plts_tim594,1,594,solar,1.0843246998718892,0.0,1.0843246998718892,0.2715578143088344
1782,batt_tim594,1,594,battery,0.4800196756370354,0.0,0.4800196756370354,0.1311024302139227
1783,pltd_tim595,1,595,diesel,0.003391362133333316,0.0853,-0.08190863786666669,0.0010589210239999958
1784,plts_tim595,1,595,solar,0.23246767057686787,0.0,0.23246767057686787,0.056642542502396184
1785,batt_tim595,1,595,battery,0.10010963246342677,0.0,0.10010963246342677,0.027347010567328987
1786,pltd_tim596,1,596,diesel,0.004417337706666673,0.1106,-0.10618266229333333,0.0013747724591999981
1787,plts_tim596,1,596,solar,0.28287011036582627,0.0,0.28287011036582627,0.07341020128618816
1788,batt_tim596,1,596,battery,0.1297408440554694,0.0,0.1297408440554694,0.03543943335739938
1789,pltd_tim597,1,597,diesel,0.0026699961600000024,0.0669,-0.06423000384,0.0008309345968
1790,plts_tim597,1,597,solar,0.1862685801769804,0.0,0.1862685801769804,0.044373365710807376
1791,batt_tim597,1,597,battery,0.07843444538901992,0.0,0.07843444538901992,0.021421592195044945
1792,pltd_tim598,1,598,diesel,0.0027067462400000015,0.0678,-0.06509325376,0.0008423253551999968
1793,plts_tim598,1,598,solar,0.1866338227241887,0.0,0.1866338227241887,0.04498713902144135
1794,batt_tim598,1,598,battery,0.07951986170398681,0.0,0.07951986170398681,0.021719072419200767
1795,pltd_tim599,1,599,diesel,0.0029284826666666685,0.0733,-0.07037151733333334,0.0009002095760000019
1796,plts_tim599,1,599,solar,0.20417634927265899,0.0,0.20417634927265899,0.048667740766324255
1797,batt_tim599,1,599,battery,0.08601388405673974,0.0,0.08601388405673974,0.02349602237609943
1798,pltd_tim600,1,600,diesel,0.0016855084799999981,0.0422,-0.04051449152,0.0005235258988800017
1799,plts_tim600,1,600,solar,0.11735278614940908,0.0,0.11735278614940908,0.028014476606453193
1800,batt_tim600,1,600,battery,0.049508139611415286,0.0,0.049508139611415286,0.013524463576409846
1801,pltd_tim601,1,601,diesel,0.004060303999999998,0.1017,-0.097639696,0.0012610172240000012
1802,plts_tim601,1,601,solar,0.2817106193968509,0.0,0.2817106193968509,0.06748017660155803
1803,batt_tim601,1,601,battery,0.11927855765440941,0.0,0.11927855765440941,0.032576247176085385
1804,pltd_tim602,1,602,diesel,0.0032483098666666577,0.0813,-0.07805169013333334,0.0010108675360000006
1805,plts_tim602,1,602,solar,0.21557282698986,0.0,0.21557282698986,0.053984372090173365
1806,batt_tim602,1,602,battery,0.09541340547593434,0.0,0.09541340547593434,0.026062362169226055
1807,pltd_tim603,1,603,diesel,0.0030773464000000018,0.0776,-0.0745226536,0.0009624733719999976
1808,plts_tim603,1,603,solar,0.2095120772296481,0.0,0.2095120772296481,0.05153056925363943
1809,batt_tim603,1,603,battery,0.09108768111805618,0.0,0.09108768111805618,0.024880325442325654
1810,pltd_tim604,1,604,diesel,0.0015381184000000025,0.0385,-0.036961881599999996,0.00047872143200000043
1811,plts_tim604,1,604,solar,0.10320992414924338,0.0,0.10320992414924338,0.025560669217311878
1812,batt_tim604,1,604,battery,0.04518163542517545,0.0,0.04518163542517545,0.012339705546728962
1813,pltd_tim605,1,605,diesel,0.006378809031111071,0.1605,-0.15412119096888893,0.0019916689482666547
1814,plts_tim605,1,605,solar,0.4137213467684856,0.0,0.4137213467684856,0.1065369458683171
1815,batt_tim605,1,605,battery,0.18828667267845767,0.0,0.18828667267845767,0.05143517778443905
1816,pltd_tim606,1,606,diesel,0.003519007039999981,0.0881,-0.08458099296000002,0.0010951017391999953
1817,plts_tim606,1,606,solar,0.23061808293833114,0.0,0.23061808293833114,0.058483075048206316
1818,batt_tim606,1,606,battery,0.1033652769826637,0.0,0.1033652769826637,0.028234607880603578
1819,pltd_tim607,1,607,diesel,0.005854399146666658,0.1488,-0.14294560085333333,0.0018401879103999894
1820,plts_tim607,1,607,solar,0.38251245702318987,0.0,0.38251245702318987,0.0987666123673958
1821,batt_tim607,1,607,battery,0.17455431630868154,0.0,0.17455431630868154,0.047690321364104
1822,pltd_tim608,1,608,diesel,0.0017963484800000095,0.045,-0.04320365151999999,0.0005510440297600011
1823,plts_tim608,1,608,solar,0.12122553211371208,0.0,0.12122553211371208,0.029854902507279006
1824,batt_tim608,1,608,battery,0.05276941885001185,0.0,0.05276941885001185,0.014412627579918742
1825,pltd_tim609,1,609,diesel,0.0019810886399999976,0.0496,-0.04761891136,0.0006165483071999971
1826,plts_tim609,1,609,solar,0.13555231951761615,0.0,0.13555231951761615,0.032922004804013714
1827,batt_tim609,1,609,battery,0.058189856657062944,0.0,0.058189856657062944,0.01589300109200053
1828,pltd_tim610,1,610,diesel,0.0033345694933333133,0.0835,-0.08016543050666669,0.0010377397967999938
1829,plts_tim610,1,610,solar,0.2277788675138707,0.0,0.2277788675138707,0.05541582958296647
1830,batt_tim610,1,610,battery,0.09795468555297604,0.0,0.09795468555297604,0.02675381340517145
1831,pltd_tim611,1,611,diesel,0.0035435464533333386,0.0887,-0.08515645354666666,0.0011027393775999998
1832,plts_tim611,1,611,solar,0.243399895768907,0.0,0.243399895768907,0.05889223637089364
1833,batt_tim611,1,611,battery,0.10408497479302822,0.0,0.10408497479302822,0.028432398562011914
1834,pltd_tim612,1,612,diesel,0.004269680960000037,0.1069,-0.10263031903999996,0.001312490586560007
1835,plts_tim612,1,612,solar,0.294370829211313,0.0,0.294370829211313,0.07095673290881735
1836,batt_tim612,1,612,battery,0.1254243378474114,0.0,0.1254243378474114,0.034256697715495776
1837,pltd_tim613,1,613,diesel,0.003998794026666659,0.1001,-0.09610120597333334,0.0012444523727999928
1838,plts_tim613,1,613,solar,0.2746695170412192,0.0,0.2746695170412192,0.06645809612620829
1839,batt_tim613,1,613,battery,0.11745724986098674,0.0,0.11745724986098674,0.032085015447660285
1840,pltd_tim614,1,614,diesel,0.0029034663466666645,0.0727,-0.06979653365333334,0.000903573966400002
1841,plts_tim614,1,614,solar,0.19914315051863413,0.0,0.19914315051863413,0.04825879274217753
1842,batt_tim614,1,614,battery,0.08529809811497616,0.0,0.08529809811497616,0.023298051081640788
1843,pltd_tim615,1,615,diesel,0.003556013546666659,0.089,-0.08544398645333334,0.0011044324359466668
1844,plts_tim615,1,615,solar,0.24151421095158376,0.0,0.24151421095158376,0.059096159580454194
1845,batt_tim615,1,615,battery,0.10445304126906704,0.0,0.10445304126906704,0.028528788171977744
1846,pltd_tim616,1,616,diesel,0.006201106240000002,0.1553,-0.14909889376,0.0019298761552000033
1847,plts_tim616,1,616,solar,0.4234158553901353,0.0,0.4234158553901353,0.10306084678771453
1848,batt_tim616,1,616,battery,0.1821729393825512,0.0,0.1821729393825512,0.0497539981125187
1849,pltd_tim617,1,617,diesel,0.006102846186666655,0.1528,-0.14669715381333334,0.0018993218496
1850,plts_tim617,1,617,solar,0.4121401329640033,0.0,0.4121401329640033,0.10142485483569517
1851,batt_tim617,1,617,battery,0.1792587666049953,0.0,0.1792587666049953,0.048964177651261875
1852,pltd_tim618,1,618,diesel,0.005352172266666676,0.134,-0.12864782773333333,0.0016656820879999963
1853,plts_tim618,1,618,solar,0.36029896830303354,0.0,0.36029896830303354,0.08895159806381463
1854,batt_tim618,1,618,battery,0.1572348613646566,0.0,0.1572348613646566,0.04294445227406164
1855,pltd_tim619,1,619,diesel,0.006410652480000012,0.1605,-0.15408934752,0.001995012510400004
1856,plts_tim619,1,619,solar,0.4376969795005653,0.0,0.4376969795005653,0.10653700055859756
1857,batt_tim619,1,619,battery,0.18831747889765577,0.0,0.18831747889765577,0.051432135588538715
1858,pltd_tim620,1,620,diesel,0.006853443199999986,0.1716,-0.16474655680000003,0.002111028751999994
1859,plts_tim620,1,620,solar,0.46794059245151465,0.0,0.46794059245151465,0.11389837923751565
1860,batt_tim620,1,620,battery,0.20132980888898333,0.0,0.20132980888898333,0.05498595044989375
1861,pltd_tim621,1,621,diesel,0.004441774506666673,0.1112,-0.10675822549333332,0.0013823363232000033
1862,plts_tim621,1,621,solar,0.3025305798093596,0.0,0.3025305798093596,0.07381916192877391
1863,batt_tim621,1,621,battery,0.13046754280172496,0.0,0.13046754280172496,0.0356362517009812
1864,pltd_tim622,1,622,diesel,0.004958452302222217,0.1248,-0.11984154769777777,0.0015482024917333305
1865,plts_tim622,1,622,solar,0.3350517623037069,0.0,0.3350517623037069,0.08281658187093321
1866,batt_tim622,1,622,battery,0.1463705812882991,0.0,0.1463705812882991,0.03998282305747159
1867,pltd_tim623,1,623,diesel,0.003769832640000028,0.0958,-0.09203016735999997,0.0011849914272000028
1868,plts_tim623,1,623,solar,0.2612732431789002,0.0,0.2612732431789002,0.06359478098620484
1869,batt_tim623,1,623,battery,0.11241137925679978,0.0,0.11241137925679978,0.0307071738613664
1870,pltd_tim624,1,624,diesel,0.003949587093333321,0.0989,-0.09495041290666668,0.0012291986447999987
1871,plts_tim624,1,624,solar,0.2696751609090831,0.0,0.2696751609090831,0.06563993822864223
1872,batt_tim624,1,624,battery,0.1160265462761769,0.0,0.1160265462761769,0.03168849343803064
1873,pltd_tim625,1,625,diesel,0.002411678933333339,0.0604,-0.05798832106666666,0.0007489839669333338
1874,plts_tim625,1,625,solar,0.16376271923834876,0.0,0.16376271923834876,0.04007923173933502
1875,batt_tim625,1,625,battery,0.0708360487340271,0.0,0.0708360487340271,0.0193487041506273
1876,pltd_tim626,1,626,diesel,0.0029846000000000117,0.0761,-0.07311539999999998,0.0009381506000000039
1877,plts_tim626,1,626,solar,0.2074552501806432,0.0,0.2074552501806432,0.05050795195821599
1878,batt_tim626,1,626,battery,0.08926707998871489,0.0,0.08926707998871489,0.024389650301002794
1879,pltd_tim627,1,627,diesel,0.002564692533333327,0.0647,-0.062135307466666664,0.0008020557159999961
1880,plts_tim627,1,627,solar,0.17727990471000363,0.0,0.17727990471000363,0.04294203592971404
1881,batt_tim627,1,627,battery,0.07589540431987526,0.0,0.07589540431987526,0.02073242002169505
1882,pltd_tim628,1,628,diesel,0.002864821937777769,0.0721,-0.06923517806222222,0.0008926721254044449
1883,plts_tim628,1,628,solar,0.19746439911322747,0.0,0.19746439911322747,0.04784969369489113
1884,batt_tim628,1,628,battery,0.08458019248434834,0.0,0.08458019248434834,0.023101905723589666
1885,pltd_tim629,1,629,diesel,0.0022516422399859732,0.0564,-0.054148357760014025,0.0007007044351985288
1886,plts_tim629,1,629,solar,0.1539043593703646,0.0,0.1539043593703646,0.03742089576104961
1887,batt_tim629,1,629,battery,0.06614167073614821,0.0,0.06614167073614821,0.018065196789732795
1888,pltd_tim630,1,630,diesel,0.006705853120000012,0.1679,-0.16119414687999997,0.002086929577600003
1889,plts_tim630,1,630,solar,0.4578595380612686,0.0,0.4578595380612686,0.11144462886048905
1890,batt_tim630,1,630,battery,0.19699179325576244,0.0,0.19699179325576244,0.05380135228905316
1891,pltd_tim631,1,631,diesel,0.0038786669866666718,0.0986,-0.09472133301333333,0.0012166517005866657
1892,plts_tim631,1,631,solar,0.2780846936351498,0.0,0.2780846936351498,0.06543527679824888
1893,batt_tim631,1,631,battery,0.11564672760762515,0.0,0.11564672760762515,0.031595526969250644
1894,pltd_tim632,1,632,diesel,0.0038390035200000024,0.0961,-0.09226099648,0.0011922203731200014
1895,plts_tim632,1,632,solar,0.2582761489562301,0.0,0.2582761489562301,0.06379959910222265
1896,batt_tim632,1,632,battery,0.11275997633834417,0.0,0.11275997633834417,0.030800493089522624
1897,pltd_tim633,1,633,diesel,0.0026206661333333303,0.0656,-0.06297933386666668,0.0008155839439999992
1898,plts_tim633,1,633,solar,0.17824009310190367,0.0,0.17824009310190367,0.043555527675931086
1899,batt_tim633,1,633,battery,0.07697509082178274,0.0,0.07697509082178274,0.02102753299941196
1900,pltd_tim634,1,634,diesel,0.0024920360533333416,0.0487,-0.04620796394666666,0.0009298207856000015
1901,plts_tim634,1,634,solar,0.13668220840338888,0.0,0.13668220840338888,0.03191448677171472
1902,batt_tim634,1,634,battery,0.05792934369211733,0.0,0.05792934369211733,0.01529963637311968
1903,pltd_tim635,1,635,diesel,0.0016486250666666671,0.0413,-0.03965137493333334,0.0005057360074666684
1904,plts_tim635,1,635,solar,0.11307292399244476,0.0,0.11307292399244476,0.02740116812568112
1905,batt_tim635,1,635,battery,0.04843149417366589,0.0,0.04843149417366589,0.013228541862638674
1906,pltd_tim636,1,636,diesel,0.002523498986666669,0.0493,-0.046776501013333326,0.0009414893935999983
1907,plts_tim636,1,636,solar,0.13939601014476793,0.0,0.13939601014476793,0.032318517437030465
1908,batt_tim636,1,636,battery,0.058653478455411905,0.0,0.058653478455411905,0.015492910233369957
1909,pltd_tim637,1,637,diesel,0.0032973167999999753,0.0826,-0.07930268320000003,0.0010241145807999943
1910,plts_tim637,1,637,solar,0.22389505426365439,0.0,0.22389505426365439,0.05480222364672977
1911,batt_tim637,1,637,battery,0.09686417984346687,0.0,0.09686417984346687,0.02645669466433381
1912,pltd_tim638,1,638,diesel,0.0013411316266666747,0.0336,-0.032258868373333326,0.0004173468208000026
1913,plts_tim638,1,638,solar,0.08988966761695646,0.0,0.08988966761695646,0.02228898762777379
1914,batt_tim638,1,638,battery,0.039391265909230797,0.0,0.039391265909230797,0.010760611888495234
1915,pltd_tim639,1,639,diesel,0.0023132855466666694,0.0579,-0.05558671445333333,0.0007198749824000017
1916,plts_tim639,1,639,solar,0.15419438144967215,0.0,0.15419438144967215,0.03844346538295771
1917,batt_tim639,1,639,battery,0.06795411772060364,0.0,0.06795411772060364,0.018559702513273203
1918,pltd_tim640,1,640,diesel,0.0014149548800000053,0.0354,-0.033985045119999995,0.0004404142624000017
1919,plts_tim640,1,640,solar,0.09438904651942662,0.0,0.09438904651942662,0.023515704247007045
1920,batt_tim640,1,640,battery,0.04156442376781463,0.0,0.04156442376781463,0.01135207279662845
1921,pltd_tim641,1,641,diesel,0.0016611845333333291,0.0416,-0.039938815466666666,0.0005106024831999985
1922,plts_tim641,1,641,solar,0.11073703943622289,0.0,0.11073703943622289,0.027605664055085768
1923,batt_tim641,1,641,battery,0.04879409562058927,0.0,0.04879409562058927,0.013327292240045509
1924,pltd_tim642,1,642,diesel,0.0060536392533333165,0.1516,-0.1455463607466667,0.0018838861216000015
1925,plts_tim642,1,642,solar,0.40632654580219024,0.0,0.40632654580219024,0.1006067903804132
1926,batt_tim642,1,642,battery,0.17781325462256217,0.0,0.17781325462256217,0.04856817054755209
1927,pltd_tim643,1,643,diesel,0.002891599253333332,0.0724,-0.06950840074666667,0.0008998849215999991
1928,plts_tim643,1,643,solar,0.19356422638303938,0.0,0.19356422638303938,0.048053955433124004
1929,batt_tim643,1,643,battery,0.08493087691527298,0.0,0.08493087691527298,0.023197974454677032
1930,pltd_tim644,1,644,diesel,0.006336526613333341,0.1587,-0.15236347338666667,0.001971934294400003
1931,plts_tim644,1,644,solar,0.4285549536928917,0.0,0.4285549536928917,0.10531052800815348
1932,batt_tim644,1,644,battery,0.1861388175764634,0.0,0.1861388175764634,0.05084180593802902
1933,pltd_tim645,1,645,diesel,0.002399309226666668,0.0601,-0.057700690773333334,0.0007466594687999976
1934,plts_tim645,1,645,solar,0.16240386618455258,0.0,0.16240386618455258,0.03987489549824349
1935,batt_tim645,1,645,battery,0.07048421464057242,0.0,0.07048421464057242,0.01925094351631265
1936,pltd_tim646,1,646,diesel,0.004908947306666651,0.1248,-0.11989105269333335,0.0015267692037333272
1937,plts_tim646,1,646,solar,0.33343599054848483,0.0,0.33343599054848483,0.08281681564317996
1938,batt_tim646,1,646,battery,0.14637159313023695,0.0,0.14637159313023695,0.039989309264489535
1939,pltd_tim647,1,647,diesel,0.002866726506666661,0.0718,-0.06893327349333334,0.0008830439157333314
1940,plts_tim647,1,647,solar,0.192384617126616,0.0,0.192384617126616,0.04764515145166415
1941,batt_tim647,1,647,battery,0.08421910880788488,0.0,0.08421910880788488,0.023001265695241004
1942,pltd_tim648,1,648,diesel,0.002054968320000028,0.0514,-0.04934503167999997,0.0006394746736000035
1943,plts_tim648,1,648,solar,0.14029815751660102,0.0,0.14029815751660102,0.034149111777405344
1944,batt_tim648,1,648,battery,0.060362660340948664,0.0,0.060362660340948664,0.016485912776894075
1945,pltd_tim649,1,649,diesel,0.0028421666133333265,0.0712,-0.06835783338666668,0.0008845584943999996
1946,plts_tim649,1,649,solar,0.19157046471319278,0.0,0.19157046471319278,0.04723616920789112
1947,batt_tim649,1,649,battery,0.08349632830113171,0.0,0.08349632830113171,0.022804141380333463
1948,pltd_tim650,1,650,diesel,0.0021164218666666736,0.053,-0.05088357813333332,0.0006586182960000022
1949,plts_tim650,1,650,solar,0.14229991250564708,0.0,0.14229991250564708,0.035171517466698554
1950,batt_tim650,1,650,battery,0.062165874082359046,0.0,0.062165874082359046,0.01697921250487024
1951,pltd_tim651,1,651,diesel,0.0033960230400000174,0.085,-0.08160397695999999,0.0010568554192000033
1952,plts_tim651,1,651,solar,0.22981540934698957,0.0,0.22981540934698957,0.05643793753340198
1953,batt_tim651,1,651,battery,0.0997547849353384,0.0,0.0997547849353384,0.02724547246798383
1954,pltd_tim652,1,652,diesel,0.0033835866666666785,0.0847,-0.08131641333333332,0.0010529526000000065
1955,plts_tim652,1,652,solar,0.2278261761606073,0.0,0.2278261761606073,0.05623377745411477
1956,batt_tim652,1,652,battery,0.09938766562569953,0.0,0.09938766562569953,0.02714825825652831
1957,pltd_tim653,1,653,diesel,0.0039029999999999785,0.0995,-0.09559700000000003,0.0012112099999999945
1958,plts_tim653,1,653,solar,0.2678308805079265,0.0,0.2678308805079265,0.0660488802684417
1959,batt_tim653,1,653,battery,0.11672696941185393,0.0,0.11672696941185393,0.03189417455214235
1960,pltd_tim654,1,654,diesel,0.0038758407466666627,0.097,-0.09312415925333334,0.0012037761191466634
1961,plts_tim654,1,654,solar,0.2625071672164101,0.0,0.2625071672164101,0.0644127114645005
1962,batt_tim654,1,654,battery,0.1138577975988122,0.0,0.1138577975988122,0.031095538822857947
1963,pltd_tim655,1,655,diesel,0.0023623848533333323,0.0591,-0.05673761514666667,0.0007336657944533338
1964,plts_tim655,1,655,solar,0.15833425390410055,0.0,0.15833425390410055,0.03926142052227553
1965,batt_tim655,1,655,battery,0.0693999236033092,0.0,0.0693999236033092,0.018954543520439127
1966,pltd_tim656,1,656,diesel,0.0012919246933333394,0.0323,-0.031008075306666664,0.00040216309279999976
1967,plts_tim656,1,656,solar,0.08701455343513019,0.0,0.08701455343513019,0.02147083890418402
1968,batt_tim656,1,656,battery,0.03794728509161306,0.0,0.03794728509161306,0.010365259045880724
1969,pltd_tim657,1,657,diesel,0.002448639253333347,0.0613,-0.05885136074666665,0.0007605047608533373
1970,plts_tim657,1,657,solar,0.16718167804579417,0.0,0.16718167804579417,0.04069259876768424
1971,batt_tim657,1,657,battery,0.07192914816202284,0.0,0.07192914816202284,0.01964483869199339
1972,pltd_tim658,1,658,diesel,0.001513291840000007,0.0379,-0.036386708159999996,0.00046516639424000055
1973,plts_tim658,1,658,solar,0.10300715516003654,0.0,0.10300715516003654,0.025151896224337677
1974,batt_tim658,1,658,battery,0.044459717768047066,0.0,0.044459717768047066,0.012142885686744065
1975,pltd_tim659,1,659,diesel,0.0019317688533333302,0.0484,-0.04646823114666667,0.0005938313427199999
1976,plts_tim659,1,659,solar,0.13295623138835833,0.0,0.13295623138835833,0.032104290626525714
1977,batt_tim659,1,659,battery,0.0567365752557521,0.0,0.0567365752557521,0.015499206024901065
1978,pltd_tim660,1,660,diesel,0.0031989131733333397,0.0801,-0.07690108682666666,0.0009934487963733354
1979,plts_tim660,1,660,solar,0.21842919617729326,0.0,0.21842919617729326,0.05316634851436939
1980,batt_tim660,1,660,battery,0.09397833607398838,0.0,0.09397833607398838,0.025666779117856347
1981,pltd_tim661,1,661,diesel,0.0023870421333333463,0.0598,-0.057412957866666656,0.0007337156768000034
1982,plts_tim661,1,661,solar,0.16108109410619478,0.0,0.16108109410619478,0.03967029006951057
1983,batt_tim661,1,661,battery,0.07011844072682483,0.0,0.07011844072682483,0.019151064604865667
1984,pltd_tim662,1,662,diesel,0.003703470293333333,0.0927,-0.08899652970666667,0.001140781732266668
1985,plts_tim662,1,662,solar,0.2491316056755209,0.0,0.2491316056755209,0.061550381084556904
1986,batt_tim662,1,662,battery,0.10878426970552275,0.0,0.10878426970552275,0.029715056689310446
1987,pltd_tim663,1,663,diesel,0.002276402133333337,0.057,-0.05472359786666667,0.0007084282239999994
1988,plts_tim663,1,663,solar,0.15396411674267457,0.0,0.15396411674267457,0.03782997753822192
1989,batt_tim663,1,663,battery,0.06686040336662116,0.0,0.06686040336662116,0.018263332450160326
1990,pltd_tim664,1,664,diesel,0.0021653621333333297,0.0542,-0.05203463786666667,0.0006738440239999965
1991,plts_tim664,1,664,solar,0.14570747293334232,0.0,0.14570747293334232,0.035989540709380874
1992,batt_tim664,1,664,battery,0.06361636296252568,0.0,0.06361636296252568,0.017374491062067524
1993,pltd_tim665,1,665,diesel,0.003937294293333326,0.0986,-0.09466270570666667,0.001225373900799997
1994,plts_tim665,1,665,solar,0.26364320829103743,0.0,0.26364320829103743,0.06543555301029708
1995,batt_tim665,1,665,battery,0.11566621108118783,0.0,0.11566621108118783,0.03159089314552441
1996,pltd_tim666,1,666,diesel,0.004294307520000003,0.1075,-0.10320569248,0.0013364302895999933
1997,plts_tim666,1,666,solar,0.2855966885981576,0.0,0.2855966885981576,0.07136540808708408
1998,batt_tim666,1,666,battery,0.12613202050326963,0.0,0.12613202050326963,0.03445228426318622
1999,pltd_tim667,1,667,diesel,0.0024732555733333397,0.0619,-0.05942674442666666,0.0007618481130666643
2000,plts_tim667,1,667,solar,0.16622231459409134,0.0,0.16622231459409134,0.041101714645340875
2001,batt_tim667,1,667,battery,0.07265254795146198,0.0,0.07265254795146198,0.019842809179230442
2002,pltd_tim668,1,668,diesel,0.005450832320000001,0.1365,-0.13104916768000002,0.0016963483935999895
2003,plts_tim668,1,668,solar,0.3701942518177067,0.0,0.3701942518177067,0.09058696980220526
2004,batt_tim668,1,668,battery,0.1601029031250631,0.0,0.1601029031250631,0.04373124082896873
2005,pltd_tim669,1,669,diesel,0.0026822427733333393,0.0672,-0.06451775722666665,0.0008346984912000059
2006,plts_tim669,1,669,solar,0.18314447340004922,0.0,0.18314447340004922,0.04457797186493285
2007,batt_tim669,1,669,battery,0.07879713155799098,0.0,0.07879713155799098,0.02152061464994051
2008,pltd_tim670,1,670,diesel,0.003617267093333328,0.0906,-0.08698273290666667,0.0011257750447999963
2009,plts_tim670,1,670,solar,0.24577216919660136,0.0,0.24577216919660136,0.06011903867140772
2010,batt_tim670,1,670,battery,0.10626089701685033,0.0,0.10626089701685033,0.029024233665352894
2011,pltd_tim671,1,671,diesel,0.0038881540266666806,0.0974,-0.09351184597333331,0.0012099731728000052
2012,plts_tim671,1,671,solar,0.2623091749975762,0.0,0.2623091749975762,0.06461754116327376
2013,batt_tim671,1,671,battery,0.11422094447345604,0.0,0.11422094447345604,0.03119529165398983
2014,pltd_tim672,1,672,diesel,0.005327791893333345,0.1334,-0.12807220810666664,0.0016546959406933397
2015,plts_tim672,1,672,solar,0.36182125216049216,0.0,0.36182125216049216,0.08854212443351096
2016,batt_tim672,1,672,battery,0.15647830624194342,0.0,0.15647830624194342,0.04274426120877631
2017,pltd_tim673,1,673,diesel,0.0034821698133333575,0.0872,-0.08371783018666665,0.001083708830400008
2018,plts_tim673,1,673,solar,0.2342331504569257,0.0,0.2342331504569257,0.057869514631994017
2019,batt_tim673,1,673,battery,0.10227913651188414,0.0,0.10227913651188414,0.02793801893340043
2020,pltd_tim674,1,674,diesel,0.002916292480000012,0.073,-0.07008370751999998,0.0009075807104000039
2021,plts_tim674,1,674,solar,0.19359282258632207,0.0,0.19359282258632207,0.04846303225108193
2022,batt_tim674,1,674,battery,0.0856596340601263,0.0,0.0856596340601263,0.023396005641916077
2023,pltd_tim675,1,675,diesel,0.0016486250666666621,0.0413,-0.039651374933333344,0.0005130746320000004
2024,plts_tim675,1,675,solar,0.10946994894790787,0.0,0.10946994894790787,0.02740107442243002
2025,batt_tim675,1,675,battery,0.048428950959085976,0.0,0.048428950959085976,0.013228025518682093
2026,pltd_tim676,1,676,diesel,0.006791753706666669,0.1701,-0.16330824629333332,0.0021092948929066616
2027,plts_tim676,1,676,solar,0.4666433517522654,0.0,0.4666433517522654,0.11287641312775698
2028,batt_tim676,1,676,battery,0.1994827521858668,0.0,0.1994827521858668,0.05449377928354424
2029,pltd_tim677,1,677,diesel,0.007862167680000039,0.1969,-0.18903783231999996,0.00244173177408
2030,plts_tim677,1,677,solar,0.5368309421577545,0.0,0.5368309421577545,0.13066648585235782
2031,batt_tim677,1,677,battery,0.23096939499409064,0.0,0.23096939499409064,0.0630810042779468
2032,pltd_tim678,1,678,diesel,0.0033463904000000134,0.0838,-0.08045360959999999,0.0010414169920000037
2033,plts_tim678,1,678,solar,0.222882545732785,0.0,0.222882545732785,0.05562041247153057
2034,batt_tim678,1,678,battery,0.09831710676136615,0.0,0.09831710676136615,0.026852461345913386
2035,pltd_tim679,1,679,diesel,0.0034572406399999995,0.0866,-0.08314275936,0.001062775711040004
2036,plts_tim679,1,679,solar,0.2292625961425123,0.0,0.2292625961425123,0.05746066167619966
2037,batt_tim679,1,679,battery,0.10157108855996222,0.0,0.10157108855996222,0.027740506208941914
2038,pltd_tim680,1,680,diesel,0.002362384853333325,0.0591,-0.05673761514666668,0.000724662103573331
2039,plts_tim680,1,680,solar,0.15733900894937725,0.0,0.15733900894937725,0.039261419237436486
2040,batt_tim680,1,680,battery,0.06939112857413819,0.0,0.06939112857413819,0.018954536440440647
2041,pltd_tim681,1,681,diesel,0.0038019303466666488,0.0952,-0.09139806965333336,0.0011831956863999934
2042,plts_tim681,1,681,solar,0.252210933440017,0.0,0.252210933440017,0.06318590462245822
2043,batt_tim681,1,681,battery,0.11168324268244303,0.0,0.11168324268244303,0.030503298889437494
2044,pltd_tim682,1,682,diesel,0.005819969066666679,0.1457,-0.13988003093333332,0.0018112257520000092
2045,plts_tim682,1,682,solar,0.3973718215673436,0.0,0.3973718215673436,0.09672167980104263
2046,batt_tim682,1,682,battery,0.17096782449448605,0.0,0.17096782449448605,0.04669364830791207
2047,pltd_tim683,1,683,diesel,0.003531299840000024,0.0884,-0.08486870015999998,0.0010989264832000072
2048,plts_tim683,1,683,solar,0.24111197231598538,0.0,0.24111197231598538,0.05868745141096277
2049,batt_tim683,1,683,battery,0.10373787537568119,0.0,0.10373787537568119,0.028332159375126197
2050,pltd_tim684,1,684,diesel,0.002903466346666672,0.0727,-0.06979653365333333,0.0009035739664000015
2051,plts_tim684,1,684,solar,0.19831078596999396,0.0,0.19831078596999396,0.04825860622271571
2052,batt_tim684,1,684,battery,0.0852921465323202,0.0,0.0852921465323202,0.02329702328168977
2053,pltd_tim685,1,685,diesel,0.0037651238400000196,0.0943,-0.09053487615999997,0.0011717360032000017
2054,plts_tim685,1,685,solar,0.2533878705091578,0.0,0.2533878705091578,0.0625724692126931
2055,batt_tim685,1,685,battery,0.11059115532009725,0.0,0.11059115532009725,0.030207146543827768
2056,pltd_tim686,1,686,diesel,0.00221436906666667,0.0555,-0.05328563093333333,0.0006890697519999997
2057,plts_tim686,1,686,solar,0.14749640299045952,0.0,0.14749640299045952,0.03680777618626216
2058,batt_tim686,1,686,battery,0.06506342884974352,0.0,0.06506342884974352,0.01777012908688213
2059,pltd_tim687,1,687,diesel,0.002288279466666666,0.0573,-0.05501172053333333,0.0007121883439999978
2060,plts_tim687,1,687,solar,0.15686898586779355,0.0,0.15686898586779355,0.03803426797474356
2061,batt_tim687,1,687,battery,0.06722116724051978,0.0,0.06722116724051978,0.018361211537659735
2062,pltd_tim688,1,688,diesel,0.0012674878933333427,0.0317,-0.030432512106666657,0.0003936177166933332
2063,plts_tim688,1,688,solar,0.08573345054063763,0.0,0.08573345054063763,0.021061968920228092
2064,batt_tim688,1,688,battery,0.03722488778341303,0.0,0.03722488778341303,0.010168014519123565
2065,pltd_tim689,1,689,diesel,0.0023379121066666583,0.0585,-0.056162087893333344,0.0007261096833066614
2066,plts_tim689,1,689,solar,0.16138216975294303,0.0,0.16138216975294303,0.03885232740646821
2067,batt_tim689,1,689,battery,0.06867140067120704,0.0,0.06867140067120704,0.018756704385275807
2068,pltd_tim690,1,690,diesel,0.0017474441600000017,0.0437,-0.04195255584,0.0005437506368000016
2069,plts_tim690,1,690,solar,0.1204900071127038,0.0,0.1204900071127038,0.02903696121016796
2070,batt_tim690,1,690,battery,0.05131932343192573,0.0,0.05131932343192573,0.014018245677563048
2071,pltd_tim691,1,691,diesel,0.002214369066666671,0.0555,-0.05328563093333333,0.0006890697520000026
2072,plts_tim691,1,691,solar,0.1527008506905354,0.0,0.1527008506905354,0.03680779667814339
2073,batt_tim691,1,691,battery,0.06506244023541072,0.0,0.06506244023541072,0.017770242005685947
2074,pltd_tim692,1,692,diesel,0.00466320832000003,0.1168,-0.11213679167999997,0.0014512618736000152
2075,plts_tim692,1,692,solar,0.31840166435683115,0.0,0.31840166435683115,0.07750000773365803
2076,batt_tim692,1,692,battery,0.1369910075461895,0.0,0.1369910075461895,0.037414140002494975
2077,pltd_tim693,1,693,diesel,0.002534509120000002,0.0635,-0.06096549088,0.0007887434576000015
2078,plts_tim693,1,693,solar,0.17276098673227147,0.0,0.17276098673227147,0.04212408177150704
2079,batt_tim693,1,693,battery,0.07445980213469716,0.0,0.07445980213469716,0.020335819262475234
2080,pltd_tim694,1,694,diesel,0.0020669585066666737,0.0518,-0.049733041493333324,0.0006431626432000033
2081,plts_tim694,1,694,solar,0.14113927924634176,0.0,0.14113927924634176,0.034353852499040466
2082,batt_tim694,1,694,battery,0.0607250623576475,0.0,0.0607250623576475,0.016584834075470886
2083,pltd_tim695,1,695,diesel,0.0024732555733333475,0.0619,-0.05942674442666665,0.0007697118352000032
2084,plts_tim695,1,695,solar,0.17085520735843693,0.0,0.17085520735843693,0.04110174630276886
2085,batt_tim695,1,695,battery,0.07264193897694776,0.0,0.07264193897694776,0.01984298362484925
2086,pltd_tim696,1,696,diesel,0.005450832320000017,0.1365,-0.13104916768,0.001696348393599997
2087,plts_tim696,1,696,solar,0.36993771463087316,0.0,0.36993771463087316,0.09058753918789779
2088,batt_tim696,1,696,battery,0.16012556090426888,0.0,0.16012556090426888,0.04373437838137858
2089,pltd_tim697,1,697,diesel,0.0038881540266549144,0.0974,-0.09351184597334508,0.0012099731727987719
2090,plts_tim697,1,697,solar,0.27002696001841997,0.0,0.27002696001841997,0.06461731553392389
2091,batt_tim697,1,697,battery,0.11419568016339643,0.0,0.11419568016339643,0.031194048342244898
2092,pltd_tim698,1,698,diesel,0.003925047679999993,0.0983,-0.09437495232000001,0.0012215610063999974
2093,plts_tim698,1,698,solar,0.2694259913661459,0.0,0.2694259913661459,0.06523095519472545
2094,batt_tim698,1,698,battery,0.11528867059520734,0.0,0.11528867059520734,0.0314916852020351
2095,pltd_tim699,1,699,diesel,0.0016486250666666675,0.0413,-0.03965137493333334,0.0005130746320000005
2096,plts_tim699,1,699,solar,0.11277973249966694,0.0,0.11277973249966694,0.02740112463151631
2097,batt_tim699,1,699,battery,0.04842822795629077,0.0,0.04842822795629077,0.013228302191668045
2098,pltd_tim700,1,700,diesel,0.006127462506666692,0.1534,-0.14727253749333333,0.0018835443382400087
2099,plts_tim700,1,700,solar,0.41254418111186275,0.0,0.41254418111186275,0.10183416215427567
2100,batt_tim700,1,700,battery,0.180005950803702,0.0,0.180005950803702,0.049163241630673385
2101,pltd_tim701,1,701,diesel,0.0067426134400000075,0.1688,-0.16205738656,0.002098370411199996
2102,plts_tim701,1,701,solar,0.45095497064760576,0.0,0.45095497064760576,0.11205782444623007
2103,batt_tim701,1,701,battery,0.19805156864108664,0.0,0.19805156864108664,0.054096002089380216
2104,pltd_tim702,1,702,diesel,0.003383586666666671,0.0847,-0.08131641333333332,0.0010400381200000026
2105,plts_tim702,1,702,solar,0.22527466140046087,0.0,0.22527466140046087,0.05623353486776051
2106,batt_tim702,1,702,battery,0.09938126646785744,0.0,0.09938126646785744,0.027146921504638728
2107,pltd_tim703,1,703,diesel,0.010448033386666665,0.2656,-0.25515196661333334,0.003284172505599998
2108,plts_tim703,1,703,solar,0.7276083360015253,0.0,0.7276083360015253,0.17626641854634925
2109,batt_tim703,1,703,battery,0.3115518616713554,0.0,0.3115518616713554,0.08511057884876233
2110,pltd_tim704,1,704,diesel,0.001414954880000012,0.0354,-0.03398504511999999,0.0004404142624000035
2111,plts_tim704,1,704,solar,0.0970244481030958,0.0,0.0970244481030958,0.02351586113947999
2112,batt_tim704,1,704,battery,0.04156422162621014,0.0,0.04156422162621014,0.011352937339526192
2113,pltd_tim705,1,705,diesel,0.002448639253333332,0.0613,-0.05885136074666667,0.0007526979571199957
2114,plts_tim705,1,705,solar,0.1660555968079709,0.0,0.1660555968079709,0.040692721806024755
2115,batt_tim705,1,705,battery,0.07193443169721117,0.0,0.07193443169721117,0.01964551668451555
2116,pltd_tim706,1,706,diesel,0.00687820309333332,0.1722,-0.16532179690666668,0.0021405723247999854
2117,plts_tim706,1,706,solar,0.45221770702028286,0.0,0.45221770702028286,0.11430716960898395
2118,batt_tim706,1,706,battery,0.20204249330845667,0.0,0.20204249330845667,0.05518232605178857
2119,pltd_tim707,1,707,diesel,0.0036049076266666757,0.0903,-0.08669509237333332,0.001121866300800006
2120,plts_tim707,1,707,solar,0.24150041252093307,0.0,0.24150041252093307,0.059914352840072654
2121,batt_tim707,1,707,battery,0.10590051463217853,0.0,0.10590051463217853,0.02892424398460046
2122,pltd_tim708,1,708,diesel,0.0038786669866666817,0.0986,-0.09472133301333331,0.001219218033600001
2123,plts_tim708,1,708,solar,0.26883483628510446,0.0,0.26883483628510446,0.06543534650558132
2124,batt_tim708,1,708,battery,0.11566464595784473,0.0,0.11566464595784473,0.031595911085697016
2125,pltd_tim709,1,709,diesel,0.006717986880000011,0.1682,-0.16148201312,0.002090702622399996
2126,plts_tim709,1,709,solar,0.4587005781673794,0.0,0.4587005781673794,0.11164928389650837
2127,batt_tim709,1,709,battery,0.1973541438985486,0.0,0.1973541438985486,0.05390015450523454
2128,pltd_tim710,1,710,diesel,0.013546803519999944,0.3392,-0.3256531964800001,0.0042159813695999875
2129,plts_tim710,1,710,solar,0.9249614617431746,0.0,0.9249614617431746,0.22513872831542237
2130,batt_tim710,1,710,battery,0.3979607440211541,0.0,0.3979607440211541,0.10868866337892544
2131,pltd_tim711,1,711,diesel,0.004527787946666677,0.1134,-0.10887221205333332,0.001409091734400009
2132,plts_tim711,1,711,solar,0.2907415026760681,0.0,0.2907415026760681,0.0752506160726894
2133,batt_tim711,1,711,battery,0.13299321359082472,0.0,0.13299321359082472,0.03632761918698237
2134,pltd_tim712,1,712,diesel,0.008024060800000014,0.2039,-0.1958759392,0.002522239384000006
2135,plts_tim712,1,712,solar,0.5604491094307826,0.0,0.5604491094307826,0.13536904480285095
2136,batt_tim712,1,712,battery,0.23929651375046687,0.0,0.23929651375046687,0.06536203424837649
2137,pltd_tim713,1,713,diesel,0.009621976320000027,0.2409,-0.23127802367999997,0.0029883384899199892
2138,plts_tim713,1,713,solar,0.6503259785205104,0.0,0.6503259785205104,0.15990783223659832
2139,batt_tim713,1,713,battery,0.28264025714334046,0.0,0.28264025714334046,0.0771981643839056
2140,pltd_tim714,1,714,diesel,0.01490022794666664,0.3731,-0.35819977205333337,0.004637061934399968
2141,plts_tim714,1,714,solar,1.007884910138559,0.0,1.007884910138559,0.2476326969310066
2142,batt_tim714,1,714,battery,0.4376952834110265,0.0,0.4376952834110265,0.11955027421666718
2143,pltd_tim715,1,715,diesel,0.0216430413866666,0.5419,-0.5202569586133334,0.006735530345599975
2144,plts_tim715,1,715,solar,1.4670666438197606,0.0,1.4670666438197606,0.35968995847136886
2145,batt_tim715,1,715,battery,0.6356725455173462,0.0,0.6356725455173462,0.17364371448100524
2146,pltd_tim716,1,716,diesel,0.01711509962666664,0.4285,-0.41138490037333336,0.00532631046079998
2147,plts_tim716,1,716,solar,1.1676903741244236,0.0,1.1676903741244236,0.28443920097672765
2148,batt_tim716,1,716,battery,0.502681397623562,0.0,0.502681397623562,0.13731487984845964
2149,pltd_tim717,1,717,diesel,0.009166462080000071,0.2295,-0.22033353791999993,0.002852688518400014
2150,plts_tim717,1,717,solar,0.6258260410030028,0.0,0.6258260410030028,0.15234200480343088
2151,batt_tim717,1,717,battery,0.2692479102072899,0.0,0.2692479102072899,0.07354576417967226
2152,pltd_tim718,1,718,diesel,0.017582470719999913,0.4402,-0.42261752928000007,0.005471830425599969
2153,plts_tim718,1,718,solar,1.1883308155002017,0.0,1.1883308155002017,0.2922103458899246
2154,batt_tim718,1,718,battery,0.5164527324950283,0.0,0.5164527324950283,0.14107007384283832
2155,pltd_tim719,1,719,diesel,0.02265355072000005,0.5758,-0.5531464492799999,0.007120653825600024
2156,plts_tim719,1,719,solar,1.5496713283441779,0.0,1.5496713283441779,0.3821849751068823
2157,batt_tim719,1,719,battery,0.6755204060850823,0.0,0.6755204060850823,0.18454655940919973
2158,pltd_tim720,1,720,diesel,0.017336497493333346,0.4341,-0.41676350250666666,0.005395260236800009
2159,plts_tim720,1,720,solar,1.1881364242215384,0.0,1.1881364242215384,0.2881202333864736
2160,batt_tim720,1,720,battery,0.5092195379869046,0.0,0.5092195379869046,0.13909335131991368
2161,pltd_tim721,1,721,diesel,0.009951861439999956,0.1944,-0.18444813856000003,0.0036234555715199896
2162,plts_tim721,1,721,solar,0.5645180025832293,0.0,0.5645180025832293,0.12745606465284195
2163,batt_tim721,1,721,battery,0.22399301531153143,0.0,0.22399301531153143,0.06110031611498104
2164,pltd_tim722,1,722,diesel,0.0063556442666666746,0.1242,-0.11784435573333334,0.0023098263791999927
2165,plts_tim722,1,722,solar,0.3696773200163277,0.0,0.3696773200163277,0.08140243959303789
2166,batt_tim722,1,722,battery,0.14607107271725614,0.0,0.14607107271725614,0.03902381885946916
2167,pltd_tim723,1,723,diesel,0.007649361813333339,0.1494,-0.14175063818666667,0.002778674884906666
2168,plts_tim723,1,723,solar,0.41718440653212957,0.0,0.41718440653212957,0.09796544259568774
2169,batt_tim723,1,723,battery,0.17581069218932555,0.0,0.17581069218932555,0.04696378564625427
2170,pltd_tim724,1,724,diesel,0.004889144960000295,0.0955,-0.0906108550399997,0.0018052262502401934
2171,plts_tim724,1,724,solar,0.2694616074462035,0.0,0.2694616074462035,0.06261729764616875
2172,batt_tim724,1,724,battery,0.11365287973506355,0.0,0.11365287973506355,0.03001861673569357
2173,pltd_tim725,1,725,diesel,0.004304000000000002,0.0878,-0.083496,0.0016370339999999982
2174,plts_tim725,1,725,solar,0.24531649558468774,0.0,0.24531649558468774,0.0575923966354712
2175,batt_tim725,1,725,battery,0.1028839199516121,0.0,0.1028839199516121,0.027612685280427363
2176,pltd_tim726,1,726,diesel,0.002050175893333339,0.04,-0.03794982410666666,0.000763270996480002
2177,plts_tim726,1,726,solar,0.11569514663831948,0.0,0.11569514663831948,0.026258825349643012
2178,batt_tim726,1,726,battery,0.04765067418077007,0.0,0.04765067418077007,0.012588402603712029
2179,pltd_tim727,1,727,diesel,0.0037122222222222144,0.073,-0.06928777777777778,0.0013744832075733276
2180,plts_tim727,1,727,solar,0.21155742957073112,0.0,0.21155742957073112,0.04787186262189826
2181,batt_tim727,1,727,battery,0.08688335846790783,0.0,0.08688335846790783,0.022952176239418528
2182,pltd_tim728,1,728,diesel,0.002325532159999999,0.0582,-0.055874467840000004,0.000722180408959998
2183,plts_tim728,1,728,solar,0.15878059823318846,0.0,0.15878059823318846,0.038647788325986254
2184,batt_tim728,1,728,battery,0.0683145085279688,0.0,0.0683145085279688,0.018657742950770086
2185,pltd_tim729,1,729,diesel,0.007049658879999991,0.1377,-0.13065034111999999,0.002546918289920001
2186,plts_tim729,1,729,solar,0.41447420789491285,0.0,0.41447420789491285,0.09028955622884291
2187,batt_tim729,1,729,battery,0.1620051357874671,0.0,0.1620051357874671,0.04328224224528651
2188,pltd_tim730,1,730,diesel,0.003201723200000006,0.0625,-0.059298276799999994,0.0011347701055999995
2189,plts_tim730,1,730,solar,0.18298788462780846,0.0,0.18298788462780846,0.041004173286041466
2190,batt_tim730,1,730,battery,0.07441471064178273,0.0,0.07441471064178273,0.019657564077707704
2191,pltd_tim731,1,731,diesel,0.009194454293333217,0.1796,-0.1704055457066668,0.003359378386453319
2192,plts_tim731,1,731,solar,0.5180742517718729,0.0,0.5180742517718729,0.11776030889062349
2193,batt_tim731,1,731,battery,0.21037005213690005,0.0,0.21037005213690005,0.05645123536315657
2194,pltd_tim732,1,732,diesel,0.0010826913066666756,0.0271,-0.026017308693333324,0.00033703158720000217
2195,plts_tim732,1,732,solar,0.07392945635261405,0.0,0.07392945635261405,0.017994657923824608
2196,batt_tim732,1,732,battery,0.031808199828335285,0.0,0.031808199828335285,0.008687152649291882
2197,pltd_tim733,1,733,diesel,0.004053411306666669,0.0792,-0.07514658869333334,0.0014953195428622247
2198,plts_tim733,1,733,solar,0.22680138059299462,0.0,0.22680138059299462,0.05191139223295157
2199,batt_tim733,1,733,battery,0.09421805358345157,0.0,0.09421805358345157,0.02488498336729355
2200,pltd_tim734,1,734,diesel,0.0028298995200000043,0.0709,-0.06807010048,0.0008698578467200015
2201,plts_tim734,1,734,solar,0.19491034881244196,0.0,0.19491034881244196,0.047031659093033154
2202,batt_tim734,1,734,battery,0.08312256662408253,0.0,0.08312256662408253,0.022704401958884794
2203,pltd_tim735,1,735,diesel,0.005090778986666659,0.1294,-0.12430922101333333,0.001600120793599996
2204,plts_tim735,1,735,solar,0.3548428439603226,0.0,0.3548428439603226,0.08588394788867254
2205,batt_tim735,1,735,battery,0.1517896517503699,0.0,0.1517896517503699,0.04146932216585594
2206,pltd_tim736,1,736,diesel,0.006053639253333346,0.1516,-0.14554636074666666,0.0018800347608533383
2207,plts_tim736,1,736,solar,0.41333435121967793,0.0,0.41333435121967793,0.10060701340349243
2208,batt_tim736,1,736,battery,0.17783564065766524,0.0,0.17783564065766524,0.0485693994976448
2209,pltd_tim737,1,737,diesel,0.002202389120000002,0.0551,-0.05289761088,0.0006854248576000037
2210,plts_tim737,1,737,solar,0.15037966168705835,0.0,0.15037966168705835,0.0366029152429129
2211,batt_tim737,1,737,battery,0.06469995906583452,0.0,0.06469995906583452,0.017670551241367967
2212,pltd_tim738,1,738,diesel,0.0022270156800000165,0.0558,-0.05357298431999999,0.0006859847248000019
2213,plts_tim738,1,738,solar,0.15546794629003424,0.0,0.15546794629003424,0.037011981326514544
2214,batt_tim738,1,738,battery,0.06542306773614508,0.0,0.06542306773614508,0.017868330413247816
2215,pltd_tim739,1,739,diesel,0.0022143690666666695,0.0555,-0.05328563093333333,0.0006876621210666644
2216,plts_tim739,1,739,solar,0.15628802871571845,0.0,0.15628802871571845,0.03680758264690479
2217,batt_tim739,1,739,battery,0.06504778068500096,0.0,0.06504778068500096,0.01776906260438154
2218,pltd_tim740,1,740,diesel,0.00415639999999998,0.106,-0.10184360000000002,0.0013092309999999956
2219,plts_tim740,1,740,solar,0.29153255202520384,0.0,0.29153255202520384,0.07034336542394565
2220,batt_tim740,1,740,battery,0.1243321592085247,0.0,0.1243321592085247,0.03396888290903387
2221,pltd_tim741,1,741,diesel,0.004700214826666693,0.1177,-0.11299978517333331,0.0014597317716266702
2222,plts_tim741,1,741,solar,0.3243061955012701,0.0,0.3243061955012701,0.07811333344610928
2223,batt_tim741,1,741,battery,0.13806489855819104,0.0,0.13806489855819104,0.03770914784936471
2224,pltd_tim742,1,742,diesel,0.0016486250666666602,0.0413,-0.039651374933333344,0.0005067843823999994
2225,plts_tim742,1,742,solar,0.11361137337179449,0.0,0.11361137337179449,0.027401139656433437
2226,batt_tim742,1,742,battery,0.04842805243465105,0.0,0.04842805243465105,0.013228384985221834
2227,pltd_tim743,1,743,diesel,0.0020983252266666827,0.0431,-0.041001674773333316,0.0008118542551466698
2228,plts_tim743,1,743,solar,0.1204606313577114,0.0,0.1204606313577114,0.02830494941103006
2229,batt_tim743,1,743,battery,0.0496594650447235,0.0,0.0496594650447235,0.013562356303646932
2230,pltd_tim744,1,744,diesel,0.002957503146666678,0.0752,-0.07224249685333332,0.0009276493335466677
2231,plts_tim744,1,744,solar,0.21251498732246232,0.0,0.21251498732246232,0.04989480545794997
2232,batt_tim744,1,744,battery,0.08819384880346687,0.0,0.08819384880346687,0.024093218422261878
2233,pltd_tim745,1,745,diesel,0.002259599999999995,0.0576,-0.055340400000000005,0.0007117669999999978
2234,plts_tim745,1,745,solar,0.15835131667693658,0.0,0.15835131667693658,0.03823890611429253
2235,batt_tim745,1,745,battery,0.0675875621330792,0.0,0.0675875621330792,0.018465314077716122
2236,pltd_tim746,1,746,diesel,0.0018452989866666798,0.0462,-0.04435470101333332,0.0005742763936000004
2237,plts_tim746,1,746,solar,0.12601725829627675,0.0,0.12601725829627675,0.030672962591405496
2238,batt_tim746,1,746,battery,0.054218262371676575,0.0,0.054218262371676575,0.014807806490290726
2239,pltd_tim747,1,747,diesel,0.010113876586666671,0.2532,-0.2430861234133333,0.0031475300416000033
2240,plts_tim747,1,747,solar,0.6954325285943241,0.0,0.6954325285943241,0.16808779269751478
2241,batt_tim747,1,747,battery,0.29711533037145255,0.0,0.29711533037145255,0.08114950778116357
2242,pltd_tim748,1,748,diesel,0.004700214826666693,0.1177,-0.11299978517333331,0.001462721556799999
2243,plts_tim748,1,748,solar,0.3302829638019057,0.0,0.3302829638019057,0.07811370058595991
2244,batt_tim748,1,748,battery,0.13805503236486535,0.0,0.13805503236486535,0.03771117094291668
2245,pltd_tim749,1,749,diesel,0.0029846000000000117,0.0761,-0.07311539999999998,0.0009381506000000028
2246,plts_tim749,1,749,solar,0.20900552156170912,0.0,0.20900552156170912,0.05050792848156476
2247,batt_tim749,1,749,battery,0.08926064987175586,0.0,0.08926064987175586,0.024389520934872542
2248,pltd_tim750,1,750,diesel,0.003039399573333323,0.0761,-0.07306060042666668,0.0009439593547733303
2249,plts_tim750,1,750,solar,0.21285251410344225,0.0,0.21285251410344225,0.05050771941676618
2250,batt_tim750,1,750,battery,0.08925901740246184,0.0,0.08925901740246184,0.024382614945521897
2251,pltd_tim751,1,751,diesel,0.0014516690133333395,0.0364,-0.034948330986666665,0.00045186424640000376
2252,plts_tim751,1,751,solar,0.09938163260104889,0.0,0.09938163260104889,0.02412932956469455
2253,batt_tim751,1,751,battery,0.04264878894693849,0.0,0.04264878894693849,0.011649025302802315
2254,pltd_tim752,1,752,diesel,0.0039572432,0.0813,-0.0773427568,0.0014843420479999977
2255,plts_tim752,1,752,solar,0.22745439592611424,0.0,0.22745439592611424,0.05337505687336059
2256,batt_tim752,1,752,battery,0.09364461849163262,0.0,0.09364461849163262,0.025576072214080765
2257,pltd_tim753,1,753,diesel,0.0012180911999999824,0.0305,-0.029281908800000016,0.00037905257599999835
2258,plts_tim753,1,753,solar,0.08245104295167317,0.0,0.08245104295167317,0.020244202380504922
2259,batt_tim753,1,753,battery,0.0357841671700173,0.0,0.0357841671700173,0.00977357783324068
2260,pltd_tim754,1,754,diesel,0.0028053858133333257,0.0702,-0.06739461418666667,0.0008730385104000001
2261,plts_tim754,1,754,solar,0.19314475950933535,0.0,0.19314475950933535,0.046622792460638704
2262,batt_tim754,1,754,battery,0.08239464440977619,0.0,0.08239464440977619,0.022507787142494594
2263,pltd_tim755,1,755,diesel,0.004109567359999981,0.1029,-0.09879043264000002,0.0012632389769599913
2264,plts_tim755,1,755,solar,0.281959393075208,0.0,0.281959393075208,0.06829811141336739
2265,batt_tim755,1,755,battery,0.12070916788300277,0.0,0.12070916788300277,0.032971109663359845
2266,pltd_tim756,1,756,diesel,0.004134024639999989,0.1035,-0.09936597536000001,0.001286560587199997
2267,plts_tim756,1,756,solar,0.29267801510823654,0.0,0.29267801510823654,0.06870743231808872
2268,batt_tim756,1,756,battery,0.12143855517069958,0.0,0.12143855517069958,0.03317065793643477
2269,pltd_tim757,1,757,diesel,0.0056844922666666525,0.1423,-0.13661550773333336,0.0017690636879999899
2270,plts_tim757,1,757,solar,0.3866660543998697,0.0,0.3866660543998697,0.09447245478177146
2271,batt_tim757,1,757,battery,0.1669589465643977,0.0,0.1669589465643977,0.04560828311988639
2272,pltd_tim758,1,758,diesel,0.0029527501866666596,0.0739,-0.07094724981333334,0.0009189197695999998
2273,plts_tim758,1,758,solar,0.20284253430047558,0.0,0.20284253430047558,0.0490768295028027
2274,batt_tim758,1,758,battery,0.08674328945837753,0.0,0.08674328945837753,0.02369352577188561
2275,pltd_tim759,1,759,diesel,0.0021779113600000214,0.0545,-0.05232208863999998,0.0006763256041600021
2276,plts_tim759,1,759,solar,0.15072081964983014,0.0,0.15072081964983014,0.036194119309862174
2277,batt_tim759,1,759,battery,0.06396855692057953,0.0,0.06396855692057953,0.017473883931336354
2278,pltd_tim760,1,760,diesel,0.016386052693333424,0.3201,-0.30371394730666657,0.005821177532800014
2279,plts_tim760,1,760,solar,0.897282916029069,0.0,0.897282916029069,0.20986848961743715
2280,batt_tim760,1,760,battery,0.36984507162306807,0.0,0.36984507162306807,0.10060802562995289
2281,pltd_tim761,1,761,diesel,0.005199736426666657,0.1322,-0.12700026357333336,0.0016309520612266591
2282,plts_tim761,1,761,solar,0.3668756295190406,0.0,0.3668756295190406,0.08772436697503133
2283,batt_tim761,1,761,battery,0.15506220173162283,0.0,0.15506220173162283,0.04235782515219567
2284,pltd_tim762,1,762,diesel,0.0030731046400000023,0.0773,-0.07422689535999999,0.0009594799872000004
2285,plts_tim762,1,762,solar,0.21350202140741126,0.0,0.21350202140741126,0.05132568312348447
2286,batt_tim762,1,762,battery,0.09071785650684677,0.0,0.09071785650684677,0.024778895120334297
2287,pltd_tim763,1,763,diesel,0.004626427520000043,0.1158,-0.11117357247999995,0.0014397418896000102
2288,plts_tim763,1,763,solar,0.32149863129467926,0.0,0.32149863129467926,0.07688670123559792
2289,batt_tim763,1,763,battery,0.13590575359262963,0.0,0.13590575359262963,0.03711817286697605
2290,pltd_tim764,1,764,diesel,0.0041340246400000035,0.1035,-0.09936597536,0.0012865605872000013
2291,plts_tim764,1,764,solar,0.2868522462237631,0.0,0.2868522462237631,0.06870700311329975
2292,batt_tim764,1,764,battery,0.12143059608637648,0.0,0.12143059608637648,0.033168292839212125
2293,pltd_tim765,1,765,diesel,0.004737098240000008,0.1186,-0.11386290176,0.0014742733152000049
2294,plts_tim765,1,765,solar,0.32328915429352845,0.0,0.32328915429352845,0.07872721054709962
2295,batt_tim765,1,765,battery,0.13916018045863487,0.0,0.13916018045863487,0.03800828004329694
2296,pltd_tim766,1,766,diesel,0.0026206661333333255,0.0656,-0.06297933386666668,0.0008055859407999994
2297,plts_tim766,1,766,solar,0.17830000357090223,0.0,0.17830000357090223,0.04355539494785447
2298,batt_tim766,1,766,battery,0.07699511225573895,0.0,0.07699511225573895,0.021026801612406422
2299,pltd_tim767,1,767,diesel,0.003998794026666659,0.1001,-0.09610120597333334,0.0012419081668266713
2300,plts_tim767,1,767,solar,0.2694596155454181,0.0,0.2694596155454181,0.06645802058128944
2301,batt_tim767,1,767,battery,0.1174583968333131,0.0,0.1174583968333131,0.03208459916368044
2302,pltd_tim768,1,768,diesel,0.0035927533866666615,0.09,-0.08640724661333334,0.0011043386259199995
2303,plts_tim768,1,768,solar,0.24664501653434376,0.0,0.24664501653434376,0.05971004634684322
2304,batt_tim768,1,768,battery,0.10554478035049919,0.0,0.10554478035049919,0.028826154774400578
2305,pltd_tim769,1,769,diesel,0.0027193159466666634,0.0681,-0.06538068405333333,0.000844533490346664
2306,plts_tim769,1,769,solar,0.18478830035608262,0.0,0.18478830035608262,0.045191409487387035
2307,batt_tim769,1,769,battery,0.07986564231515103,0.0,0.07986564231515103,0.021817010625888963
2308,pltd_tim770,1,770,diesel,0.0041465636266666845,0.1038,-0.09965343637333332,0.0012904671808000056
2309,plts_tim770,1,770,solar,0.28181886108923176,0.0,0.28181886108923176,0.06891161388727321
2310,batt_tim770,1,770,battery,0.12181006586672125,0.0,0.12181006586672125,0.033267972791778455
2311,pltd_tim771,1,771,diesel,0.0049953385600000145,0.1251,-0.12010466143999997,0.0015386802416000036
2312,plts_tim771,1,771,solar,0.3400668736376258,0.0,0.3400668736376258,0.08302133976585856
2313,batt_tim771,1,771,battery,0.1467222106400694,0.0,0.1467222106400694,0.040080518806816616
2314,pltd_tim772,1,772,diesel,0.0024853893333333394,0.0622,-0.05971461066666666,0.0007640092160000022
2315,plts_tim772,1,772,solar,0.16776160517130412,0.0,0.16776160517130412,0.04130629307351143
2316,batt_tim772,1,772,battery,0.0730000378520522,0.0,0.0730000378520522,0.019942115004245368
2317,pltd_tim773,1,773,diesel,0.0034907875200000113,0.0887,-0.08520921247999999,0.001083356414719999
2318,plts_tim773,1,773,solar,0.23974863561773324,0.0,0.23974863561773324,0.05889195991420465
2319,batt_tim773,1,773,battery,0.10407835848082236,0.0,0.10407835848082236,0.028436414858465205
2320,pltd_tim774,1,774,diesel,0.0013534910933333255,0.0339,-0.032546508906666674,0.0004212065647999964
2321,plts_tim774,1,774,solar,0.09197404404126994,0.0,0.09197404404126994,0.022493477608810757
2322,batt_tim774,1,774,battery,0.039760385451699104,0.0,0.039760385451699104,0.010859175196250917
2323,pltd_tim775,1,775,diesel,0.005746002240000007,0.1439,-0.13815399775999998,0.0017881572352000082
2324,plts_tim775,1,775,solar,0.38912646905479353,0.0,0.38912646905479353,0.09549479230891714
2325,batt_tim775,1,775,battery,0.16876674461526647,0.0,0.16876674461526647,0.04610116274831199
2326,pltd_tim776,1,776,diesel,0.002103918826666682,0.0527,-0.050596081173333314,0.000654708476800004
2327,plts_tim776,1,776,solar,0.14365919031059488,0.0,0.14365919031059488,0.034967148363886105
2328,batt_tim776,1,776,battery,0.061809094381488405,0.0,0.061809094381488405,0.016880885059614166
2329,pltd_tim777,1,777,diesel,0.00408500746666669,0.1023,-0.09821499253333331,0.0012713477840000063
2330,plts_tim777,1,777,solar,0.27402976822110653,0.0,0.27402976822110653,0.06788935119375344
2331,batt_tim777,1,777,battery,0.11999646952244082,0.0,0.11999646952244082,0.032775478804495585
2332,pltd_tim778,1,778,diesel,0.002313285546679866,0.0579,-0.055586714453320134,0.000719874982401387
2333,plts_tim778,1,778,solar,0.15634473425264125,0.0,0.15634473425264125,0.03844337184400338
2334,batt_tim778,1,778,battery,0.06794898203782931,0.0,0.06794898203782931,0.018559187074676964
2335,pltd_tim779,1,779,diesel,0.0032482472533333254,0.0819,-0.07865175274666668,0.0010158939616000011
2336,plts_tim779,1,779,solar,0.22098302042670856,0.0,0.22098302042670856,0.05439342207177326
2337,batt_tim779,1,779,battery,0.09612859419955731,0.0,0.09612859419955731,0.026262238246400508
2338,pltd_tim780,1,780,diesel,0.004626427519999999,0.1158,-0.11117357248,0.001422068454719999
2339,plts_tim780,1,780,solar,0.3126751018986005,0.0,0.3126751018986005,0.07688677126141996
2340,batt_tim780,1,780,battery,0.1358898297871302,0.0,0.1358898297871302,0.03711855873843304
