ID,Resource,Zone,Village,technology,Total_MW,Start_MW,Change_in_MW,Electricity_GWh
1,pltd_bel1,1,1,diesel,0.013490035093333476,0.2773,-0.2638099649066665,0.005222318684800015
2,plts_bel1,1,1,solar,0.7547062026153615,0.0,0.7547062026153615,0.1819601942379548
3,batt_bel1,1,1,battery,0.42379867056473375,0.0,0.42379867056473375,0.08718860034518032
4,pltd_bel2,1,2,diesel,0.04115969045333325,0.846,-0.8048403095466667,0.01593376649759998
5,plts_bel2,1,2,solar,2.2899269600290584,0.0,2.2899269600290584,0.5551808268491171
6,batt_bel2,1,2,battery,1.2930564610417727,0.0,1.2930564610417727,0.2660219789938886
7,pltd_bel3,1,3,diesel,0.04096502304000013,0.842,-0.8010349769599998,0.015858355419199995
8,plts_bel3,1,3,solar,2.245884162735069,0.0,2.245884162735069,0.5525523252299755
9,batt_bel3,1,3,battery,1.2869307585675198,0.0,1.2869307585675198,0.2647617153063944
10,pltd_bel4,1,4,diesel,0.018931328533333222,0.3891,-0.37016867146666677,0.007328698496000002
11,plts_bel4,1,4,solar,1.0462175103394913,0.0,1.0462175103394913,0.255351271259062
12,batt_bel4,1,4,battery,0.5947441068620093,0.0,0.5947441068620093,0.1223573790461229
13,pltd_bel5,1,5,diesel,0.02131441109333335,0.4381,-0.4167855889066666,0.008251279164800004
14,plts_bel5,1,5,solar,1.18280093044791,0.0,1.18280093044791,0.28749650126099763
15,batt_bel5,1,5,battery,0.6695859561046148,0.0,0.6695859561046148,0.13775468266923904
16,pltd_bel6,1,6,diesel,0.01873629184000007,0.3851,-0.3663637081599999,0.007253213643200011
17,plts_bel6,1,6,solar,1.0482027927029691,0.0,1.0482027927029691,0.2527224234456047
18,batt_bel6,1,6,battery,0.5886095217737506,0.0,0.5886095217737506,0.12109530260393453
19,pltd_bel7,1,7,diesel,0.01744737066666656,0.3586,-0.3411526293333334,0.006754261919999994
20,plts_bel7,1,7,solar,0.962283600903475,0.0,0.962283600903475,0.23533380750626912
21,batt_bel7,1,7,battery,0.548081569294305,0.0,0.548081569294305,0.11275742688017039
22,pltd_bel8,1,8,diesel,0.034489831573333525,0.7089,-0.6744101684266665,0.013351635315200066
23,plts_bel8,1,8,solar,1.8946698365341856,0.0,1.8946698365341856,0.46521072109826794
24,batt_bel8,1,8,battery,1.0834883803712823,0.0,1.0834883803712823,0.22290728911171384
25,pltd_bel9,1,9,diesel,0.033245480959999976,0.6833,-0.65005451904,0.012870096500799988
26,plts_bel9,1,9,solar,1.863223941462398,0.0,1.863223941462398,0.44843111089725074
27,batt_bel9,1,9,battery,1.0444390725408863,0.0,1.0444390725408863,0.21487365256842592
28,pltd_bel10,1,10,diesel,0.019305888640000032,0.3968,-0.37749411135999994,0.007473692307199997
29,plts_bel10,1,10,solar,1.0800683074207442,0.0,1.0800683074207442,0.2604052644971549
30,batt_bel10,1,10,battery,0.6065033498820718,0.0,0.6065033498820718,0.12477661203649734
31,pltd_bel11,1,11,diesel,0.03212142634666654,0.6602,-0.6280785736533334,0.012434872766399966
32,plts_bel11,1,11,solar,1.7939911231644101,0.0,1.7939911231644101,0.4332668894006541
33,batt_bel11,1,11,battery,1.0090954104062553,0.0,1.0090954104062553,0.20760234241012113
34,pltd_bel12,1,12,diesel,0.013819768213333335,0.284,-0.2701802317866666,0.0053499146624
35,plts_bel12,1,12,solar,0.7690421289104317,0.0,0.7690421289104317,0.18640768164127622
36,batt_bel12,1,12,battery,0.43414779895525724,0.0,0.43414779895525724,0.08931772274629943
37,pltd_bel13,1,13,diesel,0.01612154506666666,0.2672,-0.25107845493333336,0.004958689231999989
38,plts_bel13,1,13,solar,1.0763963117341637,0.0,1.0763963117341637,0.27711830966250844
39,batt_bel13,1,13,battery,0.6159426218209626,0.0,0.6159426218209626,0.126329354272864
40,pltd_bel14,1,14,diesel,0.009997441920000018,0.2055,-0.19550255807999997,0.0038702344016000073
41,plts_bel14,1,14,solar,0.5593215368432535,0.0,0.5593215368432535,0.13485282363019183
42,batt_bel14,1,14,battery,0.31408253638208394,0.0,0.31408253638208394,0.06461656769601987
43,pltd_bel15,1,15,diesel,0.010554632319999993,0.1749,-0.16434536768000002,0.003246414393600007
44,plts_bel15,1,15,solar,0.7106767006870419,0.0,0.7106767006870419,0.1814266667334977
45,batt_bel15,1,15,battery,0.403263508761781,0.0,0.403263508761781,0.08270904049202783
46,pltd_bel16,1,16,diesel,0.023877396586666533,0.4908,-0.46692260341333347,0.009243457641599985
47,plts_bel16,1,16,solar,1.293544858503932,0.0,1.293544858503932,0.3220698339623127
48,batt_bel16,1,16,battery,0.7501317256477793,0.0,0.7501317256477793,0.15432546537989436
49,pltd_bel17,1,17,diesel,0.013480379199999925,0.2234,-0.20991962080000007,0.004146398815999975
50,plts_bel17,1,17,solar,0.9033748674957217,0.0,0.9033748674957217,0.23171664126677985
51,batt_bel17,1,17,battery,0.5150633574302935,0.0,0.5150633574302935,0.1056391458832349
52,pltd_bel18,1,18,diesel,0.006310648000000003,0.1297,-0.12338935200000001,0.002442907039999998
53,plts_bel18,1,18,solar,0.3386090404629882,0.0,0.3386090404629882,0.08511677955738653
54,batt_bel18,1,18,battery,0.1982392866674703,0.0,0.1982392866674703,0.040783980156432274
55,pltd_bel19,1,19,diesel,0.009877684480000013,0.203,-0.19312231552,0.003823863870400005
56,plts_bel19,1,19,solar,0.563811760205065,0.0,0.563811760205065,0.13323494774666383
57,batt_bel19,1,19,battery,0.31030495741869923,0.0,0.31030495741869923,0.06383938175444555
58,pltd_bel20,1,20,diesel,0.002158332159999976,0.0444,-0.042241667840000025,0.000835561876799996
59,plts_bel20,1,20,solar,0.12185526265510344,0.0,0.12185526265510344,0.02911377997311002
60,batt_bel20,1,20,battery,0.0678098369855962,0.0,0.0678098369855962,0.013950605329191667
61,pltd_bel21,1,21,diesel,0.008093886719999983,0.1664,-0.15830611328000002,0.0031333981056000056
62,plts_bel21,1,21,solar,0.4566367805250125,0.0,0.4566367805250125,0.10917611242582644
63,batt_bel21,1,21,battery,0.25427999069243806,0.0,0.25427999069243806,0.05231331437629764
64,pltd_bel22,1,22,diesel,0.005755908053340765,0.1183,-0.11254409194665924,0.0022281883456054578
65,plts_bel22,1,22,solar,0.3280666212649614,0.0,0.3280666212649614,0.07763643136167878
66,batt_bel22,1,22,battery,0.1808237924557703,0.0,0.1808237924557703,0.03720108580368515
67,pltd_bel23,1,23,diesel,0.005561061120000027,0.1143,-0.10873893887999997,0.0021527374176000054
68,plts_bel23,1,23,solar,0.31110708413065724,0.0,0.31110708413065724,0.0750080948643011
69,batt_bel23,1,23,battery,0.17469951041541706,0.0,0.17469951041541706,0.03594112668880914
70,pltd_bel24,1,24,diesel,0.003267776106666643,0.0672,-0.06393222389333335,0.001265065491200001
71,plts_bel24,1,24,solar,0.18312981205809495,0.0,0.18312981205809495,0.044074747594617276
72,batt_bel24,1,24,battery,0.10265406747139792,0.0,0.10265406747139792,0.021119140733305685
73,pltd_bel25,1,25,diesel,0.0023832056533333442,0.049,-0.04661679434666666,0.0009225865936000033
74,plts_bel25,1,25,solar,0.13722544220456823,0.0,0.13722544220456823,0.0321462407231408
75,batt_bel25,1,25,battery,0.07486775208361035,0.0,0.07486775208361035,0.015402635755790421
76,pltd_bel26,1,26,diesel,0.006669699840000042,0.1371,-0.13043030015999996,0.002582065483200009
77,plts_bel26,1,26,solar,0.37846532621020945,0.0,0.37846532621020945,0.08996923443488287
78,batt_bel26,1,26,battery,0.20954403367083627,0.0,0.20954403367083627,0.04310975797568594
79,pltd_bel27,1,27,diesel,0.006100662079999977,0.1254,-0.11929933792000004,0.0023617505183999997
80,plts_bel27,1,27,solar,0.35379347859067756,0.0,0.35379347859067756,0.08228629958201286
81,batt_bel27,1,27,battery,0.191651628053264,0.0,0.191651628053264,0.03942871799081665
82,pltd_bel28,1,28,diesel,0.004526614293333329,0.093,-0.08847338570666667,0.001752416500799995
83,plts_bel28,1,28,solar,0.2585063345676629,0.0,0.2585063345676629,0.061057798263713874
84,batt_bel28,1,28,battery,0.14220985521928364,0.0,0.14220985521928364,0.029257010462789976
85,pltd_bel29,1,29,diesel,0.003222482453333333,0.0662,-0.06297751754666667,0.0012474716575999972
86,plts_bel29,1,29,solar,0.18160344356722297,0.0,0.18160344356722297,0.0434684074933648
87,batt_bel29,1,29,battery,0.1012435178889859,0.0,0.1012435178889859,0.020828940508962217
88,pltd_bel30,1,30,diesel,0.0024733981866518345,0.0508,-0.04832660181334816,0.0009575158095890997
89,plts_bel30,1,30,solar,0.14972704905542017,0.0,0.14972704905542017,0.03335903894428244
90,batt_bel30,1,30,battery,0.07769163262440652,0.0,0.07769163262440652,0.015983573841637698
91,pltd_bel31,1,31,diesel,0.005036224639999992,0.1035,-0.09846377536,0.0019496775872000023
92,plts_bel31,1,31,solar,0.29715736757847333,0.0,0.29715736757847333,0.06793195957381934
93,batt_bel31,1,31,battery,0.15822357607636486,0.0,0.15822357607636486,0.03255153097061726
94,pltd_bel32,1,32,diesel,0.007554372906666674,0.1553,-0.14774562709333333,0.002924527155199998
95,plts_bel32,1,32,solar,0.4368461888919568,0.0,0.4368461888919568,0.10189777821518675
96,batt_bel32,1,32,battery,0.23732890270332918,0.0,0.23732890270332918,0.04882594711390208
97,pltd_bel33,1,33,diesel,0.004466863786666631,0.0918,-0.08733313621333337,0.001729251697599988
98,plts_bel33,1,33,solar,0.25755488161165335,0.0,0.25755488161165335,0.06024904151214629
99,batt_bel33,1,33,battery,0.14032488116090533,0.0,0.14032488116090533,0.02886920081203937
100,pltd_bel34,1,34,diesel,0.0035970835200000166,0.0739,-0.07030291647999998,0.0013925047696000024
101,plts_bel34,1,34,solar,0.20410689798780393,0.0,0.20410689798780393,0.04852282506014602
102,batt_bel34,1,34,battery,0.11301335842559324,0.0,0.11301335842559324,0.023250381134746256
103,pltd_bel35,1,35,diesel,0.0036873529600219557,0.0758,-0.07211264703997805,0.001427456060816136
104,plts_bel35,1,35,solar,0.21023596336120728,0.0,0.21023596336120728,0.04973564469935913
105,batt_bel35,1,35,battery,0.11583593992476308,0.0,0.11583593992476308,0.023831057438895176
106,pltd_bel36,1,36,diesel,0.0021583321599999935,0.0444,-0.04224166784000001,0.0008355618767999995
107,plts_bel36,1,36,solar,0.12394416703839023,0.0,0.12394416703839023,0.02911379704773901
108,batt_bel36,1,36,battery,0.0678102935477089,0.0,0.0678102935477089,0.013950699417511854
109,pltd_bel37,1,37,diesel,0.0037770531199999746,0.0776,-0.07382294688000003,0.0014622005775999905
110,plts_bel37,1,37,solar,0.21724778154909363,0.0,0.21724778154909363,0.05094873383859349
111,batt_bel37,1,37,battery,0.11866011240658685,0.0,0.11866011240658685,0.02441207938714942
112,pltd_bel38,1,38,diesel,0.007719326613333355,0.1587,-0.15098067338666665,0.0029882922943999944
113,plts_bel38,1,38,solar,0.44545168077891323,0.0,0.44545168077891323,0.10412188349582685
114,batt_bel38,1,38,battery,0.24251276088636695,0.0,0.24251276088636695,0.0498924354690625
115,pltd_bel39,1,39,diesel,0.0034625666133333457,0.0712,-0.06773743338666666,0.0013405524943999993
116,plts_bel39,1,39,solar,0.19370700151170084,0.0,0.19370700151170084,0.04670288365622067
117,batt_bel39,1,39,battery,0.1087741130639366,0.0,0.1087741130639366,0.022378232725816054
118,pltd_bel40,1,40,diesel,0.0031028890666666654,0.0638,-0.06069711093333333,0.0012012233520000007
119,plts_bel40,1,40,solar,0.17931979475133034,0.0,0.17931979475133034,0.04185059513223196
120,batt_bel40,1,40,battery,0.09746969638362045,0.0,0.09746969638362045,0.020052546678736502
121,pltd_bel41,1,41,diesel,0.0033574660266666714,0.069,-0.06564253397333333,0.0012997949328000017
122,plts_bel41,1,41,solar,0.19102816292094876,0.0,0.19102816292094876,0.04528790782477151
123,batt_bel41,1,41,battery,0.1054795793454064,0.0,0.1054795793454064,0.02170043277870135
124,pltd_bel42,1,42,diesel,0.0037770531199999885,0.0776,-0.07382294688000002,0.0014622005775999963
125,plts_bel42,1,42,solar,0.2113176606035448,0.0,0.2113176606035448,0.050948873602867095
126,batt_bel42,1,42,battery,0.11866384959303224,0.0,0.11866384959303224,0.024412849546532084
127,pltd_bel43,1,43,diesel,0.006640232320000028,0.1365,-0.12985976768,0.002570557393599998
128,plts_bel43,1,43,solar,0.3749929102600453,0.0,0.3749929102600453,0.08956480452505342
129,batt_bel43,1,43,battery,0.20860204040670174,0.0,0.20860204040670174,0.04291594009341308
130,pltd_bel44,1,44,diesel,0.00520121429333331,0.1069,-0.10169878570666668,0.002013495500800003
131,plts_bel44,1,44,solar,0.29505625681508374,0.0,0.29505625681508374,0.0701559021756523
132,batt_bel44,1,44,battery,0.16340083826265356,0.0,0.16340083826265356,0.033616642248367655
133,pltd_bel45,1,45,diesel,0.003941883733333337,0.081,-0.07705811626666667,0.001526008792000003
134,plts_bel45,1,45,solar,0.22491275087061519,0.0,0.22491275087061519,0.05317296248999603
135,batt_bel45,1,45,battery,0.1238452105072414,0.0,0.1238452105072414,0.02547882918933231
136,pltd_bel46,1,46,diesel,0.005321274346666678,0.1094,-0.10407872565333331,0.0020599538064000004
137,plts_bel46,1,46,solar,0.2992123641788777,0.0,0.2992123641788777,0.07177289572361298
138,batt_bel46,1,46,battery,0.1671574447115641,0.0,0.1671574447115641,0.03438948839975913
139,pltd_bel47,1,47,diesel,0.005501243946666724,0.1131,-0.10759875605333329,0.0021296496144000048
140,plts_bel47,1,47,solar,0.30775198298175,0.0,0.30775198298175,0.07419922546488181
141,batt_bel47,1,47,battery,0.17281545490639133,0.0,0.17281545490639133,0.03555350633270911
142,pltd_bel48,1,48,diesel,0.005336008106666627,0.1097,-0.10436399189333338,0.0020657708511999974
143,plts_bel48,1,48,solar,0.2991862739088488,0.0,0.2991862739088488,0.07197515910852609
144,batt_bel48,1,48,battery,0.16763001708531053,0.0,0.16763001708531053,0.03448672206974081
145,pltd_bel49,1,49,diesel,0.009727797866666691,0.1999,-0.1901722021333333,0.0037658667760000087
146,plts_bel49,1,49,solar,0.5285020454874059,0.0,0.5285020454874059,0.1312135219798966
147,batt_bel49,1,49,battery,0.3056049857440722,0.0,0.3056049857440722,0.06287245868613839
148,pltd_bel50,1,50,diesel,0.011421223573333352,0.2348,-0.22337877642666665,0.004421433475200001
149,plts_bel50,1,50,solar,0.618690520972605,0.0,0.618690520972605,0.1540601212903628
150,batt_bel50,1,50,battery,0.3588248484913794,0.0,0.3588248484913794,0.07382146930190348
151,pltd_bel51,1,51,diesel,0.007164879039999967,0.1473,-0.14013512096000003,0.0027736742991999923
152,plts_bel51,1,51,solar,0.399677580457991,0.0,0.399677580457991,0.09664105379533916
153,batt_bel51,1,51,battery,0.22508626336123608,0.0,0.22508626336123608,0.046307249854283535
154,pltd_bel52,1,52,diesel,0.00779415968000001,0.1602,-0.15240584031999999,0.003017191766400007
155,plts_bel52,1,52,solar,0.4256642719477613,0.0,0.4256642719477613,0.10513297515743278
156,batt_bel52,1,52,battery,0.24486735330747075,0.0,0.24486735330747075,0.050376840403203574
157,pltd_bel53,1,53,diesel,0.006685038826666697,0.1374,-0.1307149611733333,0.0025879390768000004
158,plts_bel53,1,53,solar,0.36991654834074456,0.0,0.36991654834074456,0.09017130986345044
159,batt_bel53,1,53,battery,0.21001307763597563,0.0,0.21001307763597563,0.04320622896242185
160,pltd_bel54,1,54,diesel,0.006145468586666652,0.1263,-0.12015453141333335,0.0023790062015999957
161,plts_bel54,1,54,solar,0.3340640192958045,0.0,0.3340640192958045,0.082893322946939
162,batt_bel54,1,54,battery,0.19307034014555088,0.0,0.19307034014555088,0.03972058849559512
163,pltd_bel55,1,55,diesel,0.010042458666666644,0.2064,-0.19635754133333336,0.0038876101600000073
164,plts_bel55,1,55,solar,0.5568032436093876,0.0,0.5568032436093876,0.13545902675288993
165,batt_bel55,1,55,battery,0.31548642847431646,0.0,0.31548642847431646,0.06490539001998714
166,pltd_bel56,1,56,diesel,0.007764645973333308,0.1596,-0.15183535402666667,0.0030059238271999914
167,plts_bel56,1,56,solar,0.43991242562441973,0.0,0.43991242562441973,0.10472745849286713
168,batt_bel56,1,56,battery,0.24390640850067885,0.0,0.24390640850067885,0.050179128836619895
169,pltd_bel57,1,57,diesel,0.008423963413333284,0.1731,-0.1646760365866667,0.0032610791583999733
170,plts_bel57,1,57,solar,0.47794882315817516,0.0,0.47794882315817516,0.11362397937511423
171,batt_bel57,1,57,battery,0.26463870631932035,0.0,0.26463870631932035,0.05444441843988554
172,pltd_bel58,1,58,diesel,0.012051186346666642,0.2477,-0.23564881365333337,0.004665302566400004
173,plts_bel58,1,58,solar,0.6675254788550621,0.0,0.6675254788550621,0.16255066384229014
174,batt_bel58,1,58,battery,0.3785842312740357,0.0,0.3785842312740357,0.07788655681455327
175,pltd_bel59,1,59,diesel,0.00380710016000001,0.0783,-0.07449289983999999,0.0014737905168000004
176,plts_bel59,1,59,solar,0.2152910966536694,0.0,0.2152910966536694,0.05135312047200243
177,batt_bel59,1,59,battery,0.11960057414441029,0.0,0.11960057414441029,0.02460556980288007
178,pltd_bel60,1,60,diesel,0.02056506015999987,0.4227,-0.40213493984000015,0.007961148316799997
179,plts_bel60,1,60,solar,1.1470882430670275,0.0,1.1470882430670275,0.2773886014207476
180,batt_bel60,1,60,battery,0.646070160990044,0.0,0.646070160990044,0.13291675346002824
181,pltd_bel61,1,61,diesel,0.0027130823466666653,0.0558,-0.053086917653333336,0.0010503236463999988
182,plts_bel61,1,61,solar,0.1539477759354815,0.0,0.1539477759354815,0.03659410897172345
183,batt_bel61,1,61,battery,0.08522931006980028,0.0,0.08522931006980028,0.017534325572784438
184,pltd_bel62,1,62,diesel,0.013939705173333256,0.2865,-0.2725602948266667,0.005396367043199978
185,plts_bel62,1,62,solar,0.77247514385849,0.0,0.77247514385849,0.18802596333317684
186,batt_bel62,1,62,battery,0.43793679043790207,0.0,0.43793679043790207,0.09009724873024287
187,pltd_bel63,1,63,diesel,0.005501243946666741,0.1131,-0.10759875605333327,0.0021296496144000074
188,plts_bel63,1,63,solar,0.30775198298175,0.0,0.30775198298175,0.07419922546488181
189,batt_bel63,1,63,battery,0.17281545490639133,0.0,0.17281545490639133,0.0355535063327091
190,pltd_bel64,1,64,diesel,0.0051410842666666425,0.1057,-0.10055891573333336,0.001990220847999992
191,plts_bel64,1,64,solar,0.28331885245020183,0.0,0.28331885245020183,0.06934733397945488
192,batt_bel64,1,64,battery,0.16151997015376524,0.0,0.16151997015376524,0.03322969060128794
193,pltd_bel65,1,65,diesel,0.002518091840000007,0.0518,-0.04928190815999999,0.000974745643200003
194,plts_bel65,1,65,solar,0.14195998359889125,0.0,0.14195998359889125,0.03396605481082486
195,batt_bel65,1,65,battery,0.07910845964584683,0.0,0.07910845964584683,0.016275067720616113
196,pltd_bel66,1,66,diesel,0.02176407093333332,0.4473,-0.42553592906666665,0.008425333448000005
197,plts_bel66,1,66,solar,1.218766358434856,0.0,1.218766358434856,0.2935623944034854
198,batt_bel66,1,66,battery,0.683726831380402,0.0,0.683726831380402,0.14066389296287327
199,pltd_bel67,1,67,diesel,0.01756718453333345,0.3611,-0.34353281546666653,0.006800596376000045
200,plts_bel67,1,67,solar,0.9604956621220828,0.0,0.9604956621220828,0.23695245989873498
201,batt_bel67,1,67,battery,0.5518769167025993,0.0,0.5518769167025993,0.11353826861807167
202,pltd_bel68,1,68,diesel,0.008858597119999997,0.1821,-0.17324140288,0.0034294046976
203,plts_bel68,1,68,solar,0.48249604619315156,0.0,0.48249604619315156,0.11948723064461211
204,batt_bel68,1,68,battery,0.2782981989700518,0.0,0.2782981989700518,0.057254603146148275
205,pltd_bel69,1,69,diesel,0.016757770239999945,0.3444,-0.32764222976,0.006487288875199989
206,plts_bel69,1,69,solar,0.9406447127340625,0.0,0.9406447127340625,0.2260357830608868
207,batt_bel69,1,69,battery,0.5264739215964431,0.0,0.5264739215964431,0.10831208288739502
208,pltd_bel70,1,70,diesel,0.003072739413333337,0.0632,-0.06012726058666667,0.0011895386384000045
209,plts_bel70,1,70,solar,0.17421123798377952,0.0,0.17421123798377952,0.041446438267552024
210,batt_bel70,1,70,battery,0.09652995042049962,0.0,0.09652995042049962,0.019859221544256563
211,pltd_bel71,1,71,diesel,0.007224675733333328,0.1485,-0.14127532426666667,0.002796815951999998
212,plts_bel71,1,71,solar,0.4081839925299213,0.0,0.4081839925299213,0.09744933857994452
213,batt_bel71,1,71,battery,0.22695637130153062,0.0,0.22695637130153062,0.04669198404581944
214,pltd_bel72,1,72,diesel,0.0062653953066667085,0.1288,-0.12253460469333328,0.0024255555072000075
215,plts_bel72,1,72,solar,0.35051909135308934,0.0,0.35051909135308934,0.0845103711825661
216,batt_bel72,1,72,battery,0.19683084216775987,0.0,0.19683084216775987,0.040494237446731945
217,pltd_bel73,1,73,diesel,0.004796360959999993,0.0986,-0.09380363904,0.0018567879007999996
218,plts_bel73,1,73,solar,0.27455582793983724,0.0,0.27455582793983724,0.06469680836387343
219,batt_bel73,1,73,battery,0.15067942286212885,0.0,0.15067942286212885,0.030999456562627516
220,pltd_bel74,1,74,diesel,0.03460950186666642,0.7113,-0.6766904981333336,0.013398073695999945
221,plts_bel74,1,74,solar,1.9429757159739838,0.0,1.9429757159739838,0.4668301405706951
222,batt_bel74,1,74,battery,1.087309292603687,0.0,1.087309292603687,0.22369339332376778
223,pltd_bel75,1,75,diesel,0.007434446186666697,0.1528,-0.1453655538133333,0.002878047849600002
224,plts_bel75,1,75,solar,0.41592710293332535,0.0,0.41592710293332535,0.1002803527262129
225,batt_bel75,1,75,battery,0.2335605593179135,0.0,0.2335605593179135,0.048050682214635626
226,pltd_bel76,1,76,diesel,0.0033424194133333334,0.0687,-0.06535758058666666,0.0012939660384000003
227,plts_bel76,1,76,solar,0.18799635052329702,0.0,0.18799635052329702,0.0450858478486649
228,batt_bel76,1,76,battery,0.10501113574136514,0.0,0.10501113574136514,0.021604061815180528
229,pltd_bel77,1,77,diesel,0.015318603413333423,0.3149,-0.2995813965866666,0.0059301273584000036
230,plts_bel77,1,77,solar,0.8051301091344191,0.0,0.8051301091344191,0.2066263475574874
231,batt_bel77,1,77,battery,0.4812565915901825,0.0,0.4812565915901825,0.09900949103650482
232,pltd_bel78,1,78,diesel,0.004856424319999982,0.0998,-0.09494357568000002,0.0018800415535999999
233,plts_bel78,1,78,solar,0.2758448566664911,0.0,0.2758448566664911,0.06550558095746442
234,batt_bel78,1,78,battery,0.15256500769819847,0.0,0.15256500769819847,0.03138738023284475
235,pltd_bel79,1,79,diesel,0.0032224824533333184,0.0662,-0.06297751754666668,0.0012474716575999994
236,plts_bel79,1,79,solar,0.1816741777779183,0.0,0.1816741777779183,0.04346825423637182
237,batt_bel79,1,79,battery,0.10123941991786625,0.0,0.10123941991786625,0.02082809599907388
238,pltd_bel80,1,80,diesel,0.005245964373333309,0.1078,-0.10255403562666669,0.002030836259199998
239,plts_bel80,1,80,solar,0.28271177495749467,0.0,0.28271177495749467,0.07076239051798819
240,batt_bel80,1,80,battery,0.16481067233273877,0.0,0.16481067233273877,0.0339066890951308
241,pltd_bel81,1,81,diesel,0.008139293226666644,0.1673,-0.15916070677333335,0.003150807788800005
242,plts_bel81,1,81,solar,0.45407910192147316,0.0,0.45407910192147316,0.10978268393787202
243,batt_bel81,1,81,battery,0.25569167430600936,0.0,0.25569167430600936,0.052603736452182415
244,pltd_kup82,1,82,diesel,0.03248126293333332,0.6676,-0.6351187370666667,0.01257411360799999
245,plts_kup82,1,82,solar,1.7521662270835163,0.0,1.7521662270835163,0.4381192874463529
246,batt_kup82,1,82,battery,1.0203990121211393,0.0,1.0203990121211393,0.20992783680992438
247,pltd_kup83,1,83,diesel,0.017836685013333384,0.3666,-0.3487633149866666,0.0069049979263999806
248,plts_kup83,1,83,solar,0.9621956784638519,0.0,0.9621956784638519,0.2405915454991653
249,batt_kup83,1,83,battery,0.5603483159886561,0.0,0.5603483159886561,0.11528110403254223
250,pltd_kup84,1,84,diesel,0.02350225696000008,0.4831,-0.4595977430399999,0.00909835398080004
251,plts_kup84,1,84,solar,1.2678345615966233,0.0,1.2678345615966233,0.3170147532196968
252,batt_kup84,1,84,battery,0.7383411575207259,0.0,0.7383411575207259,0.1518997887610712
253,pltd_kup85,1,85,diesel,0.003597083520000013,0.0739,-0.07030291647999998,0.0013925047696000013
254,plts_kup85,1,85,solar,0.19405662375274155,0.0,0.19405662375274155,0.04852276434103807
255,batt_kup85,1,85,battery,0.1130117348445351,0.0,0.1130117348445351,0.0232500465471618
256,pltd_kup86,1,86,diesel,0.022768368106666718,0.468,-0.4452316318933333,0.008814046651200006
257,plts_kup86,1,86,solar,1.2282141977345027,0.0,1.2282141977345027,0.3071080387266158
258,batt_kup86,1,86,battery,0.7152681730284653,0.0,0.7152681730284653,0.14715291844650613
259,pltd_kup87,1,87,diesel,0.02081997045333322,0.4279,-0.4070800295466668,0.008059873897599986
260,plts_kup87,1,87,solar,1.1230997906246944,0.0,1.1230997906246944,0.28082475587354266
261,batt_kup87,1,87,battery,0.6540528170241353,0.0,0.6540528170241353,0.13455902863473382
262,pltd_kup88,1,88,diesel,0.00962279466666663,0.1978,-0.18817720533333337,0.003725231439999998
263,plts_kup88,1,88,solar,0.5191004976600693,0.0,0.5191004976600693,0.1297981036700119
264,batt_kup88,1,88,battery,0.3023055459568849,0.0,0.3023055459568849,0.06219366547079485
265,pltd_kup89,1,89,diesel,0.04586640768000001,0.9427,-0.8968335923199999,0.01775588580640003
266,plts_kup89,1,89,solar,2.474216308894057,0.0,2.474216308894057,0.6186638059979019
267,batt_kup89,1,89,battery,1.4408947299941313,0.0,1.4408947299941313,0.2964369081507906
268,pltd_kup90,1,90,diesel,0.01470446176000007,0.3022,-0.28749553823999996,0.005692420484800015
269,plts_kup90,1,90,solar,0.7932041657894344,0.0,0.7932041657894344,0.198336271991249
270,batt_kup90,1,90,battery,0.46193372604948746,0.0,0.46193372604948746,0.09503414177947837
271,pltd_kup91,1,91,diesel,0.01392477141333329,0.2862,-0.2722752285866667,0.005390563998399999
272,plts_kup91,1,91,solar,0.7511593913030504,0.0,0.7511593913030504,0.1878231810673585
273,batt_kup91,1,91,battery,0.43744828467871744,0.0,0.43744828467871744,0.0899967315081901
274,pltd_kup92,1,92,diesel,0.011736222933333361,0.2412,-0.22946377706666662,0.00454331040800001
275,plts_kup92,1,92,solar,0.6331088216961223,0.0,0.6331088216961223,0.15830523722293446
276,batt_kup92,1,92,battery,0.3686998245994847,0.0,0.3686998245994847,0.07585303244546182
277,pltd_kup93,1,93,diesel,0.05246125397333336,1.0783,-1.0258387460266667,0.020308944667199978
278,plts_kup93,1,93,solar,2.8299873272405063,0.0,2.8299873272405063,0.7076221927033773
279,batt_kup93,1,93,battery,1.6480828324703303,0.0,1.6480828324703303,0.3390619734482857
280,pltd_kup94,1,94,diesel,0.007704392853333318,0.1583,-0.15059560714666667,0.0029825802495999938
281,plts_kup94,1,94,solar,0.4156030883272024,0.0,0.4156030883272024,0.1039192037357385
282,batt_kup94,1,94,battery,0.24203223693497267,0.0,0.24203223693497267,0.04979356313795917
283,pltd_kup95,1,95,diesel,0.002578155199999991,0.053,-0.050421844800000004,0.000997992295999998
284,plts_kup95,1,95,solar,0.13565041190869792,0.0,0.13565041190869792,0.034774710272714955
285,batt_kup95,1,95,battery,0.08099278421740581,0.0,0.08099278421740581,0.016662731675522992
286,pltd_kup96,1,96,diesel,0.002637895466666654,0.0542,-0.05156210453333335,0.0010211560240000008
287,plts_kup96,1,96,solar,0.13977022696521102,0.0,0.13977022696521102,0.0355834081510975
288,batt_kup96,1,96,battery,0.08287693275116578,0.0,0.08287693275116578,0.017050365277360247
289,pltd_kup97,1,97,diesel,0.004916344106666734,0.101,-0.09608365589333327,0.0019031751312000081
290,plts_kup97,1,97,solar,0.2601516753201004,0.0,0.2601516753201004,0.06631419345867384
291,batt_kup97,1,97,battery,0.15444444004545466,0.0,0.15444444004545466,0.031774030073367286
292,pltd_kup98,1,98,diesel,0.002547836266666691,0.0524,-0.04985216373333331,0.0009863948080000016
293,plts_kup98,1,98,solar,0.13465744677879496,0.0,0.13465744677879496,0.03437033238210784
294,batt_kup98,1,98,battery,0.08005105885937555,0.0,0.08005105885937555,0.016469016401740113
295,pltd_kup99,1,99,diesel,0.002713082346666662,0.0558,-0.05308691765333334,0.0010503236463999994
296,plts_kup99,1,99,solar,0.14301609931977344,0.0,0.14301609931977344,0.03659409340569561
297,batt_kup99,1,99,battery,0.08522889384649229,0.0,0.08522889384649229,0.017534239797485134
298,pltd_kup100,1,100,diesel,0.010941819306666604,0.2249,-0.2139581806933334,0.004235800027199989
299,plts_kup100,1,100,solar,0.5795237047940601,0.0,0.5795237047940601,0.14758942232855793
300,batt_kup100,1,100,battery,0.34373155407927947,0.0,0.34373155407927947,0.07071628663745792
301,pltd_kup101,1,101,diesel,0.005845731306666661,0.1201,-0.11425426869333334,0.0022630087872000004
302,plts_kup101,1,101,solar,0.3105197668973735,0.0,0.3105197668973735,0.07884946999024714
303,batt_kup101,1,101,battery,0.18364848606734077,0.0,0.18364848606734077,0.03778220922155758
304,pltd_kup102,1,102,diesel,0.007134719146666674,0.1466,-0.13946528085333335,0.0027619955104
305,plts_kup102,1,102,solar,0.382064511826473,0.0,0.382064511826473,0.09623681862530065
306,batt_kup102,1,102,battery,0.22414367487666834,0.0,0.22414367487666834,0.046113333008183814
307,pltd_kup103,1,103,diesel,0.008678807039999951,0.1784,-0.16972119296000004,0.003359713739199991
308,plts_kup103,1,103,solar,0.4637617654908712,0.0,0.4637617654908712,0.1170614378735586
309,batt_kup103,1,103,battery,0.2726541725863185,0.0,0.2726541725863185,0.05609345514738853
310,pltd_kup104,1,104,diesel,0.010192524799999981,0.2095,-0.1993074752,0.003945668103999988
311,plts_kup104,1,104,solar,0.543848664127778,0.0,0.543848664127778,0.13748126388617646
312,batt_kup104,1,104,battery,0.3202065980539197,0.0,0.3202065980539197,0.0658764636229518
313,pltd_kup105,1,105,diesel,0.005845731306666622,0.1201,-0.11425426869333338,0.0022630087871999974
314,plts_kup105,1,105,solar,0.3096367977640228,0.0,0.3096367977640228,0.07884961171277888
315,batt_kup105,1,105,battery,0.1836522756160651,0.0,0.1836522756160651,0.0377829901717587
316,pltd_kup106,1,106,diesel,0.003822023679999992,0.0786,-0.07477797632000001,0.001479599486399998
317,plts_kup106,1,106,solar,0.20306383809297684,0.0,0.20306383809297684,0.05155543741589873
318,batt_kup106,1,106,battery,0.12007607603895887,0.0,0.12007607603895887,0.02470340126370864
319,pltd_kup107,1,107,diesel,0.003897113173333312,0.0801,-0.07620288682666669,0.0015086588831999964
320,plts_kup107,1,107,solar,0.20627679824859974,0.0,0.20627679824859974,0.0525663233340335
321,batt_kup107,1,107,battery,0.12243265402107822,0.0,0.12243265402107822,0.025188209457463803
322,pltd_kup108,1,108,diesel,0.005545701653333357,0.114,-0.10845429834666664,0.0021468686736000097
323,plts_kup108,1,108,solar,0.29917043323944875,0.0,0.29917043323944875,0.07480581889697839
324,batt_kup108,1,108,battery,0.17422604007452464,0.0,0.17422604007452464,0.03584373166495803
325,pltd_kup109,1,109,diesel,0.006445016106666649,0.1325,-0.12605498389333336,0.002495025691200004
326,plts_kup109,1,109,solar,0.33852736987174414,0.0,0.33852736987174414,0.08693665013888371
327,batt_kup109,1,109,battery,0.20248150482971325,0.0,0.20248150482971325,0.04165677082410731
328,pltd_kup110,1,110,diesel,0.0044668637866666396,0.0918,-0.08733313621333337,0.001729251697599998
329,plts_kup110,1,110,solar,0.23806825989828226,0.0,0.23806825989828226,0.06024918227947248
330,batt_kup110,1,110,battery,0.14032864516818672,0.0,0.14032864516818672,0.028869976498659917
331,pltd_kup111,1,111,diesel,0.007749342933333391,0.1593,-0.1515506570666666,0.0029999490080000147
332,plts_kup111,1,111,solar,0.41717211170369894,0.0,0.41717211170369894,0.10452607946081989
333,batt_kup111,1,111,battery,0.2434516806162321,0.0,0.2434516806162321,0.05008559033339311
334,pltd_kup112,1,112,diesel,0.008588696640000022,0.1765,-0.16791130335999996,0.0033248701472000067
335,plts_kup112,1,112,solar,0.4718565755307451,0.0,0.4718565755307451,0.11584767057491174
336,batt_kup112,1,112,battery,0.26980999491137847,0.0,0.26980999491137847,0.055508304604136874
337,pltd_kup113,1,113,diesel,0.01233582058666669,0.2535,-0.24116417941333332,0.004775458161600015
338,plts_kup113,1,113,solar,0.6579118043281992,0.0,0.6579118043281992,0.16639205892238296
339,batt_kup113,1,113,battery,0.387526815028376,0.0,0.387526815028376,0.0797263398794477
340,pltd_kup114,1,114,diesel,0.006175418239999997,0.1269,-0.12072458176000002,0.0023906489152000017
341,plts_kup114,1,114,solar,0.33082384224514777,0.0,0.33082384224514777,0.08329708111494483
342,batt_kup114,1,114,battery,0.19399867657613826,0.0,0.19399867657613826,0.03991156235361057
343,pltd_kup115,1,115,diesel,0.006220275946666639,0.1279,-0.12167972405333337,0.002407972974399996
344,plts_kup115,1,115,solar,0.3311531567486904,0.0,0.3311531567486904,0.08390372176200424
345,batt_kup115,1,115,battery,0.1954123959799309,0.0,0.1954123959799309,0.04020243358914417
346,pltd_kup116,1,116,diesel,0.006370747306666688,0.1309,-0.1245292526933333,0.002466157467200004
347,plts_kup116,1,116,solar,0.3418254009806311,0.0,0.3418254009806311,0.08592534761309924
348,batt_kup116,1,116,battery,0.20012258428813548,0.0,0.20012258428813548,0.04117141470289896
349,pltd_kup117,1,117,diesel,0.009353519893333342,0.1922,-0.18284648010666665,0.0036208045888000027
350,plts_kup117,1,117,solar,0.5042655033769099,0.0,0.5042655033769099,0.1261585584797875
351,batt_kup117,1,117,battery,0.293819237159497,0.0,0.293819237159497,0.06044773380502914
352,pltd_kup118,1,118,diesel,0.006655078933333337,0.1368,-0.13014492106666667,0.0025763862879999992
353,plts_kup118,1,118,solar,0.3570689461364222,0.0,0.3570689461364222,0.08976690692893727
354,batt_kup118,1,118,battery,0.20907161849604386,0.0,0.20907161849604386,0.04301254485166472
355,pltd_kup119,1,119,diesel,0.0056061342933333555,0.1152,-0.10959386570666664,0.002170266100800004
356,plts_kup119,1,119,solar,0.30109778982571445,0.0,0.30109778982571445,0.0756142746757817
357,batt_kup119,1,119,battery,0.17610633549918617,0.0,0.17610633549918617,0.03623054751887228
358,pltd_kup120,1,120,diesel,0.006745091946666681,0.1386,-0.13185490805333333,0.00261116365440001
359,plts_kup120,1,120,solar,0.35808890698753465,0.0,0.35808890698753465,0.09097994237572461
360,batt_kup120,1,120,battery,0.21189529115707118,0.0,0.21189529115707118,0.043593451947249236
361,pltd_kup121,1,121,diesel,0.009308344106666656,0.1913,-0.18199165589333335,0.0036035101311999882
362,plts_kup121,1,121,solar,0.49020316663952446,0.0,0.49020316663952446,0.12555233901042817
363,batt_kup121,1,121,battery,0.2924186514600165,0.0,0.2924186514600165,0.060159616561680195
364,pltd_kup122,1,122,diesel,0.006969616639999942,0.1433,-0.13633038336000006,0.0026981727471999885
365,plts_kup122,1,122,solar,0.36943008796914995,0.0,0.36943008796914995,0.09401254574577933
366,batt_kup122,1,122,battery,0.2189549608827709,0.0,0.2189549608827709,0.045045873591521436
367,pltd_kup123,1,123,diesel,0.00652017226666663,0.134,-0.12747982773333338,0.0025241620879999905
368,plts_kup123,1,123,solar,0.3528983693241768,0.0,0.3528983693241768,0.08794743146004902
369,batt_kup123,1,123,battery,0.2048384679375089,0.0,0.2048384679375089,0.04214165838456184
370,pltd_kup124,1,124,diesel,0.006819801919999982,0.1402,-0.13338019808,0.0026400852015999975
371,plts_kup124,1,124,solar,0.36986248879621053,0.0,0.36986248879621053,0.0919910118186528
372,batt_kup124,1,124,battery,0.21425284578335863,0.0,0.21425284578335863,0.044078473257434546
373,pltd_kup125,1,125,diesel,0.009503180800000007,0.1953,-0.1857968192,0.003678826983999991
374,plts_kup125,1,125,solar,0.5100578367191623,0.0,0.5100578367191623,0.1281803200673624
375,batt_kup125,1,125,battery,0.29852800124318146,0.0,0.29852800124318146,0.06141649251219484
376,pltd_kup126,1,126,diesel,0.007284985279999998,0.1497,-0.14241501472,0.0028201444543999987
377,plts_kup126,1,126,solar,0.3941219246647694,0.0,0.3941219246647694,0.09825807322388105
378,batt_kup126,1,126,battery,0.22884187726616528,0.0,0.22884187726616528,0.047079879612611335
379,pltd_kup127,1,127,diesel,0.012575607359999907,0.2585,-0.2459243926400001,0.0048683537727999835
380,plts_kup127,1,127,solar,0.6827222540205515,0.0,0.6827222540205515,0.16962705268800027
381,batt_kup127,1,127,battery,0.39506638395648097,0.0,0.39506638395648097,0.08127746363295162
382,pltd_kup128,1,128,diesel,0.0108667298133334,0.2234,-0.2125332701866666,0.004206817630400003
383,plts_kup128,1,128,solar,0.5762704966855416,0.0,0.5762704966855416,0.14657916056881834
384,batt_kup128,1,128,battery,0.34139540908996097,0.0,0.34139540908996097,0.07023568927485914
385,pltd_kup129,1,129,diesel,0.009458297386666686,0.1944,-0.18494170261333331,0.0036614652255999997
386,plts_kup129,1,129,solar,0.5171268560713382,0.0,0.5171268560713382,0.12757423230355946
387,batt_kup129,1,129,battery,0.29712812962921736,0.0,0.29712812962921736,0.0611284987283891
388,pltd_kup130,1,130,diesel,0.007584486613333288,0.1559,-0.1483155133866667,0.002936124094399997
389,plts_kup130,1,130,solar,0.4047924881587257,0.0,0.4047924881587257,0.10230190970404525
390,batt_kup130,1,130,battery,0.23826460099637362,0.0,0.23826460099637362,0.04901845587893268
391,pltd_kup131,1,131,diesel,0.008783533333333279,0.1805,-0.1717164666666667,0.0034002219999999888
392,plts_kup131,1,131,solar,0.46691301109581757,0.0,0.46691301109581757,0.11847670497623977
393,batt_kup131,1,131,battery,0.27594882051422426,0.0,0.27594882051422426,0.05677125493157135
394,pltd_kup132,1,132,diesel,0.007164879040000008,0.1473,-0.14013512095999997,0.002773674299200001
395,plts_kup132,1,132,solar,0.3948549607738721,0.0,0.3948549607738721,0.09664117746754584
396,batt_kup132,1,132,battery,0.2250895702585043,0.0,0.2250895702585043,0.046307931339672564
397,pltd_kup133,1,133,diesel,0.00596604778666664,0.1226,-0.11663395221333336,0.002309515017599995
398,plts_kup133,1,133,solar,0.3118015214863538,0.0,0.3118015214863538,0.08046649626977799
399,batt_kup133,1,133,battery,0.18740615490710288,0.0,0.18740615490710288,0.03855526838565577
400,pltd_kup134,1,134,diesel,0.00932313429333329,0.1916,-0.1822768657066667,0.003609200100799991
401,plts_kup134,1,134,solar,0.49040185463973734,0.0,0.49040185463973734,0.125754978645308
402,batt_kup134,1,134,battery,0.29289978706529457,0.0,0.29289978706529457,0.06025860901761591
403,pltd_kup135,1,135,diesel,0.013834881493333302,0.2844,-0.2705651185066667,0.005355701556799973
404,plts_kup135,1,135,solar,0.7187541959978899,0.0,0.7187541959978899,0.18660967200028697
405,batt_kup135,1,135,battery,0.4346117606103502,0.0,0.4346117606103502,0.08941317006978097
406,pltd_kup136,1,136,diesel,0.006745091946666682,0.1386,-0.13185490805333333,0.002611163654400003
407,plts_kup136,1,136,solar,0.3516203091692441,0.0,0.3516203091692441,0.09097981722617987
408,batt_kup136,1,136,battery,0.21189194475694897,0.0,0.21189194475694897,0.04359276232111205
409,pltd_kup137,1,137,diesel,0.0029829059199999847,0.0613,-0.05831709408000001,0.0011547521215999994
410,plts_kup137,1,137,solar,0.1609048494503691,0.0,0.1609048494503691,0.0402333480301328
411,batt_kup137,1,137,battery,0.09370499987566785,0.0,0.09370499987566785,0.019278039252777632
412,pltd_kup138,1,138,diesel,0.0028780515200000014,0.0591,-0.05622194848,0.0011141814096
413,plts_kup138,1,138,solar,0.1633990922646726,0.0,0.1633990922646726,0.03881817974133241
414,batt_kup138,1,138,battery,0.09041243262956393,0.0,0.09041243262956393,0.018600632706700537
415,pltd_kup139,1,139,diesel,0.010027535146666622,0.2061,-0.19607246485333338,0.0038818781904
416,plts_kup139,1,139,solar,0.5442437708022329,0.0,0.5442437708022329,0.13525721497935767
417,batt_kup139,1,139,battery,0.31502593183271344,0.0,0.31502593183271344,0.0648106508416856
418,pltd_kup140,1,140,diesel,0.0019334484266666648,0.0397,-0.037766551573333335,0.0007484800847999995
419,plts_kup140,1,140,solar,0.10726207575454207,0.0,0.10726207575454207,0.0260811130961986
420,batt_kup140,1,140,battery,0.06074566151944733,0.0,0.06074566151944733,0.012497278841127706
421,pltd_kup141,1,141,diesel,0.004316813119999995,0.0887,-0.08438318688,0.0016710903775999974
422,plts_kup141,1,141,solar,0.25622504375077265,0.0,0.25622504375077265,0.05822750988649277
423,batt_kup141,1,141,battery,0.13562039433283793,0.0,0.13562039433283793,0.027901329486511244
424,pltd_kup142,1,142,diesel,0.005920574613344817,0.1217,-0.11577942538665519,0.0022920003344084412
425,plts_kup142,1,142,solar,0.3585227026843705,0.0,0.3585227026843705,0.07986053490916281
426,batt_kup142,1,142,battery,0.18600573255088276,0.0,0.18600573255088276,0.038267167029685925
427,pltd_kup143,1,143,diesel,0.007674556053333359,0.1577,-0.15002544394666664,0.002970984385599999
428,plts_kup143,1,143,solar,0.4142894196660143,0.0,0.4142894196660143,0.10351510838710831
429,batt_kup143,1,143,battery,0.24109488456041991,0.0,0.24109488456041991,0.04960071942461133
430,pltd_kup144,1,144,diesel,0.005755908053333344,0.1183,-0.11254409194666666,0.0022281883455999994
431,plts_kup144,1,144,solar,0.3205296246939221,0.0,0.3205296246939221,0.07763629061773895
432,batt_kup144,1,144,battery,0.18082002907365533,0.0,0.18082002907365533,0.03720031024589889
433,pltd_kup145,1,145,diesel,0.005860834346666701,0.1205,-0.11463916565333329,0.0022688506064000094
434,plts_kup145,1,145,solar,0.3156463407387938,0.0,0.3156463407387938,0.07905127332845444
435,batt_kup145,1,145,battery,0.18411025455084268,0.0,0.18411025455084268,0.03787719865143766
436,pltd_kup146,1,146,diesel,0.005156443733333356,0.106,-0.10084355626666663,0.0019961455920000037
437,plts_kup146,1,146,solar,0.28336928397633004,0.0,0.28336928397633004,0.06954933006811799
438,batt_kup146,1,146,battery,0.16199007459857995,0.0,0.16199007459857995,0.03332639198127535
439,pltd_kup147,1,147,diesel,0.0022480323199999997,0.0462,-0.043951967679999995,0.0008702853935999996
440,plts_kup147,1,147,solar,0.1269472775954528,0.0,0.1269472775954528,0.030326859157855664
441,batt_kup147,1,147,battery,0.07063467916513251,0.0,0.07063467916513251,0.01453176528875051
442,pltd_kup148,1,148,diesel,0.002143408639999984,0.0441,-0.04195659136000002,0.000829815907199998
443,plts_kup148,1,148,solar,0.11955000732748905,0.0,0.11955000732748905,0.02891150931416793
444,batt_kup148,1,148,battery,0.06733856750588556,0.0,0.06733856750588556,0.013853646084412898
445,pltd_kup149,1,149,diesel,0.004241903146666681,0.0872,-0.08295809685333332,0.0016421128304000055
446,plts_kup149,1,149,solar,0.2526794326187905,0.0,0.2526794326187905,0.057216220439914374
447,batt_kup149,1,149,battery,0.13325714415693696,0.0,0.13325714415693696,0.027415134437461568
448,pltd_kup150,1,150,diesel,0.008154196266666637,0.1676,-0.15944580373333336,0.0031566986080000044
449,plts_kup150,1,150,solar,0.4773577128613543,0.0,0.4773577128613543,0.1099850863701264
450,batt_kup150,1,150,battery,0.2561715210111005,0.0,0.2561715210111005,0.0527024514419676
451,pltd_kup151,1,151,diesel,0.004871460693333316,0.1001,-0.09522853930666668,0.001885862372799998
452,plts_kup151,1,151,solar,0.2831384793726621,0.0,0.2831384793726621,0.06570761017810167
453,batt_kup151,1,151,battery,0.15303450067003627,0.0,0.15303450067003627,0.03148396152528107
454,pltd_kup152,1,152,diesel,0.007284985280000018,0.1497,-0.14241501471999998,0.002820144454400003
455,plts_kup152,1,152,solar,0.39296330461537443,0.0,0.39296330461537443,0.09825829342029035
456,batt_kup152,1,152,battery,0.2288477651444822,0.0,0.2288477651444822,0.047081092986574896
457,pltd_kup153,1,153,diesel,0.003042994986666668,0.0625,-0.059457005013333335,0.0011780014735999996
458,plts_kup153,1,153,solar,0.16413854619270155,0.0,0.16413854619270155,0.041041975219166034
459,batt_kup153,1,153,battery,0.09558856845333318,0.0,0.09558856845333318,0.0196655237132629
460,pltd_kup154,1,154,diesel,0.004961304426666653,0.102,-0.09703869557333333,0.0019206639647999996
461,plts_kup154,1,154,solar,0.27645476362836213,0.0,0.27645476362836213,0.06692103843576981
462,batt_kup154,1,154,battery,0.15586830243525138,0.0,0.15586830243525138,0.0320669738010566
463,pltd_kup155,1,155,diesel,0.00607060479999998,0.1248,-0.11872939520000002,0.002350040503999989
464,plts_kup155,1,155,solar,0.3533919562277618,0.0,0.3533919562277618,0.08188218264964306
465,batt_kup155,1,155,battery,0.19071220115070384,0.0,0.19071220115070384,0.03923543490913706
466,pltd_kup156,1,156,diesel,0.003882143466666637,0.0798,-0.07591785653333336,0.0015028730639999926
467,plts_kup156,1,156,solar,0.22866548176450327,0.0,0.22866548176450327,0.05236412687237608
468,batt_kup156,1,156,battery,0.12196093525001125,0.0,0.12196093525001125,0.025091169472322317
469,pltd_kup157,1,157,diesel,0.007749342933333383,0.1593,-0.15155065706666662,0.0029999490080000156
470,plts_kup157,1,157,solar,0.4351637570316251,0.0,0.4351637570316251,0.10452595518606875
471,batt_kup157,1,157,battery,0.2434483576074,0.0,0.2434483576074,0.05008490552773299
472,pltd_kup158,1,158,diesel,0.004047030506666661,0.0832,-0.07915296949333334,0.0015667082032000017
473,plts_kup158,1,158,solar,0.21647985359952868,0.0,0.21647985359952868,0.05458817283055424
474,batt_kup158,1,158,battery,0.12714283284824615,0.0,0.12714283284824615,0.02615725379016657
475,pltd_kup159,1,159,diesel,0.0035072500266666393,0.0721,-0.06859274997333335,0.001357697252799998
476,plts_kup159,1,159,solar,0.19823909823396088,0.0,0.19823909823396088,0.04730978341935409
477,batt_kup159,1,159,battery,0.11018895861833149,0.0,0.11018895861833149,0.02266931233926576
478,pltd_kup160,1,160,diesel,0.008543879893333347,0.1756,-0.16705612010666665,0.003307466388799998
479,plts_kup160,1,160,solar,0.4375591322777786,0.0,0.4375591322777786,0.11524173926049824
480,batt_kup160,1,160,battery,0.2684113118390307,0.0,0.2684113118390307,0.055220555754987445
481,pltd_kup161,1,161,diesel,0.008034182400000025,0.1651,-0.15706581759999996,0.0031101401520000037
482,plts_kup161,1,161,solar,0.43081795382162646,0.0,0.43081795382162646,0.1083670498618396
483,batt_kup161,1,161,battery,0.2523844061829324,0.0,0.2523844061829324,0.05192330627417872
484,pltd_kup162,1,162,diesel,0.005666064320000017,0.1165,-0.11083393568,0.002193421753600004
485,plts_kup162,1,162,solar,0.31221398142917317,0.0,0.31221398142917317,0.07642341398792518
486,batt_kup162,1,162,battery,0.1780017261001196,0.0,0.1780017261001196,0.036620491961112646
487,pltd_kup163,1,163,diesel,0.004811387093333359,0.0989,-0.09408861290666665,0.0018626216448000075
488,plts_kup163,1,163,solar,0.2667907747767888,0.0,0.2667907747767888,0.06489901636656452
489,batt_kup163,1,163,battery,0.15114939131206306,0.0,0.15114939131206306,0.031096129916789957
490,pltd_kup164,1,164,diesel,0.004286940373333325,0.0881,-0.08381305962666667,0.0016595327391999964
491,plts_kup164,1,164,solar,0.24233025466994795,0.0,0.24233025466994795,0.057822783293610854
492,batt_kup164,1,164,battery,0.13467271409162204,0.0,0.13467271409162204,0.027706375180801473
493,pltd_kup165,1,165,diesel,0.004856424319999991,0.0998,-0.09494357568,0.001880041553600002
494,plts_kup165,1,165,solar,0.27352585359563497,0.0,0.27352585359563497,0.06550556423508942
495,batt_kup165,1,165,battery,0.1525645605550792,0.0,0.1525645605550792,0.03138728808559072
496,pltd_kup166,1,166,diesel,0.004721440746666687,0.097,-0.09227855925333331,0.0018277602784000032
497,plts_kup166,1,166,solar,0.2607435704292184,0.0,0.2607435704292184,0.063686040992864
498,batt_kup166,1,166,battery,0.14832994540070707,0.0,0.14832994540070707,0.030516093869777713
499,pltd_kup167,1,167,diesel,0.00283293216,0.0582,-0.05536706784,0.0010965988767999994
500,plts_kup167,1,167,solar,0.15091977078665644,0.0,0.15091977078665644,0.038211638344884336
501,batt_kup167,1,167,battery,0.08899687492133976,0.0,0.08899687492133976,0.018309424106989696
502,pltd_kup168,1,168,diesel,0.005201214293333355,0.1069,-0.10169878570666664,0.0020134955008000036
503,plts_kup168,1,168,solar,0.29426188022323646,0.0,0.29426188022323646,0.0701558177433266
504,batt_kup168,1,168,battery,0.16339858060885448,0.0,0.16339858060885448,0.03361617699107273
505,pltd_kup169,1,169,diesel,0.01686297344000006,0.3466,-0.32973702656,0.006528078211200045
506,plts_kup169,1,169,solar,0.9087932076618551,0.0,0.9087932076618551,0.22744974782151417
507,batt_kup169,1,169,battery,0.5297416072530993,0.0,0.5297416072530993,0.10898433221151871
508,pltd_kup170,1,170,diesel,0.012440746880000046,0.2557,-0.24325925311999994,0.004816120422400021
509,plts_kup170,1,170,solar,0.6798166330470757,0.0,0.6798166330470757,0.16780720049104456
510,batt_kup170,1,170,battery,0.3908212882417508,0.0,0.3908212882417508,0.08040410365846
511,pltd_kup171,1,171,diesel,0.010971979200000018,0.2255,-0.2145280208,0.0042474928159999875
512,plts_kup171,1,171,solar,0.5987061759593788,0.0,0.5987061759593788,0.14799449092946868
513,batt_kup171,1,171,battery,0.344693994579822,0.0,0.344693994579822,0.07091429458700972
514,pltd_kup172,1,172,diesel,0.004676736853333349,0.0961,-0.09142326314666666,0.0018103963696000033
515,plts_kup172,1,172,solar,0.25572909446321507,0.0,0.25572909446321507,0.06307938938434564
516,batt_kup172,1,172,battery,0.1469140611513547,0.0,0.1469140611513547,0.030224788352471173
517,pltd_kup173,1,173,diesel,0.008888310826666643,0.1827,-0.17381168917333337,0.0034407986368000026
518,plts_kup173,1,173,solar,0.47376134519507374,0.0,0.47376134519507374,0.11989196289311026
519,batt_kup173,1,173,battery,0.2792443458676713,0.0,0.2792443458676713,0.05744926515960971
520,pltd_kup174,1,174,diesel,0.008813600853333372,0.1811,-0.17228639914666663,0.0034119260896000097
521,plts_kup174,1,174,solar,0.4754380278934987,0.0,0.4754380278934987,0.11888049524405203
522,batt_kup174,1,174,battery,0.2768778280938392,0.0,0.2768778280938392,0.05696239672397839
523,pltd_kup175,1,175,diesel,0.007329925119999969,0.1506,-0.14327007488000004,0.002837491137599996
524,plts_kup175,1,175,solar,0.3926522282029565,0.0,0.3926522282029565,0.09886469535310584
525,batt_kup175,1,175,battery,0.23025566304110232,0.0,0.23025566304110232,0.04737073490191037
526,pltd_kup176,1,176,diesel,0.004721440746666675,0.097,-0.09227855925333332,0.0018277602784000048
527,plts_kup176,1,176,solar,0.25257639426939404,0.0,0.25257639426939404,0.06368613390693757
528,batt_kup176,1,176,battery,0.1483324298497538,0.0,0.1483324298497538,0.030516605865037263
529,pltd_kup177,1,177,diesel,0.015513732479999992,0.3189,-0.30338626752000003,0.006005691910400014
530,plts_kup177,1,177,solar,0.8308759720543752,0.0,0.8308759720543752,0.20925399046453402
531,batt_kup177,1,177,battery,0.48736288909537984,0.0,0.48736288909537984,0.10026571427437588
532,pltd_kup178,1,178,diesel,0.005905794666666627,0.1214,-0.11549420533333336,0.0022862484400000024
533,plts_kup178,1,178,solar,0.3264982415683564,0.0,0.3264982415683564,0.07965802002940194
534,batt_kup178,1,178,battery,0.18552643540299976,0.0,0.18552643540299976,0.03816855936785019
535,pltd_kup179,1,179,diesel,0.0050663640533333415,0.1041,-0.09903363594666666,0.0019612982256
536,plts_kup179,1,179,solar,0.2825272022005714,0.0,0.2825272022005714,0.06833632864482586
537,batt_kup179,1,179,battery,0.15916675017554263,0.0,0.15916675017554263,0.03274555665057584
538,pltd_kup180,1,180,diesel,0.006475011946666692,0.1331,-0.1266249880533333,0.002506589254400005
539,plts_kup180,1,180,solar,0.3577204339429037,0.0,0.3577204339429037,0.08734076868146302
540,batt_kup180,1,180,battery,0.20341685694946307,0.0,0.20341685694946307,0.04184917862574535
541,pltd_kup181,1,181,diesel,0.006100662080000024,0.1254,-0.11929933791999998,0.0023617505184000014
542,plts_kup181,1,181,solar,0.3375387090751701,0.0,0.3375387090751701,0.0822862243907043
543,batt_kup181,1,181,battery,0.19164961749697637,0.0,0.19164961749697637,0.039428303655376896
544,pltd_kup182,1,182,diesel,0.010762208746666689,0.2212,-0.2104377912533333,0.004166260918400015
545,plts_kup182,1,182,solar,0.6055597780519957,0.0,0.6055597780519957,0.14516355750708865
546,batt_kup182,1,182,battery,0.3380919650565471,0.0,0.3380919650565471,0.06955604124045323
547,pltd_kup183,1,183,diesel,0.007749342933333359,0.1593,-0.15155065706666665,0.002999949008000011
548,plts_kup183,1,183,solar,0.41803849746964056,0.0,0.41803849746964056,0.10452581358861622
549,batt_kup183,1,183,battery,0.24344457140319667,0.0,0.24344457140319667,0.05008412526677078
550,pltd_kup184,1,184,diesel,0.004376886719999995,0.09,-0.08562311328,0.0016943941055999993
551,plts_kup184,1,184,solar,0.24244585253480738,0.0,0.24244585253480738,0.05903587148393142
552,batt_kup184,1,184,battery,0.13749517663042032,0.0,0.13749517663042032,0.028287032894397022
553,pltd_kup185,1,185,diesel,0.009473097813333302,0.1947,-0.1852269021866667,0.0036672682704000036
554,plts_kup185,1,185,solar,0.533336357393572,0.0,0.533336357393572,0.1277766358784158
555,batt_kup185,1,185,battery,0.29760707101418793,0.0,0.29760707101418793,0.061227044924203854
556,pltd_kup186,1,186,diesel,0.0054260775466667,0.1115,-0.1060739224533333,0.00210048414240001
557,plts_kup186,1,186,solar,0.3154109571574958,0.0,0.3154109571574958,0.07318825295951917
558,batt_kup186,1,186,battery,0.17045543860321458,0.0,0.17045543860321458,0.03506798364495046
559,pltd_kup187,1,187,diesel,0.0033424194133333408,0.0687,-0.06535758058666666,0.0012939660384000003
560,plts_kup187,1,187,solar,0.18835252139792596,0.0,0.18835252139792596,0.04508584035793285
561,batt_kup187,1,187,battery,0.10501093544509842,0.0,0.10501093544509842,0.021604020538125882
562,pltd_kup188,1,188,diesel,0.05216133717333349,1.0721,-1.0199386628266667,0.020192837403199992
563,plts_kup188,1,188,solar,2.8138157741830137,0.0,2.8138157741830137,0.7035786297078878
564,batt_kup188,1,188,battery,1.6386651754108763,0.0,1.6386651754108763,0.33712447094547343
565,pltd_kup189,1,189,diesel,0.048084649386666636,0.9883,-0.9402153506133333,0.018614552185600024
566,plts_kup189,1,189,solar,2.59388479302016,0.0,2.59388479302016,0.64858618984799
567,batt_kup189,1,189,battery,1.5105854532921488,0.0,1.5105854532921488,0.310774457028846
568,pltd_kup190,1,190,diesel,0.1531875424000001,3.1485,-2.9953124576,0.05930211095200015
569,plts_kup190,1,190,solar,8.263561633923109,0.0,8.263561633923109,2.0662566713398167
570,batt_kup190,1,190,battery,4.81240175759835,0.0,4.81240175759835,0.9900608732538679
571,pltd_kup191,1,191,diesel,0.02864396693333354,0.5887,-0.5600560330666665,0.011088668528
572,plts_kup191,1,191,solar,1.5451728829968354,0.0,1.5451728829968354,0.38636174188931727
573,batt_kup191,1,191,battery,0.8998533917576916,0.0,0.8998533917576916,0.18512786144542515
574,pltd_kup192,1,192,diesel,0.008828380800000049,0.1815,-0.17267161919999996,0.0034177829840000163
575,plts_kup192,1,192,solar,0.47624613824406553,0.0,0.47624613824406553,0.1190826093393312
576,batt_kup192,1,192,battery,0.27734846749978853,0.0,0.27734846749978853,0.05705922019835643
577,pltd_kup193,1,193,diesel,0.006819801920000009,0.1402,-0.13338019807999998,0.0026400852016000022
578,plts_kup193,1,193,solar,0.36789871158758863,0.0,0.36789871158758863,0.09199094773932957
579,batt_kup193,1,193,battery,0.2142511323527949,0.0,0.2142511323527949,0.04407812015366396
580,pltd_kup194,1,194,diesel,0.0050964572799999915,0.1047,-0.09960354272000001,0.001972928014399998
581,plts_kup194,1,194,solar,0.27491247598317703,0.0,0.27491247598317703,0.06874031199978581
582,batt_kup194,1,194,battery,0.16009904900840982,0.0,0.16009904900840982,0.0329373530052531
583,pltd_kup195,1,195,diesel,0.015303905600000075,0.3145,-0.29919609439999995,0.005924461088000035
584,plts_kup195,1,195,solar,0.82554727190442,0.0,0.82554727190442,0.20642339098222812
585,batt_kup195,1,195,battery,0.4807690401683953,0.0,0.4807690401683953,0.09890915270990289
586,pltd_kup196,1,196,diesel,0.002997665386666659,0.0616,-0.05860233461333334,0.0011604038656000011
587,plts_kup196,1,196,solar,0.16171403568829437,0.0,0.16171403568829437,0.0404357415022199
588,batt_kup196,1,196,battery,0.0941769328393065,0.0,0.0941769328393065,0.01937511745392429
589,pltd_kup197,1,197,diesel,0.004031963413333345,0.0829,-0.07886803658666666,0.0015608561584000058
590,plts_kup197,1,197,solar,0.21140750489025523,0.0,0.21140750489025523,0.05438596585775107
591,batt_kup197,1,197,battery,0.126668586923683,0.0,0.126668586923683,0.02605967523483259
592,pltd_kup198,1,198,diesel,0.009922767893333356,0.2039,-0.19397723210666665,0.003841323628800003
593,plts_kup198,1,198,solar,0.5352715724533049,0.0,0.5352715724533049,0.13384163658582648
594,batt_kup198,1,198,battery,0.3117229602329901,0.0,0.3117229602329901,0.0641311120160146
595,pltd_kup199,1,199,diesel,0.016802720320000016,0.3453,-0.32849727968,0.006504734633600011
596,plts_kup199,1,199,solar,0.9064036421853942,0.0,0.9064036421853942,0.22664109779313674
597,batt_kup199,1,199,battery,0.5278568664459494,0.0,0.5278568664459494,0.10859658840358125
598,pltd_kup200,1,200,diesel,0.02047518047999984,0.4208,-0.40032481952000015,0.007926377950399974
599,plts_kup200,1,200,solar,1.1045029499869867,0.0,1.1045029499869867,0.27617473443286555
600,batt_kup200,1,200,battery,0.6432227561801357,0.0,0.6432227561801357,0.1323309556432024
601,pltd_kup201,1,201,diesel,0.00939804426666666,0.1932,-0.18380195573333336,0.0036381846480000083
602,plts_kup201,1,201,solar,0.5069721069156845,0.0,0.5069721069156845,0.12676552705288788
603,batt_kup201,1,201,battery,0.2952422865704308,0.0,0.2952422865704308,0.060740527768434374
604,pltd_kup202,1,202,diesel,0.003432263146666686,0.0705,-0.06706773685333331,0.0013287326304000007
605,plts_kup202,1,202,solar,0.18516258746765293,0.0,0.18516258746765293,0.04629882042373085
606,batt_kup202,1,202,battery,0.10783200421527361,0.0,0.10783200421527361,0.022184408798283584
607,pltd_kup203,1,203,diesel,0.021599327466666773,0.4439,-0.42230067253333325,0.008361555384000031
608,plts_kup203,1,203,solar,1.1651453024006044,0.0,1.1651453024006044,0.2913379984531886
609,batt_kup203,1,203,battery,0.6785387572350936,0.0,0.6785387572350936,0.1395965417070081
610,pltd_kup204,1,204,diesel,0.017297540479999932,0.3555,-0.33820245952000005,0.006696228750399982
611,plts_kup204,1,204,solar,0.9330866279966117,0.0,0.9330866279966117,0.23331303255943658
612,batt_kup204,1,204,battery,0.5433960052397704,0.0,0.5433960052397704,0.11179346700941191
613,pltd_kup205,1,205,diesel,0.020549890453333265,0.4224,-0.4018501095466667,0.007955299497599986
614,plts_kup205,1,205,solar,1.1085461520863762,0.0,1.1085461520863762,0.2771856958837169
615,batt_kup205,1,205,battery,0.6455774231834661,0.0,0.6455774231834661,0.1328153818720487
616,pltd_kup206,1,206,diesel,0.01461424874666663,0.3004,-0.2857857512533334,0.005657524118400008
617,plts_kup206,1,206,solar,0.7883532918174538,0.0,0.7883532918174538,0.19712323745230728
618,batt_kup206,1,206,battery,0.45910839309322576,0.0,0.45910839309322576,0.09445289253025198
619,pltd_kup207,1,207,diesel,0.017881860800000045,0.3675,-0.34961813919999996,0.006922376383999998
620,plts_kup207,1,207,solar,0.9646212648556172,0.0,0.9646212648556172,0.24119814259291936
621,batt_kup207,1,207,battery,0.5617612451603718,0.0,0.5617612451603718,0.11557176501864945
622,pltd_kup208,1,208,diesel,0.024851733866666757,0.5108,-0.48594826613333325,0.00962069505600003
623,plts_kup208,1,208,solar,1.340605045729357,0.0,1.340605045729357,0.3352106682810636
624,batt_kup208,1,208,battery,0.7807201619052986,0.0,0.7807201619052986,0.1606184479094439
625,pltd_kup209,1,209,diesel,0.007074742933333321,0.1454,-0.13832525706666668,0.002738835008000005
626,plts_kup209,1,209,solar,0.3816432832468258,0.0,0.3816432832468258,0.09542780547452598
627,batt_kup209,1,209,battery,0.22225540122081713,0.0,0.22225540122081713,0.04572486707558599
628,pltd_kup210,1,210,diesel,0.015303905600000074,0.3145,-0.29919609439999995,0.005924461088000033
629,plts_kup210,1,210,solar,0.8255472719044199,0.0,0.8255472719044199,0.2064233909822281
630,batt_kup210,1,210,battery,0.4807690401683953,0.0,0.4807690401683953,0.09890915270990289
631,pltd_kup211,1,211,diesel,0.005336008106666639,0.1097,-0.10436399189333337,0.0020657708511999857
632,plts_kup211,1,211,solar,0.28993447005127315,0.0,0.28993447005127315,0.0719752813881432
633,batt_kup211,1,211,battery,0.16763328674583114,0.0,0.16763328674583114,0.03448739588138089
634,pltd_kup212,1,212,diesel,0.010792112213333323,0.2218,-0.21100788778666668,0.004177772782400006
635,plts_kup212,1,212,solar,0.5836795242472601,0.0,0.5836795242472601,0.14556809919586589
636,batt_kup212,1,212,battery,0.3390378830739833,0.0,0.3390378830739833,0.06975065016148647
637,pltd_kup213,1,213,diesel,0.006160448533333385,0.1266,-0.1204395514666666,0.0023848770960000075
638,plts_kup213,1,213,solar,0.32598163966495824,0.0,0.32598163966495824,0.08309474363253803
639,batt_kup213,1,213,battery,0.19352580746416342,0.0,0.19352580746416342,0.0398142853062148
640,pltd_kup214,1,214,diesel,0.004691593706666674,0.0964,-0.09170840629333332,0.0018161213392000031
641,plts_kup214,1,214,solar,0.24261687174007648,0.0,0.24261687174007648,0.06328169505010375
642,batt_kup214,1,214,battery,0.14738664103467558,0.0,0.14738664103467558,0.030322017645225942
643,pltd_kup215,1,215,diesel,0.0057559080533332975,0.1183,-0.1125440919466667,0.0022281883455999973
644,plts_kup215,1,215,solar,0.3144194991578374,0.0,0.3144194991578374,0.07763627032505872
645,batt_kup215,1,215,battery,0.18081948646339013,0.0,0.18081948646339013,0.03720019842477544
646,pltd_kup216,1,216,diesel,0.005156443733333315,0.106,-0.10084355626666668,0.001996145592
647,plts_kup216,1,216,solar,0.2795329895883557,0.0,0.2795329895883557,0.0695493302203985
648,batt_kup216,1,216,battery,0.1619900786704403,0.0,0.1619900786704403,0.03332639282040434
649,pltd_kup217,1,217,diesel,0.007599379413333374,0.1562,-0.14860062058666662,0.0029419368384000118
650,plts_kup217,1,217,solar,0.4099439245519484,0.0,0.4099439245519484,0.10250410767040911
651,batt_kup217,1,217,battery,0.23873654717658305,0.0,0.23873654717658305,0.04911553680375025
652,pltd_kup218,1,218,diesel,0.003132279679999988,0.0644,-0.06126772032000001,0.0012126393663999975
653,plts_kup218,1,218,solar,0.16621929945495625,0.0,0.16621929945495625,0.04225543807267271
654,batt_kup218,1,218,battery,0.09841955179440161,0.0,0.09841955179440161,0.020247978867390284
655,pltd_kup219,1,219,diesel,0.004076723733333342,0.0838,-0.07972327626666666,0.0015782119919999977
656,plts_kup219,1,219,solar,0.22062948370658272,0.0,0.22062948370658272,0.05499264502612804
657,batt_kup219,1,219,battery,0.12808539527639637,0.0,0.12808539527639637,0.026351165266559763
658,pltd_kup220,1,220,diesel,0.007704392853333375,0.1583,-0.15059560714666662,0.0029825802496000068
659,plts_kup220,1,220,solar,0.40764906489593655,0.0,0.40764906489593655,0.10391898524590085
660,batt_kup220,1,220,battery,0.24202639468903345,0.0,0.24202639468903345,0.049792359167916016
661,pltd_kup221,1,221,diesel,0.006302153493333265,0.1045,-0.09819784650666673,0.0019384421167999864
662,plts_kup221,1,221,solar,0.4199318529877824,0.0,0.4199318529877824,0.10833394087138186
663,batt_kup221,1,221,battery,0.240798288334678,0.0,0.240798288334678,0.049387550143210446
664,pltd_kup222,1,222,diesel,0.005840303573333311,0.0968,-0.09095969642666668,0.0017964068752
665,plts_kup222,1,222,solar,0.39244404884953665,0.0,0.39244404884953665,0.10039376661098129
666,batt_kup222,1,222,battery,0.22315591827249068,0.0,0.22315591827249068,0.04576912676239488
667,pltd_kup223,1,223,diesel,0.01966570976000017,0.4042,-0.38453429023999985,0.007613043524800044
668,plts_kup223,1,223,solar,1.029350862014018,0.0,1.029350862014018,0.2652572496677326
669,batt_kup223,1,223,battery,0.6177994679569513,0.0,0.6177994679569513,0.1271005938317685
670,pltd_kup224,1,224,diesel,0.03489436181333317,0.7172,-0.6823056381866668,0.013508399990400006
671,plts_kup224,1,224,solar,1.8270155809520878,0.0,1.8270155809520878,0.4706688123984302
672,batt_kup224,1,224,battery,1.0961842996232065,0.0,1.0961842996232065,0.22551922647595046
673,pltd_kup225,1,225,diesel,0.018016911040000028,0.3703,-0.35228308896,0.006974720659200006
674,plts_kup225,1,225,solar,0.9434101992341716,0.0,0.9434101992341716,0.24301698797002533
675,batt_kup225,1,225,battery,0.5659801680043027,0.0,0.5659801680043027,0.11643972536312672
676,pltd_kup226,1,226,diesel,0.009922767893333372,0.2039,-0.19397723210666662,0.0038413236288000092
677,plts_kup226,1,226,solar,0.5271677479186699,0.0,0.5271677479186699,0.13384177034318
678,batt_kup226,1,226,battery,0.31172653679912954,0.0,0.31172653679912954,0.06413184907476462
679,pltd_kup227,1,227,diesel,0.006145468586666628,0.1263,-0.12015453141333336,0.002379006201599992
680,plts_kup227,1,227,solar,0.32614670288843434,0.0,0.32614670288843434,0.08289320643032429
681,batt_kup227,1,227,battery,0.19306722458316808,0.0,0.19306722458316808,0.039719946440499275
682,pltd_kup228,1,228,diesel,0.018136658239999902,0.3728,-0.35466334176000014,0.007021090115200001
683,plts_kup228,1,228,solar,0.9613943749398794,0.0,0.9613943749398794,0.2446344998355109
684,batt_kup228,1,228,battery,0.5697485749357704,0.0,0.5697485749357704,0.11721501520756357
685,pltd_kup229,1,229,diesel,0.017327254186666627,0.3561,-0.3387727458133334,0.006707671689599984
686,plts_kup229,1,229,solar,0.9055967746190453,0.0,0.9055967746190453,0.23371723816279594
687,batt_kup229,1,229,battery,0.5443290059341358,0.0,0.5443290059341358,0.11198541985330672
688,pltd_kup230,1,230,diesel,0.02183858591999994,0.4489,-0.4270614140800001,0.008454164521599977
689,plts_kup230,1,230,solar,1.1440241285870614,0.0,1.1440241285870614,0.29457356898055537
690,batt_kup230,1,230,battery,0.6860842024190567,0.0,0.6860842024190567,0.1411489179129192
691,pltd_kup231,1,231,diesel,0.015093765866666518,0.3102,-0.2951062341333335,0.005843085415999992
692,plts_kup231,1,231,solar,0.79303611142327,0.0,0.79303611142327,0.20359274122780596
693,batt_kup231,1,231,battery,0.4741674830723792,0.0,0.4741674830723792,0.09755101449555593
694,pltd_kup232,1,232,diesel,0.015558759466666773,0.3198,-0.3042412405333332,0.006023152744000022
695,plts_kup232,1,232,solar,0.819251748177063,0.0,0.819251748177063,0.20986086360440598
696,batt_kup232,1,232,battery,0.48878525844184617,0.0,0.48878525844184617,0.10055835031569565
697,pltd_kup233,1,233,diesel,0.010642282026666781,0.2187,-0.20805771797333322,0.004119781612800014
698,plts_kup233,1,233,solar,0.5579886609723792,0.0,0.5579886609723792,0.14354634615522496
699,batt_kup233,1,233,battery,0.3343293475285681,0.0,0.3343293475285681,0.06878195632588731
700,pltd_kup234,1,234,diesel,0.032721059946666735,0.6725,-0.6397789400533332,0.012666947294399999
701,plts_kup234,1,234,solar,1.7229921582688439,0.0,1.7229921582688439,0.4413548626250677
702,batt_kup234,1,234,battery,1.0279541275769157,0.0,1.0279541275769157,0.2114821703166508
703,pltd_kup235,1,235,diesel,0.011721642986666796,0.2409,-0.2291783570133332,0.004537719513600015
704,plts_kup235,1,235,solar,0.6242777750294335,0.0,0.6242777750294335,0.15810326022860724
705,batt_kup235,1,235,battery,0.3682388407481956,0.0,0.3682388407481956,0.07575819878778813
706,pltd_kup236,1,236,diesel,0.00984761173333338,0.2024,-0.19255238826666662,0.003812201231999998
707,plts_kup236,1,236,solar,0.5209846889203433,0.0,0.5209846889203433,0.132830914748902
708,batt_kup236,1,236,battery,0.30936665181448314,0.0,0.30936665181448314,0.0636463593739287
709,pltd_kup237,1,237,diesel,0.004766380586666684,0.098,-0.09323361941333332,0.0018451489616000004
710,plts_kup237,1,237,solar,0.2612226129383994,0.0,0.2612226129383994,0.0642928722976167
711,batt_kup237,1,237,battery,0.14974782696845187,0.0,0.14974782696845187,0.030807793220058558
712,pltd_kup238,1,238,diesel,0.020100133226666705,0.4131,-0.3929998667733333,0.007781290988799988
713,plts_kup238,1,238,solar,1.0583297442453745,0.0,1.0583297442453745,0.27112102507959285
714,batt_kup238,1,238,battery,0.6314696066204364,0.0,0.6314696066204364,0.1299129665435395
715,pltd_kup239,1,239,diesel,0.00460176021333333,0.0946,-0.08999823978666667,0.001781432822399998
716,plts_kup239,1,239,solar,0.2482304069141926,0.0,0.2482304069141926,0.06206851132035019
717,batt_kup239,1,239,battery,0.14456012645095595,0.0,0.14456012645095595,0.029740513036613004
718,pltd_kup240,1,240,diesel,0.00971263839999989,0.1996,-0.1898873616000001,0.0037599910319999637
719,plts_kup240,1,240,solar,0.5102607639210238,0.0,0.5102607639210238,0.1310111525630759
720,batt_kup240,1,240,battery,0.3051280807649104,0.0,0.3051280807649104,0.06277435585203274
721,pltd_kup241,1,241,diesel,0.005051296959999924,0.1038,-0.09874870304000008,0.0019554461807999883
722,plts_kup241,1,241,solar,0.26539534406470866,0.0,0.26539534406470866,0.06813378762460212
723,batt_kup241,1,241,battery,0.1586835720864116,0.0,0.1586835720864116,0.03264613735476771
724,pltd_kup242,1,242,diesel,0.010866729813333253,0.2234,-0.21253327018666673,0.004206817630399982
725,plts_kup242,1,242,solar,0.5691186006652226,0.0,0.5691186006652226,0.1465794358480298
726,batt_kup242,1,242,battery,0.3414027698389669,0.0,0.3414027698389669,0.07023720617801431
727,pltd_kup243,1,243,diesel,0.008199213013333385,0.1685,-0.16030078698666664,0.0031740743664000035
728,plts_kup243,1,243,solar,0.4330417006353632,0.0,0.4330417006353632,0.11059094588324511
729,batt_kup243,1,243,battery,0.25756622525418243,0.0,0.25756622525418243,0.052989380333981914
730,pltd_kup244,1,244,diesel,0.03353034090666641,0.6892,-0.6556696590933336,0.012980275795199976
731,plts_kup244,1,244,solar,1.8087660749009902,0.0,1.8087660749009902,0.4522716965990941
732,batt_kup244,1,244,battery,1.0533605756826248,0.0,1.0533605756826248,0.21670906764147538
733,pltd_kup245,1,245,diesel,0.02257354165333331,0.464,-0.4414264583466667,0.008738702873600004
734,plts_kup245,1,245,solar,1.2177029444334848,0.0,1.2177029444334848,0.3044797333869143
735,batt_kup245,1,245,battery,0.709146408690277,0.0,0.709146408690277,0.1458934900292923
736,pltd_kup246,1,246,diesel,0.03534410880000026,0.7264,-0.6910558911999998,0.013682421424000085
737,plts_kup246,1,246,solar,1.9066023676152928,0.0,1.9066023676152928,0.47673513207685203
738,batt_kup246,1,246,battery,1.1103369544824215,0.0,1.1103369544824215,0.22843087615573746
739,pltd_kup247,1,247,diesel,0.04295848864000008,0.8829,-0.83994151136,0.016630126307200073
740,plts_kup247,1,247,solar,2.3173544423040897,0.0,2.3173544423040897,0.5794414059150261
741,batt_kup247,1,247,battery,1.3495444103952845,0.0,1.3495444103952845,0.2776433037870603
742,pltd_kup248,1,248,diesel,0.021719254186666745,0.4464,-0.42468074581333326,0.008407978689600021
743,plts_kup248,1,248,solar,1.171613792080209,0.0,1.171613792080209,0.29295547434922775
744,batt_kup248,1,248,battery,0.6823058280229698,0.0,0.6823058280229698,0.1403715443493736
745,pltd_kup249,1,249,diesel,0.03075754901333333,0.6322,-0.6014424509866667,0.011907015646400036
746,plts_kup249,1,249,solar,1.6591799119065418,0.0,1.6591799119065418,0.41486850556183724
747,batt_kup249,1,249,battery,0.9662463901160928,0.0,0.9662463901160928,0.19878697642872442
748,pltd_kup250,1,250,diesel,0.032886059840000134,0.6759,-0.6430139401599998,0.012730920283200043
749,plts_kup250,1,250,solar,1.7739966848909936,0.0,1.7739966848909936,0.4435778879310915
750,batt_kup250,1,250,battery,1.0331121028821428,0.0,1.0331121028821428,0.21254331287875203
751,pltd_kup251,1,251,diesel,0.03150668970666643,0.6476,-0.6160933102933335,0.012196970419199987
752,plts_kup251,1,251,solar,1.6996097210318573,0.0,1.6996097210318573,0.4249776931030858
753,batt_kup251,1,251,battery,0.989791563628832,0.0,0.989791563628832,0.20363095401342973
754,pltd_kup252,1,252,diesel,0.06259409493333322,1.2865,-1.2239059050666667,0.024231566967999964
755,plts_kup252,1,252,solar,3.376577964533846,0.0,3.376577964533846,0.8442941590756181
756,batt_kup252,1,252,battery,1.9663976710602877,0.0,1.9663976710602877,0.4045492290841041
757,pltd_kup253,1,253,diesel,0.003941883733333338,0.081,-0.07705811626666667,0.001526008792000004
758,plts_kup253,1,253,solar,0.21265368362943718,0.0,0.21265368362943718,0.05317283428530974
759,batt_kup253,1,253,battery,0.12384178241504383,0.0,0.12384178241504383,0.025478122728092238
760,pltd_kup254,1,254,diesel,0.004826443946666683,0.0992,-0.09437355605333331,0.0018684096144000039
761,plts_kup254,1,254,solar,0.25416904385416833,0.0,0.25416904385416833,0.06510135381031901
762,batt_kup254,1,254,battery,0.15162544135665182,0.0,0.15162544135665182,0.031194074340378804
763,pltd_kup255,1,255,diesel,0.005621047573333356,0.1155,-0.10987895242666665,0.002175954995200005
764,plts_kup255,1,255,solar,0.30645345805272173,0.0,0.30645345805272173,0.07581677280071017
765,batt_kup255,1,255,battery,0.1765838744144511,0.0,0.1765838744144511,0.03632879284413008
766,pltd_kup256,1,256,diesel,0.0065350753066666855,0.1343,-0.1277649246933333,0.0025298359072
767,plts_kup256,1,256,solar,0.35907999743680497,0.0,0.35907999743680497,0.08814936399491685
768,batt_kup256,1,256,battery,0.20529845015239864,0.0,0.20529845015239864,0.04223627970020631
769,pltd_kup257,1,257,diesel,0.0038670866133368393,0.0795,-0.07563291338666316,0.0014970780944025801
770,plts_kup257,1,257,solar,0.2117146041023165,0.0,0.2117146041023165,0.05216166642253104
771,batt_kup257,1,257,battery,0.12148328068996701,0.0,0.12148328068996701,0.024992894390188404
772,pltd_kup258,1,258,diesel,0.002488121706666671,0.0511,-0.04861187829333333,0.0009631637792000028
773,plts_kup258,1,258,solar,0.13429116655562956,0.0,0.13429116655562956,0.03356167562057026
774,batt_kup258,1,258,battery,0.07816950715345565,0.0,0.07816950715345565,0.01608189425498414
775,pltd_kup259,1,259,diesel,0.0021883484799999943,0.045,-0.04281165152000001,0.0008471625904000006
776,plts_kup259,1,259,solar,0.11554620348866547,0.0,0.11554620348866547,0.029518023061713087
777,batt_kup259,1,259,battery,0.0687496424146684,0.0,0.0687496424146684,0.014143942718414865
778,pltd_kup260,1,260,diesel,0.0031925328000000186,0.0656,-0.06240746719999999,0.0012359059440000043
779,plts_kup260,1,260,solar,0.1714849621601256,0.0,0.1714849621601256,0.04306378572695462
780,batt_kup260,1,260,battery,0.1002958330077619,0.0,0.1002958330077619,0.020633979322239576
781,pltd_kup261,1,261,diesel,0.0022034155733333376,0.0453,-0.04309658442666666,0.0008530496352000041
782,plts_kup261,1,261,solar,0.11516751690091291,0.0,0.11516751690091291,0.029719960681856995
783,batt_kup261,1,261,battery,0.06921724758499727,0.0,0.06921724758499727,0.014240152747116238
784,pltd_kup262,1,262,diesel,0.006909978986666626,0.142,-0.13509002101333337,0.002674991793599994
785,plts_kup262,1,262,solar,0.3792086303272012,0.0,0.3792086303272012,0.09320392544108894
786,batt_kup262,1,262,battery,0.21707644292346276,0.0,0.21707644292346276,0.044659382564067214
787,pltd_kup263,1,263,diesel,0.0033276292266666545,0.0684,-0.06507237077333335,0.001288185068799999
788,plts_kup263,1,263,solar,0.1795022081386154,0.0,0.1795022081386154,0.04488349362297094
789,batt_kup263,1,263,battery,0.10453557283334687,0.0,0.10453557283334687,0.02150621778069612
790,pltd_kup264,1,264,diesel,0.04484712032000011,0.9218,-0.8769528796799998,0.017361251633600056
791,plts_kup264,1,264,solar,2.419234814073734,0.0,2.419234814073734,0.6049158778580139
792,batt_kup264,1,264,battery,1.4088754031044486,0.0,1.4088754031044486,0.28984953943816477
793,pltd_kup265,1,265,diesel,0.016982387306666763,0.349,-0.3320176126933332,0.006574279667200017
794,plts_kup265,1,265,solar,0.9161070043748332,0.0,0.9161070043748332,0.22906738654115372
795,batt_kup265,1,265,battery,0.5335079781046975,0.0,0.5335079781046975,0.10975920246061609
796,pltd_kup266,1,266,diesel,0.05288120010666662,1.0869,-1.0340187998933335,0.02047140201120002
797,plts_kup266,1,266,solar,2.8526266724743583,0.0,2.8526266724743583,0.7132830970116363
798,batt_kup266,1,266,battery,1.661267330807802,0.0,1.661267330807802,0.3417744135216719
799,pltd_kup267,1,267,diesel,0.04297354549333345,0.8832,-0.8402264545066666,0.01663602627680006
800,plts_kup267,1,267,solar,2.3181629115600697,0.0,2.3181629115600697,0.5796434078725226
801,batt_kup267,1,267,battery,1.350014484593591,0.0,1.350014484593591,0.2777400167082473
802,pltd_kup268,1,268,diesel,0.062429341226666456,1.2831,-1.2206706587733334,0.024167710828799958
803,plts_kup268,1,268,solar,3.3676839680350383,0.0,3.3676839680350383,0.8420702462307967
804,batt_kup268,1,268,battery,1.9612182097613569,0.0,1.9612182097613569,0.40348364683882043
805,pltd_kup269,1,269,diesel,0.016577790400000153,0.3407,-0.3241222095999998,0.006417661991999991
806,plts_kup269,1,269,solar,0.8942752912272909,0.0,0.8942752912272909,0.22360851724849887
807,batt_kup269,1,269,battery,0.5207938763898261,0.0,0.5207938763898261,0.10714351805441535
808,pltd_kup270,1,270,diesel,0.02617087135999992,0.5379,-0.5117291286400001,0.010131310492799995
809,plts_kup270,1,270,solar,1.4117588308967,0.0,1.4117588308967,0.3530022970721968
810,batt_kup270,1,270,battery,0.8221576446946236,0.0,0.8221576446946236,0.16914342192586804
811,pltd_kup271,1,271,diesel,0.0016036845866666664,0.033,-0.031396315413333334,0.0006208878816000019
812,plts_kup271,1,271,solar,0.08438699306751565,0.0,0.08438699306751565,0.021633060353443184
813,batt_kup271,1,271,battery,0.050384785538961786,0.0,0.050384785538961786,0.010365717722269246
814,pltd_kup272,1,272,diesel,0.004946437333333343,0.1017,-0.09675356266666665,0.0019149099200000048
815,plts_kup272,1,272,solar,0.2600900078682401,0.0,0.2600900078682401,0.0667185300595582
816,batt_kup272,1,272,battery,0.1553884304894892,0.0,0.1553884304894892,0.03196823583527393
817,pltd_kup273,1,273,diesel,0.006280308586666708,0.1291,-0.12281969141333328,0.002431300401600006
818,plts_kup273,1,273,solar,0.333674697528828,0.0,0.333674697528828,0.08471246583111613
819,batt_kup273,1,273,battery,0.19730021288559213,0.0,0.19730021288559213,0.040590799469862826
820,pltd_kup274,1,274,diesel,0.0035225992533333603,0.0724,-0.06887740074666665,0.0013636699216000023
821,plts_kup274,1,274,solar,0.1870996000750879,0.0,0.1870996000750879,0.04751181729642564
822,batt_kup274,1,274,battery,0.11066007349538454,0.0,0.11066007349538454,0.022766216024328843
823,pltd_kup275,1,275,diesel,0.00208345813333334,0.0428,-0.04071654186666666,0.0008064621040000029
824,plts_kup275,1,275,solar,0.10943790894775877,0.0,0.10943790894775877,0.02810279912510866
825,batt_kup275,1,275,battery,0.06545315392194367,0.0,0.06545315392194367,0.013465745856234154
826,pltd_kup276,1,276,diesel,0.003957243200000004,0.0813,-0.0773427568,0.0015319335360000031
827,plts_kup276,1,276,solar,0.2082068171955686,0.0,0.2082068171955686,0.05337488951310548
828,batt_kup276,1,276,battery,0.12431346819362284,0.0,0.12431346819362284,0.025575149989341794
829,pltd_kup277,1,277,diesel,0.0042419031466667066,0.0872,-0.08295809685333329,0.0016421128304000088
830,plts_kup277,1,277,solar,0.22232920535592654,0.0,0.22232920535592654,0.057216554337633084
831,batt_kup277,1,277,battery,0.1332660723185928,0.0,0.1332660723185928,0.027416974353015596
832,pltd_kup278,1,278,diesel,0.003837183146666646,0.0789,-0.07506281685333335,0.0014854052303999987
833,plts_kup278,1,278,solar,0.20325810517419188,0.0,0.20325810517419188,0.05175771246304186
834,batt_kup278,1,278,battery,0.12055083199632968,0.0,0.12055083199632968,0.024801061227403623
835,pltd_kup279,1,279,diesel,0.0062666648533333,0.1039,-0.09763333514666671,0.0019274848095999766
836,plts_kup279,1,279,solar,0.41481304397413954,0.0,0.41481304397413954,0.1077229333356107
837,batt_kup279,1,279,battery,0.23943298201032612,0.0,0.23943298201032612,0.049107506123088
838,pltd_kup280,1,280,diesel,0.002787679466691336,0.0573,-0.054512320533308664,0.001079247344018134
839,plts_kup280,1,280,solar,0.14329386829472582,0.0,0.14329386829472582,0.037605112791949634
840,batt_kup280,1,280,battery,0.0875852971718269,0.0,0.0875852971718269,0.01801903569717009
841,pltd_kup281,1,281,diesel,0.0024432485333333283,0.0502,-0.04775675146666667,0.0009457680959999977
842,plts_kup281,1,281,solar,0.12837179254188913,0.0,0.12837179254188913,0.03295494092261977
843,batt_kup281,1,281,battery,0.0767517755071782,0.0,0.0767517755071782,0.015790225800519288
844,pltd_kup282,1,282,diesel,0.0038670866133333217,0.0795,-0.07563291338666668,0.001497078094399999
845,plts_kup282,1,282,solar,0.20228307097762122,0.0,0.20228307097762122,0.05216174647666445
846,batt_kup282,1,282,battery,0.12148542127427789,0.0,0.12148542127427789,0.02499333552180319
847,pltd_kup283,1,283,diesel,0.007134719146666714,0.1466,-0.1394652808533333,0.002761995510399998
848,plts_kup283,1,283,solar,0.3726286116613363,0.0,0.3726286116613363,0.09623637320032086
849,batt_kup283,1,283,battery,0.22413176456401102,0.0,0.22413176456401102,0.046110878530951395
850,pltd_kup284,1,284,diesel,0.003147828906666684,0.0647,-0.06155217109333331,0.001218521035200003
851,plts_kup284,1,284,solar,0.16979940378599623,0.0,0.16979940378599623,0.042457430099600985
852,batt_kup284,1,284,battery,0.09888524261860869,0.0,0.09888524261860869,0.020343764763642882
853,pltd_kup285,1,285,diesel,0.008259219946666715,0.1697,-0.1614407800533333,0.003197392094399996
854,plts_kup285,1,285,solar,0.45696232804680825,0.0,0.45696232804680825,0.11139975179755032
855,batt_kup285,1,285,battery,0.2594570060728895,0.0,0.2594570060728895,0.053378380717101076
856,pltd_kup286,1,286,diesel,0.011166862080000011,0.2295,-0.21833313792,0.004322982518399989
857,plts_kup286,1,286,solar,0.6128478926658324,0.0,0.6128478926658324,0.15062232616759405
858,batt_kup286,1,286,battery,0.3508052476918975,0.0,0.3508052476918975,0.07217155092594624
859,pltd_kup287,1,287,diesel,0.0028780515200000096,0.0591,-0.05622194847999999,0.001114181409600001
860,plts_kup287,1,287,solar,0.15701986388809072,0.0,0.15701986388809072,0.03881817439475354
861,batt_kup287,1,287,battery,0.09041228966626152,0.0,0.09041228966626152,0.018600603244823176
862,pltd_kup288,1,288,diesel,0.0038821434666666496,0.0798,-0.07591785653333334,0.0015028730639999974
863,plts_kup288,1,288,solar,0.2082676171720085,0.0,0.2082676171720085,0.05236408431186892
864,batt_kup288,1,288,battery,0.12195979721561687,0.0,0.12195979721561687,0.025090934946194323
865,pltd_kup289,1,289,diesel,0.014899042026666642,0.3062,-0.2913009579733334,0.005767696412799992
866,plts_kup289,1,289,solar,0.8158464496338436,0.0,0.8158464496338436,0.20096545689300005
867,batt_kup289,1,289,battery,0.4680750785191127,0.0,0.4680750785191127,0.09629761876841875
868,pltd_kup290,1,290,diesel,0.003941883733333344,0.081,-0.07705811626666666,0.0015260087920000035
869,plts_kup290,1,290,solar,0.2141225787966429,0.0,0.2141225787966429,0.053172990039745384
870,batt_kup290,1,290,battery,0.12384594716581046,0.0,0.12384594716581046,0.025478980999930224
871,pltd_kup291,1,291,diesel,0.01770864672000001,0.2935,-0.27579135328,0.005446900905600023
872,plts_kup291,1,291,solar,1.1875851328744536,0.0,1.1875851328744536,0.3044005237610165
873,batt_kup291,1,291,battery,0.6765788055901493,0.0,0.6765788055901493,0.13876579035041794
874,pltd_kup292,1,292,diesel,0.00836365386666667,0.1719,-0.16353634613333332,0.0032377646559999863
875,plts_kup292,1,292,solar,0.45358939040718965,0.0,0.45358939040718965,0.11281530516385081
876,batt_kup292,1,292,battery,0.262753693229828,0.0,0.262753693229828,0.054056624444802956
877,pltd_kup293,1,293,diesel,0.01326544373333324,0.2726,-0.2593345562666668,0.005135365591999977
878,plts_kup293,1,293,solar,0.7132913999206738,0.0,0.7132913999206738,0.178926558219373
879,batt_kup293,1,293,battery,0.416712511678733,0.0,0.416712511678733,0.08573071981475333
880,pltd_kup294,1,294,diesel,0.009038330773333348,0.1858,-0.17676166922666664,0.0034989357312000015
881,plts_kup294,1,294,solar,0.49188709932400765,0.0,0.49188709932400765,0.1219134717237254
882,batt_kup294,1,294,battery,0.28394710012751606,0.0,0.28394710012751606,0.058416761663078506
883,pltd_kup295,1,295,diesel,0.006295478293333301,0.1294,-0.12310452170666669,0.002437086220799994
884,plts_kup295,1,295,solar,0.33863989432169195,0.0,0.33863989432169195,0.08491474319422208
885,batt_kup295,1,295,battery,0.19777278467623208,0.0,0.19777278467623208,0.04068801524527791
886,pltd_kup296,1,296,diesel,0.010162472533333348,0.2089,-0.19873752746666665,0.003934168616
887,plts_kup296,1,296,solar,0.5475923198832129,0.0,0.5475923198832129,0.13707672051132822
888,batt_kup296,1,296,battery,0.3192643784418596,0.0,0.3192643784418596,0.06568264649329843
889,pltd_kup297,1,297,diesel,0.0022785255466666655,0.0468,-0.044521474453333335,0.0008820691823999993
890,plts_kup297,1,297,solar,0.1245468478733949,0.0,0.1245468478733949,0.030731018810688106
891,batt_kup297,1,297,battery,0.07157543555364886,0.0,0.07157543555364886,0.014725304576495957
892,pltd_kup298,1,298,diesel,0.005561061120000011,0.1143,-0.10873893887999998,0.0021527374176
893,plts_kup298,1,298,solar,0.30369482449112484,0.0,0.30369482449112484,0.07500822637084661
894,batt_kup298,1,298,battery,0.17470302679672625,0.0,0.17470302679672625,0.03594185134466934
895,pltd_kup299,1,299,diesel,0.014269525440000022,0.2933,-0.27903047455999996,0.005524112171199994
896,plts_kup299,1,299,solar,0.7697561921544769,0.0,0.7697561921544769,0.19247312243554968
897,batt_kup299,1,299,battery,0.4482780761923866,0.0,0.4482780761923866,0.09222476677052702
898,pltd_kup300,1,300,diesel,0.008798610666666725,0.1808,-0.17200138933333325,0.003406124120000004
899,plts_kup300,1,300,solar,0.47362462824783763,0.0,0.47362462824783763,0.1186786098855842
900,batt_kup300,1,300,battery,0.27641629972148984,0.0,0.27641629972148984,0.05686744492660462
901,pltd_kup301,1,301,diesel,0.0065350753066666665,0.1343,-0.12776492469333334,0.002529835907200001
902,plts_kup301,1,301,solar,0.35354429405393645,0.0,0.35354429405393645,0.08814945709728148
903,batt_kup301,1,301,battery,0.20530093963619978,0.0,0.20530093963619978,0.04223679273302806
904,pltd_kup302,1,302,diesel,0.008918583573333376,0.1833,-0.1743814164266666,0.0034525662752000184
905,plts_kup302,1,302,solar,0.47947390288354796,0.0,0.47947390288354796,0.12029556396872344
906,batt_kup302,1,302,battery,0.2801681074226191,0.0,0.2801681074226191,0.057639290302453364
907,pltd_kup303,1,303,diesel,0.009473097813333317,0.1947,-0.1852269021866667,0.003667268270400001
908,plts_kup303,1,303,solar,0.5104169444829768,0.0,0.5104169444829768,0.12777654441576652
909,batt_kup303,1,303,battery,0.2976046253750805,0.0,0.2976046253750805,0.061226540926896576
910,pltd_kup304,1,304,diesel,0.00866368351999996,0.1781,-0.16943631648000004,0.0033538417695999968
911,plts_kup304,1,304,solar,0.4640063021259594,0.0,0.4640063021259594,0.11685880058161925
912,batt_kup304,1,304,battery,0.272170104837754,0.0,0.272170104837754,0.05599385843536435
913,pltd_kup305,1,305,diesel,0.009908054613333316,0.2036,-0.19369194538666668,0.003835585734399997
914,plts_kup305,1,305,solar,0.5389440452237954,0.0,0.5389440452237954,0.13363912483864984
915,batt_kup305,1,305,battery,0.31124412119715794,0.0,0.31124412119715794,0.06403259876191031
916,pltd_kup306,1,306,diesel,0.0074196560000000114,0.1525,-0.14508034399999997,0.002872364880000006
917,plts_kup306,1,306,solar,0.4005333115786388,0.0,0.4005333115786388,0.10007801916316406
918,batt_kup306,1,306,battery,0.23308947957679207,0.0,0.23308947957679207,0.04795376207118531
919,pltd_kup307,1,307,diesel,0.013175051200000036,0.2708,-0.2576249488,0.005100366376000004
920,plts_kup307,1,307,solar,0.7073071568764001,0.0,0.7073071568764001,0.17771489240637575
921,batt_kup307,1,307,battery,0.4139194723617015,0.0,0.4139194723617015,0.08515613748829944
922,pltd_kup308,1,308,diesel,0.008888310826666702,0.1827,-0.1738116891733333,0.00344079863680001
923,plts_kup308,1,308,solar,0.4894650346836787,0.0,0.4894650346836787,0.11989180574560786
924,batt_kup308,1,308,battery,0.27924014386739704,0.0,0.27924014386739704,0.057448399211393185
925,pltd_kup309,1,309,diesel,0.008453810453333361,0.1738,-0.16534618954666666,0.003272634097599996
926,plts_kup309,1,309,solar,0.4540435617275153,0.0,0.4540435617275153,0.11402819099727751
927,batt_kup309,1,309,battery,0.26557392687102777,0.0,0.26557392687102777,0.054636828751981406
928,pltd_tim310,1,310,diesel,0.006115421546666704,0.1257,-0.1195845784533333,0.0023674022624000043
929,plts_tim310,1,310,solar,0.34096716206114114,0.0,0.34096716206114114,0.08248842654390418
930,batt_tim310,1,310,battery,0.19211643474446138,0.0,0.19211643474446138,0.039524327609738605
931,pltd_tim311,1,311,diesel,0.0034175858133333285,0.0702,-0.06678241418666667,0.0013230055103999972
932,plts_tim311,1,311,solar,0.19172868633072926,0.0,0.19172868633072926,0.04609660589021864
933,batt_tim311,1,311,battery,0.10736242265977114,0.0,0.10736242265977114,0.022087785551325637
934,pltd_tim312,1,312,diesel,0.005440944640000012,0.1118,-0.10635905535999998,0.0021063291871999987
935,plts_tim312,1,312,solar,0.30963990976036226,0.0,0.30963990976036226,0.07339044469658053
936,batt_tim312,1,312,battery,0.1709290899615792,0.0,0.1709290899615792,0.03516543967208225
937,pltd_tim313,1,313,diesel,0.008139293226666702,0.1673,-0.1591607067733333,0.003150807788800016
938,plts_tim313,1,313,solar,0.46104987703072503,0.0,0.46104987703072503,0.10978241823387858
939,batt_tim313,1,313,battery,0.25568456959078256,0.0,0.25568456959078256,0.05260227231246847
940,pltd_tim314,1,314,diesel,0.006250282026666689,0.1285,-0.12224971797333331,0.0024196076128000033
941,plts_tim314,1,314,solar,0.3514131577556054,0.0,0.3514131577556054,0.08430801893251998
942,batt_tim314,1,314,battery,0.1963545833890901,0.0,0.1963545833890901,0.04039625593202368
943,pltd_tim315,1,315,diesel,0.008093886720000013,0.1664,-0.15830611328,0.0031333981056000013
944,plts_tim315,1,315,solar,0.45765175836470223,0.0,0.45765175836470223,0.10917577574415668
945,batt_tim315,1,315,battery,0.25427098809012616,0.0,0.25427098809012616,0.052311459120013205
946,pltd_tim316,1,316,diesel,0.004016916800000008,0.0826,-0.0785830832,0.0015551182640000008
947,plts_tim316,1,316,solar,0.2281944678298961,0.0,0.2281944678298961,0.05418356162204967
948,batt_tim316,1,316,battery,0.12619430723021574,0.0,0.12619430723021574,0.02596210157000286
949,pltd_tim317,1,317,diesel,0.0056210475733333405,0.1155,-0.10987895242666666,0.0021759549952000026
950,plts_tim317,1,317,solar,0.31567695568131576,0.0,0.31567695568131576,0.07581664550067872
951,batt_tim317,1,317,battery,0.17658047051201042,0.0,0.17658047051201042,0.03632809136791511
952,pltd_tim318,1,318,diesel,0.004856424319999986,0.0998,-0.09494357568000002,0.001880041553599996
953,plts_tim318,1,318,solar,0.27260178096144216,0.0,0.27260178096144216,0.06550590606364456
954,batt_tim318,1,318,battery,0.15257370078104657,0.0,0.15257370078104657,0.03138917170335808
955,pltd_tim319,1,319,diesel,0.01014752853333333,0.2086,-0.19845247146666667,0.0039283504959999995
956,plts_tim319,1,319,solar,0.5628531020780747,0.0,0.5628531020780747,0.1368748140987736
957,batt_tim319,1,319,battery,0.31879891795920895,0.0,0.31879891795920895,0.06558687251703378
958,pltd_tim320,1,320,diesel,0.007884059839999949,0.162,-0.15411594016000005,0.0030521252831999827
959,plts_tim320,1,320,solar,0.43718083521076584,0.0,0.43718083521076584,0.10634526354238909
960,batt_tim320,1,320,battery,0.2476772268821484,0.0,0.2476772268821484,0.050954915632673146
961,pltd_tim321,1,321,diesel,0.005755908053333327,0.1183,-0.11254409194666667,0.0022281883455999986
962,plts_tim321,1,321,solar,0.3277980945766961,0.0,0.3277980945766961,0.07763634036406476
963,batt_tim321,1,321,battery,0.18082135925117312,0.0,0.18082135925117312,0.037200584368881746
964,pltd_tim322,1,322,diesel,0.00491634410666667,0.101,-0.09608365589333334,0.001903175131199999
965,plts_tim322,1,322,solar,0.27269732412774833,0.0,0.27269732412774833,0.06631460219957837
966,batt_tim322,1,322,battery,0.1544553694548722,0.0,0.1544553694548722,0.031776282406060063
967,pltd_tim323,1,323,diesel,0.009323134293333297,0.1916,-0.1822768657066667,0.003609200100799978
968,plts_tim323,1,323,solar,0.5171264338378161,0.0,0.5171264338378161,0.12575496033266464
969,batt_tim323,1,323,battery,0.2928992973996547,0.0,0.2928992973996547,0.06025850810732085
970,pltd_tim324,1,324,diesel,0.009308344106666694,0.1913,-0.1819916558933333,0.003603510131200007
971,plts_tim324,1,324,solar,0.5162940767551876,0.0,0.5162940767551876,0.12555269536709385
972,batt_tim324,1,324,battery,0.29242818015620275,0.0,0.29242818015620275,0.06016158023539026
973,pltd_tim325,1,325,diesel,0.007704392853333285,0.1583,-0.1505956071466667,0.002982580249599981
974,plts_tim325,1,325,solar,0.4228328370864748,0.0,0.4228328370864748,0.10391916284925001
975,batt_tim325,1,325,battery,0.24203114366251693,0.0,0.24203114366251693,0.0497933378363715
976,pltd_tim326,1,326,diesel,0.005426077546666676,0.1115,-0.10607392245333333,0.002100484142399997
977,plts_tim326,1,326,solar,0.2994108755789908,0.0,0.2994108755789908,0.07318840841879558
978,batt_tim326,1,326,battery,0.17045959546165648,0.0,0.17045959546165648,0.035068840290338174
979,pltd_tim327,1,327,diesel,0.007209459839999997,0.1482,-0.14099054016,0.0027910112832000046
980,plts_tim327,1,327,solar,0.3953309563556412,0.0,0.3953309563556412,0.09724745398993602
981,batt_tim327,1,327,battery,0.2264922430344683,0.0,0.2264922430344683,0.04659652016134323
982,pltd_tim328,1,328,diesel,0.009772691519999968,0.2009,-0.19112730848000004,0.003783229609599995
983,plts_tim328,1,328,solar,0.5385293922653618,0.0,0.5385293922653618,0.13182053799093676
984,batt_tim328,1,328,battery,0.3070300523060193,0.0,0.3070300523060193,0.06316565056962446
985,pltd_tim329,1,329,diesel,0.012006369600000007,0.2468,-0.23479363039999998,0.004647912807999994
986,plts_tim329,1,329,solar,0.6701481831183521,0.0,0.6701481831183521,0.16194388290429396
987,batt_tim329,1,329,battery,0.3771617068903008,0.0,0.3771617068903008,0.07759389474795318
988,pltd_tim330,1,330,diesel,0.0038371831466666754,0.0789,-0.07506281685333333,0.0014854052303999992
989,plts_tim330,1,330,solar,0.21077003611068088,0.0,0.21077003611068088,0.051757534154155266
990,batt_tim330,1,330,battery,0.12054606415733234,0.0,0.12054606415733234,0.024800078671143047
991,pltd_tim331,1,331,diesel,0.010147528533333292,0.2086,-0.19845247146666672,0.003928350495999991
992,plts_tim331,1,331,solar,0.5609505799439635,0.0,0.5609505799439635,0.13687444139492413
993,batt_tim331,1,331,battery,0.31878895215222347,0.0,0.31878895215222347,0.06558481876353023
994,pltd_tim332,1,332,diesel,0.005740861440000007,0.118,-0.11225913855999999,0.002222359451200005
995,plts_tim332,1,332,solar,0.31842368512123187,0.0,0.31842368512123187,0.07743433831686115
996,batt_tim332,1,332,battery,0.18035446462031007,0.0,0.18035446462031007,0.037104532617753504
997,pltd_tim333,1,333,diesel,0.02916863413333355,0.5995,-0.5703313658666664,0.011291801584000035
998,plts_tim333,1,333,solar,1.6262788332588856,0.0,1.6262788332588856,0.39343736553376457
999,batt_tim333,1,333,battery,0.916318827051463,0.0,0.916318827051463,0.1885153112947655
1000,pltd_tim334,1,334,diesel,0.00857386026666664,0.1762,-0.16762613973333335,0.0033190773279999962
1001,plts_tim334,1,334,solar,0.47553521360166606,0.0,0.47553521360166606,0.11564613371836925
1002,batt_tim334,1,334,battery,0.2693557262863802,0.0,0.2693557262863802,0.055414860745097244
1003,pltd_tim335,1,335,diesel,0.018301509333333292,0.3762,-0.3578984906666667,0.007084914479999983
1004,plts_tim335,1,335,solar,1.015131052255432,0.0,1.015131052255432,0.24685984805728162
1005,batt_tim335,1,335,battery,0.5749681016525743,0.0,0.5749681016525743,0.11828887190856252
1006,pltd_tim336,1,336,diesel,0.009578034346666658,0.1969,-0.18732196565333334,0.0037078966063999854
1007,plts_tim336,1,336,solar,0.5350415207906951,0.0,0.5350415207906951,0.1291912797371761
1008,batt_tim336,1,336,battery,0.30088561541463116,0.0,0.30088561541463116,0.0619015320182472
1009,pltd_tim337,1,337,diesel,0.008858597119999978,0.1821,-0.17324140288000003,0.003429404697599998
1010,plts_tim337,1,337,solar,0.49174459432648854,0.0,0.49174459432648854,0.11948748570052722
1011,batt_tim337,1,337,battery,0.2783050189640619,0.0,0.2783050189640619,0.05725600861051387
1012,pltd_tim338,1,338,diesel,0.009413121600000001,0.1935,-0.18408687840000001,0.003644086768000002
1013,plts_tim338,1,338,solar,0.522114654269181,0.0,0.522114654269181,0.1269679810238173
1014,batt_tim338,1,338,battery,0.2957244472514389,0.0,0.2957244472514389,0.06083974332157655
1015,pltd_tim339,1,339,diesel,0.012216083626666647,0.2511,-0.23888391637333334,0.004729124780799983
1016,plts_tim339,1,339,solar,0.6740877716072369,0.0,0.6740877716072369,0.1647748917706182
1017,batt_tim339,1,339,battery,0.38376893569128917,0.0,0.38376893569128917,0.07895322548646086
1018,pltd_tim340,1,340,diesel,0.010102768213333347,0.2076,-0.19749723178666667,0.00391091066240001
1019,plts_tim340,1,340,solar,0.5343263568501829,0.0,0.5343263568501829,0.13626806333282848
1020,batt_tim340,1,340,battery,0.3173796336205538,0.0,0.3173796336205538,0.06529487223412372
1021,pltd_tim341,1,341,diesel,0.014149624426666677,0.2908,-0.27665037557333333,0.005477600564799985
1022,plts_tim341,1,341,solar,0.7360193825911315,0.0,0.7360193825911315,0.19085621359851215
1023,batt_tim341,1,341,battery,0.4445224246253937,0.0,0.4445224246253937,0.09145209370200115
1024,pltd_tim342,1,342,diesel,0.00562104757333337,0.1155,-0.10987895242666663,0.0021759549952000082
1025,plts_tim342,1,342,solar,0.3117721440016629,0.0,0.3117721440016629,0.07581689978979825
1026,batt_tim342,1,342,battery,0.1765872700025108,0.0,0.1765872700025108,0.03632949260691742
1027,pltd_tim343,1,343,diesel,0.007794159680000008,0.1602,-0.15240584032,0.003017191766400004
1028,plts_tim343,1,343,solar,0.41648423658560135,0.0,0.41648423658560135,0.10513233681176948
1029,batt_tim343,1,343,battery,0.24485028444789117,0.0,0.24485028444789117,0.050373322852621416
1030,pltd_tim344,1,344,diesel,0.010552069013333387,0.2169,-0.20634793098666662,0.004084976246400007
1031,plts_tim344,1,344,solar,0.5604444689723385,0.0,0.5604444689723385,0.14233370861809602
1032,batt_tim344,1,344,battery,0.3315142557387111,0.0,0.3315142557387111,0.06820281757623359
1033,pltd_tim345,1,345,diesel,0.00783937642666665,0.1611,-0.15326062357333334,0.0030347845247999956
1034,plts_tim345,1,345,solar,0.42271382925211165,0.0,0.42271382925211165,0.1057392595938336
1035,batt_tim345,1,345,battery,0.2462805322941928,0.0,0.2462805322941928,0.050667576570387264
1036,pltd_tim346,1,346,diesel,0.010567382293333333,0.2172,-0.20663261770666666,0.004090889140799998
1037,plts_tim346,1,346,solar,0.5623287372167697,0.0,0.5623287372167697,0.14253550566735268
1038,batt_tim346,1,346,battery,0.3319788508522971,0.0,0.3319788508522971,0.0682983954428414
1039,pltd_tim347,1,347,diesel,0.014479465173333348,0.2976,-0.2831205348266666,0.005605319843199997
1040,plts_tim347,1,347,solar,0.7520953178964553,0.0,0.7520953178964553,0.19530356398133608
1041,batt_tim347,1,347,battery,0.45486770202140225,0.0,0.45486770202140225,0.09358044618937056
1042,pltd_tim348,1,348,diesel,0.005770698240000067,0.1186,-0.11282930175999993,0.002233969315200011
1043,plts_tim348,1,348,solar,0.3052355374752124,0.0,0.3052355374752124,0.07783847926866001
1044,batt_tim348,1,348,battery,0.18129116464283468,0.0,0.18129116464283468,0.037297241894395365
1045,pltd_tim349,1,349,diesel,0.01732725418666676,0.3561,-0.3387727458133333,0.006707671689599991
1046,plts_tim349,1,349,solar,0.9165001759983445,0.0,0.9165001759983445,0.23371783184164616
1047,batt_tim349,1,349,battery,0.5443448804383632,0.0,0.5443448804383632,0.11198869127113788
1048,pltd_tim350,1,350,diesel,0.003747262506666667,0.077,-0.07325273749333333,0.001450616563199996
1049,plts_tim350,1,350,solar,0.20605683696192523,0.0,0.20605683696192523,0.05054438010957674
1050,batt_tim350,1,350,battery,0.11771847158699,0.0,0.11771847158699,0.0242183400614469
1051,pltd_tim351,1,351,diesel,0.004106883626666662,0.0844,-0.08029311637333333,0.0015899327808000018
1052,plts_tim351,1,351,solar,0.22806000826712233,0.0,0.22806000826712233,0.05539673374517638
1053,batt_tim351,1,351,battery,0.12902331907907463,0.0,0.12902331907907463,0.0265441208150157
1054,pltd_tim352,1,352,diesel,0.007899429546666671,0.1624,-0.15450057045333332,0.0030580721024000106
1055,plts_tim352,1,352,solar,0.43814341256734757,0.0,0.43814341256734757,0.106547910953952
1056,batt_tim352,1,352,battery,0.24816362414073703,0.0,0.24816362414073703,0.05105498056052309
1057,pltd_tim353,1,353,diesel,0.00362729984000002,0.0746,-0.07097270015999999,0.0014042314832000034
1058,plts_tim353,1,353,solar,0.19930573716680153,0.0,0.19930573716680153,0.04892687569510339
1059,batt_tim353,1,353,battery,0.1139497023662782,0.0,0.1139497023662782,0.023443005180442608
1060,pltd_tim354,1,354,diesel,0.011511616106666638,0.2366,-0.22508838389333335,0.004456369691199987
1061,plts_tim354,1,354,solar,0.6385097483094928,0.0,0.6385097483094928,0.1552730233819715
1062,batt_tim354,1,354,battery,0.3616507577489576,0.0,0.3616507577489576,0.0744028254657052
1063,pltd_tim355,1,355,diesel,0.014719375039999939,0.3025,-0.28778062496000006,0.005698109379199963
1064,plts_tim355,1,355,solar,0.8164276272550305,0.0,0.8164276272550305,0.19853922053012277
1065,batt_tim355,1,355,battery,0.4624233086784133,0.0,0.4624233086784133,0.09513486907324743
1066,pltd_tim356,1,356,diesel,0.0033125826133333504,0.0681,-0.06478741738666664,0.0012823141744000006
1067,plts_tim356,1,356,solar,0.18300059946338604,0.0,0.18300059946338604,0.04468130639118561
1068,batt_tim356,1,356,battery,0.10406279064042587,0.0,0.10406279064042587,0.021408952720778963
1069,pltd_tim357,1,357,diesel,0.003717189759999999,0.0764,-0.07268281023999999,0.0014389889247999979
1070,plts_tim357,1,357,solar,0.20618551977908575,0.0,0.20618551977908575,0.050140285989511556
1071,batt_tim357,1,357,battery,0.11678321098256796,0.0,0.11678321098256796,0.0240259451944876
1072,pltd_tim358,1,358,diesel,0.00635541855999996,0.1306,-0.12424458144000003,0.0024603689487999896
1073,plts_tim358,1,358,solar,0.350412439556995,0.0,0.350412439556995,0.08572316732899296
1074,batt_tim358,1,358,battery,0.19965111091754761,0.0,0.19965111091754761,0.041074448989088214
1075,pltd_tim359,1,359,diesel,0.004181983359966886,0.086,-0.0818180166400331,0.001618979252775658
1076,plts_tim359,1,359,solar,0.2289469428989701,0.0,0.2289469428989701,0.0564073668000339
1077,batt_tim359,1,359,battery,0.13137126395105514,0.0,0.13137126395105514,0.02702715582223344
1078,pltd_tim360,1,360,diesel,0.006220275946666671,0.1279,-0.12167972405333334,0.0024079729744000073
1079,plts_tim360,1,360,solar,0.34376961327449373,0.0,0.34376961327449373,0.0839041167696304
1080,batt_tim360,1,360,battery,0.19542295817231653,0.0,0.19542295817231653,0.040204610245751
1081,pltd_tim361,1,361,diesel,0.009488011093333285,0.195,-0.18551198890666673,0.0036729571647999854
1082,plts_tim361,1,361,solar,0.5181978572772497,0.0,0.5181978572772497,0.12797892504960504
1083,batt_tim361,1,361,battery,0.2980762150540775,0.0,0.2980762150540775,0.0613235602335443
1084,pltd_tim362,1,362,diesel,0.009098327466666663,0.187,-0.17790167253333333,0.003522154384000003
1085,plts_tim362,1,362,solar,0.4995653260246752,0.0,0.4995653260246752,0.12272235615016133
1086,batt_tim362,1,362,battery,0.28583698550701114,0.0,0.28583698550701114,0.05880557158928485
1087,pltd_tim363,1,363,diesel,0.013490035093333533,0.2773,-0.26380996490666647,0.005222318684800024
1088,plts_tim363,1,363,solar,0.7378773753572638,0.0,0.7378773753572638,0.18195943656970023
1089,batt_tim363,1,363,battery,0.42377841111317205,0.0,0.42377841111317205,0.08718442527740249
1090,pltd_tim364,1,364,diesel,0.005366147519999974,0.1103,-0.10493385248000002,0.0020773914896000008
1091,plts_tim364,1,364,solar,0.29388119857118,0.0,0.29388119857118,0.07237967599058602
1092,batt_tim364,1,364,battery,0.1685792024547508,0.0,0.1685792024547508,0.034681986552275064
1093,pltd_tim365,1,365,diesel,0.01107699264000006,0.2277,-0.21662300735999995,0.004288227227200012
1094,plts_tim365,1,365,solar,0.6143988725364379,0.0,0.6143988725364379,0.14940973028133356
1095,batt_tim365,1,365,battery,0.34799407723059983,0.0,0.34799407723059983,0.071593226208482
1096,pltd_tim366,1,366,diesel,0.007524536106666705,0.1547,-0.1471754638933333,0.0029128192912000112
1097,plts_tim366,1,366,solar,0.40947083885519253,0.0,0.40947083885519253,0.10149357356575697
1098,batt_tim366,1,366,battery,0.23638881488607968,0.0,0.23638881488607968,0.0486325396805233
1099,pltd_tim367,1,367,diesel,0.007989093760000057,0.1642,-0.15621090623999995,0.003092770844800005
1100,plts_tim367,1,367,solar,0.44186651198924903,0.0,0.44186651198924903,0.10776122063359499
1101,batt_tim367,1,367,battery,0.2509920091293302,0.0,0.2509920091293302,0.05163688839657236
1102,pltd_tim368,1,368,diesel,0.002293295253333324,0.0471,-0.044806704746666676,0.0008877360016000007
1103,plts_tim368,1,368,solar,0.12509465338279305,0.0,0.12509465338279305,0.03093325487525231
1104,batt_tim368,1,368,battery,0.0720429723897914,0.0,0.0720429723897914,0.014821482748488213
1105,pltd_tim369,1,369,diesel,0.004286940373333311,0.0881,-0.08381305962666669,0.0016595327391999983
1106,plts_tim369,1,369,solar,0.23533082972059335,0.0,0.23533082972059335,0.05782259996524277
1107,batt_tim369,1,369,battery,0.13466781203564945,0.0,0.13466781203564945,0.027705364965106647
1108,pltd_tim370,1,370,diesel,0.0035072500266666615,0.0721,-0.06859274997333334,0.001357697252799999
1109,plts_tim370,1,370,solar,0.19048722829234457,0.0,0.19048722829234457,0.04730988359574086
1110,batt_tim370,1,370,battery,0.1101916372559058,0.0,0.1101916372559058,0.022669864352897067
1111,pltd_tim371,1,371,diesel,0.00894859989333339,0.1839,-0.17495140010666663,0.0034641319888000055
1112,plts_tim371,1,371,solar,0.49133530485202576,0.0,0.49133530485202576,0.12070068536401526
1113,batt_tim371,1,371,battery,0.2811282161136893,0.0,0.2811282161136893,0.05783681178790909
1114,pltd_tim372,1,372,diesel,0.00861862058666668,0.1771,-0.16848137941333333,0.003336412161599993
1115,plts_tim372,1,372,solar,0.4700729070783487,0.0,0.4700729070783487,0.11625205840748755
1116,batt_tim372,1,372,battery,0.2707516117608511,0.0,0.2707516117608511,0.055702038990076204
1117,pltd_tim373,1,373,diesel,0.01161641930666653,0.2388,-0.22718358069333347,0.004496900027199971
1118,plts_tim373,1,373,solar,0.6375271034761565,0.0,0.6375271034761565,0.1566879264723724
1119,batt_tim373,1,373,battery,0.3649324903094353,0.0,0.3649324903094353,0.07507796957576844
1120,pltd_tim374,1,374,diesel,0.01328031082666665,0.273,-0.2597196891733334,0.005141133636799998
1121,plts_tim374,1,374,solar,0.713707729411752,0.0,0.713707729411752,0.17912968833338036
1122,batt_tim374,1,374,battery,0.4172073238324816,0.0,0.4172073238324816,0.0858325366585978
1123,pltd_tim375,1,375,diesel,0.004421590613333332,0.0909,-0.08647840938666666,0.0017117580144
1124,plts_tim375,1,375,solar,0.2452610568462358,0.0,0.2452610568462358,0.05964268316360732
1125,batt_tim375,1,375,battery,0.13891534105627862,0.0,0.13891534105627862,0.0285792204704779
1126,pltd_tim376,1,376,diesel,0.005186280533333314,0.1066,-0.10141371946666669,0.002007650455999994
1127,plts_tim376,1,376,solar,0.28160152290711965,0.0,0.28160152290711965,0.06995345251063381
1128,batt_tim376,1,376,battery,0.16292103881205536,0.0,0.16292103881205536,0.03351791922238837
1129,pltd_tim377,1,377,diesel,0.005860834346666663,0.1205,-0.11463916565333333,0.0022688506063999973
1130,plts_tim377,1,377,solar,0.32507428361962604,0.0,0.32507428361962604,0.07905169175626295
1131,batt_tim377,1,377,battery,0.1841214429804318,0.0,0.1841214429804318,0.03787950436300738
1132,pltd_tim378,1,378,diesel,0.008633733866666642,0.1774,-0.16876626613333337,0.003342297055999993
1133,plts_tim378,1,378,solar,0.45629762094296833,0.0,0.45629762094296833,0.11645432328975978
1134,batt_tim378,1,378,battery,0.2712279676623829,0.0,0.2712279676623829,0.05580004051986387
1135,pltd_tim379,1,379,diesel,0.008333760639999988,0.1713,-0.16296623936000001,0.003226225867199987
1136,plts_tim379,1,379,solar,0.44318169511321764,0.0,0.44318169511321764,0.11241078439470345
1137,batt_tim379,1,379,battery,0.261810580680547,0.0,0.261810580680547,0.053862599599447135
1138,pltd_tim380,1,380,diesel,0.006085471893333329,0.1251,-0.11901452810666666,0.0023558365488000037
1139,plts_tim380,1,380,solar,0.32106967204559417,0.0,0.32106967204559417,0.08208410532539559
1140,batt_tim380,1,380,battery,0.19117753497500367,0.0,0.19117753497500367,0.039331176858848765
1141,pltd_tim381,1,381,diesel,0.002697902400000012,0.0555,-0.052802097599999986,0.0010444667520000002
1142,plts_tim381,1,381,solar,0.14925001307933872,0.0,0.14925001307933872,0.03639210722897483
1143,batt_tim381,1,381,battery,0.08476111335846946,0.0,0.08476111335846946,0.01743800548891338
1144,pltd_tim382,1,382,diesel,0.007644585919999943,0.1571,-0.14945541408000004,0.002959332521599994
1145,plts_tim382,1,382,solar,0.4080097775302479,0.0,0.4080097775302479,0.1031105305727535
1146,batt_tim382,1,382,battery,0.24014706470113806,0.0,0.24014706470113806,0.04940571857201054
1147,pltd_tim383,1,383,diesel,0.0046017602133333006,0.0946,-0.0899982397866667,0.0017814328223999924
1148,plts_tim383,1,383,solar,0.2509002065040849,0.0,0.2509002065040849,0.06206858580332594
1149,batt_tim383,1,383,battery,0.14456211806698363,0.0,0.14456211806698363,0.029740923468843987
1150,pltd_tim384,1,384,diesel,0.007779502826666656,0.1599,-0.15212049717333334,0.0030115647968
1151,plts_tim384,1,384,solar,0.4356331539952546,0.0,0.4356331539952546,0.1049303190507003
1152,batt_tim384,1,384,battery,0.24438970792190712,0.0,0.24438970792190712,0.050278567211746616
1153,pltd_tim385,1,385,diesel,0.0018434918400000082,0.0379,-0.03605650815999999,0.0007136456432000028
1154,plts_tim385,1,385,solar,0.10008978237304995,0.0,0.10008978237304995,0.024867951438286757
1155,batt_tim385,1,385,battery,0.05791823972353442,0.0,0.05791823972353442,0.011915593199025973
1156,pltd_tim386,1,386,diesel,0.0022785255466666737,0.0468,-0.04452147445333333,0.0008820691824000034
1157,plts_tim386,1,386,solar,0.12637126856568467,0.0,0.12637126856568467,0.030731053164153765
1158,batt_tim386,1,386,battery,0.07157635413822626,0.0,0.07157635413822626,0.014725493878405665
1159,pltd_tim387,1,387,diesel,0.00995293802666667,0.2046,-0.19464706197333334,0.003853017492799997
1160,plts_tim387,1,387,solar,0.5433051432192115,0.0,0.5433051432192115,0.1342457562217803
1161,batt_tim387,1,387,battery,0.3126598389845461,0.0,0.3126598389845461,0.06432385812513527
1162,pltd_tim388,1,388,diesel,0.0032076563200000123,0.0659,-0.06269234367999998,0.0012418269136000022
1163,plts_tim388,1,388,solar,0.1750311678054253,0.0,0.1750311678054253,0.04326600852873637
1164,batt_tim388,1,388,battery,0.10077068936120796,0.0,0.10077068936120796,0.020731677749957742
1165,pltd_tim389,1,389,diesel,0.002083458133333352,0.0428,-0.04071654186666664,0.0008064621040000004
1166,plts_tim389,1,389,solar,0.11317002161469422,0.0,0.11317002161469422,0.0281028619784356
1167,batt_tim389,1,389,battery,0.06545483457033414,0.0,0.06545483457033414,0.013466092204254458
1168,pltd_tim390,1,390,diesel,0.0031322796800000025,0.0644,-0.061267720319999996,0.0012126393663999995
1169,plts_tim390,1,390,solar,0.17048450432728884,0.0,0.17048450432728884,0.04225532700432102
1170,batt_tim390,1,390,battery,0.09841658191427571,0.0,0.09841658191427571,0.02024736683449394
1171,pltd_tim391,1,391,diesel,0.004511670293333331,0.0927,-0.08818832970666668,0.0017465913807999942
1172,plts_tim391,1,391,solar,0.24665268910781968,0.0,0.24665268910781968,0.06085560967204109
1173,batt_tim391,1,391,battery,0.14173797253644058,0.0,0.14173797253644058,0.029159912999509676
1174,pltd_tim392,1,392,diesel,0.035453,0.1688,-0.133347,0.025699636121600023
1175,plts_tim392,1,392,solar,0.386060693594002,0.0,0.386060693594002,0.08442259906109312
1176,batt_tim392,1,392,battery,0.15507193748179693,0.0,0.15507193748179693,0.03186720346504872
1177,pltd_tim393,1,393,diesel,0.006205578133333407,0.1275,-0.1212944218666666,0.0024023067040000114
1178,plts_tim393,1,393,solar,0.3701518804380004,0.0,0.3701518804380004,0.08370183208703236
1179,batt_tim393,1,393,battery,0.1949533726303768,0.0,0.1949533726303768,0.040107974327668036
1180,pltd_tim394,1,394,diesel,0.010675,0.0508,-0.040124999999999994,0.007738109332805431
1181,plts_tim394,1,394,solar,0.11645742635628997,0.0,0.11645742635628997,0.02541911229257918
1182,batt_tim394,1,394,battery,0.04669197912367908,0.0,0.04669197912367908,0.00959516524820869
1183,pltd_tim395,1,395,diesel,0.020114,0.1054,-0.085286,0.0145743637984
1184,plts_tim395,1,395,solar,0.24614633850451983,0.0,0.24614633850451983,0.05440201983810561
1185,batt_tim395,1,395,battery,0.10347423964986603,0.0,0.10347423964986603,0.02126779827824439
1186,pltd_tim396,1,396,diesel,0.029172,0.1528,-0.12362799999999999,0.021137593052800004
1187,plts_tim396,1,396,solar,0.3590865274826912,0.0,0.3590865274826912,0.07889839054946865
1188,batt_tim396,1,396,battery,0.1500695920658694,0.0,0.1500695920658694,0.03084486368333437
1189,pltd_tim397,1,397,diesel,0.003177752853333338,0.0653,-0.062122247146666656,0.0012301540496000019
1190,plts_tim397,1,397,solar,0.17625500911321204,0.0,0.17625500911321204,0.04286179231981134
1191,batt_tim397,1,397,battery,0.09983047962665169,0.0,0.09983047962665169,0.020538245191860382
1192,pltd_tim398,1,398,diesel,0.004211707306666713,0.0866,-0.08238829269333328,0.0016305072672000028
1193,plts_tim398,1,398,solar,0.23204794220114172,0.0,0.23204794220114172,0.05681190010458783
1194,batt_tim398,1,398,battery,0.1323147116879649,0.0,0.1323147116879649,0.027221267517455808
1195,pltd_tim399,1,399,diesel,0.005485771626666696,0.1128,-0.1073142283733333,0.0021236710208000047
1196,plts_tim399,1,399,solar,0.30572280917404515,0.0,0.30572280917404515,0.07399730577268622
1197,batt_tim399,1,399,battery,0.17234814194078146,0.0,0.17234814194078146,0.03545739207035624
1198,pltd_tim400,1,400,diesel,0.004796360959999996,0.0986,-0.09380363904,0.0018567879008000005
1199,plts_tim400,1,400,solar,0.2660457420987613,0.0,0.2660457420987613,0.06469712559999495
1200,batt_tim400,1,400,battery,0.15068790550581745,0.0,0.15068790550581745,0.031001204665838864
1201,pltd_tim401,1,401,diesel,0.005186280533333346,0.1066,-0.10141371946666665,0.0020076504560000027
1202,plts_tim401,1,401,solar,0.28876516709551703,0.0,0.28876516709551703,0.06995376810025272
1203,batt_tim401,1,401,battery,0.1629294774295618,0.0,0.1629294774295618,0.0335196582526841
1204,pltd_tim402,1,402,diesel,0.0033125826133333395,0.0681,-0.06478741738666666,0.0012823141744000002
1205,plts_tim402,1,402,solar,0.1826654205662908,0.0,0.1826654205662908,0.044681305057447565
1206,batt_tim402,1,402,battery,0.10406275497732298,0.0,0.10406275497732298,0.021408945371326725
1207,pltd_tim403,1,403,diesel,0.0062803085866666815,0.1291,-0.1228196914133333,0.0024313004016000023
1208,plts_tim403,1,403,solar,0.3494726008124212,0.0,0.3494726008124212,0.08471237573794894
1209,batt_tim403,1,403,battery,0.19729780386535786,0.0,0.19729780386535786,0.04059030301897295
1210,pltd_tim404,1,404,diesel,0.010582351999999986,0.2175,-0.206917648,0.004096667959999995
1211,plts_tim404,1,404,solar,0.5981720393544151,0.0,0.5981720393544151,0.1427375602456581
1212,batt_tim404,1,404,battery,0.33244527837860094,0.0,0.33244527837860094,0.06839434500826207
1213,pltd_tim405,1,405,diesel,0.009758111573333296,0.2006,-0.19084188842666672,0.0037776247151999997
1214,plts_tim405,1,405,solar,0.5374813496739668,0.0,0.5374813496739668,0.13161753094260512
1215,batt_tim405,1,405,battery,0.30654227432096204,0.0,0.30654227432096204,0.06306529517686385
1216,pltd_tim406,1,406,diesel,0.006025588053333343,0.1238,-0.11777441194666666,0.002332615745599999
1217,plts_tim406,1,406,solar,0.33421965817709587,0.0,0.33421965817709587,0.08127571598200528
1218,batt_tim406,1,406,battery,0.1893016364235981,0.0,0.1893016364235981,0.0389452374885751
1219,pltd_tim407,1,407,diesel,0.009922767893333378,0.2039,-0.19397723210666662,0.0038413236288000036
1220,plts_tim407,1,407,solar,0.550381885156269,0.0,0.550381885156269,0.13384210193012777
1221,batt_tim407,1,407,battery,0.3117354031725957,0.0,0.3117354031725957,0.06413367625700851
1222,pltd_tim408,1,408,diesel,0.007959046720000034,0.1636,-0.15564095327999997,0.0030811179056000125
1223,plts_tim408,1,408,solar,0.4414693776599377,0.0,0.4414693776599377,0.1073567411144171
1224,batt_tim408,1,408,battery,0.25004775347795033,0.0,0.25004775347795033,0.05144261613113601
1225,pltd_tim409,1,409,diesel,0.0028780515199999823,0.0591,-0.05622194848000002,0.0011141814095999955
1226,plts_tim409,1,409,solar,0.15795920585939952,0.0,0.15795920585939952,0.03881799866301827
1227,batt_tim409,1,409,battery,0.09040759073825858,0.0,0.09040759073825858,0.01859963488974033
1228,pltd_tim410,1,410,diesel,0.003702532906666672,0.0761,-0.07239746709333333,0.001433298955200001
1229,plts_tim410,1,410,solar,0.20535357264291756,0.0,0.20535357264291756,0.04993798895899049
1230,batt_tim410,1,410,battery,0.11631179787107174,0.0,0.11631179787107174,0.023928956350070463
1231,pltd_tim411,1,411,diesel,0.007719326613333391,0.1587,-0.15098067338666663,0.0029882922944000096
1232,plts_tim411,1,411,solar,0.4279227569832507,0.0,0.4279227569832507,0.1041215723811601
1233,batt_tim411,1,411,battery,0.24250444192555193,0.0,0.24250444192555193,0.04989072109761774
1234,pltd_tim412,1,412,diesel,0.0071497195733332755,0.147,-0.13985028042666672,0.002767847555199988
1235,plts_tim412,1,412,solar,0.3979123609504195,0.0,0.3979123609504195,0.09643865276912401
1236,batt_tim412,1,412,battery,0.22460514403117104,0.0,0.22460514403117104,0.04620827852674373
1237,pltd_tim413,1,413,diesel,0.009323134293333354,0.1916,-0.18227686570666662,0.0036092001007999963
1238,plts_tim413,1,413,solar,0.5144569945290118,0.0,0.5144569945290118,0.1257545624899742
1239,batt_tim413,1,413,battery,0.29288865939988623,0.0,0.29288865939988623,0.060256315828328556
1240,pltd_tim414,1,414,diesel,0.008363653866666668,0.1719,-0.16353634613333334,0.0032377646559999837
1241,plts_tim414,1,414,solar,0.46844391033047106,0.0,0.46844391033047106,0.1128151765642125
1242,batt_tim414,1,414,battery,0.26275025457692425,0.0,0.26275025457692425,0.05405591580721256
1243,pltd_tim415,1,415,diesel,0.0070297928533333415,0.1445,-0.13747020714666663,0.0027213262496000013
1244,plts_tim415,1,415,solar,0.3899235253827384,0.0,0.3899235253827384,0.09482176278681605
1245,batt_tim415,1,415,battery,0.22085205554404858,0.0,0.22085205554404858,0.04543615735691754
1246,pltd_tim416,1,416,diesel,0.009473097813333317,0.1947,-0.1852269021866667,0.003667268270399995
1247,plts_tim416,1,416,solar,0.5254396358311786,0.0,0.5254396358311786,0.12777667402410078
1248,batt_tim416,1,416,battery,0.29760809099971924,0.0,0.29760809099971924,0.06122725512282214
1249,pltd_tim417,1,417,diesel,0.001678671466666675,0.0345,-0.032821328533333326,0.0006497895040000004
1250,plts_tim417,1,417,solar,0.09311665716872138,0.0,0.09311665716872138,0.022644104368128172
1251,batt_tim417,1,417,battery,0.052741285885123626,0.0,0.052741285885123626,0.010850527691206278
1252,pltd_tim418,1,418,diesel,0.0027579657600000098,0.0567,-0.05394203423999999,0.0010676644048000009
1253,plts_tim418,1,418,solar,0.15297612138574346,0.0,0.15297612138574346,0.03720082732221511
1254,batt_tim418,1,418,battery,0.08664548155104564,0.0,0.08664548155104564,0.017825678433239487
1255,pltd_tim419,1,419,diesel,0.0030579954133333445,0.0628,-0.05974200458666665,0.0011837625184000014
1256,plts_tim419,1,419,solar,0.1698937144471925,0.0,0.1698937144471925,0.04124437752129057
1257,batt_tim419,1,419,battery,0.09606466818927091,0.0,0.09606466818927091,0.01976348430204495
1258,pltd_tim420,1,420,diesel,0.004001870186666659,0.0823,-0.07829812981333334,0.0015492263695999942
1259,plts_tim420,1,420,solar,0.22391196453272103,0.0,0.22391196453272103,0.05398161837629256
1260,batt_tim420,1,420,battery,0.12572655163542706,0.0,0.12572655163542706,0.025865872391428808
1261,pltd_tim421,1,421,diesel,0.0018133421866666681,0.0373,-0.03548665781333333,0.0007020099296000011
1262,plts_tim421,1,421,solar,0.10101687790200128,0.0,0.10101687790200128,0.0244635873940591
1263,batt_tim421,1,421,battery,0.05697651025781198,0.0,0.05697651025781198,0.01172185930432989
1264,pltd_tim422,1,422,diesel,0.005800714560000008,0.1192,-0.11339928544,0.0022455420287999972
1265,plts_tim422,1,422,solar,0.3234686931771518,0.0,0.3234686931771518,0.07824261260881174
1266,batt_tim422,1,422,battery,0.18222504069320816,0.0,0.18222504069320816,0.03748935735725634
1267,pltd_tim423,1,423,diesel,0.00950318080000007,0.1953,-0.18579681919999994,0.0036788269840000026
1268,plts_tim423,1,423,solar,0.5244643915039259,0.0,0.5244643915039259,0.12818057017794265
1269,batt_tim423,1,423,battery,0.2985346890028383,0.0,0.2985346890028383,0.061417870725704905
1270,pltd_tim424,1,424,diesel,0.0050362246399999816,0.1035,-0.09846377536000002,0.0019496775872000027
1271,plts_tim424,1,424,solar,0.2815498767833154,0.0,0.2815498767833154,0.06793163453954398
1272,batt_tim424,1,424,battery,0.15821488491619212,0.0,0.15821488491619212,0.03254973989632887
1273,pltd_tim425,1,425,diesel,0.008768573866666686,0.1802,-0.17143142613333331,0.003394570256000004
1274,plts_tim425,1,425,solar,0.46587066883042055,0.0,0.46587066883042055,0.11827396459191676
1275,batt_tim425,1,425,battery,0.2754668626930866,0.0,0.2754668626930866,0.0566721108077913
1276,pltd_tim426,1,426,diesel,0.0024286276266666635,0.0499,-0.047471372373333334,0.0009400889007999979
1277,plts_tim426,1,426,solar,0.12763107180177385,0.0,0.12763107180177385,0.032752811494966644
1278,batt_tim426,1,426,battery,0.07628465678970503,0.0,0.07628465678970503,0.015694104170422416
1279,pltd_tim427,1,427,diesel,0.010147528533333386,0.2086,-0.1984524714666666,0.003928350496000007
1280,plts_tim427,1,427,solar,0.5521044829243078,0.0,0.5521044829243078,0.13687490873345104
1281,batt_tim427,1,427,battery,0.31880144841584585,0.0,0.31880144841584585,0.06558739399353751
1282,pltd_tim428,1,428,diesel,0.010552069013333335,0.2169,-0.20634793098666668,0.004084976246399993
1283,plts_tim428,1,428,solar,0.5815704504564317,0.0,0.5815704504564317,0.1423336088285813
1284,batt_tim428,1,428,battery,0.3315115874457875,0.0,0.3315115874457875,0.06820226769442789
1285,pltd_tim429,1,429,diesel,0.006055332480000004,0.1245,-0.11844466751999999,0.002344152910400008
1286,plts_tim429,1,429,solar,0.3258042251782136,0.0,0.3258042251782136,0.08167987444205618
1287,batt_tim429,1,429,battery,0.19023487393890948,0.0,0.19023487393890948,0.03913725691093047
1288,pltd_tim430,1,430,diesel,0.007674556053333349,0.1577,-0.15002544394666667,0.002970984385600001
1289,plts_tim430,1,430,solar,0.42267244283993144,0.0,0.42267244283993144,0.10351504434045224
1290,batt_tim430,1,430,battery,0.2410931720033497,0.0,0.2410931720033497,0.0496003665008503
1291,pltd_tim431,1,431,diesel,0.006505315413333311,0.1337,-0.1271946845866667,0.0025183741183999963
1292,plts_tim431,1,431,solar,0.359459692582525,0.0,0.359459692582525,0.0877455618056481
1293,batt_tim431,1,431,battery,0.20437268011754323,0.0,0.20437268011754323,0.042045828800223305
1294,pltd_tim432,1,432,diesel,0.006550491200000005,0.1346,-0.1280495088,0.002535759576000007
1295,plts_tim432,1,432,solar,0.35278089294864745,0.0,0.35278089294864745,0.08835144546320266
1296,batt_tim432,1,432,battery,0.20577046323202763,0.0,0.20577046323202763,0.04233336848685626
1297,pltd_tim433,1,433,diesel,0.00837900309333332,0.1722,-0.16382099690666668,0.0032436603247999953
1298,plts_tim433,1,433,solar,0.46474826538740643,0.0,0.46474826538740643,0.11301767811201333
1299,batt_tim433,1,433,battery,0.26323275155355647,0.0,0.26323275155355647,0.05415516511535694
1300,pltd_tim434,1,434,diesel,0.0040767237333333185,0.0838,-0.07972327626666668,0.001578211991999995
1301,plts_tim434,1,434,solar,0.22068287330736558,0.0,0.22068287330736558,0.05499252457434427
1302,batt_tim434,1,434,battery,0.12808217449069698,0.0,0.12808217449069698,0.02635050152704284
1303,pltd_tim435,1,435,diesel,0.004226866773333348,0.0869,-0.08267313322666665,0.0016362920111999961
1304,plts_tim435,1,435,solar,0.2388648757563629,0.0,0.2388648757563629,0.057014432794288715
1305,batt_tim435,1,435,battery,0.13279411071037972,0.0,0.13279411071037972,0.027319884323995052
1306,pltd_tim436,1,436,diesel,0.00560613429333335,0.1152,-0.10959386570666664,0.002170266100800006
1307,plts_tim436,1,436,solar,0.3136216171283169,0.0,0.3136216171283169,0.0756144755085466
1308,batt_tim436,1,436,battery,0.17611170560892322,0.0,0.17611170560892322,0.036231654191086905
1309,pltd_tim437,1,437,diesel,0.009922767893333323,0.2039,-0.19397723210666667,0.003841323628800007
1310,plts_tim437,1,437,solar,0.5353537317405269,0.0,0.5353537317405269,0.1338414505590599
1311,batt_tim437,1,437,battery,0.3117179860239702,0.0,0.3117179860239702,0.06413008693101979
1312,pltd_tim438,1,438,diesel,0.009997441919999977,0.2055,-0.19550255808,0.0038702344015999804
1313,plts_tim438,1,438,solar,0.5545394901382521,0.0,0.5545394901382521,0.1348531184722878
1314,batt_tim438,1,438,battery,0.31409042022718886,0.0,0.31409042022718886,0.06461819239881908
1315,pltd_tim439,1,439,diesel,0.004676736853333335,0.0961,-0.09142326314666667,0.0018103963696000066
1316,plts_tim439,1,439,solar,0.2539237929171681,0.0,0.2539237929171681,0.06307929311645744
1317,batt_tim439,1,439,battery,0.14691148702395077,0.0,0.14691148702395077,0.030224257876295776
1318,pltd_tim440,1,440,diesel,0.004196963306666687,0.0863,-0.08210303669333331,0.001624703147200006
1319,plts_tim440,1,440,solar,0.2370326437306684,0.0,0.2370326437306684,0.05660985851522545
1320,batt_tim440,1,440,battery,0.13184713407992218,0.0,0.13184713407992218,0.027125057243990364
1321,pltd_tim441,1,441,diesel,0.005395794560000001,0.1109,-0.10550420544,0.0020888554288000017
1322,plts_tim441,1,441,solar,0.29930191061044986,0.0,0.29930191061044986,0.07278433178133403
1323,batt_tim441,1,441,battery,0.16952424080483056,0.0,0.16952424080483056,0.03487642011625948
1324,pltd_tim442,1,442,diesel,0.003402672533333334,0.0699,-0.06649732746666667,0.001317246615999997
1325,plts_tim442,1,442,solar,0.18872550884178235,0.0,0.18872550884178235,0.04589436990458123
1326,batt_tim442,1,442,battery,0.10689376488719293,0.0,0.10689376488719293,0.021991370451952715
1327,pltd_tim443,1,443,diesel,0.010956932586666652,0.2252,-0.21424306741333335,0.004241719921600004
1328,plts_tim443,1,443,solar,0.6075926784929933,0.0,0.6075926784929933,0.14779148756268318
1329,batt_tim443,1,443,battery,0.34420350741921707,0.0,0.34420350741921707,0.07081338088735226
1330,pltd_tim444,1,444,diesel,0.004751590400000035,0.0977,-0.09294840959999996,0.0018394169920000008
1331,plts_tim444,1,444,solar,0.26456183661101484,0.0,0.26456183661101484,0.06409041173766468
1332,batt_tim444,1,444,battery,0.1492729770813432,0.0,0.1492729770813432,0.030710096124923206
1333,pltd_tim445,1,445,diesel,0.01455472394666674,0.2991,-0.28454527605333324,0.005634453014399996
1334,plts_tim445,1,445,solar,0.8072813100763859,0.0,0.8072813100763859,0.1963150762167194
1335,batt_tim445,1,445,battery,0.45724289897756926,0.0,0.45724289897756926,0.0940690736068975
1336,pltd_tim446,1,446,diesel,0.006565178773333362,0.1349,-0.12833482122666662,0.0025415087711999967
1337,plts_tim446,1,446,solar,0.3670949019868627,0.0,0.3670949019868627,0.08855362350942816
1338,batt_tim446,1,446,battery,0.20624037936761538,0.0,0.20624037936761538,0.04243006660887817
1339,pltd_tim447,1,447,diesel,0.006610205760000022,0.1359,-0.12928979423999998,0.002558990604800004
1340,plts_tim447,1,447,solar,0.3684866576878915,0.0,0.3684866576878915,0.08916033455768428
1341,batt_tim447,1,447,battery,0.20765822733763328,0.0,0.20765822733763328,0.042721770884939475
1342,pltd_tim448,1,448,diesel,0.005336008106666618,0.1097,-0.10436399189333338,0.002065770851199991
1343,plts_tim448,1,448,solar,0.2969203114949088,0.0,0.2969203114949088,0.07197526835456927
1344,batt_tim448,1,448,battery,0.16763293823834233,0.0,0.16763293823834233,0.0344873240609576
1345,pltd_tim449,1,449,diesel,0.006834889493333319,0.1405,-0.13366511050666668,0.0026459743968000036
1346,plts_tim449,1,449,solar,0.3814473743672883,0.0,0.3814473743672883,0.09219291124456985
1347,batt_tim449,1,449,battery,0.21471718357643638,0.0,0.21471718357643638,0.04417402179463202
1348,pltd_tim450,1,450,diesel,0.012935510613333272,0.2659,-0.25296448938666677,0.005007559614400004
1349,plts_tim450,1,450,solar,0.7209347070741913,0.0,0.7209347070741913,0.17447976687369418
1350,batt_tim450,1,450,battery,0.40637974922684894,0.0,0.40637974922684894,0.08360497010626904
1351,pltd_tim451,1,451,diesel,0.03712798346666678,0.7631,-0.7259720165333332,0.01437300726400003
1352,plts_tim451,1,451,solar,2.0741133642964384,0.0,2.0741133642964384,0.5007930189079817
1353,batt_tim451,1,451,battery,1.166338805435708,0.0,1.166338805435708,0.23995218576019073
1354,pltd_tim452,1,452,diesel,0.011721642986666699,0.2409,-0.2291783570133333,0.0045377195136
1355,plts_tim452,1,452,solar,0.654627959968602,0.0,0.654627959968602,0.15810286519993821
1356,batt_tim452,1,452,battery,0.36822827799314045,0.0,0.36822827799314045,0.0757560220152264
1357,pltd_tim453,1,453,diesel,0.011721642986666765,0.2409,-0.22917835701333325,0.0045377195136000045
1358,plts_tim453,1,453,solar,0.6501485672392521,0.0,0.6501485672392521,0.15810341151252588
1359,batt_tim453,1,453,battery,0.3682428859608636,0.0,0.3682428859608636,0.07575903242521477
1360,pltd_tim454,1,454,diesel,0.013760084373333373,0.2828,-0.2690399156266666,0.005326805859200017
1361,plts_tim454,1,454,solar,0.7632179625243307,0.0,0.7632179625243307,0.18559961928652063
1362,batt_tim454,1,454,battery,0.4322853231840298,0.0,0.4322853231840298,0.08893454954256487
1363,pltd_tim455,1,455,diesel,0.008783533333333315,0.1805,-0.17171646666666668,0.0034002219999999996
1364,plts_tim455,1,455,solar,0.49005952881547515,0.0,0.49005952881547515,0.11847633422533675
1365,batt_tim455,1,455,battery,0.27593890692748546,0.0,0.27593890692748546,0.056769211939616204
1366,pltd_tim456,1,456,diesel,0.011706396373333426,0.2406,-0.22889360362666658,0.004531806619200019
1367,plts_tim456,1,456,solar,0.6133513955040568,0.0,0.6133513955040568,0.15790072594092341
1368,batt_tim456,1,456,battery,0.3677560298563503,0.0,0.3677560298563503,0.07565886701359667
1369,pltd_tim457,1,457,diesel,0.009503180800000054,0.1953,-0.18579681919999994,0.003678826984000001
1370,plts_tim457,1,457,solar,0.5048707226198508,0.0,0.5048707226198508,0.12818084037034647
1371,batt_tim457,1,457,battery,0.2985419137346168,0.0,0.2985419137346168,0.06141935959842982
1372,pltd_tim458,1,458,diesel,0.01510894581333334,0.3105,-0.29539105418666667,0.005848963310399997
1373,plts_tim458,1,458,solar,0.8180395009421249,0.0,0.8180395009421249,0.20379504712803703
1374,batt_tim458,1,458,battery,0.4746438127149044,0.0,0.4746438127149044,0.0976490106138875
1375,pltd_tim459,1,459,diesel,0.004706619839999979,0.0967,-0.09199338016000001,0.001821990083199995
1376,plts_tim459,1,459,solar,0.25587189096067914,0.0,0.25587189096067914,0.0634840221943992
1377,batt_tim459,1,459,battery,0.147862041330894,0.0,0.147862041330894,0.030419810394270642
1378,pltd_tim460,1,460,diesel,0.008333760639999986,0.1713,-0.16296623936000001,0.003226225867199991
1379,plts_tim460,1,460,solar,0.4404067035162284,0.0,0.4404067035162284,0.11241089190165471
1380,batt_tim460,1,460,battery,0.2618134553316331,0.0,0.2618134553316331,0.05386319200754295
1381,pltd_tim461,1,461,diesel,0.012935510613333385,0.2659,-0.25296448938666666,0.005007559614400014
1382,plts_tim461,1,461,solar,0.6723342191028481,0.0,0.6723342191028481,0.1744796637377115
1383,batt_tim461,1,461,battery,0.40637699145201667,0.0,0.40637699145201667,0.08360440178403158
1384,pltd_tim462,1,462,diesel,0.012980470933333238,0.2668,-0.2538195290666667,0.005025027447999998
1385,plts_tim462,1,462,solar,0.6758665821063886,0.0,0.6758665821063886,0.1750861033942548
1386,batt_tim462,1,462,battery,0.4077877697961536,0.0,0.4077877697961536,0.08389464915159135
1387,pltd_tim463,1,463,diesel,0.010177555093333308,0.2092,-0.19902244490666668,0.0039399872847999985
1388,plts_tim463,1,463,solar,0.5345106152766228,0.0,0.5345106152766228,0.13727886435407188
1389,batt_tim463,1,463,battery,0.3197345030501926,0.0,0.3197345030501926,0.0657793461037837
1390,pltd_tim464,1,464,diesel,0.014254771200000084,0.293,-0.2787452287999999,0.0055182999760000195
1391,plts_tim464,1,464,solar,0.7727794028906831,0.0,0.7727794028906831,0.19227170149395306
1392,batt_tim464,1,464,battery,0.44782746856506095,0.0,0.44782746856506095,0.09213204774588775
1393,pltd_tim465,1,465,diesel,0.007434446186666643,0.1528,-0.14536555381333335,0.002878047849599999
1394,plts_tim465,1,465,solar,0.4084669232588505,0.0,0.4084669232588505,0.10028003340706731
1395,batt_tim465,1,465,battery,0.2335520209758053,0.0,0.2335520209758053,0.04804892263309397
1396,pltd_tim466,1,466,diesel,0.023353098666666728,0.48,-0.45664690133333324,0.009040454360000007
1397,plts_tim466,1,466,solar,1.2821874756529192,0.0,1.2821874756529192,0.31499416119402407
1398,batt_tim466,1,466,battery,0.733667222914984,0.0,0.733667222914984,0.15093818993831992
1399,pltd_tim467,1,467,diesel,0.0025180918399999907,0.0518,-0.049281908160000006,0.0009747456431999982
1400,plts_tim467,1,467,solar,0.14015820747005783,0.0,0.14015820747005783,0.03396597041768328
1401,batt_tim467,1,467,battery,0.07910620303980095,0.0,0.07910620303980095,0.016274602679242182
1402,pltd_tim468,1,468,diesel,0.011811409813333316,0.2428,-0.23098859018666668,0.0045724780304000024
1403,plts_tim468,1,468,solar,0.6449717603457576,0.0,0.6449717603457576,0.1593166403754326
1404,batt_tim468,1,468,battery,0.3710709817184601,0.0,0.3710709817184601,0.07634086288214025
1405,pltd_tim469,1,469,diesel,0.006415405013333293,0.1319,-0.1254845949866667,0.002483537526400001
1406,plts_tim469,1,469,solar,0.34741070164448307,0.0,0.34741070164448307,0.08653182231207361
1407,batt_tim469,1,469,battery,0.2015309304986208,0.0,0.2015309304986208,0.041461178630755796
1408,pltd_tim470,1,470,diesel,0.004062102826666676,0.0835,-0.07943789717333333,0.0015724767968000033
1409,plts_tim470,1,470,solar,0.2216275796069811,0.0,0.2216275796069811,0.05479040938388209
1410,batt_tim470,1,470,battery,0.1276137518941692,0.0,0.1276137518941692,0.02625411119355039
1411,pltd_tim471,1,471,diesel,0.008468857066666667,0.1741,-0.16563114293333334,0.003278441992000005
1412,plts_tim471,1,471,solar,0.46305804674047224,0.0,0.46305804674047224,0.11423042787896209
1413,batt_tim471,1,471,battery,0.2660485981865337,0.0,0.2660485981865337,0.05473448312228088
1414,pltd_tim472,1,472,diesel,0.003072739413333351,0.0632,-0.060127260586666655,0.0011895386384000062
1415,plts_tim472,1,472,solar,0.16644565115114682,0.0,0.16644565115114682,0.041446592098664366
1416,batt_tim472,1,472,battery,0.09653406374311835,0.0,0.09653406374311835,0.01986006921778183
1417,pltd_tim473,1,473,diesel,0.002038518293333341,0.0419,-0.03986148170666666,0.0007890944207999995
1418,plts_tim473,1,473,solar,0.11154473935826563,0.0,0.11154473935826563,0.02749626428482743
1419,batt_tim473,1,473,battery,0.06404151501003394,0.0,0.06404151501003394,0.013175332992467793
1420,pltd_tim474,1,474,diesel,0.002937878933333333,0.0604,-0.05746212106666667,0.001137277288000002
1421,plts_tim474,1,474,solar,0.15933629345719175,0.0,0.15933629345719175,0.03962693103769472
1422,batt_tim474,1,474,battery,0.09229295580703431,0.0,0.09229295580703431,0.018987531044713634
1423,pltd_tim475,1,475,diesel,0.005440944639999974,0.1118,-0.10635905536000002,0.0021063291871999982
1424,plts_tim475,1,475,solar,0.2953069295304861,0.0,0.2953069295304861,0.07339059708172266
1425,batt_tim475,1,475,battery,0.1709331646200952,0.0,0.1709331646200952,0.035166279377709234
1426,pltd_tim476,1,476,diesel,0.002757965760000002,0.0567,-0.05394203424,0.0010676644048000009
1427,plts_tim476,1,476,solar,0.1522342459684531,0.0,0.1522342459684531,0.03720060383834046
1428,batt_tim476,1,476,battery,0.08663950576849752,0.0,0.08663950576849752,0.017824446943971974
1429,pltd_tim477,1,477,diesel,0.005980571306666676,0.1229,-0.11691942869333331,0.0023151839872000003
1430,plts_tim477,1,477,solar,0.33557866847609363,0.0,0.33557866847609363,0.0806689315001247
1431,batt_tim477,1,477,battery,0.18788126337294042,0.0,0.18788126337294042,0.03865301876869556
1432,pltd_tim478,1,478,diesel,0.008858597119999997,0.1821,-0.17324140288,0.0034294046976
1433,plts_tim478,1,478,solar,0.4888929413081621,0.0,0.4888929413081621,0.11948680122694036
1434,batt_tim478,1,478,battery,0.2782867166801854,0.0,0.2782867166801854,0.057252236875852604
1435,pltd_tim479,1,479,diesel,0.00864864714666661,0.1778,-0.1691513528533334,0.0033481539503999935
1436,plts_tim479,1,479,solar,0.4793637389226413,0.0,0.4793637389226413,0.11665669483360085
1437,batt_tim479,1,479,battery,0.27170324494607917,0.0,0.27170324494607917,0.055897819768088
1438,pltd_tim480,1,480,diesel,0.003957243200000009,0.0813,-0.0773427568,0.0015319335360000025
1439,plts_tim480,1,480,solar,0.21948739305969162,0.0,0.21948739305969162,0.0533750263796706
1440,batt_tim480,1,480,battery,0.12431712789762792,0.0,0.12431712789762792,0.025575904181143163
1441,pltd_tim481,1,481,diesel,0.008363653866666697,0.1719,-0.1635363461333333,0.0032377646560000006
1442,plts_tim481,1,481,solar,0.4639175681191882,0.0,0.4639175681191882,0.11281561881797957
1443,batt_tim481,1,481,battery,0.2627620800938543,0.0,0.2627620800938543,0.0540583528097415
1444,pltd_tim482,1,482,diesel,0.008019099839999991,0.1648,-0.15678090016000001,0.003104321483199984
1445,plts_tim482,1,482,solar,0.44359488008630343,0.0,0.44359488008630343,0.10816549174751475
1446,batt_tim482,1,482,battery,0.2519299434905585,0.0,0.2519299434905585,0.051829834271334294
1447,pltd_tim483,1,483,diesel,0.017267447253333314,0.3549,-0.3376325527466667,0.00668458496159998
1448,plts_tim483,1,483,solar,0.962206773212858,0.0,0.962206773212858,0.2329095214481701
1449,batt_tim483,1,483,battery,0.5424761466563337,0.0,0.5424761466563337,0.11160423434133725
1450,pltd_tim484,1,484,diesel,0.00575590805333333,0.1183,-0.11254409194666667,0.002228188345599994
1451,plts_tim484,1,484,solar,0.3146455726776565,0.0,0.3146455726776565,0.07763640439924842
1452,batt_tim484,1,484,battery,0.1808230715014813,0.0,0.1808230715014813,0.03720093722942527
1453,pltd_tim485,1,485,diesel,0.006775431360000016,0.1392,-0.13242456863999996,0.0026228752927999954
1454,plts_tim485,1,485,solar,0.3741203666876627,0.0,0.3741203666876627,0.09138434342255258
1455,batt_tim485,1,485,battery,0.21284250223064258,0.0,0.21284250223064258,0.04378830956689083
1456,pltd_tim486,1,486,diesel,0.005545701653333353,0.114,-0.10845429834666664,0.0021468686736000045
1457,plts_tim486,1,486,solar,0.3030511053742744,0.0,0.3030511053742744,0.07480565557779156
1458,batt_tim486,1,486,battery,0.17422167304827704,0.0,0.17422167304827704,0.03584283170818893
1459,pltd_tim487,1,487,diesel,0.008573860266666691,0.1762,-0.1676261397333333,0.0033190773279999962
1460,plts_tim487,1,487,solar,0.4618149000277139,0.0,0.4618149000277139,0.11564535975302659
1461,batt_tim487,1,487,battery,0.2693350310635365,0.0,0.2693350310635365,0.055410595873573595
1462,pltd_tim488,1,488,diesel,0.007270005333333329,0.1494,-0.14212999466666668,0.0028143995600000008
1463,plts_tim488,1,488,solar,0.4032246814701088,0.0,0.4032246814701088,0.09805637559309915
1464,batt_tim488,1,488,battery,0.2283857429330365,0.0,0.2283857429330365,0.046986045343640155
1465,pltd_tim489,1,489,diesel,0.005471027626666658,0.1124,-0.10692897237333335,0.0021179229007999914
1466,plts_tim489,1,489,solar,0.2964582493515039,0.0,0.2964582493515039,0.07379489466756081
1467,batt_tim489,1,489,battery,0.17187161964506428,0.0,0.17187161964506428,0.03535933847565485
1468,pltd_tim490,1,490,diesel,0.003912046933333282,0.0804,-0.07648795306666671,0.001514503927999995
1469,plts_tim490,1,490,solar,0.21620161940074428,0.0,0.21620161940074428,0.05276845734112983
1470,batt_tim490,1,490,battery,0.12290401302779298,0.0,0.12290401302779298,0.02528519307676758
1471,pltd_tim491,1,491,diesel,0.007644585919999955,0.1571,-0.14945541408000004,0.002959332521599999
1472,plts_tim491,1,491,solar,0.42050967632626407,0.0,0.42050967632626407,0.1031109826912047
1473,batt_tim491,1,491,battery,0.24015915399194124,0.0,0.24015915399194124,0.04940820993305926
1474,pltd_tim492,1,492,diesel,0.002952858879999999,0.0607,-0.05774714112,0.0011431481823999984
1475,plts_tim492,1,492,solar,0.16222592692189358,0.0,0.16222592692189358,0.03982884735276124
1476,batt_tim492,1,492,battery,0.09276167586670915,0.0,0.09276167586670915,0.019083958980211427
1477,pltd_tim493,1,493,diesel,0.023218258666666467,0.4772,-0.4539817413333335,0.008988251159999973
1478,plts_tim493,1,493,solar,1.2829553469049173,0.0,1.2829553469049173,0.3131746311696892
1479,batt_tim493,1,493,battery,0.7294311161909975,0.0,0.7294311161909975,0.15006669426464078
1480,pltd_tim494,1,494,diesel,0.00821388010666668,0.1688,-0.16058611989333332,0.0031797514112000018
1481,plts_tim494,1,494,solar,0.45560319807671185,0.0,0.45560319807671185,0.11079379953509724
1482,batt_tim494,1,494,battery,0.25805308350450656,0.0,0.25805308350450656,0.05308955803740871
1483,pltd_tim495,1,495,diesel,0.014764391786666711,0.3035,-0.2887356082133333,0.0057155761376000026
1484,plts_tim495,1,495,solar,0.8269114155953763,0.0,0.8269114155953763,0.19914487940398173
1485,batt_tim495,1,495,battery,0.4638148940796827,0.0,0.4638148940796827,0.095421155234341
1486,pltd_tim496,1,496,diesel,0.007194849173333358,0.1479,-0.14070515082666665,0.0027851721632000054
1487,plts_tim496,1,496,solar,0.3910816305777915,0.0,0.3910816305777915,0.09704578719288665
1488,batt_tim496,1,496,battery,0.22603449990280108,0.0,0.22603449990280108,0.046502336576769235
1489,pltd_tim497,1,497,diesel,0.004122053333333318,0.0847,-0.08057794666666668,0.0015957256
1490,plts_tim497,1,497,solar,0.2310602279443181,0.0,0.2310602279443181,0.05559888721361833
1491,batt_tim497,1,497,battery,0.12949257802411362,0.0,0.12949257802411362,0.026640653879209338
1492,pltd_tim498,1,498,diesel,0.0060553324799999825,0.1245,-0.11844466752000002,0.0023441529103999975
1493,plts_tim498,1,498,solar,0.34239210274193815,0.0,0.34239210274193815,0.08167979418683018
1494,batt_tim498,1,498,battery,0.19023272797746302,0.0,0.19023272797746302,0.039136814671195584
1495,pltd_tim499,1,499,diesel,0.0030877091200000226,0.0635,-0.060412290879999976,0.0011953454576000028
1496,plts_tim499,1,499,solar,0.17126678868184697,0.0,0.17126678868184697,0.04164873662865868
1497,batt_tim499,1,499,battery,0.09700532977486737,0.0,0.09700532977486737,0.019957015902404666
1498,pltd_tim500,1,500,diesel,0.007029792853333389,0.1445,-0.1374702071466666,0.002721326249600005
1499,plts_tim500,1,500,solar,0.39981465559523777,0.0,0.39981465559523777,0.09482111865670197
1500,batt_tim500,1,500,battery,0.22083483201281703,0.0,0.22083483201281703,0.04543260793160134
1501,pltd_tim501,1,501,diesel,0.005336008106666682,0.1097,-0.10436399189333333,0.002065770851199995
1502,plts_tim501,1,501,solar,0.2959759455178597,0.0,0.2959759455178597,0.07197553662086893
1503,batt_tim501,1,501,battery,0.16764011146761731,0.0,0.16764011146761731,0.034488802320046585
1504,pltd_tim502,1,502,diesel,0.005606134293333382,0.1152,-0.10959386570666661,0.002170266100800011
1505,plts_tim502,1,502,solar,0.3122880286799158,0.0,0.3122880286799158,0.07561421297651577
1506,batt_tim502,1,502,battery,0.17610468570947663,0.0,0.17610468570947663,0.03623020753020895
1507,pltd_tim503,1,503,diesel,0.007524536106666634,0.1547,-0.14717546389333336,0.002912819291199987
1508,plts_tim503,1,503,solar,0.4355772770905841,0.0,0.4355772770905841,0.1014934243639239
1509,batt_tim503,1,503,battery,0.23638482534673774,0.0,0.23638482534673774,0.04863171751625572
1510,pltd_tim504,1,504,diesel,0.006565178773333374,0.1349,-0.12833482122666662,0.002541508771200002
1511,plts_tim504,1,504,solar,0.38215929501709683,0.0,0.38215929501709683,0.08855410852255112
1512,batt_tim504,1,504,battery,0.2062533482359976,0.0,0.2062533482359976,0.042432739233274376
1513,pltd_tim505,1,505,diesel,0.006865152000000055,0.1411,-0.13423484799999996,0.0026576499600000046
1514,plts_tim505,1,505,solar,0.3932169340654543,0.0,0.3932169340654543,0.09259744443471637
1515,batt_tim505,1,505,battery,0.2156660563133336,0.0,0.2156660563133336,0.04436921592505178
1516,pltd_tim506,1,506,diesel,0.007104836160000006,0.146,-0.13889516383999997,0.002750394796800002
1517,plts_tim506,1,506,solar,0.3940803313526498,0.0,0.3940803313526498,0.09583260360005896
1518,batt_tim506,1,506,battery,0.22320630441005868,0.0,0.22320630441005868,0.0459204974160249
1519,pltd_tim507,1,507,diesel,0.00872355711999998,0.1793,-0.17057644288,0.0033770404975999994
1520,plts_tim507,1,507,solar,0.5013253472177458,0.0,0.5013253472177458,0.11766724863338067
1521,batt_tim507,1,507,battery,0.2740447655875129,0.0,0.2740447655875129,0.05637953679467465
1522,pltd_tim508,1,508,diesel,0.0023083316266666633,0.0474,-0.04509166837333334,0.0008936268207999978
1523,plts_tim508,1,508,solar,0.1280341383980102,0.0,0.1280341383980102,0.031135464992493762
1524,batt_tim508,1,508,battery,0.07251842544103017,0.0,0.07251842544103017,0.014919292294087498
1525,pltd_tim509,1,509,diesel,0.0029528588800000013,0.0607,-0.05774714112,0.0011431481823999993
1526,plts_tim509,1,509,solar,0.16378379219140626,0.0,0.16378379219140626,0.039829045151165546
1527,batt_tim509,1,509,battery,0.09276696484003842,0.0,0.09276696484003842,0.019085048931835123
1528,pltd_tim510,1,510,diesel,0.00245809514666666,0.0505,-0.048041904853333345,0.0009515969903999979
1529,plts_tim510,1,510,solar,0.13634832392196544,0.0,0.13634832392196544,0.0331572808441115
1530,batt_tim510,1,510,battery,0.0772277046300278,0.0,0.0772277046300278,0.01588813937975613
1531,pltd_tim511,1,511,diesel,0.006145468586666674,0.1263,-0.12015453141333332,0.002379006201600001
1532,plts_tim511,1,511,solar,0.3505268767446243,0.0,0.3505268767446243,0.08289339599572167
1533,batt_tim511,1,511,battery,0.19307229341238644,0.0,0.19307229341238644,0.03972099102482459
1534,pltd_tim512,1,512,diesel,0.003387682346666667,0.0696,-0.06621231765333332,0.001311318646399997
1535,plts_tim512,1,512,solar,0.19133665405448752,0.0,0.19133665405448752,0.04569219970255669
1536,batt_tim512,1,512,battery,0.1064186304394579,0.0,0.1064186304394579,0.021893614714563484
1537,pltd_tim513,1,513,diesel,0.004646453866666641,0.0955,-0.09085354613333337,0.0017986766560000023
1538,plts_tim513,1,513,solar,0.26401188038681966,0.0,0.26401188038681966,0.06267499094126304
1539,batt_tim513,1,513,battery,0.1459682299212361,0.0,0.1459682299212361,0.03003020916616834
1540,pltd_tim514,1,514,diesel,0.006505315413333307,0.1337,-0.12719468458666672,0.0025183741183999915
1541,plts_tim514,1,514,solar,0.3748653744259666,0.0,0.3748653744259666,0.08774504981595871
1542,batt_tim514,1,514,battery,0.20435898991704984,0.0,0.20435898991704984,0.04204300752370563
1543,pltd_tim515,1,515,diesel,0.005515921280000009,0.1134,-0.10788407872,0.002135369734399999
1544,plts_tim515,1,515,solar,0.305952427290008,0.0,0.305952427290008,0.0744016020756948
1545,batt_tim515,1,515,battery,0.17329068050244137,0.0,0.17329068050244137,0.03565129270354312
1546,pltd_tim516,1,516,diesel,0.006550491200000036,0.1346,-0.12804950879999996,0.0025357595760000097
1547,plts_tim516,1,516,solar,0.37886162929098594,0.0,0.37886162929098594,0.0883515801044567
1548,batt_tim516,1,516,battery,0.20577406343297092,0.0,0.20577406343297092,0.04233411041626665
1549,pltd_tim517,1,517,diesel,0.0051410842666666555,0.1057,-0.10055891573333335,0.0019902208479999945
1550,plts_tim517,1,517,solar,0.29397277465530336,0.0,0.29397277465530336,0.06934703349867266
1551,batt_tim517,1,517,battery,0.16151193553463458,0.0,0.16151193553463458,0.033228034826977504
1552,pltd_tim518,1,518,diesel,0.0032826586666666845,0.0675,-0.06421734133333332,0.0012707861600000018
1553,plts_tim518,1,518,solar,0.1820751766807453,0.0,0.1820751766807453,0.044277110041485046
1554,batt_tim518,1,518,battery,0.10312704258993222,0.0,0.10312704258993222,0.02121642777693323
1555,pltd_tim519,1,519,diesel,0.002697902400000004,0.0555,-0.0528020976,0.0010444667520000026
1556,plts_tim519,1,519,solar,0.1496506889678677,0.0,0.1496506889678677,0.03639213531436134
1557,batt_tim519,1,519,battery,0.0847618643395543,0.0,0.0847618643395543,0.017438160251095347
1558,pltd_tim520,1,520,diesel,0.007764645973333319,0.1596,-0.15183535402666667,0.0030059238272000036
1559,plts_tim520,1,520,solar,0.45928041135867287,0.0,0.45928041135867287,0.1047276987068704
1560,batt_tim520,1,520,battery,0.24391283163367325,0.0,0.24391283163367325,0.05018045251586738
1561,pltd_tim521,1,521,diesel,0.00623535850666667,0.1282,-0.12196464149333333,0.0024138126431999963
1562,plts_tim521,1,521,solar,0.34407437722258505,0.0,0.34407437722258505,0.08410604076757203
1563,batt_tim521,1,521,battery,0.19588739147851114,0.0,0.19588739147851114,0.040300136992691575
1564,pltd_tim522,1,522,diesel,0.005276303786666642,0.1084,-0.10312369621333335,0.002042554897599995
1565,plts_tim522,1,522,solar,0.2956958362917459,0.0,0.2956958362917459,0.07116666127423457
1566,batt_tim522,1,522,battery,0.16575402518995916,0.0,0.16575402518995916,0.03410075161354679
1567,pltd_tim523,1,523,diesel,0.00220341557333335,0.0453,-0.04309658442666665,0.0008530496352000041
1568,plts_tim523,1,523,solar,0.12221442168635521,0.0,0.12221442168635521,0.029720132278390286
1569,batt_tim523,1,523,battery,0.06922183594096071,0.0,0.06922183594096071,0.01424109831551318
1570,pltd_tim524,1,524,diesel,0.0051711979733333234,0.1063,-0.10112880202666669,0.0020019577871999974
1571,plts_tim524,1,524,solar,0.2864833763923234,0.0,0.2864833763923234,0.06975107008122444
1572,batt_tim524,1,524,battery,0.16244921394643091,0.0,0.16244921394643091,0.033420869222880484
1573,pltd_tim525,1,525,diesel,0.004766380586666645,0.098,-0.09323361941333336,0.0018451489615999997
1574,plts_tim525,1,525,solar,0.2671047559183937,0.0,0.2671047559183937,0.06429279848775042
1575,batt_tim525,1,525,battery,0.1497458533508414,0.0,0.1497458533508414,0.03080738649694139
1576,pltd_tim526,1,526,diesel,0.003957243200000011,0.0813,-0.07734275679999998,0.0015319335360000016
1577,plts_tim526,1,526,solar,0.21817646433149424,0.0,0.21817646433149424,0.05337480788553941
1578,batt_tim526,1,526,battery,0.1243112855368843,0.0,0.1243112855368843,0.025574700187441117
1579,pltd_tim527,1,527,diesel,0.0038670866133333464,0.0795,-0.07563291338666665,0.0014970780944000034
1580,plts_tim527,1,527,solar,0.20759163260860436,0.0,0.20759163260860436,0.05216200706868981
1581,batt_tim527,1,527,battery,0.12149238929950931,0.0,0.12149238929950931,0.02499477149244288
1582,pltd_tim528,1,528,diesel,0.0037472625066666903,0.077,-0.0732527374933333,0.0014506165632000023
1583,plts_tim528,1,528,solar,0.19992241681710315,0.0,0.19992241681710315,0.05054459856717479
1584,batt_tim528,1,528,battery,0.1177243129708664,0.0,0.1177243129708664,0.024219543853836147
1585,pltd_tim529,1,529,diesel,0.011556422613333308,0.2375,-0.22594357738666668,0.004473751374399989
1586,plts_tim529,1,529,solar,0.6410038071753329,0.0,0.6410038071753329,0.15587960158443606
1587,batt_tim529,1,529,battery,0.36306374330593016,0.0,0.36306374330593016,0.07469351584608608
1588,pltd_tim530,1,530,diesel,0.007179792319999938,0.1476,-0.14042020768000008,0.0027794051935999937
1589,plts_tim530,1,530,solar,0.3916519808132565,0.0,0.3916519808132565,0.09684289834372964
1590,batt_tim530,1,530,battery,0.2255442672360756,0.0,0.2255442672360756,0.04640146939841047
1591,pltd_tim531,1,531,diesel,0.008888310826666686,0.1827,-0.1738116891733333,0.003440798636799998
1592,plts_tim531,1,531,solar,0.4847136577368364,0.0,0.4847136577368364,0.1198915047343514
1593,batt_tim531,1,531,battery,0.2792320950638047,0.0,0.2792320950638047,0.05744674051394887
1594,pltd_tim532,1,532,diesel,0.010807092159999974,0.2221,-0.21129290784000002,0.004183678676799994
1595,plts_tim532,1,532,solar,0.5963666427341796,0.0,0.5963666427341796,0.1457701478371689
1596,batt_tim532,1,532,battery,0.3395047133729608,0.0,0.3395047133729608,0.06984668865509976
1597,pltd_tim533,1,533,diesel,0.0027130823466666736,0.0558,-0.05308691765333333,0.0010503236464000014
1598,plts_tim533,1,533,solar,0.15048183709196422,0.0,0.15048183709196422,0.0365942286159654
1599,batt_tim533,1,533,battery,0.08523250926246753,0.0,0.08523250926246753,0.01753498486240931
1600,pltd_tim534,1,534,diesel,0.003912046933333314,0.0804,-0.07648795306666668,0.0015145039279999986
1601,plts_tim534,1,534,solar,0.2169933751032696,0.0,0.2169933751032696,0.05276847224972654
1602,batt_tim534,1,534,battery,0.12290441167191081,0.0,0.12290441167191081,0.02528527522934738
1603,pltd_tim535,1,535,diesel,0.0054563964800000185,0.1121,-0.10664360351999999,0.0021122986303999973
1604,plts_tim535,1,535,solar,0.31247584554188707,0.0,0.31247584554188707,0.07359266728250691
1605,batt_tim535,1,535,battery,0.1714045020666609,0.0,0.1714045020666609,0.035263211155497486
1606,pltd_tim536,1,536,diesel,0.004106883626666702,0.0844,-0.0802931163733333,0.0015899327808000033
1607,plts_tim536,1,536,solar,0.2369060444553918,0.0,0.2369060444553918,0.05539654031206736
1608,batt_tim536,1,536,battery,0.12901814683029791,0.0,0.12901814683029791,0.026543054917987797
1609,pltd_tim537,1,537,diesel,0.004856424320000012,0.0998,-0.09494357567999999,0.001880041553600008
1610,plts_tim537,1,537,solar,0.2693711336072189,0.0,0.2693711336072189,0.06550581453532814
1611,batt_tim537,1,537,battery,0.15257125338605332,0.0,0.15257125338605332,0.03138866734419787
1612,pltd_tim538,1,538,diesel,0.0031626293333333333,0.065,-0.06183737066666667,0.0012242470800000018
1613,plts_tim538,1,538,solar,0.1818812155338121,0.0,0.1818812155338121,0.04265963702519028
1614,batt_tim538,1,538,battery,0.09935593096560685,0.0,0.09935593096560685,0.02044061017339226
1615,pltd_tim539,1,539,diesel,0.004256949760000007,0.0875,-0.08324305023999999,0.0016479417247999987
1616,plts_tim539,1,539,solar,0.24035201234935924,0.0,0.24035201234935924,0.057418650057403736
1617,batt_tim539,1,539,battery,0.133734535807624,0.0,0.133734535807624,0.02751334941443516
1618,pltd_tim540,1,540,diesel,0.0060106183466666595,0.1235,-0.11748938165333334,0.0023268089263999946
1619,plts_tim540,1,540,solar,0.343546489020704,0.0,0.343546489020704,0.08107356906345974
1620,batt_tim540,1,540,battery,0.18883030652387175,0.0,0.18883030652387175,0.03884827764203949
1621,pltd_tim541,1,541,diesel,0.008498581013333329,0.1747,-0.16620141898666665,0.0032900330063999994
1622,plts_tim541,1,541,solar,0.47139999102549635,0.0,0.47139999102549635,0.11463513407034079
1623,batt_tim541,1,541,battery,0.26699966357170585,0.0,0.26699966357170585,0.05493016466245714
1624,pltd_tim542,1,542,diesel,0.008303713599999972,0.1707,-0.1623962864,0.0032145239279999945
1625,plts_tim542,1,542,solar,0.4563982836836997,0.0,0.4563982836836997,0.11200690617384487
1626,batt_tim542,1,542,battery,0.26087753673552805,0.0,0.26087753673552805,0.053670637842457625
1627,pltd_tim543,1,543,diesel,0.006775431360000018,0.1392,-0.13242456863999996,0.002622875292800001
1628,plts_tim543,1,543,solar,0.3628315031576255,0.0,0.3628315031576255,0.09138423369201724
1629,batt_tim543,1,543,battery,0.21283956812267085,0.0,0.21283956812267085,0.04378770490592002
1630,pltd_tim544,1,544,diesel,0.007314519466666656,0.1503,-0.14298548053333332,0.002831610543999997
1631,plts_tim544,1,544,solar,0.40241548015028084,0.0,0.40241548015028084,0.0986630170629692
1632,batt_tim544,1,544,battery,0.22979686389542897,0.0,0.22979686389542897,0.04727637516757001
1633,pltd_tim545,1,545,diesel,0.006430338773333308,0.1322,-0.12576966122666672,0.0024893615711999977
1634,plts_tim545,1,545,solar,0.3662291742064376,0.0,0.3662291742064376,0.08673432325793454
1635,batt_tim545,1,545,battery,0.20201022941370697,0.0,0.20201022941370697,0.04155979850637674
1636,pltd_tim546,1,546,diesel,0.004901364160000002,0.1007,-0.09579863584,0.0018974512367999994
1637,plts_tim546,1,546,solar,0.26718559602054764,0.0,0.26718559602054764,0.06611226025135898
1638,batt_tim546,1,546,battery,0.15398350397746502,0.0,0.15398350397746502,0.03167920626287599
1639,pltd_tim547,1,547,diesel,0.008333760639999958,0.1713,-0.16296623936000004,0.0032262258671999842
1640,plts_tim547,1,547,solar,0.4593286658085176,0.0,0.4593286658085176,0.11241104266576514
1641,batt_tim547,1,547,battery,0.26181748664503895,0.0,0.26181748664503895,0.05386402278060964
1642,pltd_tim548,1,548,diesel,0.005066364053333371,0.1041,-0.09903363594666663,0.0019612982256000085
1643,plts_tim548,1,548,solar,0.2766499118572733,0.0,0.2766499118572733,0.06833626135585666
1644,batt_tim548,1,548,battery,0.159164950921576,0.0,0.159164950921576,0.03274518586031839
1645,pltd_tim549,1,549,diesel,0.013340230613333299,0.2742,-0.2608597693866667,0.005164267214400005
1646,plts_tim549,1,549,solar,0.7392005844031918,0.0,0.7392005844031918,0.1799389517529457
1647,batt_tim549,1,549,battery,0.4191041612232032,0.0,0.4191041612232032,0.0862227733304777
1648,pltd_tim550,1,550,diesel,0.006445016106666678,0.1325,-0.12605498389333333,0.0024950256912
1649,plts_tim550,1,550,solar,0.35170016341444804,0.0,0.35170016341444804,0.08693675873858367
1650,batt_tim550,1,550,battery,0.20248440870003764,0.0,0.20248440870003764,0.04165736925370375
1651,pltd_tim551,1,551,diesel,0.0040918267733333555,0.0841,-0.08000817322666665,0.0015839768112000043
1652,plts_tim551,1,551,solar,0.22441210509613127,0.0,0.22441210509613127,0.05519453094072268
1653,batt_tim551,1,551,battery,0.12854806156601303,0.0,0.12854806156601303,0.02644633971632397
1654,pltd_tim552,1,552,diesel,0.0067299222400000105,0.1383,-0.13157007776,0.0026053148352000047
1655,plts_tim552,1,552,solar,0.3732957279189604,0.0,0.3732957279189604,0.09077822330871242
1656,batt_tim552,1,552,battery,0.2114342786230307,0.0,0.2114342786230307,0.04349861830343417
1657,pltd_tim553,1,553,diesel,0.00493121119999997,0.1014,-0.09646878880000004,0.0019089431759999958
1658,plts_tim553,1,553,solar,0.2700464026629521,0.0,0.2700464026629521,0.06651682937867469
1659,batt_tim553,1,553,battery,0.15492603784123596,0.0,0.15492603784123596,0.03187312370232191
1660,pltd_tim554,1,554,diesel,0.009727797866666677,0.1999,-0.19017220213333333,0.003765866775999988
1661,plts_tim554,1,554,solar,0.5354549055231467,0.0,0.5354549055231467,0.13121312869953689
1662,batt_tim554,1,554,battery,0.3055944697374307,0.0,0.3055944697374307,0.06287029154748972
1663,pltd_tim555,1,555,diesel,0.002713082346666668,0.0558,-0.053086917653333336,0.0010503236464000012
1664,plts_tim555,1,555,solar,0.15021863018234613,0.0,0.15021863018234613,0.036594197347407015
1665,batt_tim555,1,555,battery,0.08523167316587794,0.0,0.08523167316587794,0.01753481255962413
1666,pltd_tim556,1,556,diesel,0.007644585919999985,0.1571,-0.14945541408000002,0.0029593325216000035
1667,plts_tim556,1,556,solar,0.43971938150948786,0.0,0.43971938150948786,0.10311035223146696
1668,batt_tim556,1,556,battery,0.24014229599579262,0.0,0.24014229599579262,0.04940473583721296
1669,pltd_tim557,1,557,diesel,0.007209459839999973,0.1482,-0.14099054016000004,0.002791011283199997
1670,plts_tim557,1,557,solar,0.42433588209926887,0.0,0.42433588209926887,0.09724752673878591
1671,batt_tim557,1,557,battery,0.22649418828133946,0.0,0.22649418828133946,0.04659692103781845
1672,pltd_tim558,1,558,diesel,0.008543879893333377,0.1756,-0.16705612010666662,0.003307466388800008
1673,plts_tim558,1,558,solar,0.47059585593416964,0.0,0.47059585593416964,0.11524140752031804
1674,batt_tim558,1,558,battery,0.2684024413682511,0.0,0.2684024413682511,0.05521872772836917
1675,pltd_tim559,1,559,diesel,0.0048413777066666904,0.0995,-0.09465862229333331,0.001874212659200004
1676,plts_tim559,1,559,solar,0.27308019119509674,0.0,0.27308019119509674,0.06530362382046274
1677,batt_tim559,1,559,battery,0.15210024980310988,0.0,0.15210024980310988,0.03129176882022488
1678,pltd_tim560,1,560,diesel,0.007734562986666601,0.159,-0.1512654370133334,0.0029941901135999882
1679,plts_tim560,1,560,solar,0.42834482880105473,0.0,0.42834482880105473,0.10432373667198361
1680,batt_tim560,1,560,battery,0.24297586199732912,0.0,0.24297586199732912,0.04998769952680959
1681,pltd_tim561,1,561,diesel,0.005875845013333296,0.1208,-0.11492415498666671,0.0022746827263999936
1682,plts_tim561,1,561,solar,0.32590614893695813,0.0,0.32590614893695813,0.07925390564174291
1683,batt_tim561,1,561,battery,0.1845923174294171,0.0,0.1845923174294171,0.037976394049454285
1684,pltd_tim562,1,562,diesel,0.003822023679999998,0.0786,-0.07477797632000001,0.0014795994863999935
1685,plts_tim562,1,562,solar,0.21740571719684124,0.0,0.21740571719684124,0.05155560969896158
1686,batt_tim562,1,562,battery,0.12008068275218131,0.0,0.12008068275218131,0.024704350615169526
1687,pltd_tim563,1,563,diesel,0.006850295146666632,0.1408,-0.13394970485333338,0.002651868990399994
1688,plts_tim563,1,563,solar,0.37702827846352094,0.0,0.37702827846352094,0.09239496382974605
1689,batt_tim563,1,563,battery,0.21518804999553454,0.0,0.21518804999553454,0.044270868352679765
1690,pltd_tim564,1,564,diesel,0.003432263146666679,0.0705,-0.06706773685333331,0.0013287326303999993
1691,plts_tim564,1,564,solar,0.19194689743853025,0.0,0.19194689743853025,0.04629867450484812
1692,batt_tim564,1,564,battery,0.1078281024594337,0.0,0.1078281024594337,0.022183604724440094
1693,pltd_tim565,1,565,diesel,0.003357466026666663,0.069,-0.06564253397333335,0.0012997949327999963
1694,plts_tim565,1,565,solar,0.19561510461068732,0.0,0.19561510461068732,0.04528800247324724
1695,batt_tim565,1,565,battery,0.105482110170999,0.0,0.105482110170999,0.02170095433123947
1696,pltd_tim566,1,566,diesel,0.009802974506666723,0.2015,-0.19169702549333328,0.003794970323200017
1697,plts_tim566,1,566,solar,0.5358094931505163,0.0,0.5358094931505163,0.1322246570730209
1698,batt_tim566,1,566,battery,0.30796822646889027,0.0,0.30796822646889027,0.06335865178750891
1699,pltd_tim567,1,567,diesel,0.00275796576,0.0567,-0.05394203424,0.0010676644048000013
1700,plts_tim567,1,567,solar,0.15317073680668614,0.0,0.15317073680668614,0.03720071025394301
1701,batt_tim567,1,567,battery,0.08664235123778072,0.0,0.08664235123778072,0.01782503333828186
1702,pltd_tim568,1,568,diesel,0.0041370230400000286,0.085,-0.08086297695999997,0.001601490419200004
1703,plts_tim568,1,568,solar,0.2315066180058306,0.0,0.2315066180058306,0.05580104967402611
1704,batt_tim568,1,568,battery,0.1299615158837901,0.0,0.1299615158837901,0.026737120774131463
1705,pltd_tim569,1,569,diesel,0.012440746879999973,0.2557,-0.24325925312000002,0.0048161204224000135
1706,plts_tim569,1,569,solar,0.685811887584089,0.0,0.685811887584089,0.1678077357310621
1707,batt_tim569,1,569,battery,0.39083560013768154,0.0,0.39083560013768154,0.08040705305397344
1708,pltd_tim570,1,570,diesel,0.003941883733333342,0.081,-0.07705811626666666,0.0015260087920000056
1709,plts_tim570,1,570,solar,0.2197555858483689,0.0,0.2197555858483689,0.05317283363900815
1710,batt_tim570,1,570,battery,0.12384176513344879,0.0,0.12384176513344879,0.025478119166701122
1711,pltd_tim571,1,571,diesel,0.0037321799466666617,0.0767,-0.07296782005333334,0.0014447628943999996
1712,plts_tim571,1,571,solar,0.2211724570758663,0.0,0.2211724570758663,0.0503424117058415
1713,batt_tim571,1,571,battery,0.11725060481114517,0.0,0.11725060481114517,0.0241221057450808
1714,pltd_tim572,1,572,diesel,0.045028,0.2144,-0.16937200000000002,0.03264048941439999
1715,plts_tim572,1,572,solar,0.4956481041445775,0.0,0.4956481041445775,0.10722339747295985
1716,batt_tim572,1,572,battery,0.19696597583109746,0.0,0.19696597583109746,0.040476423358472575
1717,pltd_tim573,1,573,diesel,0.0023684052266666673,0.0487,-0.04633159477333333,0.0009168395487999986
1718,plts_tim573,1,573,solar,0.13801100792530507,0.0,0.13801100792530507,0.031944043094085744
1719,batt_tim573,1,573,battery,0.07440030711027232,0.0,0.07440030711027232,0.01530645874048492
1720,pltd_tim574,1,574,diesel,0.013351,0.0699,-0.056549,0.009673841687999996
1721,plts_tim574,1,574,solar,0.1635635567593651,0.0,0.1635635567593651,0.036108567642236834
1722,batt_tim574,1,574,battery,0.06867789181948407,0.0,0.06867789181948407,0.014115843330159276
1723,pltd_tim575,1,575,diesel,0.007763,0.037,-0.029237,0.005627434859201213
1724,plts_tim575,1,575,solar,0.0850782761405282,0.0,0.0850782761405282,0.01848702550480759
1725,batt_tim575,1,575,battery,0.033957772369091324,0.0,0.033957772369091324,0.006978299995422543
1726,pltd_tim576,1,576,diesel,0.009758111573333277,0.2006,-0.19084188842666672,0.0037776247151999945
1727,plts_tim576,1,576,solar,0.5673816411567949,0.0,0.5673816411567949,0.13161811410583993
1728,batt_tim576,1,576,battery,0.3065578676459256,0.0,0.3065578676459256,0.06306850864927235
1729,pltd_tim577,1,577,diesel,0.0052763037866894996,0.1084,-0.1031236962133105,0.0020425548976027415
1730,plts_tim577,1,577,solar,0.3177551696794734,0.0,0.3177551696794734,0.07116638948067015
1731,batt_tim577,1,577,battery,0.16574675764455898,0.0,0.16574675764455898,0.034099253917787974
1732,pltd_tim578,1,578,diesel,0.006280308586680004,0.1291,-0.12281969141331998,0.0024313004016097988
1733,plts_tim578,1,578,solar,0.38091833834221306,0.0,0.38091833834221306,0.08471225446915673
1734,batt_tim578,1,578,battery,0.19729456123379713,0.0,0.19729456123379713,0.040589634777460915
1735,pltd_tim579,1,579,diesel,0.006445016106666693,0.1325,-0.1260549838933333,0.0024950256912000036
1736,plts_tim579,1,579,solar,0.35715890095951325,0.0,0.35715890095951325,0.08693688400503244
1737,batt_tim579,1,579,battery,0.20248775822608084,0.0,0.20248775822608084,0.04165805952403073
1738,pltd_tim580,1,580,diesel,0.0057857448533333725,0.1189,-0.11311425514666663,0.002239840209600002
1739,plts_tim580,1,580,solar,0.3136111534142914,0.0,0.3136111534142914,0.07804028765826937
1740,batt_tim580,1,580,battery,0.1817538168947582,0.0,0.1817538168947582,0.037392419376071774
1741,pltd_tim581,1,581,diesel,0.005666064320000021,0.1165,-0.11083393567999998,0.0021934217536000045
1742,plts_tim581,1,581,solar,0.3142658956207277,0.0,0.3142658956207277,0.07642333934343659
1743,batt_tim581,1,581,battery,0.17799973016536694,0.0,0.17799973016536694,0.03662008063887882
1744,pltd_tim582,1,582,diesel,0.0027130823466666493,0.0558,-0.05308691765333335,0.001050323646399996
1745,plts_tim582,1,582,solar,0.14640620512621721,0.0,0.14640620512621721,0.03659427276880974
1746,batt_tim582,1,582,battery,0.0852336898747022,0.0,0.0852336898747022,0.017535228162978634
1747,pltd_tim583,1,583,diesel,0.005276303786666694,0.1084,-0.1031236962133333,0.002042554897600006
1748,plts_tim583,1,583,solar,0.28658743267968995,0.0,0.28658743267968995,0.07116670240411224
1749,batt_tim583,1,583,battery,0.16575512497044906,0.0,0.16575512497044906,0.034100978256310144
1750,pltd_tim584,1,584,diesel,0.00900830421333333,0.1852,-0.17619169578666669,0.0034873479423999996
1751,plts_tim584,1,584,solar,0.4996677136778806,0.0,0.4996677136778806,0.12150936205674212
1752,batt_tim584,1,584,battery,0.2830108622873291,0.0,0.2830108622873291,0.05822415355777277
1753,pltd_tim585,1,585,diesel,0.011661579626666654,0.2397,-0.22803842037333333,0.004514472860800003
1754,plts_tim585,1,585,solar,0.6143200615960721,0.0,0.6143200615960721,0.157293877224215
1755,batt_tim585,1,585,battery,0.36633618531080875,0.0,0.36633618531080875,0.07536675720805147
1756,pltd_tim586,1,586,diesel,0.010387269120000025,0.2135,-0.20311273087999998,0.0040212272575999965
1757,plts_tim586,1,586,solar,0.5508463116150849,0.0,0.5508463116150849,0.1401093432605602
1758,batt_tim586,1,586,battery,0.326325876572832,0.0,0.326325876572832,0.06713540938652923
1759,pltd_tim587,1,587,diesel,0.00879861066666666,0.1808,-0.17200138933333334,0.003406124119999987
1760,plts_tim587,1,587,solar,0.4798826684247959,0.0,0.4798826684247959,0.1186780700183562
1761,batt_tim587,1,587,battery,0.2764018640976019,0.0,0.2764018640976019,0.056864470033233805
1762,pltd_tim588,1,588,diesel,0.006460432000000002,0.1328,-0.126339568,0.002500998359999999
1763,plts_tim588,1,588,solar,0.35516241100024337,0.0,0.35516241100024337,0.08713860758153484
1764,batt_tim588,1,588,battery,0.2029509502596051,0.0,0.2029509502596051,0.04175333046949942
1765,pltd_tim589,1,589,diesel,0.0051862805333333,0.1066,-0.1014137194666667,0.00200765045599999
1766,plts_tim589,1,589,solar,0.27464867767878837,0.0,0.27464867767878837,0.06995346599980592
1767,batt_tim589,1,589,battery,0.16292139950187912,0.0,0.16292139950187912,0.03351799355334725
1768,pltd_tim590,1,590,diesel,0.008408927039999991,0.1728,-0.16439107296000002,0.0032553143391999924
1769,plts_tim590,1,590,solar,0.4388617364169198,0.0,0.4388617364169198,0.11342202820229906
1770,batt_tim590,1,590,battery,0.26417392072739815,0.0,0.26417392072739815,0.05434880724430222
1771,pltd_tim591,1,591,diesel,0.005606134293333329,0.1152,-0.10959386570666667,0.002170266100800006
1772,plts_tim591,1,591,solar,0.3105151638163341,0.0,0.3105151638163341,0.07561431425711375
1773,batt_tim591,1,591,battery,0.1761073938727868,0.0,0.1761073938727868,0.0362307656285039
1774,pltd_tim592,1,592,diesel,0.005905794666666663,0.1214,-0.11549420533333334,0.0022862484400000037
1775,plts_tim592,1,592,solar,0.32678726883932885,0.0,0.32678726883932885,0.07965804566880665
1776,batt_tim592,1,592,battery,0.1855271209804613,0.0,0.1855271209804613,0.03816870065165347
1777,pltd_tim593,1,593,diesel,0.004047030506666658,0.0832,-0.07915296949333334,0.0015667082031999976
1778,plts_tim593,1,593,solar,0.21461530510568508,0.0,0.21461530510568508,0.054588066601012786
1779,batt_tim593,1,593,battery,0.12713999235409015,0.0,0.12713999235409015,0.026156668421130902
1780,pltd_tim594,1,594,diesel,0.019905419626666497,0.4091,-0.38919458037333354,0.007705833060799981
1781,plts_tim594,1,594,solar,1.0705133672565534,0.0,1.0705133672565534,0.2684929192490479
1782,batt_tim594,1,594,battery,0.6253528026507842,0.0,0.6253528026507842,0.1286545485094736
1783,pltd_tim595,1,595,diesel,0.004151890133333344,0.0853,-0.08114810986666665,0.0016072444640000013
1784,plts_tim595,1,595,solar,0.2295071181935324,0.0,0.2295071181935324,0.05600335322658864
1785,batt_tim595,1,595,battery,0.13043591100671903,0.0,0.13043591100671903,0.026834730076264662
1786,pltd_tim596,1,596,diesel,0.00538113770666669,0.1106,-0.10521886229333331,0.0020831654592000006
1787,plts_tim596,1,596,solar,0.27926739568181014,0.0,0.27926739568181014,0.07258173256929423
1788,batt_tim596,1,596,battery,0.1690447475978513,0.0,0.1690447475978513,0.034777766125765185
1789,pltd_tim597,1,597,diesel,0.0032525961600000076,0.0669,-0.06364740383999999,0.0012591455967999974
1790,plts_tim597,1,597,solar,0.18389611936973976,0.0,0.18389611936973976,0.043872571192208394
1791,batt_tim597,1,597,battery,0.10218007745162863,0.0,0.10218007745162863,0.021021626764431627
1792,pltd_tim598,1,598,diesel,0.0032976129066666655,0.0678,-0.06450238709333334,0.0012766123552000008
1793,plts_tim598,1,598,solar,0.18425585795509303,0.0,0.18425585795509303,0.0444792357545202
1794,batt_tim598,1,598,battery,0.10359836699447146,0.0,0.10359836699447146,0.021313416115020675
1795,pltd_tim599,1,599,diesel,0.003567415999999995,0.0733,-0.06973258400000001,0.0013810246799999977
1796,plts_tim599,1,599,solar,0.20157598193061602,0.0,0.20157598193061602,0.048118519703203376
1797,batt_tim599,1,599,battery,0.11207525713085627,0.0,0.11207525713085627,0.023057365309526866
1798,pltd_tim600,1,600,diesel,0.002053375146666667,0.0422,-0.04014662485333333,0.0007949803904000014
1799,plts_tim600,1,600,solar,0.11585787778886288,0.0,0.11585787778886288,0.02769826309345653
1800,batt_tim600,1,600,battery,0.06451094348667721,0.0,0.06451094348667721,0.01327191284333444
1801,pltd_tim601,1,601,diesel,0.004946437333333342,0.1017,-0.09675356266666665,0.001914909920000003
1802,plts_tim601,1,601,solar,0.2781219170422474,0.0,0.2781219170422474,0.06671847020135556
1803,batt_tim601,1,601,battery,0.15538682992836073,0.0,0.15538682992836073,0.03196790599163657
1804,pltd_tim602,1,602,diesel,0.0039572432000000105,0.0813,-0.07734275679999998,0.0015319335360000016
1805,plts_tim602,1,602,solar,0.212826546075063,0.0,0.212826546075063,0.05337498084061686
1806,batt_tim602,1,602,battery,0.12431591021924752,0.0,0.12431591021924752,0.02557565324198253
1807,pltd_tim603,1,603,diesel,0.003777053119999966,0.0776,-0.07382294688000003,0.001462200577599991
1808,plts_tim603,1,603,solar,0.20684343502975086,0.0,0.20684343502975086,0.05094897099944356
1809,batt_tim603,1,603,battery,0.11866645390067194,0.0,0.11866645390067194,0.024413386242250475
1810,pltd_tim604,1,604,diesel,0.0018736517333333435,0.0385,-0.03662634826666666,0.0007253384319999998
1811,plts_tim604,1,604,solar,0.10189560959084346,0.0,0.10189560959084346,0.025272249381526574
1812,batt_tim604,1,604,battery,0.05886007344576728,0.0,0.05886007344576728,0.012109354503703722
1813,pltd_tim605,1,605,diesel,0.0078093858133332986,0.1605,-0.1526906141866667,0.00302308151039999
1814,plts_tim605,1,605,solar,0.4084520184674273,0.0,0.4084520184674273,0.10533461435314868
1815,batt_tim605,1,605,battery,0.24532791471635468,0.0,0.24532791471635468,0.05047157515434638
1816,pltd_tim606,1,606,diesel,0.004286940373333346,0.0881,-0.08381305962666666,0.0016595327391999998
1817,plts_tim606,1,606,solar,0.2276804312357427,0.0,0.2276804312357427,0.057822967221888955
1818,batt_tim606,1,606,battery,0.13467763218871603,0.0,0.13467763218871603,0.027707388702250604
1819,pltd_tim607,1,607,diesel,0.007239722346666651,0.1488,-0.14156027765333334,0.0028025888463999948
1820,plts_tim607,1,607,solar,0.37764054627196614,0.0,0.37764054627196614,0.09765195758811897
1821,batt_tim607,1,607,battery,0.22743658101601605,0.0,0.22743658101601605,0.04679077976938059
1822,pltd_tim608,1,608,diesel,0.0021883484799999986,0.045,-0.04281165152,0.0008471625904000012
1823,plts_tim608,1,608,solar,0.11968142588525392,0.0,0.11968142588525392,0.029517945201221356
1824,batt_tim608,1,608,battery,0.06874756048652748,0.0,0.06874756048652748,0.014143513674663587
1825,pltd_tim609,1,609,diesel,0.002413288639999968,0.0496,-0.04718671136000003,0.0009342153071999949
1826,plts_tim609,1,609,solar,0.1338260187959559,0.0,0.1338260187959559,0.03255049281439734
1827,batt_tim609,1,609,battery,0.07580910845789043,0.0,0.07580910845789043,0.015596292763802064
1828,pltd_tim610,1,610,diesel,0.004062102826666684,0.0835,-0.07943789717333333,0.0015724767968000055
1829,plts_tim610,1,610,solar,0.22487786872175794,0.0,0.22487786872175794,0.054790448972348096
1830,batt_tim610,1,610,battery,0.12761481045852674,0.0,0.12761481045852674,0.026254329342493193
1831,pltd_tim611,1,611,diesel,0.004316813120000002,0.0887,-0.08438318688,0.0016710903775999965
1832,plts_tim611,1,611,solar,0.24029957458215404,0.0,0.24029957458215404,0.05822754342968733
1833,batt_tim611,1,611,battery,0.1356212912514052,0.0,0.1356212912514052,0.027901514323489585
1834,pltd_tim612,1,612,diesel,0.0052012142933333455,0.1069,-0.10169878570666666,0.002013495500800003
1835,plts_tim612,1,612,solar,0.2906218388334981,0.0,0.2906218388334981,0.07015599587297294
1836,batt_tim612,1,612,battery,0.1634033436551081,0.0,0.1634033436551081,0.03361715855964468
1837,pltd_tim613,1,613,diesel,0.004871460693333342,0.1001,-0.09522853930666665,0.0018858623728000006
1838,plts_tim613,1,613,solar,0.27117066331808815,0.0,0.27117066331808815,0.06570795985580648
1839,batt_tim613,1,613,battery,0.15304385077607516,0.0,0.15304385077607516,0.03148588839513357
1840,pltd_tim614,1,614,diesel,0.0035372663466666666,0.0727,-0.06916273365333334,0.0013694169664000006
1841,plts_tim614,1,614,solar,0.1966059493367227,0.0,0.1966059493367227,0.047713985731981635
1842,batt_tim614,1,614,battery,0.11113010699820666,0.0,0.11113010699820666,0.02286292648379043
1843,pltd_tim615,1,615,diesel,0.004331946879999979,0.089,-0.08466805312000002,0.001677005422399994
1844,plts_tim615,1,615,solar,0.23843797623623347,0.0,0.23843797623623347,0.05842917940801942
1845,batt_tim615,1,615,battery,0.13608101793206703,0.0,0.13608101793206703,0.027996100753040373
1846,pltd_tim616,1,616,diesel,0.007554372906666678,0.1553,-0.1477456270933333,0.002924527155200008
1847,plts_tim616,1,616,solar,0.4180223721017233,0.0,0.4180223721017233,0.10189759710629605
1848,batt_tim616,1,616,battery,0.23732405999443085,0.0,0.23732405999443085,0.048824949128452304
1849,pltd_tim617,1,617,diesel,0.0074344461866666395,0.1528,-0.14536555381333335,0.002878047849599998
1850,plts_tim617,1,617,solar,0.40689100615758783,0.0,0.40689100615758783,0.10028022952290534
1851,batt_tim617,1,617,battery,0.2335572649586396,0.0,0.2335572649586396,0.04805000331307646
1852,pltd_tim618,1,618,diesel,0.006520172266666657,0.134,-0.12747982773333336,0.0025241620879999974
1853,plts_tim618,1,618,solar,0.3557094571174098,0.0,0.3557094571174098,0.08794759625154973
1854,batt_tim618,1,618,battery,0.20484287433226803,0.0,0.20484287433226803,0.0421425664543938
1855,pltd_tim619,1,619,diesel,0.007809385813333383,0.1605,-0.15269061418666663,0.003023081510400006
1856,plts_tim619,1,619,solar,0.4321222875022318,0.0,0.4321222875022318,0.10533466834687083
1857,batt_tim619,1,619,battery,0.24532935846590087,0.0,0.24532935846590087,0.05047187268225286
1858,pltd_tim620,1,620,diesel,0.008349043200000012,0.1716,-0.16325095679999999,0.003232107536000007
1859,plts_tim620,1,620,solar,0.4619798355623951,0.0,0.4619798355623951,0.11261278175227292
1860,batt_tim620,1,620,battery,0.2622801575314803,0.0,0.2622801575314803,0.05395918632808746
1861,pltd_tim621,1,621,diesel,0.005410974506666641,0.1112,-0.10578902549333336,0.0020946983231999944
1862,plts_tim621,1,621,solar,0.29867734508321314,0.0,0.29867734508321314,0.07298605318548004
1863,batt_tim621,1,621,battery,0.16998344408719462,0.0,0.16998344408719462,0.034970886834289075
1864,pltd_tim622,1,622,diesel,0.006070604799999982,0.1248,-0.11872939520000002,0.002350040503999999
1865,plts_tim622,1,622,solar,0.33078404261433886,0.0,0.33078404261433886,0.0818818690323465
1866,batt_tim622,1,622,battery,0.1907038152715426,0.0,0.1907038152715426,0.03923370674715951
1867,pltd_tim623,1,623,diesel,0.00466175690666668,0.0958,-0.09113824309333332,0.0018046514752000072
1868,plts_tim623,1,623,solar,0.2579455923239777,0.0,0.2579455923239777,0.06287708361145312
1869,batt_tim623,1,623,battery,0.14644353732261736,0.0,0.14644353732261736,0.030127988696244983
1870,pltd_tim624,1,624,diesel,0.004811387093333334,0.0989,-0.09408861290666667,0.0018626216448000017
1871,plts_tim624,1,624,solar,0.26624043218011606,0.0,0.26624043218011606,0.06489914663143563
1872,batt_tim624,1,624,battery,0.15115287449197792,0.0,0.15115287449197792,0.031096847730506808
1873,pltd_tim625,1,625,diesel,0.0029378789333332983,0.0604,-0.057462121066666705,0.0011372772880000005
1874,plts_tim625,1,625,solar,0.1616769873882589,0.0,0.1616769873882589,0.03962691750709051
1875,batt_tim625,1,625,battery,0.09229259400934896,0.0,0.09229259400934896,0.018987456485446634
1876,pltd_tim626,1,626,diesel,0.0037025329066666716,0.0761,-0.07239746709333333,0.0014332989552000015
1877,plts_tim626,1,626,solar,0.20481296682110256,0.0,0.20481296682110256,0.04993793009169813
1878,batt_tim626,1,626,battery,0.1163102238061023,0.0,0.1163102238061023,0.023928631966761565
1879,pltd_tim627,1,627,diesel,0.0031478289066666654,0.0647,-0.06155217109333333,0.0012185210351999965
1880,plts_tim627,1,627,solar,0.17502168848743963,0.0,0.17502168848743963,0.04245734491807545
1881,batt_tim627,1,627,battery,0.09888296493179771,0.0,0.09888296493179771,0.020343295377944878
1882,pltd_tim628,1,628,diesel,0.003507250026666678,0.0721,-0.06859274997333333,0.0013576972528000014
1883,plts_tim628,1,628,solar,0.19494976888674653,0.0,0.19494976888674653,0.04730975793417939
1884,batt_tim628,1,628,battery,0.11018827716486015,0.0,0.11018827716486015,0.02266917190533438
1885,pltd_tim629,1,629,diesel,0.002742908906666665,0.0564,-0.05365709109333333,0.0010617854352000025
1886,plts_tim629,1,629,solar,0.15194431418260929,0.0,0.15194431418260929,0.036998610218580495
1887,batt_tim629,1,629,battery,0.08617040321260155,0.0,0.08617040321260155,0.017727934258852926
1888,pltd_tim630,1,630,diesel,0.008169119786666687,0.1679,-0.15973088021333331,0.0031624305776000046
1889,plts_tim630,1,630,solar,0.4520276466036916,0.0,0.4520276466036916,0.11018682467026025
1890,batt_tim630,1,630,battery,0.2566300530319777,0.0,0.2566300530319777,0.05279678575122997
1891,pltd_tim631,1,631,diesel,0.004796360959999987,0.0986,-0.09380363904000001,0.0018567879007999975
1892,plts_tim631,1,631,solar,0.2745430540680999,0.0,0.2745430540680999,0.0646968356251026
1893,batt_tim631,1,631,battery,0.15068015180589647,0.0,0.15068015180589647,0.030999606783359147
1894,pltd_tim632,1,632,diesel,0.004676736853333302,0.0961,-0.0914232631466667,0.0018103963696000016
1895,plts_tim632,1,632,solar,0.2549862297796425,0.0,0.2549862297796425,0.0630794939563828
1896,batt_tim632,1,632,battery,0.14691685732515397,0.0,0.14691685732515397,0.030225364587967735
1897,pltd_tim633,1,633,diesel,0.0031925328000000195,0.0656,-0.06240746719999998,0.001235905944000005
1898,plts_tim633,1,633,solar,0.17596985977040244,0.0,0.17596985977040244,0.04306395752624685
1899,batt_tim633,1,633,battery,0.10030042678534026,0.0,0.10030042678534026,0.020634926007922924
1900,pltd_tim634,1,634,diesel,0.0023684052266666677,0.0487,-0.04633159477333333,0.0009168395488000015
1901,plts_tim634,1,634,solar,0.1371980730899139,0.0,0.1371980730899139,0.03194407347484089
1902,batt_tim634,1,634,battery,0.0744011194677043,0.0,0.0744011194677043,0.015306626151104502
1903,pltd_tim635,1,635,diesel,0.0020084250666666734,0.0413,-0.03929157493333333,0.0007775276320000034
1904,plts_tim635,1,635,solar,0.11163258794755405,0.0,0.11163258794755405,0.027091888286191544
1905,batt_tim635,1,635,battery,0.06309946589286379,0.0,0.06309946589286379,0.01298152729920137
1906,pltd_tim636,1,636,diesel,0.0023983446399999746,0.0493,-0.04690165536000002,0.0009283481871999949
1907,plts_tim636,1,636,solar,0.13992194108401956,0.0,0.13992194108401956,0.03234846840607722
1908,batt_tim636,1,636,battery,0.07534105438497066,0.0,0.07534105438497066,0.015499984300454756
1909,pltd_tim637,1,637,diesel,0.004016916799999989,0.0826,-0.07858308320000001,0.0015551182639999977
1910,plts_tim637,1,637,solar,0.22104304968015484,0.0,0.22104304968015484,0.054183664745138777
1911,batt_tim637,1,637,battery,0.12619706466028646,0.0,0.12619706466028646,0.025962669821191834
1912,pltd_tim638,1,638,diesel,0.0016339316266666775,0.0336,-0.03196606837333332,0.0006325548208000013
1913,plts_tim638,1,638,solar,0.08874414515960422,0.0,0.08874414515960422,0.022037299957292207
1914,batt_tim638,1,638,battery,0.051327118231167264,0.0,0.051327118231167264,0.01055959370427895
1915,pltd_tim639,1,639,diesel,0.002818018879999985,0.0579,-0.05508198112000001,0.0010908539824000011
1916,plts_tim639,1,639,solar,0.15223047120440142,0.0,0.15223047120440142,0.03800960190484963
1917,batt_tim639,1,639,battery,0.0885290606532992,0.0,0.0885290606532992,0.0182131828370319
1918,pltd_tim640,1,640,diesel,0.0017237548800000074,0.0354,-0.03367624512,0.0006673822624000016
1919,plts_tim640,1,640,solar,0.09318663891313318,0.0,0.09318663891313318,0.02325026497568005
1920,batt_tim640,1,640,battery,0.05414872051785847,0.0,0.05414872051785847,0.011140080061920273
1921,pltd_tim641,1,641,diesel,0.002023584533333336,0.0416,-0.03957641546666666,0.0007833193759999979
1922,plts_tim641,1,641,solar,0.10932679135957711,0.0,0.10932679135957711,0.027294149166976114
1923,batt_tim641,1,641,battery,0.06357084826131253,0.0,0.06357084826131253,0.013078492033691285
1924,pltd_tim642,1,642,diesel,0.007374572586666667,0.1516,-0.14422542741333336,0.0028547721216000055
1925,plts_tim642,1,642,solar,0.40115118599374927,0.0,0.40115118599374927,0.09947133683464192
1926,batt_tim642,1,642,battery,0.23166809453678838,0.0,0.23166809453678838,0.04766133480054134
1927,pltd_tim643,1,643,diesel,0.0035225992533333248,0.0724,-0.06887740074666668,0.0013636699216000004
1928,plts_tim643,1,643,solar,0.19109854173183644,0.0,0.19109854173183644,0.047511558076571585
1929,batt_tim643,1,643,battery,0.11065314216093071,0.0,0.11065314216093071,0.022764787614924602
1930,pltd_tim644,1,644,diesel,0.007719326613333354,0.1587,-0.15098067338666665,0.0029882922944
1931,plts_tim644,1,644,solar,0.42309601731666624,0.0,0.42309601731666624,0.10412188748913137
1932,batt_tim644,1,644,battery,0.24251286766418118,0.0,0.24251286766418118,0.04989245747383445
1933,pltd_tim645,1,645,diesel,0.0029229092266666416,0.0601,-0.057177090773333356,0.0011315054687999998
1934,plts_tim645,1,645,solar,0.1603351071453873,0.0,0.1603351071453873,0.03942481400682992
1935,batt_tim645,1,645,battery,0.09182598139542394,0.0,0.09182598139542394,0.01889146877716897
1936,pltd_tim646,1,646,diesel,0.006070604800000003,0.1248,-0.11872939519999999,0.0023500405039999996
1937,plts_tim646,1,646,solar,0.3291888517415628,0.0,0.3291888517415628,0.08188209982692077
1938,batt_tim646,1,646,battery,0.19070998653643198,0.0,0.19070998653643198,0.039234978521427905
1939,pltd_tim647,1,647,diesel,0.003492193173333323,0.0718,-0.06830780682666668,0.0013518882832000015
1940,plts_tim647,1,647,solar,0.1899346073537354,0.0,0.1899346073537354,0.04710750891255474
1941,batt_tim647,1,647,battery,0.10971534015620228,0.0,0.10971534015620228,0.022571869016190172
1942,pltd_tim648,1,648,diesel,0.0025034349866666808,0.0514,-0.048896565013333324,0.0009690976735999995
1943,plts_tim648,1,648,solar,0.13851078069601147,0.0,0.13851078069601147,0.03376361591027385
1944,batt_tim648,1,648,battery,0.07863680935674629,0.0,0.07863680935674629,0.016178029998638273
1945,pltd_tim649,1,649,diesel,0.003462566613333322,0.0712,-0.06773743338666668,0.0013405524943999982
1946,plts_tim649,1,649,solar,0.18912962955036092,0.0,0.18912962955036092,0.046702881069070314
1947,batt_tim649,1,649,battery,0.10877404388557625,0.0,0.10877404388557625,0.022378218469539555
1948,pltd_tim650,1,650,diesel,0.0025781552000073123,0.053,-0.050421844799992684,0.0009979922960007695
1949,plts_tim650,1,650,solar,0.14048766703897428,0.0,0.14048766703897428,0.03477461855277866
1950,batt_tim650,1,650,battery,0.08099033169869625,0.0,0.08099033169869625,0.016662226260466553
1951,pltd_tim651,1,651,diesel,0.004137023040000013,0.085,-0.08086297696,0.001601490419199997
1952,plts_tim651,1,651,solar,0.22688830750299607,0.0,0.22688830750299607,0.055800985695998055
1953,batt_tim651,1,651,battery,0.12995980516177807,0.0,0.12995980516177807,0.026736768228539223
1954,pltd_tim652,1,652,diesel,0.004122053333333353,0.0847,-0.08057794666666665,0.0015957256000000062
1955,plts_tim652,1,652,solar,0.22492381943751555,0.0,0.22492381943751555,0.05559899989448809
1956,batt_tim652,1,652,battery,0.1294955910217008,0.0,0.1294955910217008,0.026641274797752103
1957,pltd_tim653,1,653,diesel,0.004841377706666673,0.0995,-0.09465862229333333,0.0018742126591999963
1958,plts_tim653,1,653,solar,0.2644200408121682,0.0,0.2644200408121682,0.06530355950913165
1959,batt_tim653,1,653,battery,0.1520985301688378,0.0,0.1520985301688378,0.03129141443799409
1960,pltd_tim654,1,654,diesel,0.004721440746666637,0.097,-0.09227855925333336,0.001827760278399997
1961,plts_tim654,1,654,solar,0.2591640897946168,0.0,0.2591640897946168,0.06368584653471616
1962,batt_tim654,1,654,battery,0.1483247457432008,0.0,0.1483247457432008,0.030515022324358824
1963,pltd_tim655,1,655,diesel,0.002878051520000003,0.0591,-0.05622194848,0.0011141814096000014
1964,plts_tim655,1,655,solar,0.15631685394815106,0.0,0.15631685394815106,0.03881815900795889
1965,batt_tim655,1,655,battery,0.09041187823550786,0.0,0.09041187823550786,0.018600518457173466
1966,pltd_tim656,1,656,diesel,0.0015737913599999994,0.0323,-0.030726208640000002,0.000609335092800001
1967,plts_tim656,1,656,solar,0.0859064036339094,0.0,0.0859064036339094,0.02122855028871251
1968,batt_tim656,1,656,battery,0.04944195921734052,0.0,0.04944195921734052,0.010171751862709537
1969,pltd_tim657,1,657,diesel,0.002982905919999986,0.0613,-0.05831709408000001,0.0011547521216000005
1970,plts_tim657,1,657,solar,0.16505234285325596,0.0,0.16505234285325596,0.04023335038368071
1971,batt_tim657,1,657,battery,0.0937050628076828,0.0,0.0937050628076828,0.01927805222180727
1972,pltd_tim658,1,658,diesel,0.0018434918400000034,0.0379,-0.03605650816,0.0007136456431999978
1973,plts_tim658,1,658,solar,0.10169529600839693,0.0,0.10169529600839693,0.024868059591890167
1974,batt_tim658,1,658,battery,0.05792113166559,0.0,0.05792113166559,0.011916189170444787
1975,pltd_tim659,1,659,diesel,0.002353235519999991,0.0484,-0.04604676448000001,0.0009109907295999953
1976,plts_tim659,1,659,solar,0.13126297348387048,0.0,0.13126297348387048,0.03174200239665449
1977,batt_tim659,1,659,battery,0.07393069443249303,0.0,0.07393069443249303,0.015209852779048166
1978,pltd_tim660,1,660,diesel,0.003897113173333336,0.0801,-0.07620288682666666,0.001508658883199991
1979,plts_tim660,1,660,solar,0.2156464999617389,0.0,0.2156464999617389,0.05256618525935706
1980,batt_tim660,1,660,battery,0.12242896201312785,0.0,0.12242896201312785,0.025187448608465387
1981,pltd_tim661,1,661,diesel,0.002908042133333329,0.0598,-0.05689195786666667,0.0011257584239999971
1982,plts_tim661,1,661,solar,0.15902885087908591,0.0,0.15902885087908591,0.03922244630304111
1983,batt_tim661,1,661,battery,0.0913493093958633,0.0,0.0913493093958633,0.01879339025629951
1984,pltd_tim662,1,662,diesel,0.004511670293333294,0.0927,-0.08818832970666671,0.0017465913807999916
1985,plts_tim662,1,662,solar,0.24595816110575236,0.0,0.24595816110575236,0.06085566132186646
1986,batt_tim662,1,662,battery,0.14173935361203593,0.0,0.14173935361203593,0.02916019761156837
1987,pltd_tim663,1,663,diesel,0.0027731354666666835,0.057,-0.05422686453333332,0.001073527224000005
1988,plts_tim663,1,663,solar,0.15200292371739815,0.0,0.15200292371739815,0.03740299121027463
1989,batt_tim663,1,663,battery,0.08711520628292017,0.0,0.08711520628292017,0.017922307486784184
1990,pltd_tim664,1,664,diesel,0.0026378954666666466,0.0542,-0.051562104533333354,0.0010211560239999976
1991,plts_tim664,1,664,solar,0.14385159084913562,0.0,0.14385159084913562,0.03558335730625699
1992,batt_tim664,1,664,battery,0.08287557320023112,0.0,0.08287557320023112,0.017050085101103632
1993,pltd_tim665,1,665,diesel,0.004796360959999995,0.0986,-0.09380363904,0.001856787900799998
1994,plts_tim665,1,665,solar,0.2602854930357973,0.0,0.2602854930357973,0.0646971083193609
1995,batt_tim665,1,665,battery,0.15068744343529197,0.0,0.15068744343529197,0.031001109442344972
1996,pltd_tim666,1,666,diesel,0.005231240853333343,0.1075,-0.10226875914666665,0.002025076289600007
1997,plts_tim666,1,666,solar,0.2819593269778457,0.0,0.2819593269778457,0.07056003359503071
1998,batt_tim666,1,666,battery,0.1643361603488968,0.0,0.1643361603488968,0.03380906163510065
1999,pltd_tim667,1,667,diesel,0.003012855573333316,0.0619,-0.058887144426666684,0.0011663178351999938
2000,plts_tim667,1,667,solar,0.16410534301656118,0.0,0.16410534301656118,0.04063788073820988
2001,batt_tim667,1,667,battery,0.09464955470938768,0.0,0.09464955470938768,0.019472355399310616
2002,pltd_tim668,1,668,diesel,0.00664023232000001,0.1365,-0.12985976768,0.0025705573936000013
2003,plts_tim668,1,668,solar,0.3654790144158505,0.0,0.3654790144158505,0.08956457967364931
2004,batt_tim668,1,668,battery,0.20859602805749408,0.0,0.20859602805749408,0.042914701068488374
2005,pltd_tim669,1,669,diesel,0.00326777610666666,0.0672,-0.06393222389333333,0.0012650654911999962
2006,plts_tim669,1,669,solar,0.1808108134304881,0.0,0.1808108134304881,0.04407465534924745
2007,batt_tim669,1,669,battery,0.10265160090296142,0.0,0.10265160090296142,0.02111863242288229
2008,pltd_tim670,1,670,diesel,0.004406733760000018,0.0906,-0.08619326623999998,0.001706033044800004
2009,plts_tim670,1,670,solar,0.24264127477626235,0.0,0.24264127477626235,0.05944042132624645
2010,batt_tim670,1,670,battery,0.13844393310973355,0.0,0.13844393310973355,0.028482232690453888
2011,pltd_tim671,1,671,diesel,0.004736554026666648,0.0974,-0.09266344597333336,0.001833547172799999
2012,plts_tim671,1,671,solar,0.258968179058816,0.0,0.258968179058816,0.06388826728894079
2013,batt_tim671,1,671,battery,0.14880021582686745,0.0,0.14880021582686745,0.030612841304800846
2014,pltd_tim672,1,672,diesel,0.0064902585599999965,0.1334,-0.12690974144,0.002512502148800001
2015,plts_tim672,1,672,solar,0.35721299498395814,0.0,0.35721299498395814,0.0875428853305675
2016,batt_tim672,1,672,battery,0.20388850051508248,0.0,0.20388850051508248,0.0419462090373482
2017,pltd_tim673,1,673,diesel,0.004241903146666675,0.0872,-0.08295809685333333,0.0016421128304000096
2018,plts_tim673,1,673,solar,0.23125001308852822,0.0,0.23125001308852822,0.05721645627881244
2019,batt_tim673,1,673,battery,0.13326345030306744,0.0,0.13326345030306744,0.027416434008056143
2020,pltd_tim674,1,674,diesel,0.0035526258133333315,0.073,-0.06944737418666666,0.001375285710400001
2021,plts_tim674,1,674,solar,0.19112691866184514,0.0,0.19112691866184514,0.04791604911623855
2022,batt_tim674,1,674,battery,0.11159789303558254,0.0,0.11159789303558254,0.022959150086372847
2023,pltd_tim675,1,675,diesel,0.002008425066666671,0.0413,-0.03929157493333333,0.0007775276320000013
2024,plts_tim675,1,675,solar,0.10807550801780022,0.0,0.10807550801780022,0.02709179577654335
2025,batt_tim675,1,675,battery,0.06309699225783244,0.0,0.06309699225783244,0.01298101753249411
2026,pltd_tim676,1,676,diesel,0.008273887039999997,0.1701,-0.16182611296,0.003202985139199997
2027,plts_tim676,1,676,solar,0.46069929984672514,0.0,0.46069929984672514,0.11160238843424647
2028,batt_tim676,1,676,battery,0.25993263344920564,0.0,0.25993263344920564,0.05347624396201229
2029,pltd_tim677,1,677,diesel,0.009578034346666727,0.1969,-0.18732196565333326,0.0037078966063999992
2030,plts_tim677,1,677,solar,0.5299923061226224,0.0,0.5299923061226224,0.12919155012644284
2031,batt_tim677,1,677,battery,0.3008928454103713,0.0,0.3008928454103713,0.06190302197576932
2032,pltd_tim678,1,678,diesel,0.004076723733333344,0.0838,-0.07972327626666666,0.0015782119920000018
2033,plts_tim678,1,678,solar,0.22004346971361297,0.0,0.22004346971361297,0.05499262540245378
2034,batt_tim678,1,678,battery,0.1280848705548233,0.0,0.1280848705548233,0.026351057131937985
2035,pltd_tim679,1,679,diesel,0.004211707306666667,0.0866,-0.08238829269333332,0.0016305072672000071
2036,plts_tim679,1,679,solar,0.22634237602959884,0.0,0.22634237602959884,0.05681213085295565
2037,batt_tim679,1,679,battery,0.13232088171733195,0.0,0.13232088171733195,0.027222539037107765
2038,pltd_tim680,1,680,diesel,0.0028780515199999996,0.0591,-0.05622194848,0.001114181409599997
2039,plts_tim680,1,680,solar,0.15533428980682293,0.0,0.15533428980682293,0.0388181577394905
2040,batt_tim680,1,680,battery,0.09041184431766339,0.0,0.09041184431766339,0.018600511467384073
2041,pltd_tim681,1,681,diesel,0.004631463679999993,0.0952,-0.09056853632000002,0.0017929026864000038
2042,plts_tim681,1,681,solar,0.2489988292173103,0.0,0.2489988292173103,0.062472850389351506
2043,batt_tim681,1,681,battery,0.14549969070299165,0.0,0.14549969070299165,0.029933812573672523
2044,pltd_tim682,1,682,diesel,0.007089902399999991,0.1457,-0.1386100976,0.0027446267519999914
2045,plts_tim682,1,682,solar,0.39231046567981426,0.0,0.39231046567981426,0.0956300623232683
2046,batt_tim682,1,682,battery,0.22272667577563707,0.0,0.22272667577563707,0.04582180959184329
2047,pltd_tim683,1,683,diesel,0.004301966506666689,0.0884,-0.08409803349333332,0.0016653664831999986
2048,plts_tim683,1,683,solar,0.23804045811262353,0.0,0.23804045811262353,0.05802499679166145
2049,batt_tim683,1,683,battery,0.13514282948313538,0.0,0.13514282948313538,0.02780307881668453
2050,pltd_tim684,1,684,diesel,0.0035372663466666852,0.0727,-0.06916273365333332,0.001369416966400006
2051,plts_tim684,1,684,solar,0.19578418960331764,0.0,0.19578418960331764,0.04771380158888773
2052,batt_tim684,1,684,battery,0.11112518315710851,0.0,0.11112518315710851,0.02286191177861692
2053,pltd_tim685,1,685,diesel,0.004586657173333316,0.0943,-0.08971334282666668,0.0017755630032000003
2054,plts_tim685,1,685,solar,0.25016057022318383,0.0,0.25016057022318383,0.06186629162777962
2055,batt_tim685,1,685,battery,0.14408685063119842,0.0,0.14408685063119842,0.029643152174877372
2056,pltd_tim686,1,686,diesel,0.0026979023999999965,0.0555,-0.05280209760000001,0.0010444667519999991
2057,plts_tim686,1,686,solar,0.14561672993093833,0.0,0.14561672993093833,0.036392135874804894
2058,batt_tim686,1,686,battery,0.08476187932537313,0.0,0.08476187932537313,0.01743816333937289
2059,pltd_tim687,1,687,diesel,0.0027876794666666514,0.0573,-0.054512320533333346,0.0010792473439999984
2060,plts_tim687,1,687,solar,0.15487086352131388,0.0,0.15487086352131388,0.03760499136491552
2061,batt_tim687,1,687,battery,0.08758205030814882,0.0,0.08758205030814882,0.018018366583503316
2062,pltd_tim688,1,688,diesel,0.0015439545600000062,0.0317,-0.030156045439999994,0.0005976272287999991
2063,plts_tim688,1,688,solar,0.08464173989666157,0.0,0.08464173989666157,0.02082432169486648
2064,batt_tim688,1,688,battery,0.04850123114528582,0.0,0.04850123114528582,0.009978212485620499
2065,pltd_tim689,1,689,diesel,0.0028480454400000126,0.0585,-0.055651954559999994,0.0011025467712000026
2066,plts_tim689,1,689,solar,0.15932658157684954,0.0,0.15932658157684954,0.038413823098092104
2067,batt_tim689,1,689,battery,0.08946865496665563,0.0,0.08946865496665563,0.018406482644328384
2068,pltd_tim690,1,690,diesel,0.002128710826666654,0.0437,-0.041571289173333345,0.0008239816368000016
2069,plts_tim690,1,690,solar,0.11895523676844937,0.0,0.11895523676844937,0.028709228835791217
2070,batt_tim690,1,690,battery,0.06686647393879981,0.0,0.06686647393879981,0.013756493312507872
2071,pltd_tim691,1,691,diesel,0.0026979024,0.0555,-0.0528020976,0.0010444667519999983
2072,plts_tim691,1,691,solar,0.1507548528940499,0.0,0.1507548528940499,0.03639215610554054
2073,batt_tim691,1,691,battery,0.08476242027928785,0.0,0.08476242027928785,0.017438274819155636
2074,pltd_tim692,1,692,diesel,0.005680741653333375,0.1168,-0.11111925834666662,0.002199148873600009
2075,plts_tim692,1,692,solar,0.31434625594109483,0.0,0.31434625594109483,0.07662534987428125
2076,batt_tim692,1,692,battery,0.17846385685043317,0.0,0.17846385685043317,0.03671557974613728
2077,pltd_tim693,1,693,diesel,0.0030877091200000244,0.0635,-0.060412290879999976,0.0011953454576000024
2078,plts_tim693,1,693,solar,0.17056003940295156,0.0,0.17056003940295156,0.041648559005765085
2079,batt_tim693,1,693,battery,0.09700058027878199,0.0,0.09700058027878199,0.01995603712625139
2080,pltd_tim694,1,694,diesel,0.0025180918400000123,0.0518,-0.049281908159999985,0.0009747456432000016
2081,plts_tim694,1,694,solar,0.139341274348924,0.0,0.139341274348924,0.03396606440139236
2082,batt_tim694,1,694,battery,0.07910871609005807,0.0,0.07910871609005807,0.016275120568639168
2083,pltd_tim695,1,695,diesel,0.0030128555733333192,0.0619,-0.05888714442666668,0.0011663178351999995
2084,plts_tim695,1,695,solar,0.1686792322570549,0.0,0.1686792322570549,0.04063791199245566
2085,batt_tim695,1,695,battery,0.09465039042327064,0.0,0.09465039042327064,0.019472527623227612
2086,pltd_tim696,1,696,diesel,0.006640232320000021,0.1365,-0.12985976768,0.0025705573936
2087,plts_tim696,1,696,solar,0.3652257447939032,0.0,0.3652257447939032,0.08956514180696365
2088,batt_tim696,1,696,battery,0.2086110590589705,0.0,0.2086110590589705,0.04291779865727264
2089,pltd_tim697,1,697,diesel,0.004736554026666647,0.0974,-0.09266344597333336,0.0018335471727999964
2090,plts_tim697,1,697,solar,0.26658766371169335,0.0,0.26658766371169335,0.06388804453339818
2091,batt_tim697,1,697,battery,0.14879425951934303,0.0,0.14879425951934303,0.030611613828946213
2092,pltd_tim698,1,698,diesel,0.004781514346666662,0.0983,-0.09351848565333333,0.0018510640063999979
2093,plts_tim698,1,698,solar,0.2659942916518753,0.0,0.2659942916518753,0.06449474644163548
2094,batt_tim698,1,698,battery,0.15021392201173775,0.0,0.15021392201173775,0.030903692041778917
2095,pltd_tim699,1,699,diesel,0.002008425066666671,0.0413,-0.03929157493333333,0.0007775276320000026
2096,plts_tim699,1,699,solar,0.11134313116208011,0.0,0.11134313116208011,0.027091845346060475
2097,batt_tim699,1,699,battery,0.06309831770762526,0.0,0.06309831770762526,0.012981290681187413
2098,pltd_tim700,1,700,diesel,0.007464395839999967,0.1534,-0.14593560416000004,0.0028895995631999893
2099,plts_tim700,1,700,solar,0.40729005187036527,0.0,0.40729005187036527,0.10068494866273746
2100,batt_tim700,1,700,battery,0.2345069920049309,0.0,0.2345069920049309,0.04824538534917616
2101,pltd_tim701,1,701,diesel,0.00821388010666675,0.1688,-0.16058611989333327,0.0031797514112000096
2102,plts_tim701,1,701,solar,0.4452112395882024,0.0,0.4452112395882024,0.11079314709563515
2103,batt_tim701,1,701,battery,0.2580356377878632,0.0,0.2580356377878632,0.05308596282412285
2104,pltd_tim702,1,702,diesel,0.004122053333333343,0.0847,-0.08057794666666665,0.0015957255999999962
2105,plts_tim702,1,702,solar,0.2224048093093784,0.0,0.2224048093093784,0.0555987603985256
2106,batt_tim702,1,702,battery,0.12948918708855178,0.0,0.12948918708855178,0.026639955075208752
2107,pltd_tim703,1,703,diesel,0.012920351146666583,0.2656,-0.25267964885333344,0.005001753870399988
2108,plts_tim703,1,703,solar,0.7183410315088141,0.0,0.7183410315088141,0.17427710863417467
2109,batt_tim703,1,703,battery,0.40589474700755285,0.0,0.40589474700755285,0.08350519859291648
2110,pltd_tim704,1,704,diesel,0.0017237548800000018,0.0354,-0.03367624512,0.0006673822624000002
2111,plts_tim704,1,704,solar,0.0957884685196854,0.0,0.0957884685196854,0.0232504198695238
2112,batt_tim704,1,704,battery,0.054152862257077175,0.0,0.054152862257077175,0.011140933591538463
2113,pltd_tim705,1,705,diesel,0.0029829059199999704,0.0613,-0.05831709408000003,0.0011547521215999933
2114,plts_tim705,1,705,solar,0.16394060412256256,0.0,0.16394060412256256,0.040233471854924444
2115,batt_tim705,1,705,battery,0.09370831085293692,0.0,0.09370831085293692,0.01927872157897324
2116,pltd_tim706,1,706,diesel,0.008379003093333275,0.1722,-0.1638209969066667,0.003243660324799987
2117,plts_tim706,1,706,solar,0.44645788732597336,0.0,0.44645788732597336,0.1130171046879568
2118,batt_tim706,1,706,battery,0.2632174186465382,0.0,0.2632174186465382,0.054152005309878605
2119,pltd_tim707,1,707,diesel,0.004391707626666653,0.0903,-0.08590829237333335,0.0017001643007999998
2120,plts_tim707,1,707,solar,0.2384238668124417,0.0,0.2384238668124417,0.05923803071805748
2121,batt_tim707,1,707,battery,0.1379668358390558,0.0,0.1379668358390558,0.028384090228912626
2122,pltd_tim708,1,708,diesel,0.004796360959999979,0.0986,-0.09380363904000001,0.0018567879007999927
2123,plts_tim708,1,708,solar,0.26541100133488643,0.0,0.26541100133488643,0.06469690444465426
2124,batt_tim708,1,708,battery,0.1506819919864301,0.0,0.1506819919864301,0.03099998600776352
2125,pltd_tim709,1,709,diesel,0.008184053546666667,0.1682,-0.16001594645333334,0.0031682616223999995
2126,plts_tim709,1,709,solar,0.45285752722913275,0.0,0.45285752722913275,0.11038907286423713
2127,batt_tim709,1,709,battery,0.2571009089907153,0.0,0.2571009089907153,0.052893665702406605
2128,pltd_tim710,1,710,diesel,0.016502870186666813,0.3392,-0.3226971298133332,0.006388690369600014
2129,plts_tim710,1,710,solar,0.9131799728771477,0.0,0.9131799728771477,0.22259773348199327
2130,batt_tim710,1,710,battery,0.5184400298617075,0.0,0.5184400298617075,0.10665925498430065
2131,pltd_tim711,1,711,diesel,0.0055159212799999946,0.1134,-0.10788407872000001,0.0021353697343999977
2132,plts_tim711,1,711,solar,0.28703790129028256,0.0,0.28703790129028256,0.0744012315539797
2133,batt_tim711,1,711,battery,0.17328077304400671,0.0,0.17328077304400671,0.035649250974508905
2134,pltd_tim712,1,712,diesel,0.009922767893333314,0.2039,-0.19397723210666667,0.0038413236288
2135,plts_tim712,1,712,solar,0.553310769538959,0.0,0.553310769538959,0.1338412778920943
2136,batt_tim712,1,712,battery,0.31171336904548924,0.0,0.31171336904548924,0.06412913546409443
2137,pltd_tim713,1,713,diesel,0.011721642986666695,0.2409,-0.2291783570133333,0.004537719513600012
2138,plts_tim713,1,713,solar,0.6420422718537516,0.0,0.6420422718537516,0.15810298575384726
2139,batt_tim713,1,713,battery,0.3682315015095887,0.0,0.3682315015095887,0.07575668631749605
2140,pltd_tim714,1,714,diesel,0.018151827946666824,0.3731,-0.3549481720533332,0.007026987934400019
2141,plts_tim714,1,714,solar,0.9950464333072003,0.0,0.9950464333072003,0.24483765979980962
2142,batt_tim714,1,714,battery,0.570248864624745,0.0,0.570248864624745,0.11731794308746743
2143,pltd_tim715,1,715,diesel,0.02636577472000012,0.5419,-0.5155342252799999,0.010206739345600006
2144,plts_tim715,1,715,solar,1.448380171389779,0.0,1.448380171389779,0.3556303643116362
2145,batt_tim715,1,715,battery,0.8282726680706295,0.0,0.8282726680706295,0.17040146709039528
2146,pltd_tim716,1,716,diesel,0.02084996629333342,0.4285,-0.4076500337066666,0.008071437460800007
2147,plts_tim716,1,716,solar,1.1528164498216669,0.0,1.1528164498216669,0.2812287650806729
2148,batt_tim716,1,716,battery,0.6549852456002091,0.0,0.6549852456002091,0.13475083395249107
2149,pltd_tim717,1,717,diesel,0.01116686208000008,0.2295,-0.21833313791999992,0.004322982518400007
2150,plts_tim717,1,717,solar,0.6178541062939928,0.0,0.6178541062939928,0.15062248649847856
2151,batt_tim717,1,717,battery,0.3508095348133002,0.0,0.3508095348133002,0.0721724344159249
2152,pltd_tim718,1,718,diesel,0.021419137386666624,0.4402,-0.41878086261333336,0.008291780425599981
2153,plts_tim718,1,718,solar,1.1731948861757076,0.0,1.1731948861757076,0.2889123950276884
2154,batt_tim718,1,718,battery,0.672898109231807,0.0,0.672898109231807,0.1384360899248908
2155,pltd_tim719,1,719,diesel,0.028014306773333462,0.5758,-0.5477856932266665,0.0108449572112
2156,plts_tim719,1,719,solar,1.5299324670387868,0.0,1.5299324670387868,0.3778714411674554
2157,batt_tim719,1,719,battery,0.8801070264270291,0.0,0.8801070264270291,0.18106543879488218
2158,pltd_tim720,1,720,diesel,0.021119564159999875,0.4341,-0.4129804358400001,0.008175814236799958
2159,plts_tim720,1,720,solar,1.1730025923534448,0.0,1.1730025923534448,0.2848683618203084
2160,batt_tim720,1,720,battery,0.6634688149496508,0.0,0.6634688149496508,0.13649619514802405
2161,pltd_tim721,1,721,diesel,0.009458297386666654,0.1944,-0.18494170261333334,0.0036614652255999905
2162,plts_tim721,1,721,solar,0.5666478309081747,0.0,0.5666478309081747,0.12757418075985663
2163,batt_tim721,1,721,battery,0.2971267513912555,0.0,0.2971267513912555,0.061128214701109934
2164,pltd_tim722,1,722,diesel,0.026072,0.1242,-0.098128,0.01889955294079998
2165,plts_tim722,1,722,solar,0.28383927977694745,0.0,0.28383927977694745,0.06208471118004421
2166,batt_tim722,1,722,battery,0.11404402654229057,0.0,0.11404402654229057,0.02343600112423524
2167,pltd_tim723,1,723,diesel,0.007270005333333283,0.1494,-0.14212999466666673,0.002814399559999985
2168,plts_tim723,1,723,solar,0.4187583430695699,0.0,0.4187583430695699,0.09805622798828256
2169,batt_tim723,1,723,battery,0.22838179609665432,0.0,0.22838179609665432,0.04698523197959852
2170,pltd_tim724,1,724,diesel,0.004646453866666642,0.0955,-0.09085354613333337,0.001798676655999999
2171,plts_tim724,1,724,solar,0.27047912446352623,0.0,0.27047912446352623,0.0626753773486368
2172,batt_tim724,1,724,battery,0.14597856214965438,0.0,0.14597856214965438,0.03003233843180078
2173,pltd_tim725,1,725,diesel,0.004271883520000045,0.0878,-0.08352811647999996,0.0016537447696000078
2174,plts_tim725,1,725,solar,0.2458081540632609,0.0,0.2458081540632609,0.057620786638851104
2175,batt_tim725,1,725,battery,0.1342057764759758,0.0,0.1342057764759758,0.02761030864656909
2176,pltd_tim726,1,726,diesel,0.0019486078933333296,0.04,-0.03805139210666667,0.0007543068288000003
2177,plts_tim726,1,726,solar,0.11613114189777536,0.0,0.11613114189777536,0.026283132093764386
2178,batt_tim726,1,726,battery,0.06121656570473056,0.0,0.06121656570473056,0.012594145031630876
2179,pltd_tim727,1,727,diesel,0.003552625813333357,0.073,-0.06944737418666663,0.0013752857104000064
2180,plts_tim727,1,727,solar,0.21235503381916557,0.0,0.21235503381916557,0.04791619537424541
2181,batt_tim727,1,727,battery,0.11160180385933359,0.0,0.11160180385933359,0.022959956028931465
2182,pltd_tim728,1,728,diesel,0.002832932159999992,0.0582,-0.05536706784000001,0.001096598876799996
2183,plts_tim728,1,728,solar,0.1567583409146948,0.0,0.1567583409146948,0.03821163416443761
2184,batt_tim728,1,728,battery,0.0889967631394914,0.0,0.0889967631394914,0.01830940107098639
2185,pltd_tim729,1,729,diesel,0.028919,0.1377,-0.10878099999999999,0.020963332622400018
2186,plts_tim729,1,729,solar,0.31823304360951404,0.0,0.31823304360951404,0.06886253950643231
2187,batt_tim729,1,729,battery,0.1264860937927168,0.0,0.1264860937927168,0.025992840012003086
2188,pltd_tim730,1,730,diesel,0.0030429949866419385,0.0625,-0.05945700501335806,0.0011780014735818173
2189,plts_tim730,1,730,solar,0.1836780197450203,0.0,0.1836780197450203,0.041042159590202826
2190,batt_tim730,1,730,battery,0.09559349838888914,0.0,0.09559349838888914,0.019666539674382276
2191,pltd_tim731,1,731,diesel,0.008738357546666638,0.1796,-0.17086164245333338,0.0033828435424000025
2192,plts_tim731,1,731,solar,0.5200291898351982,0.0,0.5200291898351982,0.11786945771689995
2193,batt_tim731,1,731,battery,0.2745185064275244,0.0,0.2745185064275244,0.056477011262184226
2194,pltd_tim732,1,732,diesel,0.0013188246400000047,0.0271,-0.025781175359999995,0.0005105895872000011
2195,plts_tim732,1,732,solar,0.07298834014947324,0.0,0.07298834014947324,0.01779168091157848
2196,batt_tim732,1,732,battery,0.04143775340204739,0.0,0.04143775340204739,0.008525041633893927
2197,pltd_tim733,1,733,diesel,0.0038523630933333317,0.0792,-0.07534763690666668,0.0014913181248
2198,plts_tim733,1,733,solar,0.22765716908513806,0.0,0.22765716908513806,0.051959505260870044
2199,batt_tim733,1,733,battery,0.12101400320871818,0.0,0.12101400320871818,0.024896345656452646
2200,pltd_tim734,1,734,diesel,0.0034474328533333327,0.0709,-0.06745256714666667,0.0013345394496000033
2201,plts_tim734,1,734,solar,0.19242769740785357,0.0,0.19242769740785357,0.04650083775370058
2202,batt_tim734,1,734,battery,0.10829893314629029,0.0,0.10829893314629029,0.0222804616931875
2203,pltd_tim735,1,735,diesel,0.006295478293333338,0.1294,-0.12310452170666665,0.002437086220799994
2204,plts_tim735,1,735,solar,0.35032279937423516,0.0,0.35032279937423516,0.08491456461474832
2205,batt_tim735,1,735,battery,0.1977680096019471,0.0,0.1977680096019471,0.04068703119796925
2206,pltd_tim736,1,736,diesel,0.00737457258666668,0.1516,-0.14422542741333333,0.0028547721215999994
2207,plts_tim736,1,736,solar,0.4080697333628085,0.0,0.4080697333628085,0.09947155701708792
2208,batt_tim736,1,736,battery,0.23167398204173859,0.0,0.23167398204173859,0.04766254809756149
2209,pltd_tim737,1,737,diesel,0.002682922453333356,0.0551,-0.05241707754666665,0.0010386168576000017
2210,plts_tim737,1,737,solar,0.14846448224260922,0.0,0.14846448224260922,0.03618985530381913
2211,batt_tim737,1,737,battery,0.08428791153720251,0.0,0.08428791153720251,0.017340653951986695
2212,pltd_tim738,1,738,diesel,0.0027130823466666805,0.0558,-0.05308691765333332,0.0010503236463999999
2213,plts_tim738,1,738,solar,0.15348729720174462,0.0,0.15348729720174462,0.03659416422579908
2214,batt_tim738,1,738,battery,0.08523078752020366,0.0,0.08523078752020366,0.01753463004576357
2215,pltd_tim739,1,739,diesel,0.002697902399970394,0.0555,-0.05280209760002961,0.0010444667519968935
2216,plts_tim739,1,739,solar,0.1542963164357679,0.0,0.1542963164357679,0.03639194480189249
2217,batt_tim739,1,739,battery,0.08475677018619607,0.0,0.08475677018619607,0.01743711044797439
2218,pltd_tim740,1,740,diesel,0.005156443733333315,0.106,-0.10084355626666668,0.0019961455920000045
2219,plts_tim740,1,740,solar,0.2878189625703633,0.0,0.2878189625703633,0.06954938987212496
2220,batt_tim740,1,740,battery,0.16199167371055914,0.0,0.16199167371055914,0.033326721526272036
2221,pltd_tim741,1,741,diesel,0.005725814826666695,0.1177,-0.11197418517333331,0.0022165375568000047
2222,plts_tim741,1,741,solar,0.32017553482067473,0.0,0.32017553482067473,0.07723174437775591
2223,batt_tim741,1,741,battery,0.17987099456890077,0.0,0.17987099456890077,0.037005065003959066
2224,pltd_tim742,1,742,diesel,0.002008425066666662,0.0413,-0.039291574933333344,0.0007775276320000011
2225,plts_tim742,1,742,solar,0.1121641784961418,0.0,0.1121641784961418,0.027091860179588458
2226,batt_tim742,1,742,battery,0.06309871434446473,0.0,0.06309871434446473,0.0129813724201073
2227,pltd_tim743,1,743,diesel,0.002098325226666673,0.0431,-0.04100167477333333,0.0008123071488000017
2228,plts_tim743,1,743,solar,0.12046063135771141,0.0,0.12046063135771141,0.028304949411030067
2229,batt_tim743,1,743,battery,0.06592270211785195,0.0,0.06592270211785195,0.013562356303646933
2230,pltd_tim744,1,744,diesel,0.003657382826666682,0.0752,-0.07154261717333332,0.001415825196800004
2231,plts_tim744,1,744,solar,0.20980804468423783,0.0,0.20980804468423783,0.04933165881040115
2232,batt_tim744,1,744,battery,0.11490114006606536,0.0,0.11490114006606536,0.02363873974801475
2233,pltd_tim745,1,745,diesel,0.0028028491733333148,0.0576,-0.05479715082666668,0.0010850681631999989
2234,plts_tim745,1,745,solar,0.15633465028165838,0.0,0.15633465028165838,0.037807391993925285
2235,batt_tim745,1,745,battery,0.0880582924807964,0.0,0.0880582924807964,0.018116338751242522
2236,pltd_tim746,1,746,diesel,0.0022480323200000083,0.0462,-0.04395196767999999,0.0008702853936000003
2237,plts_tim746,1,746,solar,0.12441215299329153,0.0,0.12441215299329153,0.03032677847763393
2238,batt_tim746,1,746,battery,0.07063252183963507,0.0,0.07063252183963507,0.014531320707111996
2239,pltd_tim747,1,747,diesel,0.01232080991999996,0.2532,-0.24087919008000003,0.004769626041599991
2240,plts_tim747,1,747,solar,0.6865747997314169,0.0,0.6865747997314169,0.16619073539849605
2241,batt_tim747,1,747,battery,0.38707974814617024,0.0,0.38707974814617024,0.07963435645636276
2242,pltd_tim748,1,748,diesel,0.005725814826666659,0.1177,-0.11197418517333334,0.002216537556799997
2243,plts_tim748,1,748,solar,0.3260761775271684,0.0,0.3260761775271684,0.07723210684137721
2244,batt_tim748,1,748,battery,0.1798806865602629,0.0,0.1798806865602629,0.03700706232953898
2245,pltd_tim749,1,749,diesel,0.003702532906666668,0.0761,-0.07239746709333333,0.0014332989552000015
2246,plts_tim749,1,749,solar,0.20634349294978568,0.0,0.20634349294978568,0.0499379069140606
2247,batt_tim749,1,749,battery,0.11630960405435493,0.0,0.11630960405435493,0.023928504248321467
2248,pltd_tim750,1,750,diesel,0.0037025329066666716,0.0761,-0.07239746709333333,0.0014332989552
2249,plts_tim750,1,750,solar,0.2101414877227544,0.0,0.2101414877227544,0.049937700512045595
2250,batt_tim750,1,750,battery,0.11630408502726103,0.0,0.11630408502726103,0.023927366887217954
2251,pltd_tim751,1,751,diesel,0.001768402346666663,0.0364,-0.03463159765333334,0.0006846632463999995
2252,plts_tim751,1,751,solar,0.09811612117610446,0.0,0.09811612117610446,0.02385706914720586
2253,batt_tim751,1,751,battery,0.05556550221555863,0.0,0.05556550221555863,0.011431576450182324
2254,pltd_tim752,1,752,diesel,0.003957243200000012,0.0813,-0.07734275679999998,0.0015319335360000025
2255,plts_tim752,1,752,solar,0.2274543959261142,0.0,0.2274543959261142,0.05337505687336058
2256,batt_tim752,1,752,battery,0.1243179432748484,0.0,0.1243179432748484,0.025576072214080755
2257,pltd_tim753,1,753,diesel,0.0014840245333333335,0.0305,-0.029015975466666667,0.0005745135760000011
2258,plts_tim753,1,753,solar,0.08140033251021273,0.0,0.08140033251021273,0.02001560866147655
2259,batt_tim753,1,753,battery,0.0466191106468107,0.0,0.0466191106468107,0.00959100274609475
2260,pltd_tim754,1,754,diesel,0.003417585813333318,0.0702,-0.06678241418666668,0.0013230055103999954
2261,plts_tim754,1,754,solar,0.19068444254913677,0.0,0.19068444254913677,0.046096553610772695
2262,batt_tim754,1,754,battery,0.10736102474861847,0.0,0.10736102474861847,0.022087497469795294
2263,pltd_tim755,1,755,diesel,0.005006500693333349,0.1029,-0.09789349930666666,0.0019381775727999927
2264,plts_tim755,1,755,solar,0.27836728606901556,0.0,0.27836728606901556,0.06752712147832535
2265,batt_tim755,1,755,battery,0.15727010672605407,0.0,0.15727010672605407,0.03235535402130522
2266,pltd_tim756,1,756,diesel,0.0050362246400000145,0.1035,-0.09846377535999998,0.0019496775872000099
2267,plts_tim756,1,756,solar,0.28894978414223166,0.0,0.28894978414223166,0.06793191033859831
2268,batt_tim756,1,756,battery,0.1582222595653849,0.0,0.1582222595653849,0.03255125966403452
2269,pltd_tim757,1,757,diesel,0.006924958933333304,0.1423,-0.1353750410666667,0.0026808066879999972
2270,plts_tim757,1,757,solar,0.3817407971832283,0.0,0.3817407971832283,0.09340616530889748
2271,batt_tim757,1,757,battery,0.21754932234077615,0.0,0.21754932234077615,0.04475666765998715
2272,pltd_tim758,1,758,diesel,0.0035970835200000227,0.0739,-0.07030291647999998,0.0013925047696000006
2273,plts_tim758,1,758,solar,0.20025903915899682,0.0,0.20025903915899682,0.048522966729873045
2274,batt_tim758,1,758,battery,0.113017146562361,0.0,0.113017146562361,0.023251161793971357
2275,pltd_tim759,1,759,diesel,0.0026533113600000083,0.0545,-0.05184668863999999,0.0010271286928
2276,plts_tim759,1,759,solar,0.14880033899998024,0.0,0.14880033899998024,0.03578547022432558
2277,batt_tim759,1,759,battery,0.08334917592016419,0.0,0.08334917592016419,0.017147501480827436
2278,pltd_tim760,1,760,diesel,0.01557333941333347,0.3201,-0.30452666058666655,0.006028743638400012
2279,plts_tim760,1,760,solar,0.9006682644372522,0.0,0.9006682644372522,0.21006298249882424
2280,batt_tim760,1,760,battery,0.4892500365896573,0.0,0.4892500365896573,0.1006539659019966
2281,pltd_tim761,1,761,diesel,0.0064303387733333165,0.1322,-0.1257696612266667,0.0024893615711999986
2282,plts_tim761,1,761,solar,0.3622019070605189,0.0,0.3622019070605189,0.08673412477063694
2283,batt_tim761,1,761,battery,0.20200492201991446,0.0,0.20200492201991446,0.04155870475866398
2284,pltd_tim762,1,762,diesel,0.0037623193600000186,0.0773,-0.07353768063999998,0.0014563835328000074
2285,plts_tim762,1,762,solar,0.21078275022632253,0.0,0.21078275022632253,0.05074643869036766
2286,batt_tim762,1,762,battery,0.11818669070691061,0.0,0.11818669070691061,0.02431467068808014
2287,pltd_tim763,1,763,diesel,0.005635760853333305,0.1158,-0.11016423914666669,0.0021816018895999957
2288,plts_tim763,1,763,solar,0.3174043708399177,0.0,0.3174043708399177,0.07601909177021665
2289,batt_tim763,1,763,battery,0.1770526921909678,0.0,0.1770526921909678,0.03642524091711465
2290,pltd_tim764,1,764,diesel,0.005036224640000013,0.1035,-0.09846377535999998,0.0019496775872000045
2291,plts_tim764,1,764,solar,0.28319822586065524,0.0,0.28319822586065524,0.06793148660116427
2292,batt_tim764,1,764,battery,0.1582109291605956,0.0,0.1582109291605956,0.03254892469421554
2293,pltd_tim765,1,765,diesel,0.00577069824000004,0.1186,-0.11282930175999996,0.0022339693152000077
2294,plts_tim765,1,765,solar,0.31917165628248395,0.0,0.31917165628248395,0.07783873770659597
2295,batt_tim765,1,765,battery,0.18129807506941423,0.0,0.18129807506941423,0.03729866599510488
2296,pltd_tim766,1,766,diesel,0.0031925328000000086,0.0656,-0.0624074672,0.0012359059440000056
2297,plts_tim766,1,766,solar,0.17602900716336545,0.0,0.17602900716336545,0.04306382648871977
2298,batt_tim766,1,766,battery,0.10029692294521364,0.0,0.10029692294521364,0.020634203936549633
2299,pltd_tim767,1,767,diesel,0.004871460693333328,0.1001,-0.09522853930666667,0.001885862372799994
2300,plts_tim767,1,767,solar,0.26602712769878506,0.0,0.26602712769878506,0.06570788527321
2301,batt_tim767,1,767,battery,0.1530418564962683,0.0,0.1530418564962683,0.031485477413950975
2302,pltd_tim768,1,768,diesel,0.0043768867199999945,0.09,-0.08562311328,0.001694394105600002
2303,plts_tim768,1,768,solar,0.24350285862103838,0.0,0.24350285862103838,0.059036015106849735
2304,batt_tim768,1,768,battery,0.1374990169939825,0.0,0.1374990169939825,0.02828782431651992
2305,pltd_tim769,1,769,diesel,0.0033125826133333512,0.0681,-0.06478741738666664,0.001282314174400001
2306,plts_tim769,1,769,solar,0.18243497610932938,0.0,0.18243497610932938,0.04468144479174441
2307,batt_tim769,1,769,battery,0.10406649136221313,0.0,0.10406649136221313,0.02140971536552488
2308,pltd_tim770,1,770,diesel,0.005051296959999989,0.1038,-0.09874870304000001,0.0019554461807999943
2309,plts_tim770,1,770,solar,0.2782295529671324,0.0,0.2782295529671324,0.06813391736267081
2310,batt_tim770,1,770,battery,0.15868704118004667,0.0,0.15868704118004667,0.03264685226558402
2311,pltd_tim771,1,771,diesel,0.006085471893333339,0.1251,-0.11901452810666666,0.0023558365487999894
2312,plts_tim771,1,771,solar,0.3357350810435161,0.0,0.3357350810435161,0.08208427372570648
2313,batt_tim771,1,771,battery,0.19118203786650065,0.0,0.19118203786650065,0.03933210481472845
2314,pltd_tim772,1,772,diesel,0.003027722666666674,0.0622,-0.05917227733333332,0.0011721138799999993
2315,plts_tim772,1,772,solar,0.16562483678083859,0.0,0.16562483678083859,0.040840108250834756
2316,batt_tim772,1,772,battery,0.0951230396312304,0.0,0.0951230396312304,0.019569777127203963
2317,pltd_tim773,1,773,diesel,0.004316813120000024,0.0887,-0.08438318687999997,0.0016710903776000039
2318,plts_tim773,1,773,solar,0.23669482258238786,0.0,0.23669482258238786,0.05822727049438244
2319,batt_tim773,1,773,battery,0.13561399317661427,0.0,0.13561399317661427,0.02790001033623667
2320,pltd_tim774,1,774,diesel,0.001648757759999992,0.0339,-0.032251242240000005,0.0006382275648000006
2321,plts_tim774,1,774,solar,0.09080282932051036,0.0,0.09080282932051036,0.022239669972636704
2322,batt_tim774,1,774,battery,0.05179804963105016,0.0,0.05179804963105016,0.010656465503166818
2323,pltd_tim775,1,775,diesel,0.007000002239999949,0.1439,-0.13689999776000006,0.002709847235199989
2324,plts_tim775,1,775,solar,0.38416944678050235,0.0,0.38416944678050235,0.09441687145907307
2325,batt_tim775,1,775,battery,0.2198999704225734,0.0,0.2198999704225734,0.045240265669483935
2326,pltd_tim776,1,776,diesel,0.0025632521600000135,0.0527,-0.05013674783999998,0.0009923184768000045
2327,plts_tim776,1,776,solar,0.1418285040769302,0.0,0.1418285040769302,0.03457231165739943
2328,batt_tim776,1,776,battery,0.08052033937893768,0.0,0.08052033937893768,0.01656554206241147
2329,pltd_tim777,1,777,diesel,0.004976274133333304,0.1023,-0.0973237258666667,0.0019264287839999938
2330,plts_tim777,1,777,solar,0.2705398298942087,0.0,0.2705398298942087,0.0671232278606087
2331,batt_tim777,1,777,battery,0.15633796130254887,0.0,0.15633796130254887,0.032163589281229275
2332,pltd_tim778,1,778,diesel,0.002818018879999987,0.0579,-0.05508198112000001,0.0010908539823999983
2333,plts_tim778,1,778,solar,0.15435343585059683,0.0,0.15435343585059683,0.03800950955726553
2334,batt_tim778,1,778,battery,0.08852659135173344,0.0,0.08852659135173344,0.018212673963365227
2335,pltd_tim779,1,779,diesel,0.003986823573333346,0.0819,-0.07791317642666666,0.0015433904752000017
2336,plts_tim779,1,779,solar,0.21816822918190584,0.0,0.21816822918190584,0.053779504173803415
2337,batt_tim779,1,779,battery,0.12525740675860147,0.0,0.12525740675860147,0.025769356909612597
2338,pltd_tim780,1,780,diesel,0.005635760853333329,0.1158,-0.11016423914666668,0.002181601889599993
2339,plts_tim780,1,780,solar,0.30869320841514536,0.0,0.30869320841514536,0.07601916090426522
2340,batt_tim780,1,780,battery,0.1770545407809014,0.0,0.1770545407809014,0.03642562187452816
