Segment,Zone,NSE_Price,Max_NSE_MW,Total_NSE_MWh,NSE_Percent_of_Demand
1,1,2000.0,2.883418836725766e-16,2.821235625725823e-13,Inf
1,2,2000.0,4.136800864729777e-16,3.7171109121104056e-13,Inf
1,3,2000.0,4.132151432207425e-16,3.7130540336353814e-13,Inf
1,4,2000.0,3.2985366451939178e-16,3.0683971240006046e-13,Inf
1,5,2000.0,3.406680732457047e-16,3.1663247917104203e-13,Inf
1,6,2000.0,3.174254326444102e-16,3.012875399814969e-13,Inf
1,7,2000.0,3.2258396560928134e-16,3.003077951626983e-13,Inf
1,8,2000.0,3.927973237479161e-16,3.5646421379973933e-13,Inf
1,9,2000.0,3.8823299496597707e-16,3.532422316806924e-13,Inf
1,10,2000.0,3.220742829257693e-16,3.000915338128544e-13,Inf
1,11,2000.0,3.83959516118313e-16,3.504189890612457e-13,Inf
1,12,2000.0,3.019849109710248e-16,2.840581518224744e-13,Inf
1,13,2000.0,3.165827507232186e-16,3.103927519195113e-13,Inf
1,14,2000.0,2.679390430663847e-16,2.6703528824838716e-13,Inf
1,15,2000.0,2.743419288786193e-16,2.820463292512377e-13,Inf
1,16,2000.0,3.524209181076609e-16,3.263051018067505e-13,Inf
1,17,2000.0,3.000070142699649e-16,2.9748240063005423e-13,Inf
1,18,2000.0,2.505862500777492e-16,2.459966379625776e-13,Inf
1,19,2000.0,2.728744808187067e-16,2.638489570507079e-13,Inf
1,20,2000.0,2.1350512376758064e-16,2.079424659022877e-13,Inf
1,21,2000.0,2.6004273279247973e-16,2.5527310580438165e-13,Inf
1,22,2000.0,2.4730971602377236e-16,2.4247131630628964e-13,Inf
1,23,2000.0,2.5313097983613156e-16,2.4335085365779065e-13,Inf
1,24,2000.0,2.266776782666718e-16,2.2208798577070506e-13,Inf
1,25,2000.0,2.1622320836043268e-16,2.1149552725563242e-13,Inf
1,26,2000.0,2.508148094870974e-16,2.478959841422902e-13,Inf
1,27,2000.0,2.4882095820080055e-16,2.4477520236488095e-13,Inf
1,28,2000.0,2.367872339501801e-16,2.334685580139323e-13,Inf
1,29,2000.0,2.3361233531270746e-16,2.229554133576456e-13,Inf
1,30,2000.0,2.1709799173756227e-16,2.1300641592389283e-13,Inf
1,31,2000.0,2.4055611605528055e-16,2.374388814790752e-13,Inf
1,32,2000.0,2.5626233260437648e-16,2.524244708704636e-13,Inf
1,33,2000.0,2.400385275018843e-16,2.3416451941016875e-13,Inf
1,34,2000.0,2.295155202335295e-16,2.2546998210559958e-13,Inf
1,35,2000.0,2.298678346286409e-16,2.2625164255003998e-13,Inf
1,36,2000.0,2.1339038506538792e-16,2.0811814595010443e-13,Inf
1,37,2000.0,2.389510189331921e-16,2.290637885841947e-13,Inf
1,38,2000.0,2.574028222947657e-16,2.5338468118436965e-13,Inf
1,39,2000.0,2.3685664694921325e-16,2.2564250067982555e-13,Inf
1,40,2000.0,2.3177690617744487e-16,2.2174977137952145e-13,Inf
1,41,2000.0,2.2717207718747157e-16,2.2306778229562032e-13,Inf
1,42,2000.0,2.399117705388891e-16,2.289029542577294e-13,Inf
1,43,2000.0,2.513329866477075e-16,2.480162560427663e-13,Inf
1,44,2000.0,2.4245922318687474e-16,2.384631061760086e-13,Inf
1,45,2000.0,2.320432439177427e-16,2.2858051678358036e-13,Inf
1,46,2000.0,2.4453450729416926e-16,2.3960542596008246e-13,Inf
1,47,2000.0,1.304504849571541e-16,1.2891365154617138e-13,Inf
1,48,2000.0,2.4492042632727185e-16,2.397870510847431e-13,Inf
1,49,2000.0,2.7112397204058085e-16,2.639160844413381e-13,Inf
1,50,2000.0,2.8434956899907835e-16,2.7246295612245936e-13,Inf
1,51,2000.0,2.5337044958176126e-16,2.5085953187221495e-13,Inf
1,52,2000.0,2.618575413812074e-16,2.560234041030383e-13,Inf
1,53,2000.0,2.5774185057586667e-16,2.504124847328698e-13,Inf
1,54,2000.0,2.5077318262377834e-16,2.45510760271471e-13,Inf
1,55,2000.0,2.733242443434077e-16,2.653184500599964e-13,Inf
1,56,2000.0,2.6071648661054145e-16,2.5649654568447484e-13,Inf
1,57,2000.0,2.6271303622805303e-16,2.5675947798123204e-13,Inf
1,58,2000.0,2.8268662962319317e-16,2.764506347229961e-13,Inf
1,59,2000.0,2.3199213481396575e-16,2.275704853684433e-13,Inf
1,60,2000.0,3.3949235432117167e-16,3.138002938905948e-13,Inf
1,61,2000.0,2.2078528104299584e-16,2.1581729343488153e-13,Inf
1,62,2000.0,3.0275270862819055e-16,2.845527972550151e-13,Inf
1,63,2000.0,1.304504849571541e-16,1.2891365154617138e-13,Inf
1,64,2000.0,2.440128235913501e-16,2.3851379392825245e-13,Inf
1,65,2000.0,2.23352016104072e-16,2.1371909098175908e-13,Inf
1,66,2000.0,3.423938436737565e-16,3.184047507933656e-13,Inf
1,67,2000.0,3.0986377253103653e-16,2.946737950904059e-13,Inf
1,68,2000.0,2.6526045699333536e-16,2.5932216734473983e-13,Inf
1,69,2000.0,3.192989456925675e-16,2.9724121508324153e-13,Inf
1,70,2000.0,2.3288076545834456e-16,2.2131840755865044e-13,Inf
1,71,2000.0,2.5362067910695605e-16,2.513003274463981e-13,Inf
1,72,2000.0,2.5563745877344437e-16,2.480318304391562e-13,Inf
1,73,2000.0,2.4041047844221685e-16,2.359647344726444e-13,Inf
1,74,2000.0,3.9315064214813724e-16,3.5671170197645566e-13,Inf
1,75,2000.0,2.5970768683481006e-16,2.54687936856547e-13,Inf
1,76,2000.0,2.272830333263372e-16,2.2287467479176244e-13,Inf
1,77,2000.0,3.1412526057283243e-16,2.8790227621656414e-13,Inf
1,78,2000.0,2.401859322439531e-16,2.3612101305723674e-13,Inf
1,79,2000.0,2.3739372539295905e-16,2.2301994467113103e-13,Inf
1,80,2000.0,2.433692666495515e-16,2.385701155000399e-13,Inf
1,81,2000.0,2.599003696584367e-16,2.5582237306481714e-13,Inf
1,82,2000.0,3.850073911399387e-16,3.518467349367081e-13,Inf
1,83,2000.0,3.258822293355031e-16,3.0174758333093814e-13,Inf
1,84,2000.0,3.510074264298268e-16,3.249212326354655e-13,Inf
1,85,2000.0,2.3005462054484e-16,2.2520551162862903e-13,Inf
1,86,2000.0,3.4815527374723345e-16,3.222146425214995e-13,Inf
1,87,2000.0,3.400594801466622e-16,3.146412110843537e-13,Inf
1,88,2000.0,2.7110037321374117e-16,2.6256343714054894e-13,Inf
1,89,2000.0,4.2595562592561736e-16,3.8216813351127855e-13,Inf
1,90,2000.0,3.0848050377409333e-16,2.8726496104019865e-13,Inf
1,91,2000.0,3.0378366890549465e-16,2.837647149558178e-13,Inf
1,92,2000.0,2.8785128557303083e-16,2.732267046446663e-13,Inf
1,93,2000.0,4.4159643618119907e-16,3.9464811969676886e-13,Inf
1,94,2000.0,2.5697800527697937e-16,2.531801734686983e-13,Inf
1,95,2000.0,2.1982606334696109e-16,2.1351008565520287e-13,Inf
1,96,2000.0,2.299017712498457e-16,2.1478834334566452e-13,Inf
1,97,2000.0,2.528697599819885e-16,2.3792484417520035e-13,Inf
1,98,2000.0,2.1915834700230302e-16,2.1312499822748575e-13,Inf
1,99,2000.0,2.2150114018568123e-16,2.1531033273247975e-13,Inf
1,100,2000.0,2.802632366905421e-16,2.6982530299606134e-13,Inf
1,101,2000.0,2.4939834010011904e-16,2.432316888409132e-13,Inf
1,102,2000.0,2.596483329697352e-16,2.526123529014465e-13,Inf
1,103,2000.0,2.6388180833298893e-16,2.5831980962371186e-13,Inf
1,104,2000.0,2.7413624311619783e-16,2.6599815937892237e-13,Inf
1,105,2000.0,2.5510801747402703e-16,2.447747967552027e-13,Inf
1,106,2000.0,2.325011010363837e-16,2.273251812838625e-13,Inf
1,107,2000.0,2.3341626426747524e-16,2.2805543691517445e-13,Inf
1,108,2000.0,2.468769952033466e-16,2.4111357893280933e-13,Inf
1,109,2000.0,2.514712276048675e-16,2.468485754354938e-13,Inf
1,110,2000.0,2.4898672998688275e-16,2.346401970026532e-13,Inf
1,111,2000.0,2.605743542471666e-16,2.5603154192054377e-13,Inf
1,112,2000.0,2.6380725475955553e-16,2.5747390661898424e-13,Inf
1,113,2000.0,2.762895786234461e-16,2.7546395973370415e-13,Inf
1,114,2000.0,2.564764576654865e-16,2.468893025913896e-13,Inf
1,115,2000.0,2.5093609479791435e-16,2.4576655855396337e-13,Inf
1,116,2000.0,2.5119323361700954e-16,2.46566771979205e-13,Inf
1,117,2000.0,2.6885457715893597e-16,2.617349741823981e-13,Inf
1,118,2000.0,2.5228756212380017e-16,2.4819162197917003e-13,Inf
1,119,2000.0,2.483293405355166e-16,2.418167722948666e-13,Inf
1,120,2000.0,2.5184855004950477e-16,2.482084894473294e-13,Inf
1,121,2000.0,2.6466773901309007e-16,2.63373128615205e-13,Inf
1,122,2000.0,2.5839794590599175e-16,2.5174312267184865e-13,Inf
1,123,2000.0,2.5675653494603687e-16,2.4931086276715406e-13,Inf
1,124,2000.0,2.522279575808935e-16,2.488390995679443e-13,Inf
1,125,2000.0,2.7022270088762253e-16,2.6208609003265064e-13,Inf
1,126,2000.0,2.5371330103530986e-16,2.5111073230396244e-13,Inf
1,127,2000.0,2.8269999387345973e-16,2.7787469024889014e-13,Inf
1,128,2000.0,2.7683554427448856e-16,2.70645566541126e-13,Inf
1,129,2000.0,2.6593390096359522e-16,2.643776866509104e-13,Inf
1,130,2000.0,2.56444864503755e-16,2.521980888105984e-13,Inf
1,131,2000.0,2.6550850934184794e-16,2.579710755347283e-13,Inf
1,132,2000.0,2.5294679691519895e-16,2.5038764663081714e-13,Inf
1,133,2000.0,2.487873103005161e-16,2.4338599849402444e-13,Inf
1,134,2000.0,2.686981765337193e-16,2.6137941543224835e-13,Inf
1,135,2000.0,3.039402489936138e-16,2.8266481451511585e-13,Inf
1,136,2000.0,2.5232429098858327e-16,2.4834018513091246e-13,Inf
1,137,2000.0,2.2390422047243813e-16,2.1869654636794986e-13,Inf
1,138,2000.0,2.2203796749945798e-16,2.1773903770069256e-13,Inf
1,139,2000.0,2.7104830480744363e-16,2.6679960423487313e-13,Inf
1,140,2000.0,2.1034789748455326e-16,2.0412468578058993e-13,Inf
1,141,2000.0,2.3429366077788256e-16,2.317989902092436e-13,Inf
1,142,2000.0,2.46760599155182e-16,2.4342695675180077e-13,Inf
1,143,2000.0,2.572979284018333e-16,2.5258732008064583e-13,Inf
1,144,2000.0,2.4823358640886203e-16,2.4264650247984863e-13,Inf
1,145,2000.0,2.5169399147049197e-16,2.4436080074170973e-13,Inf
1,146,2000.0,2.429846431741489e-16,2.381792466198912e-13,Inf
1,147,2000.0,2.14817507876139e-16,2.093326205418675e-13,Inf
1,148,2000.0,2.1309365007813175e-16,2.0755802689586716e-13,Inf
1,149,2000.0,2.3417139824712835e-16,2.314386005314624e-13,Inf
1,150,2000.0,2.6049606657456174e-16,2.557966165385419e-13,Inf
1,151,2000.0,2.43538860040255e-16,2.3743071406485824e-13,Inf
1,152,2000.0,2.5365824224553653e-16,2.511361842136832e-13,Inf
1,153,2000.0,2.2457057537408683e-16,2.193843196211317e-13,Inf
1,154,2000.0,2.419277074394987e-16,2.3705104562292914e-13,Inf
1,155,2000.0,2.490245705394446e-16,2.44802426756357e-13,Inf
1,156,2000.0,2.3129987665015783e-16,2.282730824529712e-13,Inf
1,157,2000.0,2.5738624281531906e-16,2.5361064571450204e-13,Inf
1,158,2000.0,2.413319163744276e-16,2.3094486824836333e-13,Inf
1,159,2000.0,2.283902303752427e-16,2.244899131305154e-13,Inf
1,160,2000.0,2.6336779269017167e-16,2.5694002664003554e-13,Inf
1,161,2000.0,2.598718124138888e-16,2.544948697119701e-13,Inf
1,162,2000.0,2.471782233714453e-16,2.41838152523532e-13,Inf
1,163,2000.0,2.384993448561926e-16,2.352365294896249e-13,Inf
1,164,2000.0,2.353981236037653e-16,2.316100440986621e-13,Inf
1,165,2000.0,2.47743984801441e-16,2.380563175181777e-13,Inf
1,166,2000.0,2.393507989099939e-16,2.3496881969658086e-13,Inf
1,167,2000.0,2.2173863690741339e-16,2.1676238528955264e-13,Inf
1,168,2000.0,2.4265294237102516e-16,2.384954246718039e-13,Inf
1,169,2000.0,3.193514062899624e-16,2.9749240784998667e-13,Inf
1,170,2000.0,2.7785538261242115e-16,2.764531371129854e-13,Inf
1,171,2000.0,2.806661232106763e-16,2.699707139356273e-13,Inf
1,172,2000.0,2.4802497341767945e-16,2.366851515608042e-13,Inf
1,173,2000.0,2.640459375781378e-16,2.603318415823506e-13,Inf
1,174,2000.0,2.653882113843851e-16,2.585509324965053e-13,Inf
1,175,2000.0,2.60554285213965e-16,2.535640054595542e-13,Inf
1,176,2000.0,2.5140116051766225e-16,2.3670742747177585e-13,Inf
1,177,2000.0,2.9512281551245453e-16,2.876949745832817e-13,Inf
1,178,2000.0,2.493565879737662e-16,2.437734143574038e-13,Inf
1,179,2000.0,2.4331664329710094e-16,2.380283065372072e-13,Inf
1,180,2000.0,2.5038450565166687e-16,2.467282859645457e-13,Inf
1,181,2000.0,2.526770048078766e-16,2.462261621579901e-13,Inf
1,182,2000.0,2.8051890923718676e-16,2.6738534844547466e-13,Inf
1,183,2000.0,2.5774251458859056e-16,2.5310124319398843e-13,Inf
1,184,2000.0,2.422013069450293e-16,2.3370984332713737e-13,Inf
1,185,2000.0,2.6720400694281546e-16,2.64440017458284e-13,Inf
1,186,2000.0,2.430067878789145e-16,2.3988367722016537e-13,Inf
1,187,2000.0,2.280497024684502e-16,2.230634046498068e-13,Inf
1,188,2000.0,4.409550421411587e-16,3.941077048638616e-13,Inf
1,189,2000.0,4.315326791721627e-16,3.8649685319726094e-13,Inf
1,190,2000.0,4.651280230759518e-16,4.624935805527528e-13,Inf
1,191,2000.0,3.6962198615952487e-16,3.413561303338322e-13,Inf
1,192,2000.0,2.6550016727222237e-16,2.586232604517946e-13,Inf
1,193,2000.0,2.522077611139148e-16,2.487919138923516e-13,Inf
1,194,2000.0,2.4315746973951996e-16,2.378565335466815e-13,Inf
1,195,2000.0,1.6064254588954452e-16,1.498126925429759e-13,Inf
1,196,2000.0,2.240726169181035e-16,2.188696621778323e-13,Inf
1,197,2000.0,2.331739869034313e-16,2.288543356200755e-13,Inf
1,198,2000.0,2.729747751428439e-16,2.6407511957184083e-13,Inf
1,199,2000.0,3.204066285551632e-16,2.9693695638937706e-13,Inf
1,200,2000.0,3.3853843077088874e-16,3.132264095172973e-13,Inf
1,201,2000.0,2.6963146916575133e-16,2.6143667228448686e-13,Inf
1,202,2000.0,2.2848226116011276e-16,2.2356212258015685e-13,Inf
1,203,2000.0,3.4339512282640275e-16,3.177568496579871e-13,Inf
1,204,2000.0,3.230621134676414e-16,2.9924359647697613e-13,Inf
1,205,2000.0,3.3887204785033623e-16,3.135343763445313e-13,Inf
1,206,2000.0,3.0794585133753867e-16,2.868636235158832e-13,Inf
1,207,2000.0,3.261133177122492e-16,3.019547554535055e-13,Inf
1,208,2000.0,3.5599562974564705e-16,3.29646312266e-13,Inf
1,209,2000.0,2.5297220284289086e-16,2.5008100261539944e-13,Inf
1,210,2000.0,1.6064254588954452e-16,1.498126925429759e-13,Inf
1,211,2000.0,2.463546311976365e-16,2.4003261364685303e-13,Inf
1,212,2000.0,2.7972252559786356e-16,2.681138125293169e-13,Inf
1,213,2000.0,2.5720542305136933e-16,2.4621040446969785e-13,Inf
1,214,2000.0,2.3868143240393045e-16,2.3416671246109194e-13,Inf
1,215,2000.0,2.5579928160862235e-16,2.440158047077344e-13,Inf
1,216,2000.0,2.440402675396508e-16,2.3847504116533763e-13,Inf
1,217,2000.0,2.561580383289853e-16,2.526670834833924e-13,Inf
1,218,2000.0,2.259084967977588e-16,2.20341801496561e-13,Inf
1,219,2000.0,2.454172908740031e-16,2.314024703392723e-13,Inf
1,220,2000.0,2.610932843024307e-16,2.555597319226797e-13,Inf
1,221,2000.0,2.415160977112265e-16,2.549722253919589e-13,Inf
1,222,2000.0,2.3933830224789067e-16,2.5210998119928406e-13,Inf
1,223,2000.0,3.350835641528889e-16,3.0962237863801435e-13,Inf
1,224,2000.0,3.9422662968290623e-16,3.5760739933592487e-13,Inf
1,225,2000.0,3.2684331683009557e-16,3.0239750456144177e-13,Inf
1,226,2000.0,2.724644201876255e-16,2.64648203499974e-13,Inf
1,227,2000.0,2.507904406722375e-16,2.4534075438753204e-13,Inf
1,228,2000.0,3.142751292892483e-16,2.953017713897172e-13,Inf
1,229,2000.0,3.2366061533858236e-16,2.990518921380101e-13,Inf
1,230,2000.0,3.44306647877599e-16,3.184225025142833e-13,Inf
1,231,2000.0,3.109491549770136e-16,2.888676192616238e-13,Inf
1,232,2000.0,2.9578996046271744e-16,2.86284340193413e-13,Inf
1,233,2000.0,2.7870156642742417e-16,2.668388910930617e-13,Inf
1,234,2000.0,3.905057673595004e-16,3.3293842500038905e-13,Inf
1,235,2000.0,2.8724203614853093e-16,2.7366452981304405e-13,Inf
1,236,2000.0,2.658257665493652e-16,2.647586654467103e-13,Inf
1,237,2000.0,2.407309237771876e-16,2.356041178140429e-13,Inf
1,238,2000.0,3.277714423863933e-16,3.0010567717674077e-13,Inf
1,239,2000.0,2.3895086351800124e-16,2.340691000444314e-13,Inf
1,240,2000.0,2.709627113536414e-16,2.6375767597780503e-13,Inf
1,241,2000.0,2.4391804616587783e-16,2.377139158909004e-13,Inf
1,242,2000.0,2.7998328257119713e-16,2.6900836024470947e-13,Inf
1,243,2000.0,2.6008681486089033e-16,2.5602093139210966e-13,Inf
1,244,2000.0,3.889263854276088e-16,3.545439133678691e-13,Inf
1,245,2000.0,3.47380963820546e-16,3.214842346093743e-13,Inf
1,246,2000.0,3.953875950624509e-16,3.590853328666563e-13,Inf
1,247,2000.0,4.183806494240489e-16,3.7627645341452433e-13,Inf
1,248,2000.0,3.4389691991448796e-16,3.1822455368580527e-13,Inf
1,249,2000.0,3.782994690799728e-16,3.4726260007771324e-13,Inf
1,250,2000.0,3.86534970010119e-16,3.5289313335124617e-13,Inf
1,251,2000.0,3.8125674234241675e-16,3.4927393754169506e-13,Inf
1,252,2000.0,4.595185812322389e-16,4.1165699083271747e-13,Inf
1,253,2000.0,2.332364751738504e-16,2.2844665337525615e-13,Inf
1,254,2000.0,2.485842495201389e-16,2.374771033680772e-13,Inf
1,255,2000.0,2.538256742497511e-16,2.4356362161588244e-13,Inf
1,256,2000.0,2.520756769384915e-16,2.4780477241527207e-13,Inf
1,257,2000.0,2.4228187460937277e-16,2.2964627934624464e-13,Inf
1,258,2000.0,2.18055935275939e-16,2.1246876703311436e-13,Inf
1,259,2000.0,2.1401144143459428e-16,2.0791903652828547e-13,Inf
1,260,2000.0,2.2651865925029956e-16,2.2108657800079946e-13,Inf
1,261,2000.0,2.1408559708293387e-16,2.080729803804848e-13,Inf
1,262,2000.0,2.531168421127709e-16,2.496904958678691e-13,Inf
1,263,2000.0,2.27490365605349e-16,2.2248029176867564e-13,Inf
1,264,2000.0,4.232951940699366e-16,3.801295329339874e-13,Inf
1,265,2000.0,3.213803141928443e-16,2.9777500559321593e-13,Inf
1,266,2000.0,4.4247952131905524e-16,3.9540157114804755e-13,Inf
1,267,2000.0,4.1842084686449094e-16,3.763074629660761e-13,Inf
1,268,2000.0,4.592955133189218e-16,4.1139975110780396e-13,Inf
1,269,2000.0,3.191796296871471e-16,2.9589009011568375e-13,Inf
1,270,2000.0,3.6058977469695105e-16,3.3395550102471194e-13,Inf
1,271,2000.0,2.056572620102913e-16,1.9793192501950357e-13,Inf
1,272,2000.0,2.418943768642563e-16,2.3656343514394457e-13,Inf
1,273,2000.0,2.494604246336978e-16,2.4516480310554993e-13,Inf
1,274,2000.0,2.2889276584430437e-16,2.2423883180207222e-13,Inf
1,275,2000.0,2.1275247267706388e-16,2.0624320054776014e-13,Inf
1,276,2000.0,2.3294300594419595e-16,2.28299009775862e-13,Inf
1,277,2000.0,2.3587261746280476e-16,2.309044332600219e-13,Inf
1,278,2000.0,2.4234467401067283e-16,2.290264576188002e-13,Inf
1,279,2000.0,2.4104858180530946e-16,2.545318036525951e-13,Inf
1,280,2000.0,2.2118686760631254e-16,2.1595622907811047e-13,Inf
1,281,2000.0,2.1758683489313876e-16,2.1164329197468414e-13,Inf
1,282,2000.0,2.3299268578862363e-16,2.2765321425329214e-13,Inf
1,283,2000.0,2.5329530407421616e-16,2.5023197842147666e-13,Inf
1,284,2000.0,2.2567744474849913e-16,2.2055517606809004e-13,Inf
1,285,2000.0,2.603855135066874e-16,2.584919446912486e-13,Inf
1,286,2000.0,2.83174474346552e-16,2.6998930736148876e-13,Inf
1,287,2000.0,2.2260343741164904e-16,2.1752740295259163e-13,Inf
1,288,2000.0,2.3291708726469066e-16,2.279193557671992e-13,Inf
1,289,2000.0,3.093907252046991e-16,2.8835263733669336e-13,Inf
1,290,2000.0,2.3362251831201474e-16,2.286021893232044e-13,Inf
1,291,2000.0,3.2532497570650404e-16,3.173386707683741e-13,Inf
1,292,2000.0,2.6144687811057884e-16,2.568841254983658e-13,Inf
1,293,2000.0,2.7978709037030895e-16,2.7890957358095503e-13,Inf
1,294,2000.0,2.6422541391080475e-16,2.61716409801017e-13,Inf
1,295,2000.0,2.572025640191665e-16,2.4752884144932627e-13,Inf
1,296,2000.0,2.742076108193549e-16,2.6558784731742253e-13,Inf
1,297,2000.0,2.226973340162896e-16,2.0996381195771672e-13,Inf
1,298,2000.0,2.5385620187820094e-16,2.431333852921349e-13,Inf
1,299,2000.0,3.0587883869179524e-16,2.8532271874863144e-13,Inf
1,300,2000.0,2.6384561694163255e-16,2.6039369435954323e-13,Inf
1,301,2000.0,2.5182883626578906e-16,2.475753174285662e-13,Inf
1,302,2000.0,2.640095914715942e-16,2.610793733016353e-13,Inf
1,303,2000.0,2.699655633178306e-16,2.6203268981194384e-13,Inf
1,304,2000.0,2.629145823341504e-16,2.603987037019407e-13,Inf
1,305,2000.0,2.7264472743432493e-16,2.643587880672049e-13,Inf
1,306,2000.0,2.54501128184586e-16,2.520851011077495e-13,Inf
1,307,2000.0,2.988972914814783e-16,2.8070111867724637e-13,Inf
1,308,2000.0,2.65971535229409e-16,2.5903357846353266e-13,Inf
1,309,2000.0,2.624345214467967e-16,2.569811544338574e-13,Inf
1,310,2000.0,2.4924487227794393e-16,2.4472965350839075e-13,Inf
1,311,2000.0,2.3344726932938814e-16,2.247317515243263e-13,Inf
1,312,2000.0,2.44305523554243e-16,2.401454521786948e-13,Inf
1,313,2000.0,2.5891387990404e-16,2.5753817665928754e-13,Inf
1,314,2000.0,2.4948407157767006e-16,2.45490600385322e-13,Inf
1,315,2000.0,2.599902995771158e-16,2.553226577947202e-13,Inf
1,316,2000.0,2.32817340978153e-16,2.2925297414596223e-13,Inf
1,317,2000.0,2.463672720282732e-16,2.4149304137284706e-13,Inf
1,318,2000.0,2.401664597894743e-16,2.3602231518255396e-13,Inf
1,319,2000.0,2.743185670955202e-16,2.653722507310759e-13,Inf
1,320,2000.0,2.5884831752476527e-16,2.538922186176547e-13,Inf
1,321,2000.0,2.4731874576846537e-16,2.424689551774546e-13,Inf
1,322,2000.0,2.415136639919797e-16,2.366662635834865e-13,Inf
1,323,2000.0,2.691077608638135e-16,2.6123660431531085e-13,Inf
1,324,2000.0,2.690017446635452e-16,2.611618418607719e-13,Inf
1,325,2000.0,2.5713100479613163e-16,2.531930680914562e-13,Inf
1,326,2000.0,2.4549489378459557e-16,2.4025903228971027e-13,Inf
1,327,2000.0,2.5318652669816067e-16,2.50720905031229e-13,Inf
1,328,2000.0,2.722196985877713e-16,2.631912247933662e-13,Inf
1,329,2000.0,2.901504981798006e-16,2.746018171613108e-13,Inf
1,330,2000.0,2.3228297699554293e-16,2.2762090240259977e-13,Inf
1,331,2000.0,2.745160598524825e-16,2.65080760654539e-13,Inf
1,332,2000.0,2.4838440525353546e-16,2.4261467459387147e-13,Inf
1,333,2000.0,3.7195357845738665e-16,3.42724783865807e-13,Inf
1,334,2000.0,2.6340274945605023e-16,2.5774867552963746e-13,Inf
1,335,2000.0,3.2815717627295793e-16,3.040581561131748e-13,Inf
1,336,2000.0,2.709375422773342e-16,2.623651213699875e-13,Inf
1,337,2000.0,2.634290682999288e-16,2.6156249165023405e-13,Inf
1,338,2000.0,2.697419899903435e-16,2.616845356995171e-13,Inf
1,339,2000.0,2.9157749929602167e-16,2.760656425612368e-13,Inf
1,340,2000.0,2.663409764782671e-16,2.6633520130999576e-13,Inf
1,341,2000.0,3.0407386369237817e-16,2.8513128256623833e-13,Inf
1,342,2000.0,2.473994878063089e-16,2.4178637164695165e-13,Inf
1,343,2000.0,2.575651755919747e-16,2.5363649064173805e-13,Inf
1,344,2000.0,2.772678060369374e-16,2.671505111979521e-13,Inf
1,345,2000.0,2.5793392746101796e-16,2.539011243038806e-13,Inf
1,346,2000.0,2.773619178793351e-16,2.67296462285939e-13,Inf
1,347,2000.0,3.0627870364191694e-16,2.8649761480888775e-13,Inf
1,348,2000.0,2.5532811951015415e-16,2.440639935420012e-13,Inf
1,349,2000.0,3.080080926656663e-16,2.940963164150287e-13,Inf
1,350,2000.0,2.30755127108349e-16,2.2662045578975468e-13,Inf
1,351,2000.0,2.432750161051614e-16,2.319933580138313e-13,Inf
1,352,2000.0,2.5849176826612363e-16,2.5430099234859923e-13,Inf
1,353,2000.0,2.2971102032461405e-16,2.2548141582372524e-13,Inf
1,354,2000.0,2.858578960150745e-16,2.722423713566569e-13,Inf
1,355,2000.0,3.08455220353597e-16,2.874947755065486e-13,Inf
1,356,2000.0,2.270618558910427e-16,2.2243294973682803e-13,Inf
1,357,2000.0,2.310840209475228e-16,2.265517501358453e-13,Inf
1,358,2000.0,2.5065341776634786e-16,2.464006437441104e-13,Inf
1,359,2000.0,2.4149082485934586e-16,2.3215562744913194e-13,Inf
1,360,2000.0,2.4978807530987404e-16,2.454169686698983e-13,Inf
1,361,2000.0,2.6506978643361766e-16,2.6396906805577363e-13,Inf
1,362,2000.0,2.672729501230516e-16,2.6031043294213555e-13,Inf
1,363,2000.0,2.851685698926598e-16,2.811406105013613e-13,Inf
1,364,2000.0,2.454049148591003e-16,2.399292935830898e-13,Inf
1,365,2000.0,2.820187884376239e-16,2.7004927608886643e-13,Inf
1,366,2000.0,2.6142280763059445e-16,2.545299805287772e-13,Inf
1,367,2000.0,2.6133450838560387e-16,2.574266499425426e-13,Inf
1,368,2000.0,2.226887867414001e-16,2.1018713811142844e-13,Inf
1,369,2000.0,2.36018510644335e-16,2.315438810406202e-13,Inf
1,370,2000.0,2.300570184784784e-16,2.2455674850066597e-13,Inf
1,371,2000.0,2.664639941257134e-16,2.592504747145292e-13,Inf
1,372,2000.0,2.6270956437219684e-16,2.6035356057826237e-13,Inf
1,373,2000.0,2.867755564588455e-16,2.7273059679858897e-13,Inf
1,374,2000.0,2.887200366482512e-16,2.8113410009331256e-13,Inf
1,375,2000.0,2.3728180223328204e-16,2.327806478102863e-13,Inf
1,376,2000.0,2.5206818465749997e-16,2.4047478089921667e-13,Inf
1,377,2000.0,2.490364424514283e-16,2.434200323494279e-13,Inf
1,378,2000.0,2.6388691359807604e-16,2.57688305291142e-13,Inf
1,379,2000.0,2.624156337533742e-16,2.556891710629913e-13,Inf
1,380,2000.0,2.4961119312183293e-16,2.444148822053959e-13,Inf
1,381,2000.0,2.251271170446331e-16,2.1597023888160728e-13,Inf
1,382,2000.0,2.5663308926518773e-16,2.5272929378561004e-13,Inf
1,383,2000.0,2.4434839026093193e-16,2.3549020285538376e-13,Inf
1,384,2000.0,2.58155761269985e-16,2.5330776328517063e-13,Inf
1,385,2000.0,2.1530219606015546e-16,2.0264446997977257e-13,Inf
1,386,2000.0,2.153429000562051e-16,2.0965339690801751e-13,Inf
1,387,2000.0,2.7262950707164414e-16,2.6495553113028904e-13,Inf
1,388,2000.0,2.267934580775989e-16,2.2139050136501486e-13,Inf
1,389,2000.0,2.129022262510391e-16,2.0645542992205013e-13,Inf
1,390,2000.0,2.3567585574968042e-16,2.2164199409498868e-13,Inf
1,391,2000.0,2.4794977502424294e-16,2.354086745636256e-13,Inf
1,392,2000.0,2.623817286356136e-16,2.553445382810869e-13,Inf
1,393,2000.0,2.478272312257767e-16,2.4502756951663177e-13,Inf
1,394,2000.0,2.1711085663395333e-16,2.1317979745030857e-13,Inf
1,395,2000.0,2.410118749812748e-16,2.3822445146779995e-13,Inf
1,396,2000.0,2.549286293101094e-16,2.533443731303046e-13,Inf
1,397,2000.0,2.259738204285204e-16,2.2108986475145294e-13,Inf
1,398,2000.0,2.3496915062489706e-16,2.3082610433382623e-13,Inf
1,399,2000.0,2.456098690634222e-16,2.4061499026661357e-13,Inf
1,400,2000.0,2.4049731580981024e-16,2.3575343822734207e-13,Inf
1,401,2000.0,2.4295954355763764e-16,2.3839978270888503e-13,Inf
1,402,2000.0,2.2703513968419366e-16,2.224125969227419e-13,Inf
1,403,2000.0,2.500287395644384e-16,2.458458893688026e-13,Inf
1,404,2000.0,2.7839731119096504e-16,2.667778011215134e-13,Inf
1,405,2000.0,2.7253224591587e-16,2.627038494962801e-13,Inf
1,406,2000.0,2.4956796913123005e-16,2.4448003622075146e-13,Inf
1,407,2000.0,2.7295292263458095e-16,2.6424071915713483e-13,Inf
1,408,2000.0,2.589472757322914e-16,2.545905332901038e-13,Inf
1,409,2000.0,2.2265396551707215e-16,2.1758052097111771e-13,Inf
1,410,2000.0,2.309452193031704e-16,2.264096241967254e-13,Inf
1,411,2000.0,2.5737831491518775e-16,2.5323625342975325e-13,Inf
1,412,2000.0,2.530016400950243e-16,2.5020629306489077e-13,Inf
1,413,2000.0,2.694368383863082e-16,2.6084678910674796e-13,Inf
1,414,2000.0,2.616176146596887e-16,2.569418599002025e-13,Inf
1,415,2000.0,2.5276045518994006e-16,2.500102286448513e-13,Inf
1,416,2000.0,2.7013295329254585e-16,2.619838704005166e-13,Inf
1,417,2000.0,2.0694077388408607e-16,1.9967943739632145e-13,Inf
1,418,2000.0,2.2131822954342835e-16,2.1620164209093132e-13,Inf
1,419,2000.0,2.2492137826104e-16,2.1982238601312857e-13,Inf
1,420,2000.0,2.41829197894757e-16,2.310474978338491e-13,Inf
1,421,2000.0,2.0903961421124955e-16,2.021247019157152e-13,Inf
1,422,2000.0,2.4886307367991947e-16,2.430770748407497e-13,Inf
1,423,2000.0,2.7089771952895946e-16,2.6149736668097485e-13,Inf
1,424,2000.0,2.408898091945508e-16,2.371139381524118e-13,Inf
1,425,2000.0,2.659728690220485e-16,2.5755150047035957e-13,Inf
1,426,2000.0,2.1682985430925608e-16,2.114097940668673e-13,Inf
1,427,2000.0,2.729550141962522e-16,2.667649576747e-13,Inf
1,428,2000.0,2.7834932452300066e-16,2.6634993846830067e-13,Inf
1,429,2000.0,2.5047516528435375e-16,2.4486804036692664e-13,Inf
1,430,2000.0,2.571728730872384e-16,2.5283480861941125e-13,Inf
1,431,2000.0,2.501968889332137e-16,2.467244704842109e-13,Inf
1,432,2000.0,2.539518623733012e-16,2.48656264736314e-13,Inf
1,433,2000.0,2.62110500006171e-16,2.566061725733593e-13,Inf
1,434,2000.0,2.3654413401590444e-16,2.3023873559493334e-13,Inf
1,435,2000.0,2.341062615759217e-16,2.309038659348044e-13,Inf
1,436,2000.0,2.4891645524008425e-16,2.4226124473685124e-13,Inf
1,437,2000.0,2.741678148627665e-16,2.6298725383639896e-13,Inf
1,438,2000.0,2.73411475762649e-16,2.6461809768755137e-13,Inf
1,439,2000.0,2.4000948568338214e-16,2.3484633212120067e-13,Inf
1,440,2000.0,2.338883144453557e-16,2.306553280446955e-13,Inf
1,441,2000.0,2.455260692389494e-16,2.401818736526524e-13,Inf
1,442,2000.0,2.2814732619726766e-16,2.2345640105807294e-13,Inf
1,443,2000.0,2.804305043227002e-16,2.700605476965541e-13,Inf
1,444,2000.0,2.409854485620628e-16,2.3573629000259873e-13,Inf
1,445,2000.0,3.0747140328079834e-16,2.8675493871070574e-13,Inf
1,446,2000.0,2.5168327861651347e-16,2.478631715622885e-13,Inf
1,447,2000.0,2.520410121632797e-16,2.4818095276981544e-13,Inf
1,448,2000.0,2.458403124293745e-16,2.4004074598459094e-13,Inf
1,449,2000.0,2.526765359760014e-16,2.493353900316491e-13,Inf
1,450,2000.0,2.967569326736179e-16,2.799630106146962e-13,Inf
1,451,2000.0,4.0153554430421583e-16,3.6300645609364434e-13,Inf
1,452,2000.0,2.8709931689425106e-16,2.739762438629715e-13,Inf
1,453,2000.0,2.8765804540324595e-16,2.7330144311819676e-13,Inf
1,454,2000.0,3.026570634888421e-16,2.8316665043866844e-13,Inf
1,455,2000.0,2.6473836429721165e-16,2.5907243018674e-13,Inf
1,456,2000.0,2.8708491200796085e-16,2.735710567491486e-13,Inf
1,457,2000.0,2.7029966821447303e-16,2.6193194437541487e-13,Inf
1,458,2000.0,3.017548933519147e-16,2.892248313188704e-13,Inf
1,459,2000.0,2.3873669756885475e-16,2.3460772687859063e-13,Inf
1,460,2000.0,2.618419927703485e-16,2.560281852264004e-13,Inf
1,461,2000.0,2.781896441462442e-16,2.7715495288955924e-13,Inf
1,462,2000.0,2.9771252862335824e-16,2.7949237987158385e-13,Inf
1,463,2000.0,2.749024269924561e-16,2.6472391219240917e-13,Inf
1,464,2000.0,3.069784923255434e-16,2.8400649549411655e-13,Inf
1,465,2000.0,2.5550118779734977e-16,2.514072902577515e-13,Inf
1,466,2000.0,3.5294668231172785e-16,3.2447550622113004e-13,Inf
1,467,2000.0,2.1780259236312833e-16,2.130450012373215e-13,Inf
1,468,2000.0,2.867178824048855e-16,2.7500691361372376e-13,Inf
1,469,2000.0,2.544665470935061e-16,2.483404986381054e-13,Inf
1,470,2000.0,2.3303073332561475e-16,2.2929463097724777e-13,Inf
1,471,2000.0,2.609224796360778e-16,2.594295603891135e-13,Inf
1,472,2000.0,2.2455723884078265e-16,2.1968760668287257e-13,Inf
1,473,2000.0,2.1412682817496395e-16,2.0584732682400423e-13,Inf
1,474,2000.0,2.2287564150077097e-16,2.1813139118363085e-13,Inf
1,475,2000.0,2.5176344984879286e-16,2.4210712426184947e-13,Inf
1,476,2000.0,2.2074109781707072e-16,2.160840360621978e-13,Inf
1,477,2000.0,2.5505713924027683e-16,2.462366452217747e-13,Inf
1,478,2000.0,2.660987109570322e-16,2.5858002970407624e-13,Inf
1,479,2000.0,2.639908048615711e-16,2.5809760715612604e-13,Inf
1,480,2000.0,2.3325807111869757e-16,2.287643328144376e-13,Inf
1,481,2000.0,2.6199623772199434e-16,2.5653365647994925e-13,Inf
1,482,2000.0,2.6056607618518475e-16,2.5752617352376466e-13,Inf
1,483,2000.0,3.2283946988621513e-16,2.9930827307061003e-13,Inf
1,484,2000.0,2.5317765183713037e-16,2.4442976560540936e-13,Inf
1,485,2000.0,2.5131909494186615e-16,2.483201208647792e-13,Inf
1,486,2000.0,2.531715874709157e-16,2.430655063307846e-13,Inf
1,487,2000.0,2.6275484121394304e-16,2.600073618197647e-13,Inf
1,488,2000.0,2.535425673470514e-16,2.512264708127322e-13,Inf
1,489,2000.0,2.4657672188768415e-16,2.4071618702230333e-13,Inf
1,490,2000.0,2.3249017523398554e-16,2.2824301856683677e-13,Inf
1,491,2000.0,2.5664378119529336e-16,2.52924417576764e-13,Inf
1,492,2000.0,2.233373160806076e-16,2.1844721998849327e-13,Inf
1,493,2000.0,3.4906916247324e-16,3.239313665447179e-13,Inf
1,494,2000.0,2.6087138164198674e-16,2.5581390297143307e-13,Inf
1,495,2000.0,3.0790776311299533e-16,2.8816783193124794e-13,Inf
1,496,2000.0,2.5358622299199177e-16,2.508757364292463e-13,Inf
1,497,2000.0,2.346305737322275e-16,2.3029627634007895e-13,Inf
1,498,2000.0,2.494929206684195e-16,2.4473758277478613e-13,Inf
1,499,2000.0,2.250276886803746e-16,2.2009879817064825e-13,Inf
1,500,2000.0,2.5246063028629266e-16,2.500509511506634e-13,Inf
1,501,2000.0,2.4502219473401167e-16,2.397486476458576e-13,Inf
1,502,2000.0,2.47368546856649e-16,2.417449458268128e-13,Inf
1,503,2000.0,2.554767711138548e-16,2.527727850465166e-13,Inf
1,504,2000.0,2.509619951442922e-16,2.4781354358724384e-13,Inf
1,505,2000.0,2.520158756390338e-16,2.493080124142556e-13,Inf
1,506,2000.0,2.529819173137504e-16,2.5038826518076424e-13,Inf
1,507,2000.0,2.6516832873519627e-16,2.581631057387796e-13,Inf
1,508,2000.0,2.157382280184857e-16,2.1010221911260922e-13,Inf
1,509,2000.0,2.235720127096333e-16,2.185606407754386e-13,Inf
1,510,2000.0,2.1768758088250287e-16,2.122682603226445e-13,Inf
1,511,2000.0,2.491197330812572e-16,2.4497127435528233e-13,Inf
1,512,2000.0,2.2703788452376963e-16,2.2321717677632202e-13,Inf
1,513,2000.0,2.377858016195206e-16,2.343723203579806e-13,Inf
1,514,2000.0,2.5080042972722607e-16,2.474415143932277e-13,Inf
1,515,2000.0,2.46517069424797e-16,2.410416974472238e-13,Inf
1,516,2000.0,2.5104410651380463e-16,2.477599890217196e-13,Inf
1,517,2000.0,2.5115457138687833e-16,2.404650125451992e-13,Inf
1,518,2000.0,2.2701148996216884e-16,2.2221105184310065e-13,Inf
1,519,2000.0,2.2060113093458745e-16,2.1544461272587062e-13,Inf
1,520,2000.0,2.5781854190969517e-16,2.5370657315919757e-13,Inf
1,521,2000.0,2.4984946285573722e-16,2.45501170518782e-13,Inf
1,522,2000.0,2.4359015841526487e-16,2.3906212471040864e-13,Inf
1,523,2000.0,2.14347548181172e-16,2.0851357744572584e-13,Inf
1,524,2000.0,2.502931016890583e-16,2.4025784937828244e-13,Inf
1,525,2000.0,2.3945961109437906e-16,2.3534284511872937e-13,Inf
1,526,2000.0,2.333523881936727e-16,2.2874252304045107e-13,Inf
1,527,2000.0,2.3192072957864957e-16,2.2758441843767556e-13,Inf
1,528,2000.0,2.3152412241898784e-16,2.2658176443209422e-13,Inf
1,529,2000.0,2.8624610933947747e-16,2.7246981437958754e-13,Inf
1,530,2000.0,2.5844961913619273e-16,2.531043837259389e-13,Inf
1,531,2000.0,2.630773889888381e-16,2.6165151113711843e-13,Inf
1,532,2000.0,2.7960466907377316e-16,2.686072767407948e-13,Inf
1,533,2000.0,2.2078190208630287e-16,2.1563527651782667e-13,Inf
1,534,2000.0,2.328541828665342e-16,2.2835708037066564e-13,Inf
1,535,2000.0,2.450840350471089e-16,2.4050045938358593e-13,Inf
1,536,2000.0,2.3560680840628135e-16,2.3075463979042056e-13,Inf
1,537,2000.0,2.4100585324631517e-16,2.362124391811457e-13,Inf
1,538,2000.0,2.290038362677591e-16,2.2185107250894329e-13,Inf
1,539,2000.0,2.344223956200943e-16,2.3116762763169325e-13,Inf
1,540,2000.0,2.5076358844181226e-16,2.452368643021943e-13,Inf
1,541,2000.0,2.6302679299361634e-16,2.571921785492562e-13,Inf
1,542,2000.0,2.628299543383567e-16,2.552935458928223e-13,Inf
1,543,2000.0,2.5357908430551904e-16,2.492732114211137e-13,Inf
1,544,2000.0,2.5509449883088284e-16,2.504006267630066e-13,Inf
1,545,2000.0,2.495075170423767e-16,2.463021868528281e-13,Inf
1,546,2000.0,2.42884670423644e-16,2.369061201753484e-13,Inf
1,547,2000.0,2.62972847657408e-16,2.555154114648912e-13,Inf
1,548,2000.0,2.5253434462299646e-16,2.3960032436708434e-13,Inf
1,549,2000.0,3.0006869230202984e-16,2.814020017711072e-13,Inf
1,550,2000.0,2.5134316477071845e-16,2.47050895904022e-13,Inf
1,551,2000.0,2.348529171187326e-16,2.3000031805737696e-13,Inf
1,552,2000.0,2.518397747020281e-16,2.4847238963537505e-13,Inf
1,553,2000.0,2.4231105187703417e-16,2.3692287219523235e-13,Inf
1,554,2000.0,2.7160398505970335e-16,2.6342019793125816e-13,Inf
1,555,2000.0,2.29004003428117e-16,2.164391045427753e-13,Inf
1,556,2000.0,2.596266459288463e-16,2.5595179664420526e-13,Inf
1,557,2000.0,2.533119696857626e-16,2.5142911591508747e-13,Inf
1,558,2000.0,2.630320129488302e-16,2.576867987393768e-13,Inf
1,559,2000.0,2.405182262480613e-16,2.3610158997444626e-13,Inf
1,560,2000.0,2.618324757199958e-16,2.5574087324904613e-13,Inf
1,561,2000.0,2.490845338792626e-16,2.4351825913678194e-13,Inf
1,562,2000.0,2.3241309523674465e-16,2.2783079847098886e-13,Inf
1,563,2000.0,2.5272930642054186e-16,2.4930919152643493e-13,Inf
1,564,2000.0,2.2868596325694094e-16,2.2388479131848537e-13,Inf
1,565,2000.0,2.276273992627438e-16,2.2340331159899739e-13,Inf
1,566,2000.0,2.67757718195277e-16,2.660084102325272e-13,Inf
1,567,2000.0,2.263225878221227e-16,2.168545343253657e-13,Inf
1,568,2000.0,2.4065082947391687e-16,2.318396863407602e-13,Inf
1,569,2000.0,2.939772818204462e-16,2.763531844731043e-13,Inf
1,570,2000.0,2.323864009427855e-16,2.2849365136668923e-13,Inf
1,571,2000.0,2.3076769682301103e-16,2.271444328253102e-13,Inf
1,572,2000.0,2.7423892084752267e-16,2.690558168237086e-13,Inf
1,573,2000.0,2.1627905413023964e-16,2.1138955699541269e-13,Inf
1,574,2000.0,2.2716651622707544e-16,2.2399368698578885e-13,Inf
1,575,2000.0,2.10040584660384e-16,2.026231558779723e-13,Inf
1,576,2000.0,2.719966297175723e-16,2.634949575676789e-13,Inf
1,577,2000.0,2.4345967226377627e-16,2.395447211739906e-13,Inf
1,578,2000.0,2.527004488351146e-16,2.4778608339956267e-13,Inf
1,579,2000.0,2.512450818407931e-16,2.4711525222666413e-13,Inf
1,580,2000.0,2.493159026104597e-16,2.430249715492459e-13,Inf
1,581,2000.0,2.4777011171008445e-16,2.4209932195510264e-13,Inf
1,582,2000.0,2.2098707399614078e-16,2.154429154412996e-13,Inf
1,583,2000.0,2.444448158582645e-16,2.391513604568948e-13,Inf
1,584,2000.0,2.6684494338307586e-16,2.59677987731644e-13,Inf
1,585,2000.0,2.73833960216936e-16,2.728807765060489e-13,Inf
1,586,2000.0,2.673570798992382e-16,2.675431510149828e-13,Inf
1,587,2000.0,2.6375296331051144e-16,2.607256555261893e-13,Inf
1,588,2000.0,2.514144675170239e-16,2.4719752315475057e-13,Inf
1,589,2000.0,2.447013575102603e-16,2.38662491562574e-13,Inf
1,590,2000.0,2.62409626090128e-16,2.5631560861060227e-13,Inf
1,591,2000.0,2.534708569657968e-16,2.435955433204352e-13,Inf
1,592,2000.0,2.544119976481719e-16,2.4564097668674073e-13,Inf
1,593,2000.0,2.4499137479445343e-16,2.3094543180451765e-13,Inf
1,594,2000.0,3.261632459294193e-16,3.0127912590994063e-13,Inf
1,595,2000.0,2.357915463589931e-16,2.3071843978760884e-13,Inf
1,596,2000.0,2.5110986249388384e-16,2.412012184859648e-13,Inf
1,597,2000.0,2.2679614052766784e-16,2.220693704706554e-13,Inf
1,598,2000.0,2.2694783415701127e-16,2.2237450207673095e-13,Inf
1,599,2000.0,2.2974629355705203e-16,2.2527093109359677e-13,Inf
1,600,2000.0,2.1237900628813087e-16,2.0627869114508777e-13,Inf
1,601,2000.0,2.4189961351025227e-16,2.370460222509178e-13,Inf
1,602,2000.0,2.4411800083832335e-16,2.3025253134633484e-13,Inf
1,603,2000.0,2.3179981488458134e-16,2.2705774506331985e-13,Inf
1,604,2000.0,2.099540476667895e-16,2.0298440622960198e-13,Inf
1,605,2000.0,2.57729680796518e-16,2.535464287680986e-13,Inf
1,606,2000.0,2.3718987351317965e-16,2.3166716894180007e-13,Inf
1,607,2000.0,2.5356707030714026e-16,2.5046494762768705e-13,Inf
1,608,2000.0,2.1952172175391128e-16,2.0856450847898604e-13,Inf
1,609,2000.0,2.1726206239162622e-16,2.1163282215578853e-13,Inf
1,610,2000.0,2.4362621022852617e-16,2.3159441132766257e-13,Inf
1,611,2000.0,2.360018991183544e-16,2.318246808311298e-13,Inf
1,612,2000.0,2.435323864885314e-16,2.3869929629573646e-13,Inf
1,613,2000.0,2.405450514808643e-16,2.361494145798148e-13,Inf
1,614,2000.0,2.2906947785755445e-16,2.2474059540003347e-13,Inf
1,615,2000.0,2.365632898154565e-16,2.319919917614863e-13,Inf
1,616,2000.0,2.6009256623617835e-16,2.552332828429413e-13,Inf
1,617,2000.0,2.60687633784129e-16,2.543624345101122e-13,Inf
1,618,2000.0,2.517080136468084e-16,2.4751932488963925e-13,Inf
1,619,2000.0,2.607757905726036e-16,2.565441222091521e-13,Inf
1,620,2000.0,2.620515613761711e-16,2.5917972590024933e-13,Inf
1,621,2000.0,2.462383541920914e-16,2.4045528613976497e-13,Inf
1,622,2000.0,2.504482017971769e-16,2.450240155720062e-13,Inf
1,623,2000.0,2.4779286894870746e-16,2.366526772127415e-13,Inf
1,624,2000.0,2.490526835145448e-16,2.3782222659932525e-13,Inf
1,625,2000.0,2.2371162989091034e-16,2.1837427146216695e-13,Inf
1,626,2000.0,2.408921068154753e-16,2.281094011905462e-13,Inf
1,627,2000.0,2.2564476803299997e-16,2.2077715605923247e-13,Inf
1,628,2000.0,2.292702500120915e-16,2.245632526034069e-13,Inf
1,629,2000.0,2.2930407629177477e-16,2.1685393507251816e-13,Inf
1,630,2000.0,2.616434140040523e-16,2.5831496731683707e-13,Inf
1,631,2000.0,2.3904698285625586e-16,2.355619715538966e-13,Inf
1,632,2000.0,2.47769106073989e-16,2.366350919406048e-13,Inf
1,633,2000.0,2.257458134627808e-16,2.211226262134052e-13,Inf
1,634,2000.0,2.1589867026019124e-16,2.112858158885213e-13,Inf
1,635,2000.0,2.1159058207818212e-16,2.0543602496221635e-13,Inf
1,636,2000.0,2.1618870819620752e-16,2.1174030637284926e-13,Inf
1,637,2000.0,2.3485582975303683e-16,2.295428340933283e-13,Inf
1,638,2000.0,2.0635617524349963e-16,1.9867397294061168e-13,Inf
1,639,2000.0,2.2198964247143135e-16,2.1673713342357794e-13,Inf
1,640,2000.0,2.0765460996513638e-16,2.0032375619286092e-13,Inf
1,641,2000.0,2.1211199044229207e-16,2.0544260117761057e-13,Inf
1,642,2000.0,2.545177751033349e-16,2.5199568234270566e-13,Inf
1,643,2000.0,2.3020318492359714e-16,2.2470000099750953e-13,Inf
1,644,2000.0,2.564921231050551e-16,2.537816570483409e-13,Inf
1,645,2000.0,2.238954342491823e-16,2.1821981024043407e-13,Inf
1,646,2000.0,2.5056582701013474e-16,2.4504568153282916e-13,Inf
1,647,2000.0,2.294998763030297e-16,2.2431942058783852e-13,Inf
1,648,2000.0,2.246895093855162e-16,2.1345039169644559e-13,Inf
1,649,2000.0,2.399380511685279e-16,2.2538032652841844e-13,Inf
1,650,2000.0,2.1954679947560705e-16,2.1376373621176684e-13,Inf
1,651,2000.0,2.356671447111545e-16,2.305262332573185e-13,Inf
1,652,2000.0,2.3572582614680136e-16,2.304095107829311e-13,Inf
1,653,2000.0,2.5190980069394735e-16,2.3791479851877417e-13,Inf
1,654,2000.0,2.4085788860440026e-16,2.3543534538100336e-13,Inf
1,655,2000.0,2.224968229547193e-16,2.174789117391465e-13,Inf
1,656,2000.0,2.0540878469140288e-16,1.9756546839931793e-13,Inf
1,657,2000.0,2.3138366041524017e-16,2.1994764102645304e-13,Inf
1,658,2000.0,2.0910466758399528e-16,2.0256227839323846e-13,Inf
1,659,2000.0,2.1583278800153024e-16,2.1075263783962746e-13,Inf
1,660,2000.0,2.410699335884421e-16,2.2997416547062354e-13,Inf
1,661,2000.0,2.317522010823135e-16,2.1892022391940257e-13,Inf
1,662,2000.0,2.4165719164314735e-16,2.3431948517305477e-13,Inf
1,663,2000.0,2.2146976893188556e-16,2.1629243447123108e-13,Inf
1,664,2000.0,2.24331632168095e-16,2.1503388098097913e-13,Inf
1,665,2000.0,2.501492776590873e-16,2.3761226350621607e-13,Inf
1,666,2000.0,2.4539465221775916e-16,2.392011613556891e-13,Inf
1,667,2000.0,2.2471122291862623e-16,2.1919748165899893e-13,Inf
1,668,2000.0,2.517678244730805e-16,2.480666141110593e-13,Inf
1,669,2000.0,2.3479034788801105e-16,2.233613605561431e-13,Inf
1,670,2000.0,2.378693369091193e-16,2.328310468629682e-13,Inf
1,671,2000.0,2.46946673049769e-16,2.3692395137202957e-13,Inf
1,672,2000.0,2.5134562702007283e-16,2.47286695546143e-13,Inf
1,673,2000.0,2.4667633932625063e-16,2.329901738967152e-13,Inf
1,674,2000.0,2.4013186842023097e-16,2.2625366555333706e-13,Inf
1,675,2000.0,2.1831348526746285e-16,2.0544484337005447e-13,Inf
1,676,2000.0,2.6153468499019375e-16,2.5595821330175165e-13,Inf
1,677,2000.0,2.655051545564842e-16,2.649880879541817e-13,Inf
1,678,2000.0,2.355002382151264e-16,2.2997441622253086e-13,Inf
1,679,2000.0,2.461966200038549e-16,2.326113219486534e-13,Inf
1,680,2000.0,2.228870423331434e-16,2.1749338827642593e-13,Inf
1,681,2000.0,2.507730067656042e-16,2.3600439671096925e-13,Inf
1,682,2000.0,2.5864864828486396e-16,2.527442654544348e-13,Inf
1,683,2000.0,2.447085715223724e-16,2.336674905261599e-13,Inf
1,684,2000.0,2.405353801128093e-16,2.2632664276486627e-13,Inf
1,685,2000.0,2.4966970731790766e-16,2.359238232442271e-13,Inf
1,686,2000.0,2.211279518170544e-16,2.152726907892006e-13,Inf
1,687,2000.0,2.3145698866433283e-16,2.174280902042997e-13,Inf
1,688,2000.0,2.049508028944949e-16,1.9699316464535621e-13,Inf
1,689,2000.0,2.3100438332161087e-16,2.1835804259695624e-13,Inf
1,690,2000.0,2.134563883490695e-16,2.0739465221592666e-13,Inf
1,691,2000.0,2.2101594266959497e-16,2.1554166268151738e-13,Inf
1,692,2000.0,2.536084069408835e-16,2.441035079421645e-13,Inf
1,693,2000.0,2.2561112652539186e-16,2.2017360047252927e-13,Inf
1,694,2000.0,2.2491235689718e-16,2.1366885568276734e-13,Inf
1,695,2000.0,2.241595566752733e-16,2.1931184417983236e-13,Inf
1,696,2000.0,2.5194699129575475e-16,2.4814823559728587e-13,Inf
1,697,2000.0,2.3934701291437717e-16,2.351889473654709e-13,Inf
1,698,2000.0,2.4025651175738046e-16,2.3561961488784126e-13,Inf
1,699,2000.0,2.1159086170271583e-16,2.0541654216777506e-13,Inf
1,700,2000.0,2.546544048082842e-16,2.5236083012040755e-13,Inf
1,701,2000.0,2.6046030835538697e-16,2.5601809537287016e-13,Inf
1,702,2000.0,2.357735147163213e-16,2.303397534066108e-13,Inf
1,703,2000.0,2.9727446933920216e-16,2.792886521027644e-13,Inf
1,704,2000.0,2.0766726799422824e-16,2.0051230220055442e-13,Inf
1,705,2000.0,2.241067152670525e-16,2.1887654635558497e-13,Inf
1,706,2000.0,2.6170389944266305e-16,2.56718728785168e-13,Inf
1,707,2000.0,2.445869924008793e-16,2.3416073528066897e-13,Inf
1,708,2000.0,2.4892530554646203e-16,2.3770682147317206e-13,Inf
1,709,2000.0,2.61677662267017e-16,2.583871983480625e-13,Inf
1,710,2000.0,3.03219332447181e-16,2.9336481981665867e-13,Inf
1,711,2000.0,2.458740946281667e-16,2.4039769687917927e-13,Inf
1,712,2000.0,2.7293233038909366e-16,2.642906022297879e-13,Inf
1,713,2000.0,2.8706441351817564e-16,2.739217764553941e-13,Inf
1,714,2000.0,3.262732233267423e-16,3.034007253946592e-13,Inf
1,715,2000.0,3.601671193768056e-16,3.3419117642033523e-13,Inf
1,716,2000.0,3.394673068726253e-16,3.1491710561540074e-13,Inf
1,717,2000.0,2.7251878258972244e-16,2.7185616320929664e-13,Inf
1,718,2000.0,3.409259332709744e-16,3.1684728867191627e-13,Inf
1,719,2000.0,3.71048795864163e-16,3.2330935862403243e-13,Inf
1,720,2000.0,3.3351365595821623e-16,3.0748579626434197e-13,Inf
1,721,2000.0,2.6632062481162696e-16,2.649892231258739e-13,Inf
1,722,2000.0,2.4811898040887604e-16,2.4454067696984624e-13,Inf
1,723,2000.0,2.5347903369487194e-16,2.5158341931422995e-13,Inf
1,724,2000.0,2.3878834474857147e-16,2.348508223363402e-13,Inf
1,725,2000.0,2.3563711587402766e-16,2.3175216056687637e-13,Inf
1,726,2000.0,2.1542589323337004e-16,2.0526910577900827e-13,Inf
1,727,2000.0,2.283024253491606e-16,2.252652219315592e-13,Inf
1,728,2000.0,2.2939140005999614e-16,2.1802128520228873e-13,Inf
1,729,2000.0,2.504608399998087e-16,2.484600051644468e-13,Inf
1,730,2000.0,2.2390290514449547e-16,2.2017186528991017e-13,Inf
1,731,2000.0,2.6519342270972385e-16,2.585333643667646e-13,Inf
1,732,2000.0,2.0344928326212199e-16,1.925808451459495e-13,Inf
1,733,2000.0,2.3222649658537067e-16,2.283160825151801e-13,Inf
1,734,2000.0,2.290396451338235e-16,2.2406157740686034e-13,Inf
1,735,2000.0,2.5079205139191026e-16,2.463189912434451e-13,Inf
1,736,2000.0,2.5955559123529605e-16,2.542914349440912e-13,Inf
1,737,2000.0,2.2732788574402844e-16,2.1599770506633628e-13,Inf
1,738,2000.0,2.206955796032241e-16,2.157871006359771e-13,Inf
1,739,2000.0,2.2676112734142235e-16,2.1644233722798086e-13,Inf
1,740,2000.0,2.4364607332970205e-16,2.3854264876573255e-13,Inf
1,741,2000.0,2.476956036255263e-16,2.423616983383414e-13,Inf
1,742,2000.0,2.1151228100551893e-16,2.0546863346757848e-13,Inf
1,743,2000.0,2.1265915567258748e-16,2.0717951737950893e-13,Inf
1,744,2000.0,2.2970104305699967e-16,2.2608619219577693e-13,Inf
1,745,2000.0,2.21442669569817e-16,2.1675228880469765e-13,Inf
1,746,2000.0,2.2081199009620175e-16,2.096222898896574e-13,Inf
1,747,2000.0,2.9242656179906645e-16,2.76605236773921e-13,Inf
1,748,2000.0,2.4754635445799863e-16,2.424436771792013e-13,Inf
1,749,2000.0,2.3036016535072443e-16,2.2630377986680116e-13,Inf
1,750,2000.0,2.3015650158233785e-16,2.2640234415527848e-13,Inf
1,751,2000.0,2.0841070653369197e-16,2.0128379105864817e-13,Inf
1,752,2000.0,2.368030311346191e-16,2.299752174701732e-13,Inf
1,753,2000.0,2.0387491576851677e-16,1.9586354984818105e-13,Inf
1,754,2000.0,2.2841464992322416e-16,2.236892331075399e-13,Inf
1,755,2000.0,2.423806677450408e-16,2.37398206964582e-13,Inf
1,756,2000.0,2.412683758931108e-16,2.3742686575023076e-13,Inf
1,757,2000.0,2.520010240461827e-16,2.4918261605844875e-13,Inf
1,758,2000.0,2.2922842710207003e-16,2.2524903746513873e-13,Inf
1,759,2000.0,2.2246119421079264e-16,2.152048437721796e-13,Inf
1,760,2000.0,3.142927429628173e-16,2.906211401119519e-13,Inf
1,761,2000.0,2.5468071636924747e-16,2.4879029064729486e-13,Inf
1,762,2000.0,2.309499014535097e-16,2.2692394024992194e-13,Inf
1,763,2000.0,2.4820747858181723e-16,2.4222117681764147e-13,Inf
1,764,2000.0,2.4122092819031545e-16,2.372346622223091e-13,Inf
1,765,2000.0,2.5546170948715374e-16,2.4444280193526146e-13,Inf
1,766,2000.0,2.269473696393343e-16,2.213643203958315e-13,Inf
1,767,2000.0,2.523236519652563e-16,2.3806992742479047e-13,Inf
1,768,2000.0,2.378455707064933e-16,2.3273391277283227e-13,Inf
1,769,2000.0,2.27762274145423e-16,2.2256656411896335e-13,Inf
1,770,2000.0,2.436778483090037e-16,2.379793046115142e-13,Inf
1,771,2000.0,2.505234557970021e-16,2.452275165813449e-13,Inf
1,772,2000.0,2.351931849617379e-16,2.203170599051831e-13,Inf
1,773,2000.0,2.37347964251454e-16,2.3212234132190074e-13,Inf
1,774,2000.0,2.066190063393016e-16,1.990322286775492e-13,Inf
1,775,2000.0,2.531432716285081e-16,2.5002984679825255e-13,Inf
1,776,2000.0,2.2557698893415954e-16,2.143149522914059e-13,Inf
1,777,2000.0,2.4268044006920297e-16,2.3720626504366674e-13,Inf
1,778,2000.0,2.223226863064092e-16,2.1688503332128853e-13,Inf
1,779,2000.0,2.4288321618373305e-16,2.3078572303975373e-13,Inf
1,780,2000.0,2.4802358450327695e-16,2.419759455893168e-13,Inf
2,1,1800.0,1.8750413164704379e-16,1.9123788514608707e-13,Inf
2,2,1800.0,2.251101556319819e-16,2.1746954580778522e-13,Inf
2,3,1800.0,2.2492898412967153e-16,2.1720527016876102e-13,Inf
2,4,1800.0,1.9445008415468803e-16,1.9555097277564345e-13,Inf
2,5,1800.0,1.9856808191455353e-16,1.9816858357700203e-13,Inf
2,6,1800.0,1.9785182604543902e-16,1.9606157539615815e-13,Inf
2,7,1800.0,1.9161346343720594e-16,1.9387586998507864e-13,Inf
2,8,1800.0,2.1781978805668937e-16,2.113775981128487e-13,Inf
2,9,1800.0,2.162711522847073e-16,2.1037247912931397e-13,Inf
2,10,1800.0,1.9992671340419106e-16,1.962375324816929e-13,Inf
2,11,1800.0,2.1474203439718607e-16,2.0925954924709684e-13,Inf
2,12,1800.0,1.8471286975894706e-16,1.9028170901120774e-13,Inf
2,13,1800.0,1.8136209059170077e-16,1.9189926413539241e-13,Inf
2,14,1800.0,1.8313460676538732e-16,1.9003168036251016e-13,Inf
2,15,1800.0,1.7617126528717656e-16,1.8695359439216522e-13,Inf
2,16,1800.0,2.0208319614628721e-16,2.0035811150713799e-13,Inf
2,17,1800.0,1.7800692060590007e-16,1.8903787611857382e-13,Inf
2,18,1800.0,1.994885207461984e-16,1.9118759941825393e-13,Inf
2,19,1800.0,1.8060375555399012e-16,1.8799100530964492e-13,Inf
2,20,1800.0,2.0366822762992651e-16,2.0554298378080188e-13,Inf
2,21,1800.0,1.8964377194948649e-16,1.8931404352716122e-13,Inf
2,22,1800.0,2.00881796374295e-16,1.918338355480642e-13,Inf
2,23,1800.0,2.07111319114484e-16,1.9443478141255525e-13,Inf
2,24,1800.0,2.0384186079045227e-16,1.9750976561460642e-13,Inf
2,25,1800.0,2.028877205813014e-16,2.0367841722763658e-13,Inf
2,26,1800.0,1.9681043102178003e-16,1.906729037559018e-13,Inf
2,27,1800.0,1.9932238052350133e-16,1.9147798949713924e-13,Inf
2,28,1800.0,2.0245011547928028e-16,1.9336981390805604e-13,Inf
2,29,1800.0,2.082795224097117e-16,1.997248441199116e-13,Inf
2,30,1800.0,2.0176047590431017e-16,2.0283391448950116e-13,Inf
2,31,1800.0,2.0138914711247175e-16,1.926656556496858e-13,Inf
2,32,1800.0,1.9191964277927553e-16,1.8972290428475365e-13,Inf
2,33,1800.0,2.054197353340843e-16,1.9496097551191806e-13,Inf
2,34,1800.0,2.0361624711113992e-16,1.9603105210377657e-13,Inf
2,35,1800.0,2.028992448817146e-16,1.9549851654340929e-13,Inf
2,36,1800.0,2.0347455239052869e-16,2.057207791668267e-13,Inf
2,37,1800.0,2.0823961654495773e-16,1.9779504208456616e-13,Inf
2,38,1800.0,1.9126698949169373e-16,1.8965768475185438e-13,Inf
2,39,1800.0,2.0860356350115287e-16,1.9877157821204904e-13,Inf
2,40,1800.0,2.0804323614000768e-16,2.0047688819253543e-13,Inf
2,41,1800.0,2.0337874875307044e-16,1.9697193470011288e-13,Inf
2,42,1800.0,2.086883621994035e-16,1.977150408814812e-13,Inf
2,43,1800.0,1.975815426027283e-16,1.909469876558643e-13,Inf
2,44,1800.0,2.0165488577925213e-16,1.9237465703569315e-13,Inf
2,45,1800.0,2.0291692194640415e-16,1.9470280621874692e-13,Inf
2,46,1800.0,2.0240933124615587e-16,1.9255653115369667e-13,Inf
2,47,1800.0,1.0738111835624459e-16,1.0552293053316971e-13,Inf
2,48,1800.0,2.026064379953019e-16,1.9261215890330998e-13,Inf
2,49,1800.0,1.8227303399752577e-16,1.885522793483957e-13,Inf
2,50,1800.0,1.807362794183434e-16,1.8864229160917247e-13,Inf
2,51,1800.0,1.9520851802788535e-16,1.9042125333224343e-13,Inf
2,52,1800.0,1.9564482522177964e-16,1.9125171982613353e-13,Inf
2,53,1800.0,2.0192864251283906e-16,1.9278194424729516e-13,Inf
2,54,1800.0,2.0102594268153699e-16,1.9183667676871573e-13,Inf
2,55,1800.0,1.8068169312505128e-16,1.883605952994102e-13,Inf
2,56,1800.0,1.952652463188285e-16,1.915207962732395e-13,Inf
2,57,1800.0,1.8763912152151014e-16,1.8894965423718838e-13,Inf
2,58,1800.0,1.8456714751761751e-16,1.902835231389102e-13,Inf
2,59,1800.0,2.0402114808379878e-16,1.9554110688926354e-13,Inf
2,60,1800.0,1.9572596394641992e-16,1.964892323263315e-13,Inf
2,61,1800.0,2.0395207090108595e-16,2.0113639438773346e-13,Inf
2,62,1800.0,1.8493713332892195e-16,1.9035889216963873e-13,Inf
2,63,1800.0,1.0738111835624459e-16,1.0552293053316971e-13,Inf
2,64,1800.0,2.034967925923721e-16,1.9300795777268992e-13,Inf
2,65,1800.0,2.07415220065054e-16,2.0382560912089429e-13,Inf
2,66,1800.0,1.9935432612021442e-16,1.9873457059318442e-13,Inf
2,67,1800.0,1.9663302081533394e-16,1.9443428791344542e-13,Inf
2,68,1800.0,1.8621610352303388e-16,1.8882468787618856e-13,Inf
2,69,1800.0,1.8999756866866388e-16,1.9307398677464559e-13,Inf
2,70,1800.0,2.0872272145476943e-16,2.0067331816663813e-13,Inf
2,71,1800.0,1.9494812838915952e-16,1.9046273180232268e-13,Inf
2,72,1800.0,2.0390427731022338e-16,1.933906765020951e-13,Inf
2,73,1800.0,2.0341554226256872e-16,1.934992191469089e-13,Inf
2,74,1800.0,2.1800732511107108e-16,2.1166252092274292e-13,Inf
2,75,1800.0,1.9723403086853854e-16,1.9180499285679545e-13,Inf
2,76,1800.0,2.037202342356238e-16,1.9710584816684685e-13,Inf
2,77,1800.0,1.8395163375609086e-16,1.8883546082954312e-13,Inf
2,78,1800.0,2.0267387544042803e-16,1.9305282267857694e-13,Inf
2,79,1800.0,2.0960720842632305e-16,2.0020477964482924e-13,Inf
2,80,1800.0,2.02001001577521e-16,1.9216309687737406e-13,Inf
2,81,1800.0,1.8996144745015796e-16,1.8947627334900928e-13,Inf
2,82,1800.0,2.1475814544380753e-16,2.0913741798714813e-13,Inf
2,83,1800.0,1.915922760371612e-16,1.9371964798757668e-13,Inf
2,84,1800.0,2.0151944205265973e-16,1.999486036653473e-13,Inf
2,85,1800.0,2.0418746810071988e-16,1.9592121776999336e-13,Inf
2,86,1800.0,2.003147915180368e-16,1.991554410758783e-13,Inf
2,87,1800.0,1.9700640065107952e-16,1.9702633658224412e-13,Inf
2,88,1800.0,1.821016774745778e-16,1.8801182238267134e-13,Inf
2,89,1800.0,2.2943366986630897e-16,2.2112527576827402e-13,Inf
2,90,1800.0,1.8558790200970156e-16,1.903805484339152e-13,Inf
2,91,1800.0,1.8409666521381186e-16,1.8962665963814553e-13,Inf
2,92,1800.0,1.8020934457667667e-16,1.8808522358823883e-13,Inf
2,93,1800.0,2.351826123950972e-16,2.26251175261284e-13,Inf
2,94,1800.0,1.9205667219310354e-16,1.8954215226444456e-13,Inf
2,95,1800.0,2.0494417897871362e-16,2.020092926643724e-13,Inf
2,96,1800.0,2.0944311133201446e-16,2.0299192289307172e-13,Inf
2,97,1800.0,2.0961392128411405e-16,1.9534997756082035e-13,Inf
2,98,1800.0,2.046203785460407e-16,2.021624224058882e-13,Inf
2,99,1800.0,2.049669622355344e-16,2.0100534036620269e-13,Inf
2,100,1800.0,1.800356080441713e-16,1.8834373385525365e-13,Inf
2,101,1800.0,2.0185501123203093e-16,1.9188873915800133e-13,Inf
2,102,1800.0,1.994669308998645e-16,1.919777538144074e-13,Inf
2,103,1800.0,1.871821575952108e-16,1.8886637663547025e-13,Inf
2,104,1800.0,1.8023952033976558e-16,1.8827566129977865e-13,Inf
2,105,1800.0,2.064779232817968e-16,1.938256484495861e-13,Inf
2,106,1800.0,2.0429238326280639e-16,1.9519340046876755e-13,Inf
2,107,1800.0,2.0447703508099498e-16,1.9503264058139928e-13,Inf
2,108,1800.0,2.0238238416254005e-16,1.9220002799371138e-13,Inf
2,109,1800.0,1.9927633083694772e-16,1.9109443328500656e-13,Inf
2,110,1800.0,2.0965783826832245e-16,1.9615732330932769e-13,Inf
2,111,1800.0,1.9532743422436162e-16,1.9123015967876292e-13,Inf
2,112,1800.0,1.8701691786218477e-16,1.8871153443244004e-13,Inf
2,113,1800.0,1.8631541952762484e-16,1.8991958338047844e-13,Inf
2,114,1800.0,2.0499580555686711e-16,1.9339190523887753e-13,Inf
2,115,1800.0,2.005666977268222e-16,1.915634085323364e-13,Inf
2,116,1800.0,1.9962872659181549e-16,1.9130702094539484e-13,Inf
2,117,1800.0,1.8378916625911107e-16,1.8848945634212848e-13,Inf
2,118,1800.0,1.9837752707116331e-16,1.9100970678604534e-13,Inf
2,119,1800.0,2.0300043140190628e-16,1.9240313056287603e-13,Inf
2,120,1800.0,1.9719314430036378e-16,1.9051340459429065e-13,Inf
2,121,1800.0,1.862812904120403e-16,1.8985709999862415e-13,Inf
2,122,1800.0,2.0014878735723563e-16,1.9211373095306156e-13,Inf
2,123,1800.0,2.0268913803162826e-16,1.9285619663373508e-13,Inf
2,124,1800.0,1.9696256316070008e-16,1.9061602736122033e-13,Inf
2,125,1800.0,1.8277940549014718e-16,1.8814374518994336e-13,Inf
2,126,1800.0,1.9432992198601113e-16,1.9000290678028258e-13,Inf
2,127,1800.0,1.8606340234378058e-16,1.9041232994572772e-13,Inf
2,128,1800.0,1.818867123345377e-16,1.8933427446354102e-13,Inf
2,129,1800.0,1.8542343895645765e-16,1.899820311228724e-13,Inf
2,130,1800.0,1.9220116429806608e-16,1.8937383236907805e-13,Inf
2,131,1800.0,1.857460134933264e-16,1.8823202191337383e-13,Inf
2,132,1800.0,1.9458055316711955e-16,1.9005821301757631e-13,Inf
2,133,1800.0,2.0025723223831505e-16,1.9117037156578096e-13,Inf
2,134,1800.0,1.8390978666449129e-16,1.8834800685050872e-13,Inf
2,135,1800.0,1.83421915703644e-16,1.8891219983026249e-13,Inf
2,136,1800.0,1.9763771139158792e-16,1.9061327060526613e-13,Inf
2,137,1800.0,2.0418253509857018e-16,1.9898652574578676e-13,Inf
2,138,1800.0,2.0293316129452444e-16,1.995546982363839e-13,Inf
2,139,1800.0,1.8223021856765398e-16,1.895129190038873e-13,Inf
2,140,1800.0,2.0316452409066022e-16,2.071179812636312e-13,Inf
2,141,1800.0,2.0143798962239747e-16,1.9353793830755973e-13,Inf
2,142,1800.0,1.9874641662743364e-16,1.9138078833525306e-13,Inf
2,143,1800.0,1.9149794717683133e-16,1.8924353171006727e-13,Inf
2,144,1800.0,2.0162544702409256e-16,1.9200856696756837e-13,Inf
2,145,1800.0,2.0393967101247534e-16,1.9288277693180915e-13,Inf
2,146,1800.0,2.024850548071424e-16,1.9253348064322188e-13,Inf
2,147,1800.0,2.0390494936778864e-16,2.048601194384219e-13,Inf
2,148,1800.0,2.0290867028894735e-16,2.0530222882163314e-13,Inf
2,149,1800.0,2.023071256023415e-16,1.9413560883105285e-13,Inf
2,150,1800.0,1.8916222972021756e-16,1.89448936355092e-13,Inf
2,151,1800.0,2.051840057114184e-16,1.9434647517065872e-13,Inf
2,152,1800.0,1.9440982086566595e-16,1.900215448564038e-13,Inf
2,153,1800.0,2.041739338880615e-16,1.986206590464224e-13,Inf
2,154,1800.0,2.0328618479715792e-16,1.9310031847604932e-13,Inf
2,155,1800.0,1.9981603801486317e-16,1.9170374459183116e-13,Inf
2,156,1800.0,2.026629893443401e-16,1.9504312621274082e-13,Inf
2,157,1800.0,1.9163684984523562e-16,1.8966543362597203e-13,Inf
2,158,1800.0,2.0820395188400474e-16,1.9646531041308545e-13,Inf
2,159,1800.0,2.032099652175998e-16,1.961776222609259e-13,Inf
2,160,1800.0,1.8752400545506901e-16,1.884753462492661e-13,Inf
2,161,1800.0,1.8983659583350941e-16,1.889927051280592e-13,Inf
2,162,1800.0,2.0157958766178126e-16,1.9194239675382534e-13,Inf
2,163,1800.0,2.0116674597127618e-16,1.9232248675232748e-13,Inf
2,164,1800.0,2.0317941681948992e-16,1.9403062067050862e-13,Inf
2,165,1800.0,2.0773727036712186e-16,1.9520130023782476e-13,Inf
2,166,1800.0,2.03100866613269e-16,1.931728703335484e-13,Inf
2,167,1800.0,2.034867122100856e-16,1.9963442380450844e-13,Inf
2,168,1800.0,2.0181394435123063e-16,1.9242165374684736e-13,Inf
2,169,1800.0,1.9070899881629417e-16,1.9320452808714804e-13,Inf
2,170,1800.0,1.8632559095793985e-16,1.9021989811221134e-13,Inf
2,171,1800.0,1.797326883418031e-16,1.8834377975295384e-13,Inf
2,172,1800.0,2.0854857759884552e-16,1.9563221991010777e-13,Inf
2,173,1800.0,1.8927616508877258e-16,1.8992935531770493e-13,Inf
2,174,1800.0,1.859781353992041e-16,1.8849468533072058e-13,Inf
2,175,1800.0,1.9840808553167998e-16,1.9171494542821115e-13,Inf
2,176,1800.0,2.0955204481400006e-16,1.9574714899742205e-13,Inf
2,177,1800.0,1.925508933602668e-16,1.9234401708383831e-13,Inf
2,178,1800.0,2.0141052302119227e-16,1.9193846019731985e-13,Inf
2,179,1800.0,2.035655204371586e-16,1.9316514567352258e-13,Inf
2,180,1800.0,1.9794608633858485e-16,1.9081386616276305e-13,Inf
2,181,1800.0,2.0305569545273179e-16,1.9281767771811113e-13,Inf
2,182,1800.0,1.7718904170130811e-16,1.872322089825795e-13,Inf
2,183,1800.0,1.9131220794175377e-16,1.8927088274594444e-13,Inf
2,184,1800.0,2.0728266921143413e-16,1.9554020164574132e-13,Inf
2,185,1800.0,1.8486039247575745e-16,1.8992213865135974e-13,Inf
2,186,1800.0,1.9984651095957605e-16,1.9176268126438371e-13,Inf
2,187,1800.0,2.0450690116988192e-16,1.974744855095939e-13,Inf
2,188,1800.0,2.349286129464999e-16,2.2602730024206312e-13,Inf
2,189,1800.0,2.314444102184321e-16,2.2290490986717524e-13,Inf
2,190,1800.0,2.7778464315849287e-16,2.736541022441021e-13,Inf
2,191,1800.0,2.0941827621718208e-16,2.053210486642886e-13,Inf
2,192,1800.0,1.859020279898102e-16,1.884826571873134e-13,Inf
2,193,1800.0,1.9694303837939871e-16,1.9057757801011055e-13,Inf
2,194,1800.0,2.0314948142052654e-16,1.9274523851754198e-13,Inf
2,195,1800.0,1.0544712924187616e-16,1.069030478093057e-13,Inf
2,196,1800.0,2.0418658628026888e-16,1.988937035772297e-13,Inf
2,197,1800.0,2.0336367323562694e-16,1.9408349563561472e-13,Inf
2,198,1800.0,1.8081865350400802e-16,1.8791391091403515e-13,Inf
2,199,1800.0,1.8962892849013214e-16,1.9259290230012162e-13,Inf
2,200,1800.0,1.9640230745622115e-16,1.9664606453517743e-13,Inf
2,201,1800.0,1.8311712678496053e-16,1.8811453329227605e-13,Inf
2,202,1800.0,2.041854599122052e-16,1.965915373032634e-13,Inf
2,203,1800.0,1.983502978759436e-16,1.978820510940339e-13,Inf
2,204,1800.0,1.9057188817039166e-16,1.9312894631109928e-13,Inf
2,205,1800.0,1.9653472363025663e-16,1.9672927638199784e-13,Inf
2,206,1800.0,1.8541581671677879e-16,1.902911380322481e-13,Inf
2,207,1800.0,1.9167667540357078e-16,1.9376887132405421e-13,Inf
2,208,1800.0,2.036744706173227e-16,2.0138865086107433e-13,Inf
2,209,1800.0,1.9556389900382216e-16,1.9026648343555006e-13,Inf
2,210,1800.0,1.0544712924187616e-16,1.069030478093057e-13,Inf
2,211,1800.0,2.0370946195724556e-16,1.9288956169089947e-13,Inf
2,212,1800.0,1.7842852531326642e-16,1.876034664616379e-13,Inf
2,213,1800.0,2.053748046530104e-16,1.933131483010036e-13,Inf
2,214,1800.0,2.0274479811844658e-16,1.9266306138392685e-13,Inf
2,215,1800.0,2.073349097725257e-16,1.942227967242482e-13,Inf
2,216,1800.0,2.0338091659743978e-16,1.9284742635130433e-13,Inf
2,217,1800.0,1.9264599695218266e-16,1.8965824019460775e-13,Inf
2,218,1800.0,2.0450997025905783e-16,1.9817662699714864e-13,Inf
2,219,1800.0,2.0963715340183063e-16,1.9707763588581639e-13,Inf
2,220,1800.0,1.9590917958726463e-16,1.9120367193900515e-13,Inf
2,221,1800.0,1.7454284132986502e-16,1.841011590573327e-13,Inf
2,222,1800.0,1.7597322524179276e-16,1.8448679532692878e-13,Inf
2,223,1800.0,1.9502180007264643e-16,1.9557843855617443e-13,Inf
2,224,1800.0,2.1816378925567077e-16,2.1135550854531677e-13,Inf
2,225,1800.0,1.9217075611340616e-16,1.9385182191280453e-13,Inf
2,226,1800.0,1.8136585485072857e-16,1.8831816276656766e-13,Inf
2,227,1800.0,2.0100487623100938e-16,1.916857435528322e-13,Inf
2,228,1800.0,1.9808785084178127e-16,1.9463505176171067e-13,Inf
2,229,1800.0,1.9048664530457631e-16,1.928603975196969e-13,Inf
2,230,1800.0,1.9908145314467232e-16,1.9812325543985174e-13,Inf
2,231,1800.0,1.8648973562013189e-16,1.9067572423325646e-13,Inf
2,232,1800.0,1.9317212889636974e-16,1.91978272913432e-13,Inf
2,233,1800.0,1.7793350510460086e-16,1.8721788685436814e-13,Inf
2,234,1800.0,2.2002234144945021e-16,2.0743128558958292e-13,Inf
2,235,1800.0,1.8098339824658172e-16,1.8850893475522584e-13,Inf
2,236,1800.0,1.8427329669064916e-16,1.8947503197700043e-13,Inf
2,237,1800.0,2.0390517354830017e-16,1.9343703491050389e-13,Inf
2,238,1800.0,2.0183464175957586e-16,1.963095220424336e-13,Inf
2,239,1800.0,2.0376325191504286e-16,1.9344713962898093e-13,Inf
2,240,1800.0,1.824736411254664e-16,1.884781172066533e-13,Inf
2,241,1800.0,2.0412139396761024e-16,1.9304710318789394e-13,Inf
2,242,1800.0,1.7950869829327958e-16,1.8798873741313411e-13,Inf
2,243,1800.0,1.8998414997434785e-16,1.8930363159394412e-13,Inf
2,244,1800.0,2.1614520874060195e-16,2.1015337802916663e-13,Inf
2,245,1800.0,1.9999175796655956e-16,1.9894442937243248e-13,Inf
2,246,1800.0,2.1847379106107145e-16,2.1188293551490848e-13,Inf
2,247,1800.0,2.26561151322426e-16,2.1870074896089547e-13,Inf
2,248,1800.0,1.985551736151112e-16,1.9801347540172275e-13,Inf
2,249,1800.0,2.1241425168544142e-16,2.074413847593687e-13,Inf
2,250,1800.0,2.152965755385648e-16,2.0953042526003396e-13,Inf
2,251,1800.0,2.134436824416743e-16,2.081828046486834e-13,Inf
2,252,1800.0,2.433633328884105e-16,2.333759564435845e-13,Inf
2,253,1800.0,2.0405210532082366e-16,1.9481593581305364e-13,Inf
2,254,1800.0,2.082079868881479e-16,1.949997006374999e-13,Inf
2,255,1800.0,2.0718930559590577e-16,1.9428856744914464e-13,Inf
2,256,1800.0,1.9917807884304848e-16,1.9138725253549486e-13,Inf
2,257,1800.0,2.0928819012984988e-16,1.9755233755253108e-13,Inf
2,258,1800.0,2.0403353338618192e-16,2.0260068416056934e-13,Inf
2,259,1800.0,2.041226268656215e-16,2.0495214404552085e-13,Inf
2,260,1800.0,2.045009809336791e-16,1.9790880579254128e-13,Inf
2,261,1800.0,2.0378929609171588e-16,2.046424268396146e-13,Inf
2,262,1800.0,1.970692040507558e-16,1.9083164410599005e-13,Inf
2,263,1800.0,2.0417030718514576e-16,1.9707421751033227e-13,Inf
2,264,1800.0,2.2841689832548854e-16,2.2028638334155891e-13,Inf
2,265,1800.0,1.8997370617767578e-16,1.9278676812828346e-13,Inf
2,266,1800.0,2.355365312002563e-16,2.2656288835556743e-13,Inf
2,267,1800.0,2.2657593244074093e-16,2.1871341972400304e-13,Inf
2,268,1800.0,2.432371753820541e-16,2.3326455633844967e-13,Inf
2,269,1800.0,1.8919584335614557e-16,1.9234956438853736e-13,Inf
2,270,1800.0,2.057087830966129e-16,2.027770040179202e-13,Inf
2,271,1800.0,2.0472478266138933e-16,2.0966877644417642e-13,Inf
2,272,1800.0,2.0334855800571378e-16,1.9278674369501275e-13,Inf
2,273,1800.0,1.9849105694577552e-16,1.9065921165701404e-13,Inf
2,274,1800.0,2.0370490005611685e-16,1.9589118655737053e-13,Inf
2,275,1800.0,2.0456849117519248e-16,2.059474434042366e-13,Inf
2,276,1800.0,2.0370525451280382e-16,1.9445835253137835e-13,Inf
2,277,1800.0,2.0393511484859946e-16,1.939288408858766e-13,Inf
2,278,1800.0,2.0941446392493126e-16,1.9744087633695088e-13,Inf
2,279,1800.0,1.744274807992664e-16,1.8400123963604076e-13,Inf
2,280,1800.0,2.035325468779961e-16,1.997416945514343e-13,Inf
2,281,1800.0,2.0428521028158399e-16,2.0288813369350507e-13,Inf
2,282,1800.0,2.043591751091659e-16,1.9499059292879113e-13,Inf
2,283,1800.0,1.953782673518783e-16,1.9007192238989857e-13,Inf
2,284,1800.0,2.0408082952693649e-16,1.980122294842633e-13,Inf
2,285,1800.0,1.9151006524585542e-16,1.906348316953986e-13,Inf
2,286,1800.0,1.7875480560749066e-16,1.876521170026316e-13,Inf
2,287,1800.0,2.0397008035912106e-16,1.9967161421948887e-13,Inf
2,288,1800.0,2.0421016261013345e-16,1.9503059941549705e-13,Inf
2,289,1800.0,1.8609072386884574e-16,1.9077090616829665e-13,Inf
2,290,1800.0,2.0434639501254537e-16,1.9500577086309573e-13,Inf
2,291,1800.0,1.841853021911081e-16,1.94309986661917e-13,Inf
2,292,1800.0,1.8890666534851634e-16,1.8921901217627866e-13,Inf
2,293,1800.0,1.880933081927146e-16,1.904589208746915e-13,Inf
2,294,1800.0,1.883170982334947e-16,1.9011282600000926e-13,Inf
2,295,1800.0,2.0449318412478694e-16,1.9323056421388135e-13,Inf
2,296,1800.0,1.801005191208238e-16,1.8808614411486413e-13,Inf
2,297,1800.0,2.0896494751740902e-16,2.0574784603877306e-13,Inf
2,298,1800.0,2.0757649736532838e-16,1.944409218839338e-13,Inf
2,299,1800.0,1.847524755951601e-16,1.8995101048814432e-13,Inf
2,300,1800.0,1.896952982752329e-16,1.9016902910394749e-13,Inf
2,301,1800.0,1.9891494288443974e-16,1.911793115796237e-13,Inf
2,302,1800.0,1.8896220360996734e-16,1.9011759064221567e-13,Inf
2,303,1800.0,1.829760968396808e-16,1.8822686817268822e-13,Inf
2,304,1800.0,1.899969022416722e-16,1.9037290031463424e-13,Inf
2,305,1800.0,1.8112506369550563e-16,1.8817688136699926e-13,Inf
2,306,1800.0,1.9414654541178622e-16,1.9008336542846431e-13,Inf
2,307,1800.0,1.8329538112652067e-16,1.8935192852975948e-13,Inf
2,308,1800.0,1.8556132904593225e-16,1.88535786723136e-13,Inf
2,309,1800.0,1.8812655695184776e-16,1.8890909063869617e-13,Inf
2,310,1800.0,1.9964325833198796e-16,1.9133752733908217e-13,Inf
2,311,1800.0,2.0728101060941901e-16,1.9836704970730398e-13,Inf
2,312,1800.0,2.0112824226677021e-16,1.9205331067335912e-13,Inf
2,313,1800.0,1.9157754188532737e-16,1.9055008108856617e-13,Inf
2,314,1800.0,1.9881536878101938e-16,1.9112343859852899e-13,Inf
2,315,1800.0,1.8968913965879507e-16,1.893500046223071e-13,Inf
2,316,1800.0,2.0307326420775308e-16,1.9453264669311358e-13,Inf
2,317,1800.0,2.0128730493585245e-16,1.919537660638181e-13,Inf
2,318,1800.0,2.026454506028888e-16,1.929596054117965e-13,Inf
2,319,1800.0,1.7988086346503516e-16,1.8800057087731265e-13,Inf
2,320,1800.0,1.9045328035632923e-16,1.8924145834581702e-13,Inf
2,321,1800.0,2.0088979187137453e-16,1.9183197684928306e-13,Inf
2,322,1800.0,2.0331380999891122e-16,1.93117157078439e-13,Inf
2,323,1800.0,1.8343609304465954e-16,1.8829599319816638e-13,Inf
2,324,1800.0,1.8350660624030502e-16,1.883043656653078e-13,Inf
2,325,1800.0,1.9186245145242652e-16,1.8955793624004615e-13,Inf
2,326,1800.0,2.0229305491201343e-16,1.923395909471328e-13,Inf
2,327,1800.0,1.9457003661439942e-16,1.9008547141757082e-13,Inf
2,328,1800.0,1.8120190253180837e-16,1.8789791612824216e-13,Inf
2,329,1800.0,1.8029626323506106e-16,1.8822597418200657e-13,Inf
2,330,1800.0,2.0403395849653323e-16,1.9524206706935453e-13,Inf
2,331,1800.0,1.796595395618228e-16,1.8780152492977915e-13,Inf
2,332,1800.0,2.0187739398593717e-16,1.9209077019629098e-13,Inf
2,333,1800.0,2.1045853370132052e-16,2.0626000108797333e-13,Inf
2,334,1800.0,1.874149603180643e-16,1.8895609327618588e-13,Inf
2,335,1800.0,1.9232203816299101e-16,1.9434122310476438e-13,Inf
2,336,1800.0,1.820857845970701e-16,1.8808658543423053e-13,Inf
2,337,1800.0,1.889843721895767e-16,1.9045245619230753e-13,Inf
2,338,1800.0,1.8301832894556105e-16,1.8824779055442261e-13,Inf
2,339,1800.0,1.8129043511125242e-16,1.8867743352022813e-13,Inf
2,340,1800.0,1.83133400812214e-16,1.8953941233830611e-13,Inf
2,341,1800.0,1.857831120478394e-16,1.903535442582326e-13,Inf
2,342,1800.0,2.021728082844549e-16,1.9223686554054317e-13,Inf
2,343,1800.0,1.9168675010461988e-16,1.894514668161292e-13,Inf
2,344,1800.0,1.7861313061006813e-16,1.8775941587009647e-13,Inf
2,345,1800.0,1.9139824192936231e-16,1.8944110801638582e-13,Inf
2,346,1800.0,1.7869687840450682e-16,1.8781165367942e-13,Inf
2,347,1800.0,1.862634104778219e-16,1.9056908472856987e-13,Inf
2,348,1800.0,2.0703689587346868e-16,1.939637004563065e-13,Inf
2,349,1800.0,1.960026230245609e-16,1.9407893440114122e-13,Inf
2,350,1800.0,2.033372667627566e-16,1.9522214640311487e-13,Inf
2,351,1800.0,2.08803653097919e-16,1.9687362169572662e-13,Inf
2,352,1800.0,1.909018217226597e-16,1.8947306348660433e-13,Inf
2,353,1800.0,2.034642757037779e-16,1.9563795985109227e-13,Inf
2,354,1800.0,1.7975365117614501e-16,1.881234532285873e-13,Inf
2,355,1800.0,1.8547077445460612e-16,1.9050012580144824e-13,Inf
2,356,1800.0,2.0380633737185105e-16,1.971562518560009e-13,Inf
2,357,1800.0,2.0399191710919953e-16,1.9565726740947275e-13,Inf
2,358,1800.0,1.9921385893454674e-16,1.9125736517506593e-13,Inf
2,359,1800.0,2.0777992788031853e-16,1.9608619153918907e-13,Inf
2,360,1800.0,1.9939761261876703e-16,1.9125346602260256e-13,Inf
2,361,1800.0,1.8590588460794071e-16,1.8994703850165591e-13,Inf
2,362,1800.0,1.847692208812288e-16,1.8854444193735878e-13,Inf
2,363,1800.0,1.8801644596558793e-16,1.9098919959134594e-13,Inf
2,364,1800.0,2.0273326698887084e-16,1.9251158078865282e-13,Inf
2,365,1800.0,1.7913886586170294e-16,1.880128915933598e-13,Inf
2,366,1800.0,1.9738545134127561e-16,1.9153014935413373e-13,Inf
2,367,1800.0,1.9395011382624745e-16,1.9114846434013195e-13,Inf
2,368,1800.0,2.0886457179156067e-16,2.056028771292406e-13,Inf
2,369,1800.0,2.0370083108874755e-16,1.9404713483485701e-13,Inf
2,370,1800.0,2.048477122052147e-16,1.9663197847004e-13,Inf
2,371,1800.0,1.8520033259517081e-16,1.8843982506809718e-13,Inf
2,372,1800.0,1.9020960104537053e-16,1.9050904119803766e-13,Inf
2,373,1800.0,1.799722945175816e-16,1.88124316070662e-13,Inf
2,374,1800.0,1.8699482134099277e-16,1.908329812554127e-13,Inf
2,375,1800.0,2.037645104772111e-16,1.938972603101138e-13,Inf
2,376,1800.0,2.0834306578901315e-16,1.9486549012535159e-13,Inf
2,377,1800.0,2.0141656915719743e-16,1.9194007605108953e-13,Inf
2,378,1800.0,1.8709893926136628e-16,1.8862811958320327e-13,Inf
2,379,1800.0,1.8792563379613108e-16,1.8853382997741473e-13,Inf
2,380,1800.0,2.0022966521312237e-16,1.9126276622002404e-13,Inf
2,381,1800.0,2.0722902734070117e-16,2.0227018324378117e-13,Inf
2,382,1800.0,1.9225791531421126e-16,1.894883825513518e-13,Inf
2,383,1800.0,2.0718278882217765e-16,1.950795906813704e-13,Inf
2,384,1800.0,1.9080755944012025e-16,1.8930019416350884e-13,Inf
2,385,1800.0,2.0912118219968846e-16,2.0905873839564611e-13,Inf
2,386,1800.0,2.0416403469581584e-16,2.045631589925823e-13,Inf
2,387,1800.0,1.8121026197649296e-16,1.884361501132502e-13,Inf
2,388,1800.0,2.0458690329358204e-16,1.9796977779027954e-13,Inf
2,389,1800.0,2.0484345647746209e-16,2.062579793157174e-13,Inf
2,390,1800.0,2.0948319669349723e-16,2.0030438759360904e-13,Inf
2,391,1800.0,2.0918968974813782e-16,1.9612364254585647e-13,Inf
2,392,1800.0,1.8724778790293205e-16,1.8892483930351145e-13,Inf
2,393,1800.0,1.9755448563507978e-16,1.9093900817171313e-13,Inf
2,394,1800.0,2.0202256394471198e-16,2.0304713025554954e-13,Inf
2,395,1800.0,2.0095108045694693e-16,1.9261668527515935e-13,Inf
2,396,1800.0,1.9427761608328047e-16,1.909648160788875e-13,Inf
2,397,1800.0,2.0404128799462547e-16,1.9801491681425443e-13,Inf
2,398,1800.0,2.0342867016412535e-16,1.9407790741995178e-13,Inf
2,399,1800.0,2.0186089160601936e-16,1.921930999139464e-13,Inf
2,400,1800.0,2.0346358651606652e-16,1.9328898966443762e-13,Inf
2,401,1800.0,2.0220342717522575e-16,1.9248375853766757e-13,Inf
2,402,1800.0,2.0377136093847105e-16,1.9712766351553346e-13,Inf
2,403,1800.0,1.9917736305567944e-16,1.912431516464342e-13,Inf
2,404,1800.0,1.774612501769763e-16,1.8745010892350339e-13,Inf
2,405,1800.0,1.8085235245770418e-16,1.8764654813516363e-13,Inf
2,406,1800.0,2.0072191068938188e-16,1.917259839095191e-13,Inf
2,407,1800.0,1.807881830161488e-16,1.880498368286132e-13,Inf
2,408,1800.0,1.9056469018520682e-16,1.894116775881918e-13,Inf
2,409,1800.0,2.0402638043182812e-16,1.9973434001025342e-13,Inf
2,410,1800.0,2.0401205020174364e-16,1.957080231617997e-13,Inf
2,411,1800.0,1.916024649848836e-16,1.8952181709824323e-13,Inf
2,412,1800.0,1.9434385728983445e-16,1.899943719122317e-13,Inf
2,413,1800.0,1.8308255715869276e-16,1.8804935133666828e-13,Inf
2,414,1800.0,1.8870673069831985e-16,1.89290080513497e-13,Inf
2,415,1800.0,1.9573253036499496e-16,1.9044897636893572e-13,Inf
2,416,1800.0,1.8274392607491407e-16,1.882178902260159e-13,Inf
2,417,1800.0,2.0493047492478199e-16,2.0958730794993252e-13,Inf
2,418,1800.0,2.040328349967678e-16,2.00662241776504e-13,Inf
2,419,1800.0,2.043423233029946e-16,1.988159438240763e-13,Inf
2,420,1800.0,2.085632665576585e-16,1.9709045206508533e-13,Inf
2,421,1800.0,2.0499966108639482e-16,2.0865169334015106e-13,Inf
2,422,1800.0,2.016923834958938e-16,1.9206543801356917e-13,Inf
2,423,1800.0,1.8199074044406902e-16,1.8780605331479004e-13,Inf
2,424,1800.0,2.0171521692050685e-16,1.9240343425360625e-13,Inf
2,425,1800.0,1.8530609871075492e-16,1.880132833655538e-13,Inf
2,426,1800.0,2.0320221912749087e-16,2.0264100307849654e-13,Inf
2,427,1800.0,1.810892667098632e-16,1.8901436572699965e-13,Inf
2,428,1800.0,1.774960297742881e-16,1.8723981584342328e-13,Inf
2,429,1800.0,2.0139826932256806e-16,1.9187741459573166e-13,Inf
2,430,1800.0,1.9164936797652285e-16,1.8943375164075793e-13,Inf
2,431,1800.0,1.9749144278494299e-16,1.9063730028656582e-13,Inf
2,432,1800.0,2.0065390611947873e-16,1.919744111310896e-13,Inf
2,433,1800.0,1.8823702977219651e-16,1.8900580014044212e-13,Inf
2,434,1800.0,2.0555262089754925e-16,1.95209945816421e-13,Inf
2,435,1800.0,2.0228075969746994e-16,1.9375066683045846e-13,Inf
2,436,1800.0,2.0344071313003193e-16,1.9281775317247213e-13,Inf
2,437,1800.0,1.7967640312674215e-16,1.872381920798656e-13,Inf
2,438,1800.0,1.8048062681155282e-16,1.880309251120405e-13,Inf
2,439,1800.0,2.0403185606541892e-16,1.9352639628753458e-13,Inf
2,440,1800.0,2.0232675316540306e-16,1.9383094681000688e-13,Inf
2,441,1800.0,2.0258648506674931e-16,1.9250655489008186e-13,Inf
2,442,1800.0,2.041049065753428e-16,1.9689082398137827e-13,Inf
2,443,1800.0,1.797425630241026e-16,1.8847084581137045e-13,Inf
2,444,1800.0,2.042516117313523e-16,1.9371435098184133e-13,Inf
2,445,1800.0,1.8515279170758148e-16,1.9033374990121765e-13,Inf
2,446,1800.0,1.985505775724359e-16,1.9124453200123135e-13,Inf
2,447,1800.0,1.9852292298332934e-16,1.9125470845065715e-13,Inf
2,448,1800.0,2.0335273415411228e-16,1.9287533157520927e-13,Inf
2,449,1800.0,1.9727076324013022e-16,1.9094271547298236e-13,Inf
2,450,1800.0,1.8293994858952437e-16,1.8949099284656703e-13,Inf
2,451,1800.0,2.208516316529201e-16,2.1391238514979114e-13,Inf
2,452,1800.0,1.8084186810916397e-16,1.8875138636092842e-13,Inf
2,453,1800.0,1.8006909352761316e-16,1.8819817833858714e-13,Inf
2,454,1800.0,1.836370015376608e-16,1.8957530185240247e-13,Inf
2,455,1800.0,1.865532166761654e-16,1.8898317333418881e-13,Inf
2,456,1800.0,1.8113830247983073e-16,1.884935580219641e-13,Inf
2,457,1800.0,1.827106999344804e-16,1.8803163924817988e-13,Inf
2,458,1800.0,1.8970390549761897e-16,1.9233255292084917e-13,Inf
2,459,1800.0,2.0268437360680732e-16,1.9291341333573132e-13,Inf
2,460,1800.0,1.8849819251409747e-16,1.887635075472946e-13,Inf
2,461,1800.0,1.8758924299318647e-16,1.8997759589278814e-13,Inf
2,462,1800.0,1.829352216024769e-16,1.8896867514036604e-13,Inf
2,463,1800.0,1.7944022092457848e-16,1.874120075258865e-13,Inf
2,464,1800.0,1.8287244984296393e-16,1.8871809697844275e-13,Inf
2,465,1800.0,1.925948660915462e-16,1.8950537652271778e-13,Inf
2,466,1800.0,1.987024940288075e-16,1.982994162158954e-13,Inf
2,467,1800.0,2.026738979972556e-16,2.0208548137806443e-13,Inf
2,468,1800.0,1.821306931698943e-16,1.8929813891641207e-13,Inf
2,469,1800.0,2.020750752230753e-16,1.92536949748542e-13,Inf
2,470,1800.0,2.028089950140023e-16,1.9403868729894275e-13,Inf
2,471,1800.0,1.9030315434238995e-16,1.903922392804218e-13,Inf
2,472,1800.0,2.036165705978041e-16,1.9827602672296258e-13,Inf
2,473,1800.0,2.0658736029157773e-16,2.071290081242899e-13,Inf
2,474,1800.0,2.0339801150062848e-16,1.9900541727766532e-13,Inf
2,475,1800.0,2.0685356786692322e-16,1.941069950717535e-13,Inf
2,476,1800.0,2.0308481954518546e-16,2.0026677052439328e-13,Inf
2,477,1800.0,2.0555605896711133e-16,1.9392255919099834e-13,Inf
2,478,1800.0,1.8532444408027852e-16,1.8837298354405413e-13,Inf
2,479,1800.0,1.870034841899876e-16,1.8888069857400929e-13,Inf
2,480,1800.0,2.039746730220133e-16,1.9493115923932248e-13,Inf
2,481,1800.0,1.883187064978032e-16,1.89019258673796e-13,Inf
2,482,1800.0,1.9333525035755058e-16,1.9101751309548535e-13,Inf
2,483,1800.0,1.9033650665982536e-16,1.9321019114147983e-13,Inf
2,484,1800.0,2.058722863998186e-16,1.9380797508434044e-13,Inf
2,485,1800.0,1.9644548876879273e-16,1.9044329829024058e-13,Inf
2,486,1800.0,2.072342463200499e-16,1.9432225518982778e-13,Inf
2,487,1800.0,1.9053842364368978e-16,1.9047596433160477e-13,Inf
2,488,1800.0,1.9442465042998645e-16,1.9017251142240192e-13,Inf
2,489,1800.0,2.0278358667310284e-16,1.9242051310406078e-13,Inf
2,490,1800.0,2.0368333019252582e-16,1.9489586611637567e-13,Inf
2,491,1800.0,1.9220989419178128e-16,1.8964300276619002e-13,Inf
2,492,1800.0,2.0380782280402901e-16,1.9915603073329135e-13,Inf
2,493,1800.0,2.0134394765838425e-16,2.0000036014125916e-13,Inf
2,494,1800.0,1.8913989144408145e-16,1.8915898356318854e-13,Inf
2,495,1800.0,1.8627100721568505e-16,1.9106630253176436e-13,Inf
2,496,1800.0,1.9516269910450256e-16,1.902782917915622e-13,Inf
2,497,1800.0,2.0392344773359053e-16,1.9456915931144762e-13,Inf
2,498,1800.0,2.0043529669075593e-16,1.9174622682889995e-13,Inf
2,499,1800.0,2.0403027469286118e-16,1.9852311955408673e-13,Inf
2,500,1800.0,1.9545880550154006e-16,1.9048925311728027e-13,Inf
2,501,1800.0,2.026819167666911e-16,1.925788497433092e-13,Inf
2,502,1800.0,2.0228326132047507e-16,1.923130329433221e-13,Inf
2,503,1800.0,1.9286103279122452e-16,1.9012433597577178e-13,Inf
2,504,1800.0,1.9783434188457954e-16,1.9121164938753068e-13,Inf
2,505,1800.0,1.963989283439017e-16,1.9077763588829502e-13,Inf
2,506,1800.0,1.9532504624120012e-16,1.903600840470924e-13,Inf
2,507,1800.0,1.8580242474359609e-16,1.8868429114270989e-13,Inf
2,508,1800.0,2.0407441953993334e-16,2.0430321100414833e-13,Inf
2,509,1800.0,2.041201165284423e-16,1.9934514397640803e-13,Inf
2,510,1800.0,2.0395061695447979e-16,2.0302441797141698e-13,Inf
2,511,1800.0,1.9926888685466562e-16,1.9134483605458863e-13,Inf
2,512,1800.0,2.027356380454502e-16,1.9650089644726895e-13,Inf
2,513,1800.0,2.0233611849498351e-16,1.931322091138567e-13,Inf
2,514,1800.0,1.9817301512099556e-16,1.912517158667993e-13,Inf
2,515,1800.0,2.0237151566913223e-16,1.9236359410951542e-13,Inf
2,516,1800.0,1.9804584463029806e-16,1.9125614226609155e-13,Inf
2,517,1800.0,2.0788010057121706e-16,1.9509997221449572e-13,Inf
2,518,1800.0,2.0408398126737923e-16,1.97462608594495e-13,Inf
2,519,1800.0,2.0400442650518384e-16,2.0110251786714167e-13,Inf
2,520,1800.0,1.9088844644729837e-16,1.8968813405803827e-13,Inf
2,521,1800.0,1.993418472950262e-16,1.9123065251312185e-13,Inf
2,522,1800.0,2.0196398999420335e-16,1.9238065559020374e-13,Inf
2,523,1800.0,2.0424789781725077e-16,2.0521921705203873e-13,Inf
2,524,1800.0,2.0724243345012355e-16,1.9457507343308773e-13,Inf
2,525,1800.0,2.0280518120193837e-16,1.9310031562377375e-13,Inf
2,526,1800.0,2.0404665238532333e-16,1.949217811783771e-13,Inf
2,527,1800.0,2.035344663640371e-16,1.9476423925609772e-13,Inf
2,528,1800.0,2.0408894813847041e-16,1.953509022331337e-13,Inf
2,529,1800.0,1.7982024041015697e-16,1.8813822586627894e-13,Inf
2,530,1800.0,1.9856316861080336e-16,1.9191671281504648e-13,Inf
2,531,1800.0,1.8855717342295244e-16,1.9029651274994303e-13,Inf
2,532,1800.0,1.7874148698973513e-16,1.8791397472444256e-13,Inf
2,533,1800.0,2.0401135574426471e-16,2.0099103064646797e-13,Inf
2,534,1800.0,2.0396781429838833e-16,1.9505540474348159e-13,Inf
2,535,1800.0,2.0168359849334026e-16,1.9232064794065574e-13,Inf
2,536,1800.0,2.0478420534562933e-16,1.9529416614190726e-13,Inf
2,537,1800.0,2.0339026638492055e-16,1.9320178636870704e-13,Inf
2,538,1800.0,2.0631452319936184e-16,1.9940592362234256e-13,Inf
2,539,1800.0,2.0239152318948479e-16,1.9372706637001568e-13,Inf
2,540,1800.0,2.0212326009881708e-16,1.9255498773377493e-13,Inf
2,541,1800.0,1.8759617043851124e-16,1.8890067083763258e-13,Inf
2,542,1800.0,1.8734664370586184e-16,1.8839918242837032e-13,Inf
2,543,1800.0,1.985613004160188e-16,1.9121331275858986e-13,Inf
2,544,1800.0,1.9255413923948246e-16,1.893228985750162e-13,Inf
2,545,1800.0,1.9737624103250607e-16,1.9071155162775807e-13,Inf
2,546,1800.0,2.0451912167541018e-16,1.935549950910543e-13,Inf
2,547,1800.0,1.8727206575614685e-16,1.8842754182227235e-13,Inf
2,548,1800.0,2.0907570052355655e-16,1.9526733005274074e-13,Inf
2,549,1800.0,1.8310273860974828e-16,1.8937864839037807e-13,Inf
2,550,1800.0,1.9918023929981748e-16,1.9126525611263952e-13,Inf
2,551,1800.0,2.0430570544798025e-16,1.9465968172808524e-13,Inf
2,552,1800.0,1.9733282679377018e-16,1.908136733335417e-13,Inf
2,553,1800.0,2.0385299120052383e-16,1.9326382454115002e-13,Inf
2,554,1800.0,1.8179809626558953e-16,1.8821200526724737e-13,Inf
2,555,1800.0,2.0884766392343034e-16,2.0270814707611396e-13,Inf
2,556,1800.0,1.9559388766046395e-16,1.9166683881875685e-13,Inf
2,557,1800.0,1.947603184000875e-16,1.906451984149129e-13,Inf
2,558,1800.0,1.8772374874038313e-16,1.8902773844166506e-13,Inf
2,559,1800.0,2.03107673803148e-16,1.9320475503344203e-13,Inf
2,560,1800.0,1.9607281741558945e-16,1.9138004555012716e-13,Inf
2,561,1800.0,2.0135490631980523e-16,1.9192088033847027e-13,Inf
2,562,1800.0,2.0424592188214093e-16,1.9564681915693122e-13,Inf
2,563,1800.0,1.9719312331580542e-16,1.9083921427588074e-13,Inf
2,564,1800.0,2.0433948492450816e-16,1.9692126799213028e-13,Inf
2,565,1800.0,2.0398524035271278e-16,1.9748780432542268e-13,Inf
2,566,1800.0,1.8385103091448684e-16,1.8989803147718568e-13,Inf
2,567,1800.0,2.0747562223420867e-16,2.0196600306540618e-13,Inf
2,568,1800.0,2.0756051660399529e-16,1.962440951885479e-13,Inf
2,569,1800.0,1.8065875855029482e-16,1.8814021299858747e-13,Inf
2,570,1800.0,2.033361688125172e-16,1.9471325592533375e-13,Inf
2,571,1800.0,2.0360344391149715e-16,1.9598749628736845e-13,Inf
2,572,1800.0,1.7979098859539246e-16,1.8969194363934254e-13,Inf
2,573,1800.0,2.034045233982622e-16,2.040653152296057e-13,Inf
2,574,1800.0,2.0279951332211194e-16,1.970657442069411e-13,Inf
2,575,1800.0,2.061187969921914e-16,2.0982478035177775e-13,Inf
2,576,1800.0,1.811647614811186e-16,1.8821465949118702e-13,Inf
2,577,1800.0,2.019149104644427e-16,1.9282143273445222e-13,Inf
2,578,1800.0,2.016934892335661e-16,1.9293889195398975e-13,Inf
2,579,1800.0,1.9909220524244875e-16,1.9131788632445614e-13,Inf
2,580,1800.0,2.022442684905777e-16,1.9214056127275594e-13,Inf
2,581,1800.0,2.0208497645247536e-16,1.9218222530435952e-13,Inf
2,582,1800.0,2.0436850645146312e-16,2.009330316486314e-13,Inf
2,583,1800.0,2.0269356057311957e-16,1.92500089082369e-13,Inf
2,584,1800.0,1.8496169400795637e-16,1.8849441482998493e-13,Inf
2,585,1800.0,1.8513935738480758e-16,1.8962759564122858e-13,Inf
2,586,1800.0,1.8347378101425573e-16,1.8950465375901676e-13,Inf
2,587,1800.0,1.8962344935283772e-16,1.903079851421875e-13,Inf
2,588,1800.0,1.991322994863791e-16,1.9130094038804887e-13,Inf
2,589,1800.0,2.0364597872390547e-16,1.9280538829693692e-13,Inf
2,590,1800.0,1.8811693781915788e-16,1.8863583502598888e-13,Inf
2,591,1800.0,2.070513722611016e-16,1.9434166350523291e-13,Inf
2,592,1800.0,2.0570144910221545e-16,1.938658291660527e-13,Inf
2,593,1800.0,2.095847662996149e-16,1.9698389456540017e-13,Inf
2,594,1800.0,2.0106615659104708e-16,1.965242134884736e-13,Inf
2,595,1800.0,2.0463023459211345e-16,1.9473620285229752e-13,Inf
2,596,1800.0,2.0657807151523047e-16,1.9374817626792347e-13,Inf
2,597,1800.0,2.041428177310819e-16,1.9778869968941843e-13,Inf
2,598,1800.0,2.0383145456577362e-16,1.9732833370802835e-13,Inf
2,599,1800.0,2.0416268542686137e-16,1.9635724476955047e-13,Inf
2,600,1800.0,2.045211351336924e-16,2.0670091125494678e-13,Inf
2,601,1800.0,2.0339784716325668e-16,1.9322280589904365e-13,Inf
2,602,1800.0,2.0961537660245466e-16,1.9730867808798e-13,Inf
2,603,1800.0,2.0406573371933418e-16,1.9542966066787664e-13,Inf
2,604,1800.0,2.050957670850494e-16,2.0804050263506932e-13,Inf
2,605,1800.0,1.9159688677827152e-16,1.8930807302686685e-13,Inf
2,606,1800.0,2.0465102912483662e-16,1.9426483016962796e-13,Inf
2,607,1800.0,1.9432205412238514e-16,1.897258269589707e-13,Inf
2,608,1800.0,2.0824848752337874e-16,2.0633760222783625e-13,Inf
2,609,1800.0,2.0419814464344353e-16,2.0349082281523422e-13,Inf
2,610,1800.0,2.0907691771843953e-16,1.970824915609736e-13,Inf
2,611,1800.0,2.034446715181107e-16,1.939826365800128e-13,Inf
2,612,1800.0,2.025869319923737e-16,1.9266532290796307e-13,Inf
2,613,1800.0,2.0285602392106965e-16,1.9297906162416375e-13,Inf
2,614,1800.0,2.0374376193626515e-16,1.9616474208460488e-13,Inf
2,615,1800.0,2.0378566759347893e-16,1.9403515554233202e-13,Inf
2,616,1800.0,1.9653521126655633e-16,1.9160591746572386e-13,Inf
2,617,1800.0,1.9769730335772938e-16,1.917168679008043e-13,Inf
2,618,1800.0,1.989231552277196e-16,1.9121826276206366e-13,Inf
2,619,1800.0,1.9497735857959317e-16,1.9132627036350878e-13,Inf
2,620,1800.0,1.9175406882128252e-16,1.9080926011151055e-13,Inf
2,621,1800.0,2.0303752054749224e-16,1.9265599199839456e-13,Inf
2,622,1800.0,2.0127896352533594e-16,1.9190878527689656e-13,Inf
2,623,1800.0,2.0850724809249214e-16,1.9572479138799564e-13,Inf
2,624,1800.0,2.084815123135558e-16,1.9548261065649316e-13,Inf
2,625,1800.0,2.0451358297416969e-16,1.9954564678649274e-13,Inf
2,626,1800.0,2.093238166455537e-16,1.9812926041834444e-13,Inf
2,627,1800.0,2.0399751000329095e-16,1.9818789754077314e-13,Inf
2,628,1800.0,2.0423812542234181e-16,1.96508942197347e-13,Inf
2,629,1800.0,2.0883482837099888e-16,2.025056363207131e-13,Inf
2,630,1800.0,1.9281490051512457e-16,1.909692783593359e-13,Inf
2,631,1800.0,2.022175679477042e-16,1.9298596857536426e-13,Inf
2,632,1800.0,2.0844360597923358e-16,1.9556526075571922e-13,Inf
2,633,1800.0,2.0354069714653078e-16,1.9767255177699604e-13,Inf
2,634,1800.0,2.0251940230247287e-16,2.0371346163874603e-13,Inf
2,635,1800.0,2.041998615481613e-16,2.0686410172054972e-13,Inf
2,636,1800.0,2.0225578888558668e-16,2.0340037932631163e-13,Inf
2,637,1800.0,2.0478273882720567e-16,1.951098003199848e-13,Inf
2,638,1800.0,2.0542380328906108e-16,2.098524470261154e-13,Inf
2,639,1800.0,2.0408507335311306e-16,2.0006444791171896e-13,Inf
2,640,1800.0,2.0500271480421841e-16,2.0910994568969643e-13,Inf
2,641,1800.0,2.050110743395021e-16,2.067654358170473e-13,Inf
2,642,1800.0,1.9452356569255598e-16,1.902362135974401e-13,Inf
2,643,1800.0,2.0484994226374935e-16,1.9656401182833511e-13,Inf
2,644,1800.0,1.925576923753759e-16,1.8990152112622355e-13,Inf
2,645,1800.0,2.0486999625659203e-16,1.9976713123021017e-13,Inf
2,646,1800.0,2.0139298981282397e-16,1.9193264551175812e-13,Inf
2,647,1800.0,2.0454216241784405e-16,1.96554630628976e-13,Inf
2,648,1800.0,2.081345626196884e-16,2.0401656554312102e-13,Inf
2,649,1800.0,2.0971976613664979e-16,1.989896305253461e-13,Inf
2,650,1800.0,2.0456469986280472e-16,2.0211842639531692e-13,Inf
2,651,1800.0,2.0462864954343865e-16,1.9471470627100188e-13,Inf
2,652,1800.0,2.047621087556234e-16,1.9478302989247829e-13,Inf
2,653,1800.0,2.0937334141817852e-16,1.9566547393566084e-13,Inf
2,654,1800.0,2.043771507175961e-16,1.9370619616594508e-13,Inf
2,655,1800.0,2.0381812521350182e-16,1.9958281590170431e-13,Inf
2,656,1800.0,2.0581328424382188e-16,2.1028852249346353e-13,Inf
2,657,1800.0,2.0858421651223685e-16,2.0092160223527e-13,Inf
2,658,1800.0,2.036448306642621e-16,2.0795441927103734e-13,Inf
2,659,1800.0,2.0280245166035698e-16,2.0356847037243963e-13,Inf
2,660,1800.0,2.0870801165965345e-16,1.9730708111964075e-13,Inf
2,661,1800.0,2.0905428758583135e-16,2.0143157651965979e-13,Inf
2,662,1800.0,2.0613672096362952e-16,1.9474756345774293e-13,Inf
2,663,1800.0,2.0403610142632754e-16,2.0046865806157902e-13,Inf
2,664,1800.0,2.0721312048674917e-16,2.0259848803847297e-13,Inf
2,665,1800.0,2.0895044061348085e-16,1.9555523870619032e-13,Inf
2,666,1800.0,2.0382248983859252e-16,1.9295848332284507e-13,Inf
2,667,1800.0,2.0471254091202622e-16,1.9908361293554054e-13,Inf
2,668,1800.0,1.9800800192872764e-16,1.909799598127563e-13,Inf
2,669,1800.0,2.0856072379642806e-16,1.9949853283366451e-13,Inf
2,670,1800.0,2.0430233728239958e-16,1.9414370869710458e-13,Inf
2,671,1800.0,2.078640473094016e-16,1.952200436659355e-13,Inf
2,672,1800.0,1.988190185909711e-16,1.9119415563783275e-13,Inf
2,673,1800.0,2.095996590234716e-16,1.9674622853044372e-13,Inf
2,674,1800.0,2.0953407667743317e-16,1.984978333062758e-13,Inf
2,675,1800.0,2.0913943658898772e-16,2.0775861397453067e-13,Inf
2,676,1800.0,1.8856186346697476e-16,1.8901195293117588e-13,Inf
2,677,1800.0,1.8511495960322767e-16,1.900706421840052e-13,Inf
2,678,1800.0,2.0486969917576555e-16,1.9487273441196248e-13,Inf
2,679,1800.0,2.095309702649128e-16,1.9668119618400993e-13,Inf
2,680,1800.0,2.0436708672501194e-16,1.9975675219428756e-13,Inf
2,681,1800.0,2.0966130333906609e-16,1.9594726999256493e-13,Inf
2,682,1800.0,1.9932215598960536e-16,1.9217582988401185e-13,Inf
2,683,1800.0,2.0870529640372459e-16,1.9637392053945065e-13,Inf
2,684,1800.0,2.0969621684507478e-16,1.988135258985583e-13,Inf
2,685,1800.0,2.0945788836163179e-16,1.9608852092943805e-13,Inf
2,686,1800.0,2.0474591047913594e-16,2.0118964506157044e-13,Inf
2,687,1800.0,2.0936031654887381e-16,2.0235966747033864e-13,Inf
2,688,1800.0,2.0608622391150769e-16,2.1051967203606778e-13,Inf
2,689,1800.0,2.0899866976759397e-16,2.0195508032965405e-13,Inf
2,690,1800.0,2.0458055688909602e-16,2.060121028475012e-13,Inf
2,691,1800.0,2.0453968263227583e-16,2.013590012268216e-13,Inf
2,692,1800.0,2.066789193619865e-16,1.9420099964628466e-13,Inf
2,693,1800.0,2.0470831047482606e-16,1.9875801481752596e-13,Inf
2,694,1800.0,2.081496247300306e-16,2.0390853550350819e-13,Inf
2,695,1800.0,2.040140318536843e-16,1.9899100562795068e-13,Inf
2,696,1800.0,1.981761568366444e-16,1.9105050530657036e-13,Inf
2,697,1800.0,2.029770796987582e-16,1.93233452344136e-13,Inf
2,698,1800.0,2.033855895601875e-16,1.9328807486854775e-13,Inf
2,699,1800.0,2.0420530129585104e-16,2.0684604410632528e-13,Inf
2,700,1800.0,1.9385232332824613e-16,1.9007600209994404e-13,Inf
2,701,1800.0,1.896065695241561e-16,1.8926697006262916e-13,Inf
2,702,1800.0,2.0479001248765306e-16,1.9472326598638445e-13,Inf
2,703,1800.0,1.8213032503847393e-16,1.8893441931597734e-13,Inf
2,704,1800.0,2.0500291932247916e-16,2.093043621350093e-13,Inf
2,705,1800.0,2.043895122881907e-16,1.9919870128076367e-13,Inf
2,706,1800.0,1.8871535024970572e-16,1.8903445499563652e-13,Inf
2,707,1800.0,2.0831532255599794e-16,1.9588209478807912e-13,Inf
2,708,1800.0,2.0848529942612383e-16,1.9550653360136452e-13,Inf
2,709,1800.0,1.9272694379141859e-16,1.9095537176188525e-13,Inf
2,710,1800.0,1.935616701025342e-16,1.9376576347070778e-13,Inf
2,711,1800.0,2.0177135315139822e-16,1.9177534035109874e-13,Inf
2,712,1800.0,1.8079492341298563e-16,1.8808822999002187e-13,Inf
2,713,1800.0,1.809962125762062e-16,1.8871148084807724e-13,Inf
2,714,1800.0,1.9291659252718593e-16,1.9459214800353309e-13,Inf
2,715,1800.0,2.0659811312472399e-16,2.0342586264973674e-13,Inf
2,716,1800.0,1.9735820570457905e-16,1.9741089717982181e-13,Inf
2,717,1800.0,1.8396770081635836e-16,1.8995550164022434e-13,Inf
2,718,1800.0,1.9890797661849989e-16,1.9827325645945818e-13,Inf
2,719,1800.0,2.1343927313840492e-16,2.0393199017949287e-13,Inf
2,720,1800.0,2.024629678378569e-16,1.9822098923512804e-13,Inf
2,721,1800.0,1.8525232407735694e-16,1.904120820352152e-13,Inf
2,722,1800.0,1.989962552749529e-16,1.9162049266708931e-13,Inf
2,723,1800.0,1.944478267106388e-16,1.9046406649549978e-13,Inf
2,724,1800.0,2.0329475999196794e-16,1.9374845386198468e-13,Inf
2,725,1800.0,2.0353099059421914e-16,1.943914398200151e-13,Inf
2,726,1800.0,2.0796054968059597e-16,2.088615150249923e-13,Inf
2,727,1800.0,2.0244336458049598e-16,1.9615112994178561e-13,Inf
2,728,1800.0,2.0847331410974306e-16,2.0180163693578138e-13,Inf
2,729,1800.0,1.9609471172290332e-16,1.9094404518841903e-13,Inf
2,730,1800.0,2.0295190853788923e-16,1.9903266974445458e-13,Inf
2,731,1800.0,1.857693594847681e-16,1.888936430645718e-13,Inf
2,732,1800.0,2.099662010904894e-16,2.1203331164351062e-13,Inf
2,733,1800.0,2.0391186265304755e-16,1.957230952321959e-13,Inf
2,734,1800.0,2.0450950741586121e-16,1.96919808774505e-13,Inf
2,735,1800.0,1.9985408595405976e-16,1.9155735081275883e-13,Inf
2,736,1800.0,1.9761870550494087e-16,1.9181819256273809e-13,Inf
2,737,1800.0,2.0833430237885738e-16,2.0276276521731562e-13,Inf
2,738,1800.0,2.0381609303074142e-16,2.0106519002775328e-13,Inf
2,739,1800.0,2.0794636582957206e-16,2.0279803746715414e-13,Inf
2,740,1800.0,2.030690107594677e-16,1.928924535575312e-13,Inf
2,741,1800.0,2.014963791364944e-16,1.9197139601295887e-13,Inf
2,742,1800.0,2.0392819071999934e-16,2.0681330336695865e-13,Inf
2,743,1800.0,2.037613642273665e-16,2.0632995231092368e-13,Inf
2,744,1800.0,2.0307974876379598e-16,1.9577164775541797e-13,Inf
2,745,1800.0,2.034168918888961e-16,2.0013972835129997e-13,Inf
2,746,1800.0,2.0835880928160993e-16,2.0597249570919067e-13,Inf
2,747,1800.0,1.8137534520193878e-16,1.88748868633673e-13,Inf
2,748,1800.0,2.0138175421477713e-16,1.9203965304188893e-13,Inf
2,749,1800.0,2.0335531898591326e-16,1.9547044782226925e-13,Inf
2,750,1800.0,2.0306925112051351e-16,1.9548776339369653e-13,Inf
2,751,1800.0,2.051814881017242e-16,2.0899923777786807e-13,Inf
2,752,1800.0,2.0626968084314337e-16,1.9637379235156739e-13,Inf
2,753,1800.0,2.0601392597122706e-16,2.108256022390676e-13,Inf
2,754,1800.0,2.0423515957084983e-16,1.9692513031359314e-13,Inf
2,755,1800.0,2.0328434852382552e-16,1.930522367978424e-13,Inf
2,756,1800.0,2.0206282268684078e-16,1.927627058785861e-13,Inf
2,757,1800.0,1.958756546281881e-16,1.9034197474457197e-13,Inf
2,758,1800.0,2.0320196522732e-16,1.9572515010520534e-13,Inf
2,759,1800.0,2.0601154358675656e-16,2.0226516968488188e-13,Inf
2,760,1800.0,1.8527919389619966e-16,1.904623875037097e-13,Inf
2,761,1800.0,2.0209909224623492e-16,1.9281790231859302e-13,Inf
2,762,1800.0,2.0343876125878952e-16,1.9535114824147567e-13,Inf
2,763,1800.0,2.0269788710051996e-16,1.9253408797162457e-13,Inf
2,764,1800.0,2.0201071390641492e-16,1.9255894577920032e-13,Inf
2,765,1800.0,2.0711202954254662e-16,1.9428250650207803e-13,Inf
2,766,1800.0,2.0480644791208646e-16,1.9822810641033556e-13,Inf
2,767,1800.0,2.0947438034552406e-16,1.9563882572891484e-13,Inf
2,768,1800.0,2.044858792843409e-16,1.9436141610941245e-13,Inf
2,769,1800.0,2.0453208755574112e-16,1.974608590856739e-13,Inf
2,770,1800.0,2.039724337899982e-16,1.9327159731209746e-13,Inf
2,771,1800.0,2.012638077247482e-16,1.9198979742782825e-13,Inf
2,772,1800.0,2.096905719318292e-16,2.0091058630692713e-13,Inf
2,773,1800.0,2.04560223612659e-16,1.943795841006992e-13,Inf
2,774,1800.0,2.0547972412826017e-16,2.0985566076573771e-13,Inf
2,775,1800.0,1.9635289539727942e-16,1.9062281613578313e-13,Inf
2,776,1800.0,2.0819522664052991e-16,2.035869972795205e-13,Inf
2,777,1800.0,2.037782601408841e-16,1.931510906043525e-13,Inf
2,778,1800.0,2.0447969707677157e-16,2.0031537754611949e-13,Inf
2,779,1800.0,2.090722338479543e-16,1.9716638913711609e-13,Inf
2,780,1800.0,2.0253738626215064e-16,1.923039942996343e-13,Inf
3,1,1100.0,3.4110039029692792e-16,3.113013975404511e-13,Inf
3,2,1100.0,3.287323697794815e-16,3.182534628950904e-13,Inf
3,3,1100.0,3.284928562149383e-16,3.178324171534059e-13,Inf
3,4,1100.0,3.1854510228445807e-16,3.0712837270136327e-13,Inf
3,5,1100.0,3.0828463975206447e-16,3.0646222622647975e-13,Inf
3,6,1100.0,3.222681966473608e-16,3.078458635143898e-13,Inf
3,7,1100.0,3.2446289522385114e-16,3.076416954609234e-13,Inf
3,8,1100.0,3.1753902532719367e-16,3.1152024586842945e-13,Inf
3,9,1100.0,3.1546993041107107e-16,3.1081997472561365e-13,Inf
3,10,1100.0,3.199144461547323e-16,3.069892347561931e-13,Inf
3,11,1100.0,3.136292906370798e-16,3.0986733732334953e-13,Inf
3,12,1100.0,3.350225995858622e-16,3.0914414719420175e-13,Inf
3,13,1100.0,2.9251692359957786e-16,2.9409951264667017e-13,Inf
3,14,1100.0,3.433864886561495e-16,3.1367670147755076e-13,Inf
3,15,1100.0,3.065936130736169e-16,2.9443006556203353e-13,Inf
3,16,1100.0,3.0219930935231935e-16,3.054645864597507e-13,Inf
3,17,1100.0,2.8879497636745685e-16,2.924573326305814e-13,Inf
3,18,1100.0,3.385165270640132e-16,3.2110193352868586e-13,Inf
3,19,1100.0,3.3375263033373063e-16,3.091038039997415e-13,Inf
3,20,1100.0,3.4072205672759135e-16,3.41514572423329e-13,Inf
3,21,1100.0,3.355956902756258e-16,3.1330413167310707e-13,Inf
3,22,1100.0,3.3736972788159317e-16,3.249511528764429e-13,Inf
3,23,1100.0,3.452435726442517e-16,3.2988556737651586e-13,Inf
3,24,1100.0,3.399223278274469e-16,3.3930646632382577e-13,Inf
3,25,1100.0,3.392408113917441e-16,3.4162673888665946e-13,Inf
3,26,1100.0,3.3675355814973537e-16,3.192225732444817e-13,Inf
3,27,1100.0,3.3676548660529977e-16,3.229864066146498e-13,Inf
3,28,1100.0,3.3752140354593584e-16,3.330997864214375e-13,Inf
3,29,1100.0,3.459270844596147e-16,3.4122248377071417e-13,Inf
3,30,1100.0,3.373746128976243e-16,3.4174838053947746e-13,Inf
3,31,1100.0,3.365061576162638e-16,3.3011972878922064e-13,Inf
3,32,1100.0,3.3499831140066477e-16,3.151419316313944e-13,Inf
3,33,1100.0,3.4148228822533883e-16,3.3548863723657007e-13,Inf
3,34,1100.0,3.3924244961047697e-16,3.3829874280702527e-13,Inf
3,35,1100.0,3.383505369331979e-16,3.377752858518735e-13,Inf
3,36,1100.0,3.4023521799015306e-16,3.4203326652473625e-13,Inf
3,37,1100.0,3.4529582764207846e-16,3.4007155537873125e-13,Inf
3,38,1100.0,3.3519867272280375e-16,3.1470071733572297e-13,Inf
3,39,1100.0,3.46193952660227e-16,3.405281456985742e-13,Inf
3,40,1100.0,3.4547398250201805e-16,3.4205799528853606e-13,Inf
3,41,1100.0,3.391212278902803e-16,3.3912573243136063e-13,Inf
3,42,1100.0,3.460334407135602e-16,3.3949680432981127e-13,Inf
3,43,1100.0,3.3777724731730124e-16,3.1985112565066907e-13,Inf
3,44,1100.0,3.3715643706136296e-16,3.2848084485275915e-13,Inf
3,45,1100.0,3.3807616249903016e-16,3.3657267305725584e-13,Inf
3,46,1100.0,3.383574800581997e-16,3.280948553428179e-13,Inf
3,47,1100.0,1.8982337271853674e-16,1.7356662795368052e-13,Inf
3,48,1100.0,3.386442349057567e-16,3.2808339944556033e-13,Inf
3,49,1100.0,3.369889416156165e-16,3.101176758525381e-13,Inf
3,50,1100.0,3.3684078766970254e-16,3.0900659943777236e-13,Inf
3,51,1100.0,3.377502834716155e-16,3.172897490488839e-13,Inf
3,52,1100.0,3.4527934351185816e-16,3.1885773153957947e-13,Inf
3,53,1100.0,3.45526324678946e-16,3.2352479328982087e-13,Inf
3,54,1100.0,3.3982828738092436e-16,3.229996501251465e-13,Inf
3,55,1100.0,3.361320514063077e-16,3.095970905600625e-13,Inf
3,56,1100.0,3.4409242070310225e-16,3.191533576738101e-13,Inf
3,57,1100.0,3.3466973904727574e-16,3.121201152665448e-13,Inf
3,58,1100.0,3.423435869248223e-16,3.117262184421113e-13,Inf
3,59,1100.0,3.3987532995237525e-16,3.3759224944923657e-13,Inf
3,60,1100.0,3.1005306015558923e-16,3.059081107201959e-13,Inf
3,61,1100.0,3.403414138290189e-16,3.408847370406812e-13,Inf
3,62,1100.0,3.3480450164816375e-16,3.0904649917239517e-13,Inf
3,63,1100.0,1.8982337271853674e-16,1.7356662795368052e-13,Inf
3,64,1100.0,3.3946819103338047e-16,3.2946998732421554e-13,Inf
3,65,1100.0,3.454367814050537e-16,3.423098777028283e-13,Inf
3,66,1100.0,3.0646449863673775e-16,3.06554708613531e-13,Inf
3,67,1100.0,3.2776303398651556e-16,3.0767755068505606e-13,Inf
3,68,1100.0,3.3671906610896e-16,3.113895814069018e-13,Inf
3,69,1100.0,3.266394180207916e-16,3.0807143081686284e-13,Inf
3,70,1100.0,3.4655977337422857e-16,3.417633090606684e-13,Inf
3,71,1100.0,3.377370481398506e-16,3.1731771976035023e-13,Inf
3,72,1100.0,3.4519416945760965e-16,3.257565725193345e-13,Inf
3,73,1100.0,3.389546383051486e-16,3.3215256332751925e-13,Inf
3,74,1100.0,3.176924810362518e-16,3.1200946724448817e-13,Inf
3,75,1100.0,3.4438986253994603e-16,3.2010397319855905e-13,Inf
3,76,1100.0,3.396438718254914e-16,3.3908638290343216e-13,Inf
3,77,1100.0,3.2566478019947273e-16,3.045648107404352e-13,Inf
3,78,1100.0,3.3811408237237645e-16,3.3116553397123886e-13,Inf
3,79,1100.0,3.4765601850903607e-16,3.412839322832144e-13,Inf
3,80,1100.0,3.3774203726901193e-16,3.274830410567645e-13,Inf
3,81,1100.0,3.3680866893117264e-16,3.1363624613991393e-13,Inf
3,82,1100.0,3.138267772101804e-16,3.093526079582784e-13,Inf
3,83,1100.0,3.2195340152718483e-16,3.066002865344311e-13,Inf
3,84,1100.0,3.0187421064526095e-16,3.0539454312395945e-13,Inf
3,85,1100.0,3.400780876441128e-16,3.3761805211669674e-13,Inf
3,86,1100.0,3.019029700603438e-16,3.054077770229273e-13,Inf
3,87,1100.0,3.097441078561642e-16,3.0569418611306447e-13,Inf
3,88,1100.0,3.350464300142362e-16,3.090661600173182e-13,Inf
3,89,1100.0,3.3627722997164333e-16,3.221963918820614e-13,Inf
3,90,1100.0,3.317948876347999e-16,3.076780512197332e-13,Inf
3,91,1100.0,3.3326901585604914e-16,3.0779891828513645e-13,Inf
3,92,1100.0,3.3479616450612943e-16,3.07786866820219e-13,Inf
3,93,1100.0,3.472182501870741e-16,3.282528470408269e-13,Inf
3,94,1100.0,3.3686962286531356e-16,3.1422652380861726e-13,Inf
3,95,1100.0,3.4208919249096966e-16,3.401721140965639e-13,Inf
3,96,1100.0,3.481533416345712e-16,3.41189512732736e-13,Inf
3,97,1100.0,3.47088402213607e-16,3.327741479987526e-13,Inf
3,98,1100.0,3.4170095509270283e-16,3.402034424375076e-13,Inf
3,99,1100.0,3.4186039112725337e-16,3.3995601341320075e-13,Inf
3,100,1100.0,3.3682808137825196e-16,3.0872556494809186e-13,Inf
3,101,1100.0,3.39251572410515e-16,3.2411447111297306e-13,Inf
3,102,1100.0,3.455103143041027e-16,3.209768915038672e-13,Inf
3,103,1100.0,3.368999570927364e-16,3.115842438231662e-13,Inf
3,104,1100.0,3.3667792672068486e-16,3.091744351023304e-13,Inf
3,105,1100.0,3.461093958820385e-16,3.274663612178441e-13,Inf
3,106,1100.0,3.4027729865796357e-16,3.3653620185112204e-13,Inf
3,107,1100.0,3.4045022683715154e-16,3.36211337026141e-13,Inf
3,108,1100.0,3.3878947342184533e-16,3.260973919150334e-13,Inf
3,109,1100.0,3.391039224700801e-16,3.2033121002891187e-13,Inf
3,110,1100.0,3.4710672775500445e-16,3.354905646725462e-13,Inf
3,111,1100.0,3.442756450922503e-16,3.1832788970106805e-13,Inf
3,112,1100.0,3.352520327574409e-16,3.113766160592807e-13,Inf
3,113,1100.0,3.4319007503510663e-16,3.1093345061233826e-13,Inf
3,114,1100.0,3.4625017191906944e-16,3.258253051902002e-13,Inf
3,115,1100.0,3.3954905692188125e-16,3.2207931595610937e-13,Inf
3,116,1100.0,3.3911156095221567e-16,3.211217525577257e-13,Inf
3,117,1100.0,3.3656041417327063e-16,3.102300204336501e-13,Inf
3,118,1100.0,3.39234627977104e-16,3.1965548955927966e-13,Inf
3,119,1100.0,3.397252703583785e-16,3.261185673322304e-13,Inf
3,120,1100.0,3.380775811900667e-16,3.183160955761573e-13,Inf
3,121,1100.0,3.4320114634233077e-16,3.1363230629101457e-13,Inf
3,122,1100.0,3.4515444314181337e-16,3.213357774030611e-13,Inf
3,123,1100.0,3.4546415019331267e-16,3.2389475507742656e-13,Inf
3,124,1100.0,3.382467214093364e-16,3.184245799127786e-13,Inf
3,125,1100.0,3.355147054508314e-16,3.0938395019313223e-13,Inf
3,126,1100.0,3.3732033781452837e-16,3.15992404131417e-13,Inf
3,127,1100.0,3.4254921911851436e-16,3.112648387413061e-13,Inf
3,128,1100.0,3.4069564317890374e-16,3.1080257809279996e-13,Inf
3,129,1100.0,3.428270165533348e-16,3.137830033739408e-13,Inf
3,130,1100.0,3.36063718503711e-16,3.139846269785712e-13,Inf
3,131,1100.0,3.345213849230982e-16,3.1003453559262444e-13,Inf
3,132,1100.0,3.367219771206594e-16,3.164636920210123e-13,Inf
3,133,1100.0,3.375121538974681e-16,3.222194489431084e-13,Inf
3,134,1100.0,3.365420164957562e-16,3.0986739258388413e-13,Inf
3,135,1100.0,3.3237917785997916e-16,3.0662133455493155e-13,Inf
3,136,1100.0,3.387917242102814e-16,3.184186394940823e-13,Inf
3,137,1100.0,3.404692488649277e-16,3.3948583248782804e-13,Inf
3,138,1100.0,3.386698103235841e-16,3.4014795314725703e-13,Inf
3,139,1100.0,3.41093431488614e-16,3.120079864482718e-13,Inf
3,140,1100.0,3.4083447077771395e-16,3.412080583292705e-13,Inf
3,141,1100.0,3.3597100181521433e-16,3.3462927329792124e-13,Inf
3,142,1100.0,3.348794354907722e-16,3.2375921131754044e-13,Inf
3,143,1100.0,3.354839543625481e-16,3.1358958922910913e-13,Inf
3,144,1100.0,3.3843732231054097e-16,3.2506158697616706e-13,Inf
3,145,1100.0,3.424040910049357e-16,3.2590338980037564e-13,Inf
3,146,1100.0,3.382285017081823e-16,3.286618755053921e-13,Inf
3,147,1100.0,3.4084456498445333e-16,3.4152334766827035e-13,Inf
3,148,1100.0,3.3977099481838155e-16,3.4092059428498867e-13,Inf
3,149,1100.0,3.372720047715992e-16,3.3559243516362617e-13,Inf
3,150,1100.0,3.350397218131227e-16,3.1364762901924265e-13,Inf
3,151,1100.0,3.4119786137982234e-16,3.331283098491388e-13,Inf
3,152,1100.0,3.374603666912804e-16,3.1602234291575184e-13,Inf
3,153,1100.0,3.4046353146488174e-16,3.3934908673694345e-13,Inf
3,154,1100.0,3.3901991307563274e-16,3.3055638505663175e-13,Inf
3,155,1100.0,3.373126640713958e-16,3.235484333407131e-13,Inf
3,156,1100.0,3.376742572315911e-16,3.3746435288650576e-13,Inf
3,157,1100.0,3.36345946833719e-16,3.1455573754901347e-13,Inf
3,158,1100.0,3.453798991792771e-16,3.374232394412608e-13,Inf
3,159,1100.0,3.387282056220888e-16,3.3839533310852654e-13,Inf
3,160,1100.0,3.3608618856672276e-16,3.1069018089663223e-13,Inf
3,161,1100.0,3.3552860602064205e-16,3.1248295155740144e-13,Inf
3,162,1100.0,3.38049403141944e-16,3.252739925067345e-13,Inf
3,163,1100.0,3.3612454881307396e-16,3.301334482556148e-13,Inf
3,164,1100.0,3.386121587394624e-16,3.3472889787045264e-13,Inf
3,165,1100.0,3.445001146370135e-16,3.339040025185669e-13,Inf
3,166,1100.0,3.3859104609664806e-16,3.3166179224333706e-13,Inf
3,167,1100.0,3.395771038312817e-16,3.3934051986105956e-13,Inf
3,168,1100.0,3.373646873546981e-16,3.2852900744292434e-13,Inf
3,169,1100.0,3.268882079475358e-16,3.0759699715977097e-13,Inf
3,170,1100.0,3.4308699874828084e-16,3.1136603310613104e-13,Inf
3,171,1100.0,3.362285904371936e-16,3.0884945769900463e-13,Inf
3,172,1100.0,3.456967839651319e-16,3.347431108573872e-13,Inf
3,173,1100.0,3.451730509354213e-16,3.153731200523495e-13,Inf
3,174,1100.0,3.354809603852492e-16,3.106575503226532e-13,Inf
3,175,1100.0,3.456102866739854e-16,3.2023925298553296e-13,Inf
3,176,1100.0,3.4699730651199077e-16,3.341624069021321e-13,Inf
3,177,1100.0,3.360254047329044e-16,3.087391244298368e-13,Inf
3,178,1100.0,3.3897760103151085e-16,3.242416075092125e-13,Inf
3,179,1100.0,3.3944726328330547e-16,3.3016388817196273e-13,Inf
3,180,1100.0,3.3724563241316387e-16,3.1997916338262336e-13,Inf
3,181,1100.0,3.4264535362319416e-16,3.2511784110835176e-13,Inf
3,182,1100.0,3.313899737134121e-16,3.0709354768241046e-13,Inf
3,183,1100.0,3.3579673366593706e-16,3.1352404230826203e-13,Inf
3,184,1100.0,3.4391550098845563e-16,3.359243227779827e-13,Inf
3,185,1100.0,3.4138482701070306e-16,3.1347158965597097e-13,Inf
3,186,1100.0,3.3503530466839924e-16,3.265908628008785e-13,Inf
3,187,1100.0,3.4074681784032884e-16,3.394428286033089e-13,Inf
3,188,1100.0,3.4672936424325296e-16,3.279858317674962e-13,Inf
3,189,1100.0,3.4000281899333567e-16,3.242901330529934e-13,Inf
3,190,1100.0,4.3664142576392074e-16,3.994459714102125e-13,Inf
3,191,1100.0,3.07997658462906e-16,3.0685151549489795e-13,Inf
3,192,1100.0,3.3547233692361235e-16,3.106196917400219e-13,Inf
3,193,1100.0,3.3821936886711874e-16,3.1831777520592115e-13,Inf
3,194,1100.0,3.390119769181346e-16,3.2911169789205004e-13,Inf
3,195,1100.0,1.6415409584646685e-16,1.633684999361344e-13,Inf
3,196,1100.0,3.4046803932689274e-16,3.3945263209546415e-13,Inf
3,197,1100.0,3.387235997657819e-16,3.3478833761550456e-13,Inf
3,198,1100.0,3.350006055081416e-16,3.0869000060468086e-13,Inf
3,199,1100.0,3.257377187751081e-16,3.070023766416898e-13,Inf
3,200,1100.0,3.11185437605992e-16,3.057753427092332e-13,Inf
3,201,1100.0,3.351696505433283e-16,3.094239485570173e-13,Inf
3,202,1100.0,3.4023955500498586e-16,3.382245110327955e-13,Inf
3,203,1100.0,3.0653295689627423e-16,3.055396424643463e-13,Inf
3,204,1100.0,3.239759667117699e-16,3.0680751807991157e-13,Inf
3,205,1100.0,3.108721442260082e-16,3.057575314164924e-13,Inf
3,206,1100.0,3.319913873337194e-16,3.07698208429541e-13,Inf
3,207,1100.0,3.217798430497492e-16,3.065834930350932e-13,Inf
3,208,1100.0,3.032758875422609e-16,3.0552097999429455e-13,Inf
3,209,1100.0,3.377316498505753e-16,3.17013737540431e-13,Inf
3,210,1100.0,1.6415409584646685e-16,1.633684999361344e-13,Inf
3,211,1100.0,3.400757925570348e-16,3.2824157648027144e-13,Inf
3,212,1100.0,3.3400667606597106e-16,3.076070669327426e-13,Inf
3,213,1100.0,3.4700287777920173e-16,3.25714089995097e-13,Inf
3,214,1100.0,3.3806253800973564e-16,3.305073031933653e-13,Inf
3,215,1100.0,3.4705355349375307e-16,3.285901111937615e-13,Inf
3,216,1100.0,3.3935411434002825e-16,3.2901900176282824e-13,Inf
3,217,1100.0,3.370571358667583e-16,3.1464991844324113e-13,Inf
3,218,1100.0,3.4105304383156815e-16,3.390204290584233e-13,Inf
3,219,1100.0,3.4724332806358855e-16,3.376724906676866e-13,Inf
3,220,1100.0,3.449561832065893e-16,3.1848464761872193e-13,Inf
3,221,1100.0,3.3514163196011805e-16,3.087791460290295e-13,Inf
3,222,1100.0,3.376961744024164e-16,3.127808751033564e-13,Inf
3,223,1100.0,3.1460950736496386e-16,3.055040160402808e-13,Inf
3,224,1100.0,3.1818185656148906e-16,3.11080973790359e-13,Inf
3,225,1100.0,3.2153755107882856e-16,3.0616097286241766e-13,Inf
3,226,1100.0,3.367718099253933e-16,3.0942091732473194e-13,Inf
3,227,1100.0,3.3982406879857443e-16,3.2255787379739266e-13,Inf
3,228,1100.0,3.253389644765175e-16,3.0654881969112966e-13,Inf
3,229,1100.0,3.2363885243517425e-16,3.0613732288709407e-13,Inf
3,230,1100.0,3.0580038134306043e-16,3.051583453855404e-13,Inf
3,231,1100.0,3.3108803524384714e-16,3.072091485786777e-13,Inf
3,232,1100.0,3.3595856982566993e-16,3.080267094940299e-13,Inf
3,233,1100.0,3.332597485400759e-16,3.068336448200194e-13,Inf
3,234,1100.0,3.200131595497652e-16,3.074898107008908e-13,Inf
3,235,1100.0,3.3636668600600136e-16,3.0842528071490606e-13,Inf
3,236,1100.0,3.444245999444328e-16,3.1332543321347835e-13,Inf
3,237,1100.0,3.396617304205553e-16,3.317577213453977e-13,Inf
3,238,1100.0,3.162448703229862e-16,3.051289787212981e-13,Inf
3,239,1100.0,3.393719407829897e-16,3.3233203684771187e-13,Inf
3,240,1100.0,3.374389276713903e-16,3.0985504568896186e-13,Inf
3,241,1100.0,3.4017131993754975e-16,3.2952852252640126e-13,Inf
3,242,1100.0,3.359452971934312e-16,3.0807222141900395e-13,Inf
3,243,1100.0,3.3770343431835724e-16,3.130250499447823e-13,Inf
3,244,1100.0,3.155221325555201e-16,3.1020859257934e-13,Inf
3,245,1100.0,3.02656949600299e-16,3.054203104346309e-13,Inf
3,246,1100.0,3.1854177461475536e-16,3.1184002203793794e-13,Inf
3,247,1100.0,3.313913935068849e-16,3.193740437850113e-13,Inf
3,248,1100.0,3.060493544820304e-16,3.0552059818291153e-13,Inf
3,249,1100.0,3.1113215899755224e-16,3.081020653528773e-13,Inf
3,250,1100.0,3.144758222963231e-16,3.0967604946166283e-13,Inf
3,251,1100.0,3.122899131522505e-16,3.086226621618479e-13,Inf
3,252,1100.0,3.631461178030976e-16,3.369489719295066e-13,Inf
3,253,1100.0,3.398070000001941e-16,3.3608297403013964e-13,Inf
3,254,1100.0,3.451567782131583e-16,3.3306634215073143e-13,Inf
3,255,1100.0,3.4577893077118496e-16,3.292127253753547e-13,Inf
3,256,1100.0,3.39558646745902e-16,3.209119328548318e-13,Inf
3,257,1100.0,3.4682339561850616e-16,3.3882838609441865e-13,Inf
3,258,1100.0,3.409531562784954e-16,3.404840647497838e-13,Inf
3,259,1100.0,3.415183893172389e-16,3.404804618637903e-13,Inf
3,260,1100.0,3.409712801565008e-16,3.390445358114512e-13,Inf
3,261,1100.0,3.4106166928214423e-16,3.401581925566178e-13,Inf
3,262,1100.0,3.391259212764728e-16,3.1872967573991307e-13,Inf
3,263,1100.0,3.403496312047517e-16,3.385701707181518e-13,Inf
3,264,1100.0,3.3455102568736024e-16,3.2121345875115827e-13,Inf
3,265,1100.0,3.251086201263161e-16,3.069308154518939e-13,Inf
3,266,1100.0,3.4790083364663954e-16,3.2862551089046836e-13,Inf
3,267,1100.0,3.3141636860741993e-16,3.193886758998121e-13,Inf
3,268,1100.0,3.628954966485754e-16,3.3681104926605866e-13,Inf
3,269,1100.0,3.2649911840480595e-16,3.0708926723288314e-13,Inf
3,270,1100.0,3.0472185213283654e-16,3.0583952700848264e-13,Inf
3,271,1100.0,3.44903755506234e-16,3.4164599897196765e-13,Inf
3,272,1100.0,3.39088844516205e-16,3.296612696492383e-13,Inf
3,273,1100.0,3.3685798834391677e-16,3.2013310216667374e-13,Inf
3,274,1100.0,3.3947287919754095e-16,3.3742910598095057e-13,Inf
3,275,1100.0,3.424658330040527e-16,3.4069199120554783e-13,Inf
3,276,1100.0,3.3928576376952215e-16,3.35412635695437e-13,Inf
3,277,1100.0,3.395612178017682e-16,3.340026157276713e-13,Inf
3,278,1100.0,3.4701104738490076e-16,3.3835403291256247e-13,Inf
3,279,1100.0,3.349551852559762e-16,3.086222632899525e-13,Inf
3,280,1100.0,3.3971203486005665e-16,3.388943360745917e-13,Inf
3,281,1100.0,3.4142436044882156e-16,3.4021675473927667e-13,Inf
3,282,1100.0,3.403082217140872e-16,3.3610056712543583e-13,Inf
3,283,1100.0,3.379565817639564e-16,3.1631244874871897e-13,Inf
3,284,1100.0,3.4041957647118397e-16,3.3908569924891845e-13,Inf
3,285,1100.0,3.4214651175775415e-16,3.16218484976553e-13,Inf
3,286,1100.0,3.3355510565049464e-16,3.07542210762887e-13,Inf
3,287,1100.0,3.402290848551089e-16,3.398255645881722e-13,Inf
3,288,1100.0,3.4009424873904883e-16,3.3637158553207716e-13,Inf
3,289,1100.0,3.3160106191413856e-16,3.080256564280847e-13,Inf
3,290,1100.0,3.402161650148461e-16,3.363588034182945e-13,Inf
3,291,1100.0,2.9470916518262264e-16,2.9652961338347396e-13,Inf
3,292,1100.0,3.3712261803869513e-16,3.127331131592394e-13,Inf
3,293,1100.0,3.419949029675107e-16,3.1040777616480633e-13,Inf
3,294,1100.0,3.447101472517798e-16,3.1531864763492376e-13,Inf
3,295,1100.0,3.465349241235389e-16,3.2527781579983026e-13,Inf
3,296,1100.0,3.3580373909035164e-16,3.0886561235944474e-13,Inf
3,297,1100.0,3.4764427149127792e-16,3.4229777656385007e-13,Inf
3,298,1100.0,3.460374024470908e-16,3.296636363554256e-13,Inf
3,299,1100.0,3.3267379570195925e-16,3.0775683442849455e-13,Inf
3,300,1100.0,3.4492367145240674e-16,3.157302886685388e-13,Inf
3,301,1100.0,3.391725478509984e-16,3.2039261582820214e-13,Inf
3,302,1100.0,3.447238092106799e-16,3.153883517477053e-13,Inf
3,303,1100.0,3.3571316786254224e-16,3.0959146564248937e-13,Inf
3,304,1100.0,3.439051340735868e-16,3.1561205041871977e-13,Inf
3,305,1100.0,3.357718007138489e-16,3.092411213335656e-13,Inf
3,306,1100.0,3.3822368009112244e-16,3.1594884408125173e-13,Inf
3,307,1100.0,3.3532676824957017e-16,3.083311854632591e-13,Inf
3,308,1100.0,3.353272665551568e-16,3.10754279318846e-13,Inf
3,309,1100.0,3.363490614733644e-16,3.118998296892938e-13,Inf
3,310,1100.0,3.3750532805035975e-16,3.2235311174748447e-13,Inf
3,311,1100.0,3.444732594790434e-16,3.4024581078380384e-13,Inf
3,312,1100.0,3.369000380621265e-16,3.2679804727643156e-13,Inf
3,313,1100.0,3.4058212041363223e-16,3.16129471183903e-13,Inf
3,314,1100.0,3.3705333891281597e-16,3.214872126148927e-13,Inf
3,315,1100.0,3.3568572615142583e-16,3.133975942730338e-13,Inf
3,316,1100.0,3.3827946685986397e-16,3.361720530942922e-13,Inf
3,317,1100.0,3.3753140092523714e-16,3.2565035574442097e-13,Inf
3,318,1100.0,3.3809301002488007e-16,3.3091419792316113e-13,Inf
3,319,1100.0,3.348905157900514e-16,3.088508020737102e-13,Inf
3,320,1100.0,3.35275812825894e-16,3.1334478636631786e-13,Inf
3,321,1100.0,3.3737762721541764e-16,3.249393382448963e-13,Inf
3,322,1100.0,3.3901937310274125e-16,3.3074611909887853e-13,Inf
3,323,1100.0,3.3511149090047187e-16,3.099543388192892e-13,Inf
3,324,1100.0,3.351210683690376e-16,3.099821124318539e-13,Inf
3,325,1100.0,3.364423139005511e-16,3.143072546506052e-13,Inf
3,326,1100.0,3.384203255149917e-16,3.2707725628040544e-13,Inf
3,327,1100.0,3.3707548142204916e-16,3.163937554319421e-13,Inf
3,328,1100.0,3.342647192680751e-16,3.0883621017748274e-13,Inf
3,329,1100.0,3.342646956161319e-16,3.080479144605778e-13,Inf
3,330,1100.0,3.398870065890489e-16,3.369073034745337e-13,Inf
3,331,1100.0,3.3418325408868465e-16,3.0845714334791873e-13,Inf
3,332,1100.0,3.3872695353857644e-16,3.2523898987795317e-13,Inf
3,333,1100.0,3.0892871002117885e-16,3.0783524248019033e-13,Inf
3,334,1100.0,3.3604646588327124e-16,3.119822596550219e-13,Inf
3,335,1100.0,3.2000861091497975e-16,3.068633271575461e-13,Inf
3,336,1100.0,3.344034920470351e-16,3.0938073066441475e-13,Inf
3,337,1100.0,3.4396839704752106e-16,3.1577011324565373e-13,Inf
3,338,1100.0,3.3505143348859963e-16,3.097925320933403e-13,Inf
3,339,1100.0,3.3547695575611316e-16,3.0851608332246103e-13,Inf
3,340,1100.0,3.4411165618876337e-16,3.1291395617589593e-13,Inf
3,341,1100.0,3.3502629740520704e-16,3.0819848480454284e-13,Inf
3,342,1100.0,3.387150829615726e-16,3.2602786173474156e-13,Inf
3,343,1100.0,3.370127267443914e-16,3.138672572623986e-13,Inf
3,344,1100.0,3.350385752567832e-16,3.0794440902236314e-13,Inf
3,345,1100.0,3.3684596198538765e-16,3.1381172555207403e-13,Inf
3,346,1100.0,3.3518081791129345e-16,3.080387067255253e-13,Inf
3,347,1100.0,3.3410705374970907e-16,3.079632286710113e-13,Inf
3,348,1100.0,3.464980194388004e-16,3.2790818967248944e-13,Inf
3,349,1100.0,3.288636982332763e-16,3.0738044099321523e-13,Inf
3,350,1100.0,3.3898869048349507e-16,3.3701808640368804e-13,Inf
3,351,1100.0,3.460982019916357e-16,3.380133858548711e-13,Inf
3,352,1100.0,3.3634446045422635e-16,3.1388400590431904e-13,Inf
3,353,1100.0,3.390985481698504e-16,3.3752226432838253e-13,Inf
3,354,1100.0,3.346691190645519e-16,3.0818600472554303e-13,Inf
3,355,1100.0,3.316042109341345e-16,3.080801556123281e-13,Inf
3,356,1100.0,3.398309512531297e-16,3.388823281893066e-13,Inf
3,357,1100.0,3.398599628987751e-16,3.3758799827417685e-13,Inf
3,358,1100.0,3.383707782571553e-16,3.212487473148906e-13,Inf
3,359,1100.0,3.446992559235372e-16,3.3698339132127386e-13,Inf
3,360,1100.0,3.3778481899672636e-16,3.2173713268860053e-13,Inf
3,361,1100.0,3.4428040550269064e-16,3.1442276134843233e-13,Inf
3,362,1100.0,3.3595418922199333e-16,3.106062733996337e-13,Inf
3,363,1100.0,3.4140801311526114e-16,3.1082436753520447e-13,Inf
3,364,1100.0,3.3886607162500203e-16,3.275808983163151e-13,Inf
3,365,1100.0,3.347241787520868e-16,3.0828741897217374e-13,Inf
3,366,1100.0,3.457529857630115e-16,3.198150620283047e-13,Inf
3,367,1100.0,3.4409811117928765e-16,3.1802645503030117e-13,Inf
3,368,1100.0,3.4750386350170733e-16,3.4223707084774653e-13,Inf
3,369,1100.0,3.393115058826203e-16,3.344384815269524e-13,Inf
3,370,1100.0,3.4107809799444417e-16,3.383638323324744e-13,Inf
3,371,1100.0,3.351459537715691e-16,3.104936361149612e-13,Inf
3,372,1100.0,3.43791233626503e-16,3.1595811208628753e-13,Inf
3,373,1100.0,3.347616156112272e-16,3.080487488931679e-13,Inf
3,374,1100.0,3.4122268802864997e-16,3.1070179146532513e-13,Inf
3,375,1100.0,3.3935648414038764e-16,3.3388710022702316e-13,Inf
3,376,1100.0,3.4565333427574424e-16,3.316734836786139e-13,Inf
3,377,1100.0,3.387204497086295e-16,3.2445630476462475e-13,Inf
3,378,1100.0,3.360932098593837e-16,3.1104868452037136e-13,Inf
3,379,1100.0,3.344747777856509e-16,3.110570457434067e-13,Inf
3,380,1100.0,3.3823716103024945e-16,3.219676008356688e-13,Inf
3,381,1100.0,3.4499003222828683e-16,3.4156750632289696e-13,Inf
3,382,1100.0,3.367219306043717e-16,3.141498868796466e-13,Inf
3,383,1100.0,3.4392729969525805e-16,3.34427730574943e-13,Inf
3,384,1100.0,3.349865130607521e-16,3.1367011488802547e-13,Inf
3,385,1100.0,3.490753747881591e-16,3.427539136812942e-13,Inf
3,386,1100.0,3.412069937574648e-16,3.4126249849717204e-13,Inf
3,387,1100.0,3.36657878907261e-16,3.0974515280111093e-13,Inf
3,388,1100.0,3.410813756572822e-16,3.393019040699332e-13,Inf
3,389,1100.0,3.427006948516773e-16,3.4135157556964684e-13,Inf
3,390,1100.0,3.4756697508533266e-16,3.4087538462228805e-13,Inf
3,391,1100.0,3.4645593846503805e-16,3.357730044314064e-13,Inf
3,392,1100.0,3.3143881032985266e-16,3.123920349348068e-13,Inf
3,393,1100.0,3.346974111459137e-16,3.2163200780539274e-13,Inf
3,394,1100.0,3.3773115723427877e-16,3.4212737851933955e-13,Inf
3,395,1100.0,3.360078468682783e-16,3.298371505386917e-13,Inf
3,396,1100.0,3.381883422321194e-16,3.183177102862436e-13,Inf
3,397,1100.0,3.4032784342438143e-16,3.394692837444569e-13,Inf
3,398,1100.0,3.3889530525686347e-16,3.347507491412566e-13,Inf
3,399,1100.0,3.379777077772184e-16,3.266284698361776e-13,Inf
3,400,1100.0,3.39107295748262e-16,3.315314256417378e-13,Inf
3,401,1100.0,3.3787440508938277e-16,3.2855022656668925e-13,Inf
3,402,1100.0,3.397836377036412e-16,3.3883467134066864e-13,Inf
3,403,1100.0,3.378133250424092e-16,3.2154023343137624e-13,Inf
3,404,1100.0,3.3224042694627444e-16,3.076320703560226e-13,Inf
3,405,1100.0,3.3304369515919737e-16,3.0831246867902154e-13,Inf
3,406,1100.0,3.38633741301745e-16,3.2339455219814473e-13,Inf
3,407,1100.0,3.348996856461852e-16,3.0907473572492304e-13,Inf
3,408,1100.0,3.3623859379361195e-16,3.136649593881511e-13,Inf
3,409,1100.0,3.4030903961093023e-16,3.39949581326747e-13,Inf
3,410,1100.0,3.398712309788071e-16,3.3765200326316993e-13,Inf
3,411,1100.0,3.3603626162995596e-16,3.1422785862972737e-13,Inf
3,412,1100.0,3.3618253014231624e-16,3.1639741613368555e-13,Inf
3,413,1100.0,3.341203127940522e-16,3.094115487376637e-13,Inf
3,414,1100.0,3.3654816571588876e-16,3.129731974946368e-13,Inf
3,415,1100.0,3.3761453977166455e-16,3.1763780529462093e-13,Inf
3,416,1100.0,3.350082221570307e-16,3.096903665076332e-13,Inf
3,417,1100.0,3.4457673373016623e-16,3.4248157632672987e-13,Inf
3,418,1100.0,3.4043090604697513e-16,3.403920452503058e-13,Inf
3,419,1100.0,3.4068234890592587e-16,3.39903806337417e-13,Inf
3,420,1100.0,3.458741815227424e-16,3.385776411526376e-13,Inf
3,421,1100.0,3.4382184081035085e-16,3.422866578061797e-13,Inf
3,422,1100.0,3.3877056175457385e-16,3.2497242497992993e-13,Inf
3,423,1100.0,3.3321491720587247e-16,3.087712857417916e-13,Inf
3,424,1100.0,3.3707399861936546e-16,3.2920174758803044e-13,Inf
3,425,1100.0,3.332201115052597e-16,3.094740448090299e-13,Inf
3,426,1100.0,3.399223029858762e-16,3.3983683915108637e-13,Inf
3,427,1100.0,3.3895874373879336e-16,3.1078563674145764e-13,Inf
3,428,1100.0,3.319979609422378e-16,3.0713084566979836e-13,Inf
3,429,1100.0,3.3988999572554386e-16,3.233377774788755e-13,Inf
3,430,1100.0,3.3573904093947534e-16,3.140806579151388e-13,Inf
3,431,1100.0,3.3675084592219935e-16,3.1952928512783134e-13,Inf
3,432,1100.0,3.421018277523241e-16,3.2195263112142947e-13,Inf
3,433,1100.0,3.3561835708226385e-16,3.1226517290229297e-13,Inf
3,434,1100.0,3.417631793619974e-16,3.362281958367668e-13,Inf
3,435,1100.0,3.3736488187628627e-16,3.3461349319890427e-13,Inf
3,436,1100.0,3.403089536089357e-16,3.271197564215105e-13,Inf
3,437,1100.0,3.315682292976364e-16,3.072203873311562e-13,Inf
3,438,1100.0,3.3489520198652773e-16,3.0899491801722157e-13,Inf
3,439,1100.0,3.397650366745976e-16,3.3217824796795843e-13,Inf
3,440,1100.0,3.374454077273162e-16,3.3479841014795397e-13,Inf
3,441,1100.0,3.387428410080829e-16,3.275323781793871e-13,Inf
3,442,1100.0,3.4013073434972394e-16,3.387895700497244e-13,Inf
3,443,1100.0,3.3636929072035357e-16,3.091747647191376e-13,Inf
3,444,1100.0,3.4007540449603447e-16,3.323476204799235e-13,Inf
3,445,1100.0,3.3195826298464053e-16,3.081105433881211e-13,Inf
3,446,1100.0,3.3875347389544603e-16,3.206124721789325e-13,Inf
3,447,1100.0,3.3905508980814245e-16,3.204852649424431e-13,Inf
3,448,1100.0,3.3962413068943113e-16,3.284248814346712e-13,Inf
3,449,1100.0,3.3879896358201236e-16,3.1921460781344047e-13,Inf
3,450,1100.0,3.358898693906823e-16,3.091234829527913e-13,Inf
3,451,1100.0,3.217846764696828e-16,3.142672098243068e-13,Inf
3,452,1100.0,3.363011438235853e-16,3.091267749670822e-13,Inf
3,453,1100.0,3.3469612137494394e-16,3.0816803593775265e-13,Inf
3,454,1100.0,3.3335843924701476e-16,3.081936731314521e-13,Inf
3,455,1100.0,3.3657009410600745e-16,3.118725960725769e-13,Inf
3,456,1100.0,3.366714327660648e-16,3.0832082646038693e-13,Inf
3,457,1100.0,3.3531940590934304e-16,3.0911860292281573e-13,Inf
3,458,1100.0,3.360322922970064e-16,3.096433382479002e-13,Inf
3,459,1100.0,3.3804859501652535e-16,3.312299791292344e-13,Inf
3,460,1100.0,3.357887222780182e-16,3.1161896267207477e-13,Inf
3,461,1100.0,3.4257640808642223e-16,3.1000139447449045e-13,Inf
3,462,1100.0,3.354068477263958e-16,3.0776484790080157e-13,Inf
3,463,1100.0,3.3384950291388946e-16,3.074691592009034e-13,Inf
3,464,1100.0,3.2942871808398835e-16,3.061342533675583e-13,Inf
3,465,1100.0,3.354580928666989e-16,3.146641626325709e-13,Inf
3,466,1100.0,2.989684368429397e-16,3.042861972626331e-13,Inf
3,467,1100.0,3.3888760290178373e-16,3.404364026634213e-13,Inf
3,468,1100.0,3.3847186510968146e-16,3.099031671987877e-13,Inf
3,469,1100.0,3.4353305979938293e-16,3.234631622388615e-13,Inf
3,470,1100.0,3.3797558693101083e-16,3.3506001530416206e-13,Inf
3,471,1100.0,3.4208672938444533e-16,3.154286291614855e-13,Inf
3,472,1100.0,3.397875811000054e-16,3.391610379141611e-13,Inf
3,473,1100.0,3.450718009863447e-16,3.4206379058210437e-13,Inf
3,474,1100.0,3.3934326844810383e-16,3.393793906125357e-13,Inf
3,475,1100.0,3.443184211574328e-16,3.2962380914911804e-13,Inf
3,476,1100.0,3.390528778269171e-16,3.399377553267729e-13,Inf
3,477,1100.0,3.4552999995872987e-16,3.2759821316456345e-13,Inf
3,478,1100.0,3.3432471262984396e-16,3.1039749333719753e-13,Inf
3,479,1100.0,3.3596759123100507e-16,3.1174177740059245e-13,Inf
3,480,1100.0,3.396540420597923e-16,3.3646715610788483e-13,Inf
3,481,1100.0,3.356301390118502e-16,3.1231063160231954e-13,Inf
3,482,1100.0,3.432065690772064e-16,3.174686858400225e-13,Inf
3,483,1100.0,3.2390682446262317e-16,3.0730338991230196e-13,Inf
3,484,1100.0,3.446002039932771e-16,3.2798976390245516e-13,Inf
3,485,1100.0,3.36953576335253e-16,3.1828903182685765e-13,Inf
3,486,1100.0,3.4538756586416194e-16,3.2957664491055457e-13,Inf
3,487,1100.0,3.4397650504305717e-16,3.1596133620898004e-13,Inf
3,488,1100.0,3.3729882161824283e-16,3.1649569867676175e-13,Inf
3,489,1100.0,3.391493779699139e-16,3.2684631248487877e-13,Inf
3,490,1100.0,3.39295903565909e-16,3.3647618137993e-13,Inf
3,491,1100.0,3.3656785254585555e-16,3.146010770481823e-13,Inf
3,492,1100.0,3.399371265239557e-16,3.3972236137811766e-13,Inf
3,493,1100.0,3.0181593977079546e-16,3.059818363629354e-13,Inf
3,494,1100.0,3.3581222033821447e-16,3.1278434872869195e-13,Inf
3,495,1100.0,3.32751322104454e-16,3.088525871116419e-13,Inf
3,496,1100.0,3.3800150540972893e-16,3.1682084157268497e-13,Inf
3,497,1100.0,3.394606480501655e-16,3.35780578010653e-13,Inf
3,498,1100.0,3.382796403259089e-16,3.234521872654278e-13,Inf
3,499,1100.0,3.4032826650065805e-16,3.396991932716456e-13,Inf
3,500,1100.0,3.370282560064234e-16,3.1785046548460545e-13,Inf
3,501,1100.0,3.3874348314605995e-16,3.2793579976158333e-13,Inf
3,502,1100.0,3.3881996725135406e-16,3.262577043065613e-13,Inf
3,503,1100.0,3.365394787161382e-16,3.160880174818801e-13,Inf
3,504,1100.0,3.374784724288676e-16,3.208166396452426e-13,Inf
3,505,1100.0,3.3738493668070905e-16,3.1893567424351595e-13,Inf
3,506,1100.0,3.3748006400741744e-16,3.172696459633858e-13,Inf
3,507,1100.0,3.3376958530632334e-16,3.113122529729686e-13,Inf
3,508,1100.0,3.411125684491074e-16,3.4121995102747243e-13,Inf
3,509,1100.0,3.4039289810348083e-16,3.400118092057821e-13,Inf
3,510,1100.0,3.408500466169716e-16,3.409965334300791e-13,Inf
3,511,1100.0,3.37065102205595e-16,3.224178167591036e-13,Inf
3,512,1100.0,3.3818520331050227e-16,3.386276779922358e-13,Inf
3,513,1100.0,3.375077760020709e-16,3.3222898370824175e-13,Inf
3,514,1100.0,3.375986897653518e-16,3.2105074293931015e-13,Inf
3,515,1100.0,3.387185400203167e-16,3.267277108514735e-13,Inf
3,516,1100.0,3.377120642746039e-16,3.2092684429043007e-13,Inf
3,517,1100.0,3.449471453875957e-16,3.3272399122955866e-13,Inf
3,518,1100.0,3.4025796821536086e-16,3.391705803346462e-13,Inf
3,519,1100.0,3.4046603337230593e-16,3.405096070699569e-13,Inf
3,520,1100.0,3.3480251727423647e-16,3.1474388127126754e-13,Inf
3,521,1100.0,3.377977847277922e-16,3.216284951718285e-13,Inf
3,522,1100.0,3.3767993923053838e-16,3.2800518429812166e-13,Inf
3,523,1100.0,3.414772861608781e-16,3.41372358837872e-13,Inf
3,524,1100.0,3.4427753537185857e-16,3.315941033571284e-13,Inf
3,525,1100.0,3.382270266506738e-16,3.315048728449871e-13,Inf
3,526,1100.0,3.3976235022077554e-16,3.3639266105566643e-13,Inf
3,527,1100.0,3.391438313731224e-16,3.361158681277636e-13,Inf
3,528,1100.0,3.4003156864986835e-16,3.368365145780708e-13,Inf
3,529,1100.0,3.346808620985246e-16,3.0818115802085184e-13,Inf
3,530,1100.0,3.443341176527261e-16,3.2056529811306827e-13,Inf
3,531,1100.0,3.4343408177370187e-16,3.15118441668859e-13,Inf
3,532,1100.0,3.3471997271214565e-16,3.082607113099132e-13,Inf
3,533,1100.0,3.404558526146763e-16,3.4048010978996476e-13,Inf
3,534,1100.0,3.396945011555264e-16,3.366890680072939e-13,Inf
3,535,1100.0,3.376198911848811e-16,3.2724128126212716e-13,Inf
3,536,1100.0,3.4051788365934573e-16,3.37037558369137e-13,Inf
3,537,1100.0,3.390633331784703e-16,3.311400799373016e-13,Inf
3,538,1100.0,3.4318405958821406e-16,3.412091532996167e-13,Inf
3,539,1100.0,3.375015563188628e-16,3.3446936113794344e-13,Inf
3,540,1100.0,3.4052292514756563e-16,3.2519020858298705e-13,Inf
3,541,1100.0,3.355439037853956e-16,3.1191285123545903e-13,Inf
3,542,1100.0,3.328716877594606e-16,3.108519459330794e-13,Inf
3,543,1100.0,3.4052531579687503e-16,3.197715777000964e-13,Inf
3,544,1100.0,3.343371569760046e-16,3.1450437720646725e-13,Inf
3,545,1100.0,3.359826751304428e-16,3.2011455041861724e-13,Inf
3,546,1100.0,3.405503623497298e-16,3.3125400630366563e-13,Inf
3,547,1100.0,3.330065720794406e-16,3.108991807362914e-13,Inf
3,548,1100.0,3.46371693015539e-16,3.3260524627578617e-13,Inf
3,549,1100.0,3.3435860198351307e-16,3.084323845525492e-13,Inf
3,550,1100.0,3.389338547848479e-16,3.20895166863195e-13,Inf
3,551,1100.0,3.4001296536829237e-16,3.357324085914148e-13,Inf
3,552,1100.0,3.3811245030756645e-16,3.1920413500484296e-13,Inf
3,553,1100.0,3.3973358226398253e-16,3.3076845614752566e-13,Inf
3,554,1100.0,3.354862291014576e-16,3.094724780534623e-13,Inf
3,555,1100.0,3.4713569958122327e-16,3.4195782740701586e-13,Inf
3,556,1100.0,3.4328183861781866e-16,3.1954809637663973e-13,Inf
3,557,1100.0,3.3711029576412737e-16,3.1790527464379636e-13,Inf
3,558,1100.0,3.3645780800801296e-16,3.121606961463596e-13,Inf
3,559,1100.0,3.3867010631404073e-16,3.3137832737905494e-13,Inf
3,560,1100.0,3.4541552635555414e-16,3.193177969576782e-13,Inf
3,561,1100.0,3.387162213586922e-16,3.243589302257511e-13,Inf
3,562,1100.0,3.4017099373793613e-16,3.3775647865726543e-13,Inf
3,563,1100.0,3.388366310702046e-16,3.1889252855298086e-13,Inf
3,564,1100.0,3.404165868933813e-16,3.3893982882631503e-13,Inf
3,565,1100.0,3.398358331860652e-16,3.3995704693274185e-13,Inf
3,566,1100.0,3.4294375261953266e-16,3.1335405882413295e-13,Inf
3,567,1100.0,3.452626664671045e-16,3.4161666107118514e-13,Inf
3,568,1100.0,3.4441886104097256e-16,3.3750991074044183e-13,Inf
3,569,1100.0,3.3337778536353897e-16,3.074733262449464e-13,Inf
3,570,1100.0,3.387515075454632e-16,3.3631944679285806e-13,Inf
3,571,1100.0,3.3919981735930755e-16,3.3870050190236596e-13,Inf
3,572,1100.0,3.382609921243968e-16,3.1235071057157126e-13,Inf
3,573,1100.0,3.3998698334509917e-16,3.4202123995417924e-13,Inf
3,574,1100.0,3.3809208422857643e-16,3.4004961428154734e-13,Inf
3,575,1100.0,3.447114145458936e-16,3.4462810673549795e-13,Inf
3,576,1100.0,3.339212838298103e-16,3.0969822377537957e-13,Inf
3,577,1100.0,3.3755777101654935e-16,3.293283153112206e-13,Inf
3,578,1100.0,3.4153173058426385e-16,3.2534554059016963e-13,Inf
3,579,1100.0,3.3877049082615873e-16,3.210872891842015e-13,Inf
3,580,1100.0,3.394942218762847e-16,3.249557795961853e-13,Inf
3,581,1100.0,3.387222364121388e-16,3.2573111400923223e-13,Inf
3,582,1100.0,3.409974757555168e-16,3.401347436226013e-13,Inf
3,583,1100.0,3.386303211943564e-16,3.279281138754575e-13,Inf
3,584,1100.0,3.3526980362541664e-16,3.1059645807426817e-13,Inf
3,585,1100.0,3.4360040753062735e-16,3.1123923447929055e-13,Inf
3,586,1100.0,3.44079637772338e-16,3.125839484224162e-13,Inf
3,587,1100.0,3.4467879284515005e-16,3.1589656876530697e-13,Inf
3,588,1100.0,3.389518777423757e-16,3.209610879147777e-13,Inf
3,589,1100.0,3.3972436778906815e-16,3.2860826916324473e-13,Inf
3,590,1100.0,3.3581836075541666e-16,3.112210703426574e-13,Inf
3,591,1100.0,3.45436009794984e-16,3.294888033770372e-13,Inf
3,592,1100.0,3.4530424943002387e-16,3.276509187151699e-13,Inf
3,593,1100.0,3.472053012301951e-16,3.374474065558382e-13,Inf
3,594,1100.0,3.170908386062457e-16,3.059120630807591e-13,Inf
3,595,1100.0,3.404127142862898e-16,3.3573949086329087e-13,Inf
3,596,1100.0,3.437124179965826e-16,3.2895335198281326e-13,Inf
3,597,1100.0,3.4035632104552523e-16,3.396479487680036e-13,Inf
3,598,1100.0,3.398722517606785e-16,3.3915355668461955e-13,Inf
3,599,1100.0,3.400248672564351e-16,3.3857047300896194e-13,Inf
3,600,1100.0,3.422032731428133e-16,3.419893545599073e-13,Inf
3,601,1100.0,3.391357009533378e-16,3.308911588529047e-13,Inf
3,602,1100.0,3.4724994006274864e-16,3.3809275924760596e-13,Inf
3,603,1100.0,3.4000529283614333e-16,3.3715315005562985e-13,Inf
3,604,1100.0,3.4381982639251084e-16,3.4176799699815774e-13,Inf
3,605,1100.0,3.370203199857958e-16,3.1344785974033476e-13,Inf
3,606,1100.0,3.4052551385725536e-16,3.3438242776043673e-13,Inf
3,607,1100.0,3.370026389986374e-16,3.153311381131979e-13,Inf
3,608,1100.0,3.468594982922175e-16,3.4235657351785795e-13,Inf
3,609,1100.0,3.412859377299806e-16,3.411585597309549e-13,Inf
3,610,1100.0,3.465023129015945e-16,3.382095915594352e-13,Inf
3,611,1100.0,3.389804232217637e-16,3.3440147742926943e-13,Inf
3,612,1100.0,3.3837085753199645e-16,3.2878858669862824e-13,Inf
3,613,1100.0,3.3838629174575573e-16,3.3078937336400855e-13,Inf
3,614,1100.0,3.394778701290917e-16,3.381840696583232e-13,Inf
3,615,1100.0,3.394607018270027e-16,3.3430137527423903e-13,Inf
3,616,1100.0,3.4439087602612887e-16,3.1948185379888995e-13,Inf
3,617,1100.0,3.4537364767773674e-16,3.201259030986017e-13,Inf
3,618,1100.0,3.3906506091254434e-16,3.205630541850131e-13,Inf
3,619,1100.0,3.4414884865965363e-16,3.1857216586668786e-13,Inf
3,620,1100.0,3.437966238947416e-16,3.1689281387632553e-13,Inf
3,621,1100.0,3.393663232732321e-16,3.2765794978580956e-13,Inf
3,622,1100.0,3.397941508583777e-16,3.2342509429246323e-13,Inf
3,623,1100.0,3.4563546401553537e-16,3.350321969953187e-13,Inf
3,624,1100.0,3.4550154486780694e-16,3.341678421762964e-13,Inf
3,625,1100.0,3.409766398627785e-16,3.400493991862091e-13,Inf
3,626,1100.0,3.469216316199608e-16,3.39629213297591e-13,Inf
3,627,1100.0,3.4029225963959414e-16,3.3958219608227053e-13,Inf
3,628,1100.0,3.402032786710057e-16,3.3851584867907994e-13,Inf
3,629,1100.0,3.4708821166838265e-16,3.4191985083497515e-13,Inf
3,630,1100.0,3.438764692540084e-16,3.174168489413982e-13,Inf
3,631,1100.0,3.3740947516569095e-16,3.314384076792624e-13,Inf
3,632,1100.0,3.4555920514681666e-16,3.346510120229503e-13,Inf
3,633,1100.0,3.3958878749111455e-16,3.391133708454826e-13,Inf
3,634,1100.0,3.387214074055089e-16,3.4155609614058406e-13,Inf
3,635,1100.0,3.4198939756097143e-16,3.4162980984054216e-13,Inf
3,636,1100.0,3.38268865486093e-16,3.4148919769804727e-13,Inf
3,637,1100.0,3.407439519194139e-16,3.364460701664799e-13,Inf
3,638,1100.0,3.456261925334173e-16,3.423629346405631e-13,Inf
3,639,1100.0,3.404576882902667e-16,3.3982767479500244e-13,Inf
3,640,1100.0,3.4451207291263083e-16,3.419317693300522e-13,Inf
3,641,1100.0,3.431557721089532e-16,3.4139669153921e-13,Inf
3,642,1100.0,3.3846593264646277e-16,3.164110937408089e-13,Inf
3,643,1100.0,3.4106750994941853e-16,3.3829167514159836e-13,Inf
3,644,1100.0,3.3803351256798586e-16,3.151185234381632e-13,Inf
3,645,1100.0,3.4150121603439574e-16,3.4014920754227515e-13,Inf
3,646,1100.0,3.399640508624271e-16,3.2343734391669594e-13,Inf
3,647,1100.0,3.406657029163415e-16,3.3830419783676006e-13,Inf
3,648,1100.0,3.4644729579386823e-16,3.421635794420237e-13,Inf
3,649,1100.0,3.476367307848291e-16,3.400522128443505e-13,Inf
3,650,1100.0,3.4150175320585914e-16,3.406408829943281e-13,Inf
3,651,1100.0,3.4042920372199725e-16,3.356744102143309e-13,Inf
3,652,1100.0,3.4062964571656125e-16,3.357393489545284e-13,Inf
3,653,1100.0,3.466969168318475e-16,3.3390394044505613e-13,Inf
3,654,1100.0,3.402294098929639e-16,3.323267302567656e-13,Inf
3,655,1100.0,3.40009074302613e-16,3.396930798418617e-13,Inf
3,656,1100.0,3.4613697501302754e-16,3.426398646531606e-13,Inf
3,657,1100.0,3.46513438667989e-16,3.4144465183113066e-13,Inf
3,658,1100.0,3.4184432251009e-16,3.4147890453247543e-13,Inf
3,659,1100.0,3.3940212703787815e-16,3.4079211304477837e-13,Inf
3,660,1100.0,3.460332342312251e-16,3.388221618956153e-13,Inf
3,661,1100.0,3.4719059951182834e-16,3.414271997288165e-13,Inf
3,662,1100.0,3.425792428599784e-16,3.343747243416841e-13,Inf
3,663,1100.0,3.4042780268710666e-16,3.4015054730554517e-13,Inf
3,664,1100.0,3.4504145347107113e-16,3.414126389072565e-13,Inf
3,665,1100.0,3.461673333605604e-16,3.3403090810305503e-13,Inf
3,666,1100.0,3.4001605953203693e-16,3.2877191678820125e-13,Inf
3,667,1100.0,3.41215190077402e-16,3.3977334317542304e-13,Inf
3,668,1100.0,3.3850820894450764e-16,3.19761310866281e-13,Inf
3,669,1100.0,3.4633122312212926e-16,3.408389230598755e-13,Inf
3,670,1100.0,3.4013303089744417e-16,3.341747904938217e-13,Inf
3,671,1100.0,3.447472476760572e-16,3.3409483418527616e-13,Inf
3,672,1100.0,3.3868231290292667e-16,3.2065694900783666e-13,Inf
3,673,1100.0,3.4708621077891394e-16,3.37071355820954e-13,Inf
3,674,1100.0,3.473751620178358e-16,3.3958116536432867e-13,Inf
3,675,1100.0,3.484769217250647e-16,3.4237758378207394e-13,Inf
3,676,1100.0,3.3516647438818327e-16,3.123696367480904e-13,Inf
3,677,1100.0,3.43423631341662e-16,3.1413728629121474e-13,Inf
3,678,1100.0,3.4081926198107193e-16,3.358457084267045e-13,Inf
3,679,1100.0,3.470079416219979e-16,3.3696402833796045e-13,Inf
3,680,1100.0,3.408083736899312e-16,3.397991353338949e-13,Inf
3,681,1100.0,3.4715527051810725e-16,3.3473492053012745e-13,Inf
3,682,1100.0,3.446726550765515e-16,3.2140131799349757e-13,Inf
3,683,1100.0,3.458311948960188e-16,3.369694047323979e-13,Inf
3,684,1100.0,3.475303950556055e-16,3.40087376188684e-13,Inf
3,685,1100.0,3.468786523576387e-16,3.3531238773114284e-13,Inf
3,686,1100.0,3.4155847484999914e-16,3.4029123127901207e-13,Inf
3,687,1100.0,3.4770535300581045e-16,3.418733788750028e-13,Inf
3,688,1100.0,3.465338577555541e-16,3.428383306576685e-13,Inf
3,689,1100.0,3.471578637043365e-16,3.419487899373531e-13,Inf
3,690,1100.0,3.420942924819221e-16,3.4172515826946703e-13,Inf
3,691,1100.0,3.41229736401429e-16,3.4083576884401916e-13,Inf
3,692,1100.0,3.453030576638513e-16,3.2898782027490337e-13,Inf
3,693,1100.0,3.4121436669074337e-16,3.3985605649163127e-13,Inf
3,694,1100.0,3.464445144942772e-16,3.421450468358653e-13,Inf
3,695,1100.0,3.401915968564258e-16,3.400027613387444e-13,Inf
3,696,1100.0,3.3877024902542283e-16,3.1990452426086315e-13,Inf
3,697,1100.0,3.3842242835235044e-16,3.3186666496903504e-13,Inf
3,698,1100.0,3.3899218478813643e-16,3.3162463636312083e-13,Inf
3,699,1100.0,3.4200912833884626e-16,3.4158201100190073e-13,Inf
3,700,1100.0,3.3809796312644833e-16,3.1589013165556726e-13,Inf
3,701,1100.0,3.3691305913810835e-16,3.1299526258134004e-13,Inf
3,702,1100.0,3.4067130356204525e-16,3.3555837169107086e-13,Inf
3,703,1100.0,3.343867794461874e-16,3.082798517845139e-13,Inf
3,704,1100.0,3.443864195120208e-16,3.424394881534241e-13,Inf
3,705,1100.0,3.4076796571596837e-16,3.3988602306678127e-13,Inf
3,706,1100.0,3.3687123831204283e-16,3.122406899341617e-13,Inf
3,707,1100.0,3.4529877255525826e-16,3.360128595496251e-13,Inf
3,708,1100.0,3.455146766879954e-16,3.3425562428414195e-13,Inf
3,709,1100.0,3.43868851972213e-16,3.173719312703136e-13,Inf
3,710,1100.0,3.3197977210112034e-16,3.090237594497613e-13,Inf
3,711,1100.0,3.378494326138739e-16,3.2525548233339303e-13,Inf
3,712,1100.0,3.349184847372752e-16,3.0916916232731747e-13,Inf
3,713,1100.0,3.365221553076374e-16,3.089443771899649e-13,Inf
3,714,1100.0,3.216451005139485e-16,3.072272993206502e-13,Inf
3,715,1100.0,3.0543325437703035e-16,3.0647119375823544e-13,Inf
3,716,1100.0,3.098900552878987e-16,3.063033698823521e-13,Inf
3,717,1100.0,3.4351543515203927e-16,3.1248266247402017e-13,Inf
3,718,1100.0,3.079547368404414e-16,3.062662104301595e-13,Inf
3,719,1100.0,3.1254663467528645e-16,3.055792907580021e-13,Inf
3,720,1100.0,3.1131084290992306e-16,3.063627146832413e-13,Inf
3,721,1100.0,3.417342795523421e-16,3.1476868631910166e-13,Inf
3,722,1100.0,3.358758200319609e-16,3.238071802821591e-13,Inf
3,723,1100.0,3.3714676050631396e-16,3.1732792225800066e-13,Inf
3,724,1100.0,3.386338172248487e-16,3.333406275164864e-13,Inf
3,725,1100.0,3.389373124021308e-16,3.354924862184824e-13,Inf
3,726,1100.0,3.4662427031347135e-16,3.4429567778295343e-13,Inf
3,727,1100.0,3.375209004021201e-16,3.3905683740677306e-13,Inf
3,728,1100.0,3.4649770426587187e-16,3.4170589459310896e-13,Inf
3,729,1100.0,3.354216602029541e-16,3.2010384851546684e-13,Inf
3,730,1100.0,3.3866822025833456e-16,3.410164046375108e-13,Inf
3,731,1100.0,3.338125734755288e-16,3.1181265530763e-13,Inf
3,732,1100.0,3.5228050474277946e-16,3.4417024846404776e-13,Inf
3,733,1100.0,3.395282612333822e-16,3.3825066844029314e-13,Inf
3,734,1100.0,3.406415335555583e-16,3.3892069384498525e-13,Inf
3,735,1100.0,3.389072516464043e-16,3.2208538952834083e-13,Inf
3,736,1100.0,3.44550740038193e-16,3.201864266323803e-13,Inf
3,737,1100.0,3.464896216376286e-16,3.4192418682522965e-13,Inf
3,738,1100.0,3.4014986142731743e-16,3.40780413466159e-13,Inf
3,739,1100.0,3.45863966831775e-16,3.424715486419906e-13,Inf
3,740,1100.0,3.38930874515301e-16,3.2934179068245115e-13,Inf
3,741,1100.0,3.3810567990720656e-16,3.2516256727973793e-13,Inf
3,742,1100.0,3.4159723366088847e-16,3.416013588717278e-13,Inf
3,743,1100.0,3.407934621317869e-16,3.4223477420077043e-13,Inf
3,744,1100.0,3.384960326865536e-16,3.382604431136701e-13,Inf
3,745,1100.0,3.394767574891263e-16,3.4016254620124563e-13,Inf
3,746,1100.0,3.4688060793544187e-16,3.425159602468704e-13,Inf
3,747,1100.0,3.3530922476725414e-16,3.086050423783927e-13,Inf
3,748,1100.0,3.379459960257872e-16,3.2543638017722344e-13,Inf
3,749,1100.0,3.3901394828905934e-16,3.374689054296175e-13,Inf
3,750,1100.0,3.386260263364523e-16,3.377097326431462e-13,Inf
3,751,1100.0,3.443574076586715e-16,3.423560437397476e-13,Inf
3,752,1100.0,3.4270579067542465e-16,3.3847194455432503e-13,Inf
3,753,1100.0,3.4659531753214707e-16,3.429895900030739e-13,Inf
3,754,1100.0,3.402894081710149e-16,3.3890617217666433e-13,Inf
3,755,1100.0,3.390617914845054e-16,3.302561349365795e-13,Inf
3,756,1100.0,3.374232691151821e-16,3.3005716549229374e-13,Inf
3,757,1100.0,3.3707462503106586e-16,3.176596196070662e-13,Inf
3,758,1100.0,3.387188643596322e-16,3.3777420642851873e-13,Inf
3,759,1100.0,3.4335846089948406e-16,3.414839989776514e-13,Inf
3,760,1100.0,3.265702094561854e-16,3.071631509675834e-13,Inf
3,761,1100.0,3.4357443834246614e-16,3.2419392114341075e-13,Inf
3,762,1100.0,3.391036823131536e-16,3.3734487799956177e-13,Inf
3,763,1100.0,3.394326687668696e-16,3.2658173823146187e-13,Inf
3,764,1100.0,3.374529328507708e-16,3.294916162350181e-13,Inf
3,765,1100.0,3.4659033920353913e-16,3.287518259095567e-13,Inf
3,766,1100.0,3.4140414893380994e-16,3.3961277542380485e-13,Inf
3,767,1100.0,3.468154153932941e-16,3.3370691210233194e-13,Inf
3,768,1100.0,3.403947194043847e-16,3.346532091283978e-13,Inf
3,769,1100.0,3.408556189969182e-16,3.3912685660184493e-13,Inf
3,770,1100.0,3.399682331504606e-16,3.3027105343383217e-13,Inf
3,771,1100.0,3.3983865493374817e-16,3.236017542011569e-13,Inf
3,772,1100.0,3.48023780724634e-16,3.4111399189502247e-13,Inf
3,773,1100.0,3.404424227429964e-16,3.3473066529507435e-13,Inf
3,774,1100.0,3.4554955461130333e-16,3.4258748180974724e-13,Inf
3,775,1100.0,3.385396946817611e-16,3.180468640713369e-13,Inf
3,776,1100.0,3.464397756186541e-16,3.420850968831061e-13,Inf
3,777,1100.0,3.3968366574336036e-16,3.303363728065408e-13,Inf
3,778,1100.0,3.410224957951226e-16,3.4020824838853486e-13,Inf
3,779,1100.0,3.465330567709801e-16,3.3831672085296074e-13,Inf
3,780,1100.0,3.3922847560496093e-16,3.259744869317527e-13,Inf
4,1,400.0,1.6092966510030123e-15,1.2004109946461445e-12,Inf
4,2,400.0,1.4727585962789945e-15,1.1223758833142098e-12,Inf
4,3,400.0,1.4735448219420823e-15,1.118873843596403e-12,Inf
4,4,400.0,1.5629789832520367e-15,1.1632385795675635e-12,Inf
4,5,400.0,1.5499848142202022e-15,1.1553348496164453e-12,Inf
4,6,400.0,1.5782884572900042e-15,1.1715193383296721e-12,Inf
4,7,400.0,1.5708841382447609e-15,1.1687584442828558e-12,Inf
4,8,400.0,1.498186077668094e-15,1.1250149369405398e-12,Inf
4,9,400.0,1.5028759315352097e-15,1.1321041805158124e-12,Inf
4,10,400.0,1.5753067102565365e-15,1.1674241056469823e-12,Inf
4,11,400.0,1.5069260924326586e-15,1.1326597645787513e-12,Inf
4,12,400.0,1.5900866183519335e-15,1.1901506605239977e-12,Inf
4,13,400.0,1.4905431242604218e-15,1.0919951002199753e-12,Inf
4,14,400.0,1.6276716063840348e-15,1.2266172796047056e-12,Inf
4,15,400.0,1.5380112324037464e-15,1.132696866544626e-12,Inf
4,16,400.0,1.5354410689228587e-15,1.1395529026464666e-12,Inf
4,17,400.0,1.511162523155529e-15,1.1076778878517537e-12,Inf
4,18,400.0,1.686179172372296e-15,1.2497109335157855e-12,Inf
4,19,400.0,1.6012914469700927e-15,1.2206318102914896e-12,Inf
4,20,400.0,2.5114169900185215e-15,1.4484231931473382e-12,Inf
4,21,400.0,1.6335792270764083e-15,1.2387237375297015e-12,Inf
4,22,400.0,1.7029371644574583e-15,1.2757967582497471e-12,Inf
4,23,400.0,1.7274360914305348e-15,1.2790993452773536e-12,Inf
4,24,400.0,2.0015634090612795e-15,1.3421414306376268e-12,Inf
4,25,400.0,2.34967331061335e-15,1.4300216985068382e-12,Inf
4,26,400.0,1.6689566973739854e-15,1.258646934350229e-12,Inf
4,27,400.0,1.6835998265734935e-15,1.275584345249752e-12,Inf
4,28,400.0,1.7849540692213683e-15,1.3021595179500207e-12,Inf
4,29,400.0,2.017748434412803e-15,1.3481969014404927e-12,Inf
4,30,400.0,2.2913904575454824e-15,1.4265199702093433e-12,Inf
4,31,400.0,1.737589215555194e-15,1.2979646887828648e-12,Inf
4,32,400.0,1.6400687434395251e-15,1.2529509336640848e-12,Inf
4,33,400.0,1.796153920825452e-15,1.3129604302915434e-12,Inf
4,34,400.0,1.9235305521284317e-15,1.3315651756815603e-12,Inf
4,35,400.0,1.902909945049808e-15,1.3292025984979482e-12,Inf
4,36,400.0,2.5022719331250267e-15,1.4616531804157386e-12,Inf
4,37,400.0,1.892009001539014e-15,1.3354322791020115e-12,Inf
4,38,400.0,1.637085133121951e-15,1.251149734002526e-12,Inf
4,39,400.0,1.9597327038896518e-15,1.333544935100354e-12,Inf
4,40,400.0,2.0458574667465398e-15,1.367791916306484e-12,Inf
4,41,400.0,1.975993858607711e-15,1.3436869471031848e-12,Inf
4,42,400.0,1.8978728247635947e-15,1.3212815841055237e-12,Inf
4,43,400.0,1.672576065130752e-15,1.2586543046293322e-12,Inf
4,44,400.0,1.7316985125794186e-15,1.2838383073255543e-12,Inf
4,45,400.0,1.8588272111287834e-15,1.319815169952258e-12,Inf
4,46,400.0,1.727228133094646e-15,1.2795212912624259e-12,Inf
4,47,400.0,8.17994987804139e-16,6.430813497936138e-13,Inf
4,48,400.0,1.7269996105275002e-15,1.278527303751347e-12,Inf
4,49,400.0,1.614195250016944e-15,1.2131292188642457e-12,Inf
4,50,400.0,1.6002145804016848e-15,1.1987072008233554e-12,Inf
4,51,400.0,1.6599822163483023e-15,1.2481402802149522e-12,Inf
4,52,400.0,1.6663105802822473e-15,1.241821023411651e-12,Inf
4,53,400.0,1.6900190745591127e-15,1.2590548449196198e-12,Inf
4,54,400.0,1.694538466757607e-15,1.2570409792408405e-12,Inf
4,55,400.0,1.6080421894691593e-15,1.214027883393355e-12,Inf
4,56,400.0,1.6598722490864157e-15,1.2532598516448811e-12,Inf
4,57,400.0,1.6248458845388803e-15,1.2361449832631553e-12,Inf
4,58,400.0,1.6157357249842138e-15,1.2077871963987844e-12,Inf
4,59,400.0,1.886404680645972e-15,1.32220427832845e-12,Inf
4,60,400.0,1.5460086717847484e-15,1.1552382253608755e-12,Inf
4,61,400.0,2.1897512301507264e-15,1.3858014138776144e-12,Inf
4,62,400.0,1.5894770221836606e-15,1.1883398870109542e-12,Inf
4,63,400.0,8.17994987804139e-16,6.430813497936138e-13,Inf
4,64,400.0,1.7421537886291548e-15,1.277748440669408e-12,Inf
4,65,400.0,2.2882231366853676e-15,1.4015511758719882e-12,Inf
4,66,400.0,1.5484472350117223e-15,1.1565220633939845e-12,Inf
4,67,400.0,1.5856772057351875e-15,1.1692759818125528e-12,Inf
4,68,400.0,1.6252718553755248e-15,1.2223155714520348e-12,Inf
4,69,400.0,1.5736556195864424e-15,1.176122879482044e-12,Inf
4,70,400.0,2.0612840710346797e-15,1.3595100552944303e-12,Inf
4,71,400.0,1.6573694502688829e-15,1.2515040937207605e-12,Inf
4,72,400.0,1.7002589380460128e-15,1.2679745792814413e-12,Inf
4,73,400.0,1.7640008599017767e-15,1.2993476135567535e-12,Inf
4,74,400.0,1.4976087392281703e-15,1.1308071856259101e-12,Inf
4,75,400.0,1.6687758356176444e-15,1.2529396957983617e-12,Inf
4,76,400.0,1.9814566707786494e-15,1.339589445442228e-12,Inf
4,77,400.0,1.5604695211339899e-15,1.1553247985274359e-12,Inf
4,78,400.0,1.7585091113309618e-15,1.2927240198110822e-12,Inf
4,79,400.0,2.0176878292711007e-15,1.346741195248227e-12,Inf
4,80,400.0,1.7331224119295984e-15,1.26747676545764e-12,Inf
4,81,400.0,1.6367929710543045e-15,1.2365721800383445e-12,Inf
4,82,400.0,1.5042359101467117e-15,1.1224667456727867e-12,Inf
4,83,400.0,1.5641793766599095e-15,1.1588845619481837e-12,Inf
4,84,400.0,1.5370937672281668e-15,1.1396020480115577e-12,Inf
4,85,400.0,1.927599993839767e-15,1.313869060790897e-12,Inf
4,86,400.0,1.5399012518820732e-15,1.141601280680589e-12,Inf
4,87,400.0,1.5488112372262481e-15,1.1476331699743388e-12,Inf
4,88,400.0,1.6105340787762786e-15,1.2090642047667281e-12,Inf
4,89,400.0,1.451962632629486e-15,1.1110021570350031e-12,Inf
4,90,400.0,1.5803323120864454e-15,1.174021709421206e-12,Inf
4,91,400.0,1.583240460220646e-15,1.178131061346768e-12,Inf
4,92,400.0,1.5918738577268528e-15,1.191536825082072e-12,Inf
4,93,400.0,1.428862720223383e-15,1.1062214665137489e-12,Inf
4,94,400.0,1.6476887384335439e-15,1.2321058053420936e-12,Inf
4,95,400.0,2.2613751960636343e-15,1.3703313837763684e-12,Inf
4,96,400.0,2.229034759951227e-15,1.3641499668736676e-12,Inf
4,97,400.0,1.7719212728592654e-15,1.274073608102657e-12,Inf
4,98,400.0,2.276942860278716e-15,1.3745113052047562e-12,Inf
4,99,400.0,2.1954909899698706e-15,1.358720426590015e-12,Inf
4,100,400.0,1.6018026849694431e-15,1.1964293842279595e-12,Inf
4,101,400.0,1.7049327847832425e-15,1.2552339031099807e-12,Inf
4,102,400.0,1.6808686518602968e-15,1.2449848544283286e-12,Inf
4,103,400.0,1.6288009706566429e-15,1.2196273580672512e-12,Inf
4,104,400.0,1.6080365382570424e-15,1.2039035126825104e-12,Inf
4,105,400.0,1.7187394524570391e-15,1.2596687779690385e-12,Inf
4,106,400.0,1.887648575479028e-15,1.301618536462439e-12,Inf
4,107,400.0,1.8759306440710788e-15,1.2983293283229128e-12,Inf
4,108,400.0,1.7175734454593712e-15,1.2636468874431267e-12,Inf
4,109,400.0,1.6830571241338117e-15,1.243285830117394e-12,Inf
4,110,400.0,1.8105172010460065e-15,1.2859321908991899e-12,Inf
4,111,400.0,1.6647633038280454e-15,1.2395717889971042e-12,Inf
4,112,400.0,1.6259543792098275e-15,1.2255561231869393e-12,Inf
4,113,400.0,1.61704906611214e-15,1.1944087876003201e-12,Inf
4,114,400.0,1.7074352220614553e-15,1.2573835657500383e-12,Inf
4,115,400.0,1.691550921138164e-15,1.2503403867153818e-12,Inf
4,116,400.0,1.6858366011757581e-15,1.24963822144811e-12,Inf
4,117,400.0,1.6178180302701694e-15,1.2140210602366003e-12,Inf
4,118,400.0,1.6779366784209005e-15,1.245752921435127e-12,Inf
4,119,400.0,1.716567111090205e-15,1.2625522719879307e-12,Inf
4,120,400.0,1.6724598943527368e-15,1.2403993234416017e-12,Inf
4,121,400.0,1.6357588145375325e-15,1.2174854633650378e-12,Inf
4,122,400.0,1.6833489474283862e-15,1.244704348525195e-12,Inf
4,123,400.0,1.6955685222126644e-15,1.255667156594977e-12,Inf
4,124,400.0,1.6710680869092644e-15,1.24505301506081e-12,Inf
4,125,400.0,1.6133202281016054e-15,1.2097068550174469e-12,Inf
4,126,400.0,1.6576096996443063e-15,1.2379660867153675e-12,Inf
4,127,400.0,1.6144381149013157e-15,1.19846508150281e-12,Inf
4,128,400.0,1.6145738379643624e-15,1.2035786176053604e-12,Inf
4,129,400.0,1.6329269983562143e-15,1.2252191460177795e-12,Inf
4,130,400.0,1.6482073846198492e-15,1.2295795112092103e-12,Inf
4,131,400.0,1.6213292360162564e-15,1.214050331657933e-12,Inf
4,132,400.0,1.65824573581691e-15,1.2432960716240917e-12,Inf
4,133,400.0,1.6953006837057676e-15,1.247354333873437e-12,Inf
4,134,400.0,1.6183291140990883e-15,1.2082554026798234e-12,Inf
4,135,400.0,1.5794448312950621e-15,1.1677504865399634e-12,Inf
4,136,400.0,1.6738987937058737e-15,1.2370146374428519e-12,Inf
4,137,400.0,2.08798011856908e-15,1.3454607564904228e-12,Inf
4,138,400.0,2.11939798733674e-15,1.371717925888472e-12,Inf
4,139,400.0,1.621567009250346e-15,1.2166629260008306e-12,Inf
4,140,400.0,2.7058841487154565e-15,1.4786442524648648e-12,Inf
4,141,400.0,1.8004800324082405e-15,1.316609574653554e-12,Inf
4,142,400.0,1.6864609643554936e-15,1.2835163837168532e-12,Inf
4,143,400.0,1.6451205239212439e-15,1.2307484527582441e-12,Inf
4,144,400.0,1.7061973551926088e-15,1.2684364192980394e-12,Inf
4,145,400.0,1.7109097805162275e-15,1.2615049343715406e-12,Inf
4,146,400.0,1.7390043729779326e-15,1.2751136401420657e-12,Inf
4,147,400.0,2.447585136890065e-15,1.4355315146713294e-12,Inf
4,148,400.0,2.520347217609255e-15,1.4434421918024063e-12,Inf
4,149,400.0,1.8124422870028156e-15,1.3204709413661332e-12,Inf
4,150,400.0,1.6270767434121778e-15,1.2482776902964427e-12,Inf
4,151,400.0,1.7588914756307087e-15,1.3039997547314022e-12,Inf
4,152,400.0,1.6580050354458953e-15,1.237422727789143e-12,Inf
4,153,400.0,2.06867265452357e-15,1.3416767245128933e-12,Inf
4,154,400.0,1.7534171196028012e-15,1.2842485664896867e-12,Inf
4,155,400.0,1.6859661791253433e-15,1.2773414927036841e-12,Inf
4,156,400.0,1.8633405704605693e-15,1.3309807613406095e-12,Inf
4,157,400.0,1.6430358043800294e-15,1.2418001122857787e-12,Inf
4,158,400.0,1.858125034009606e-15,1.298842361321498e-12,Inf
4,159,400.0,1.9410571397582533e-15,1.333340346998743e-12,Inf
4,160,400.0,1.6301969247898476e-15,1.2099236175579855e-12,Inf
4,161,400.0,1.6381438987300628e-15,1.2254699772961621e-12,Inf
4,162,400.0,1.7093715516032187e-15,1.2663844166107959e-12,Inf
4,163,400.0,1.7590922297634722e-15,1.282763122578885e-12,Inf
4,164,400.0,1.8150939015799197e-15,1.3054665964455897e-12,Inf
4,165,400.0,1.7693231403145287e-15,1.2948221544547805e-12,Inf
4,166,400.0,1.7720697417413738e-15,1.285992557285567e-12,Inf
4,167,400.0,2.1410581776671045e-15,1.3513630112501722e-12,Inf
4,168,400.0,1.7323491480192941e-15,1.2830097804851329e-12,Inf
4,169,400.0,1.575204728766324e-15,1.1659560760041037e-12,Inf
4,170,400.0,1.6167265525235735e-15,1.2003576599657929e-12,Inf
4,171,400.0,1.6004277760265734e-15,1.2026656811600044e-12,Inf
4,172,400.0,1.788017270679162e-15,1.2892845021500626e-12,Inf
4,173,400.0,1.6463455643817054e-15,1.223076484465955e-12,Inf
4,174,400.0,1.6230664730432948e-15,1.218535215969266e-12,Inf
4,175,400.0,1.6768769077059494e-15,1.242478613186737e-12,Inf
4,176,400.0,1.7869095806958153e-15,1.2812342917345787e-12,Inf
4,177,400.0,1.5985017115199464e-15,1.174826946599782e-12,Inf
4,178,400.0,1.7014052335730313e-15,1.264383608585482e-12,Inf
4,179,400.0,1.7463790818085559e-15,1.2829445287030073e-12,Inf
4,180,400.0,1.677497007130307e-15,1.2533306995375453e-12,Inf
4,181,400.0,1.701269125216283e-15,1.2653306785825203e-12,Inf
4,182,400.0,1.587689439321184e-15,1.2048922072388754e-12,Inf
4,183,400.0,1.6443819430318352e-15,1.23024321919457e-12,Inf
4,184,400.0,1.814149181756555e-15,1.2995560358771499e-12,Inf
4,185,400.0,1.6267029992769069e-15,1.2313480354769764e-12,Inf
4,186,400.0,1.709984345678397e-15,1.2863528493192735e-12,Inf
4,187,400.0,1.983157717384037e-15,1.3410189691879625e-12,Inf
4,188,400.0,1.4298386092138928e-15,1.1064411315994631e-12,Inf
4,189,400.0,1.4438104909941967e-15,1.1094835427425591e-12,Inf
4,190,400.0,1.3338029419626914e-15,1.039695252850284e-12,Inf
4,191,400.0,1.51817349503508e-15,1.1284025950971171e-12,Inf
4,192,400.0,1.6228156476501851e-15,1.218355429108249e-12,Inf
4,193,400.0,1.6710529115254382e-15,1.2436614447593146e-12,Inf
4,194,400.0,1.7455452132626319e-15,1.2721421550080124e-12,Inf
4,195,400.0,7.840737650316162e-16,6.077381493855715e-13,Inf
4,196,400.0,2.0829967906927468e-15,1.3444991379590223e-12,Inf
4,197,400.0,1.852563478741166e-15,1.2903124981877151e-12,Inf
4,198,400.0,1.6067003809315593e-15,1.2061754740520743e-12,Inf
4,199,400.0,1.569943825583962e-15,1.1636038579106867e-12,Inf
4,200,400.0,1.5505050891677448e-15,1.1488056463543119e-12,Inf
4,201,400.0,1.6137416464645264e-15,1.2115820815457394e-12,Inf
4,202,400.0,1.963435676939256e-15,1.3209544154522658e-12,Inf
4,203,400.0,1.5450439897197032e-15,1.1450980422111253e-12,Inf
4,204,400.0,1.5671516544201264e-15,1.1612628327569858e-12,Inf
4,205,400.0,1.5501387370758762e-15,1.1485501177647797e-12,Inf
4,206,400.0,1.5807046889018573e-15,1.1744865020859883e-12,Inf
4,207,400.0,1.5639296868357332e-15,1.1586948507357866e-12,Inf
4,208,400.0,1.5320434509399409e-15,1.136254926089605e-12,Inf
4,209,400.0,1.6634928690326672e-15,1.240155919752992e-12,Inf
4,210,400.0,7.840737650316162e-16,6.077381493855715e-13,Inf
4,211,400.0,1.7316751665054304e-15,1.270691978264438e-12,Inf
4,212,400.0,1.5954499419130914e-15,1.1978412922571286e-12,Inf
4,213,400.0,1.708900345142091e-15,1.253697000322735e-12,Inf
4,214,400.0,1.7755231978641097e-15,1.2692535220700173e-12,Inf
4,215,400.0,1.7234284413040683e-15,1.26768683863199e-12,Inf
4,216,400.0,1.741853534177845e-15,1.2727657087747178e-12,Inf
4,217,400.0,1.6502148612472589e-15,1.2334226526748203e-12,Inf
4,218,400.0,2.043100151480309e-15,1.3318162971726375e-12,Inf
4,219,400.0,1.8551907209300346e-15,1.2997341746610782e-12,Inf
4,220,400.0,1.667342867265014e-15,1.2354666831354161e-12,Inf
4,221,400.0,1.6067649119009237e-15,1.1801941711242974e-12,Inf
4,222,400.0,1.6186999091929e-15,1.1890531884003918e-12,Inf
4,223,400.0,1.5549941565124022e-15,1.145034841637532e-12,Inf
4,224,400.0,1.4957691747923075e-15,1.1135905245747712e-12,Inf
4,225,400.0,1.5646848099811075e-15,1.1519760193870773e-12,Inf
4,226,400.0,1.6113391621315882e-15,1.2054115946264763e-12,Inf
4,227,400.0,1.694658508396365e-15,1.2509126977031841e-12,Inf
4,228,400.0,1.5822743967169238e-15,1.158179376189937e-12,Inf
4,229,400.0,1.5662613189674608e-15,1.1533513217839186e-12,Inf
4,230,400.0,1.5455254115590792e-15,1.1386053643966123e-12,Inf
4,231,400.0,1.5791050279335093e-15,1.1660514039618634e-12,Inf
4,232,400.0,1.5981156111743465e-15,1.169232216082011e-12,Inf
4,233,400.0,1.5945527071048601e-15,1.1903264921686734e-12,Inf
4,234,400.0,1.5100266932688799e-15,1.1141361509015202e-12,Inf
4,235,400.0,1.5969537286484527e-15,1.1913582092661952e-12,Inf
4,236,400.0,1.6338964359134992e-15,1.2122500440476728e-12,Inf
4,237,400.0,1.7709342170070244e-15,1.283976222150568e-12,Inf
4,238,400.0,1.5697757347266534e-15,1.147440360040452e-12,Inf
4,239,400.0,1.7857929052350652e-15,1.2829477206315505e-12,Inf
4,240,400.0,1.6157749414458027e-15,1.2057791371691145e-12,Inf
4,241,400.0,1.751080301517355e-15,1.2676903175283784e-12,Inf
4,242,400.0,1.5999678805991432e-15,1.1926965315387323e-12,Inf
4,243,400.0,1.6398465535553052e-15,1.2229449825821153e-12,Inf
4,244,400.0,1.5003277453356415e-15,1.1211039447811378e-12,Inf
4,245,400.0,1.5406566866053413e-15,1.1421552455179087e-12,Inf
4,246,400.0,1.4934752999357844e-15,1.1190594816439773e-12,Inf
4,247,400.0,1.463257652525055e-15,1.1129557945196327e-12,Inf
4,248,400.0,1.5444707400448565e-15,1.1447216109516634e-12,Inf
4,249,400.0,1.5105616994355617e-15,1.1249647635296529e-12,Inf
4,250,400.0,1.5027206507434107e-15,1.1219243922199037e-12,Inf
4,251,400.0,1.5078373921262619e-15,1.1238435885330588e-12,Inf
4,252,400.0,1.4000414455147983e-15,1.098124216735721e-12,Inf
4,253,400.0,1.8671742437709823e-15,1.3013640672228202e-12,Inf
4,254,400.0,1.7758259171228036e-15,1.27635654039052e-12,Inf
4,255,400.0,1.7273801670153346e-15,1.2706808763641627e-12,Inf
4,256,400.0,1.6817277961681778e-15,1.2539669877100348e-12,Inf
4,257,400.0,1.88484428577732e-15,1.3101884074234136e-12,Inf
4,258,400.0,2.3066784204539486e-15,1.3873107672314696e-12,Inf
4,259,400.0,2.4962298269036965e-15,1.4167188647269788e-12,Inf
4,260,400.0,2.0255315264170507e-15,1.3319454252528794e-12,Inf
4,261,400.0,2.48440490382911e-15,1.4110240437353102e-12,Inf
4,262,400.0,1.6701405006380724e-15,1.2480770395518104e-12,Inf
4,263,400.0,1.9889990453619853e-15,1.3259553064029766e-12,Inf
4,264,400.0,1.4558496693235473e-15,1.1116830759972271e-12,Inf
4,265,400.0,1.5689271164792733e-15,1.1627330505022178e-12,Inf
4,266,400.0,1.4275058194243187e-15,1.1059154699855338e-12,Inf
4,267,400.0,1.4631975174438819e-15,1.1129451024933445e-12,Inf
4,268,400.0,1.4003751304982313e-15,1.0982697868304375e-12,Inf
4,269,400.0,1.5712113113901854e-15,1.1647012716893623e-12,Inf
4,270,400.0,1.5271690899896857e-15,1.1332743132910506e-12,Inf
4,271,400.0,3.1314514337982775e-15,1.543468447407203e-12,Inf
4,272,400.0,1.7565138724341927e-15,1.2687905340151899e-12,Inf
4,273,400.0,1.6833490774056023e-15,1.2454551470700789e-12,Inf
4,274,400.0,1.9427383900110535e-15,1.312225002382024e-12,Inf
4,275,400.0,2.5816366258214642e-15,1.4316192419045914e-12,Inf
4,276,400.0,1.8645731410722936e-15,1.293946602354653e-12,Inf
4,277,400.0,1.8261606024593973e-15,1.2849916107103046e-12,Inf
4,278,400.0,1.891654720675982e-15,1.3018538492334842e-12,Inf
4,279,400.0,1.6072421127830367e-15,1.176812870476956e-12,Inf
4,280,400.0,2.1611826472366333e-15,1.3450227247216346e-12,Inf
4,281,400.0,2.333768807639308e-15,1.3836227779247405e-12,Inf
4,282,400.0,1.8806621001058e-15,1.2962521780756248e-12,Inf
4,283,400.0,1.662615898973498e-15,1.231837036131992e-12,Inf
4,284,400.0,2.0368694513084714e-15,1.3354404420241778e-12,Inf
4,285,400.0,1.6480512157367734e-15,1.240066909073569e-12,Inf
4,286,400.0,1.5920302012082477e-15,1.1981931323024595e-12,Inf
4,287,400.0,2.1241294230986703e-15,1.3562283850768302e-12,Inf
4,288,400.0,1.8772536142841155e-15,1.3020513493950233e-12,Inf
4,289,400.0,1.5807541619183657e-15,1.1775335386248196e-12,Inf
4,290,400.0,1.8674388281487435e-15,1.303684166715797e-12,Inf
4,291,400.0,1.481362904929839e-15,1.086746876900975e-12,Inf
4,292,400.0,1.6347941877627257e-15,1.2270889009589212e-12,Inf
4,293,400.0,1.6116475563793987e-15,1.189561961159919e-12,Inf
4,294,400.0,1.6432052685372927e-15,1.2275696747922904e-12,Inf
4,295,400.0,1.7043105908073173e-15,1.256586663352696e-12,Inf
4,296,400.0,1.6061071184299894e-15,1.205054211863346e-12,Inf
4,297,400.0,2.4372280379453525e-15,1.415367851457144e-12,Inf
4,298,400.0,1.7303410877202388e-15,1.2719961966714374e-12,Inf
4,299,400.0,1.5820223766518566e-15,1.1762832315110037e-12,Inf
4,300,400.0,1.6471724735346245e-15,1.2270171504458412e-12,Inf
4,301,400.0,1.681241496490168e-15,1.2494290004881756e-12,Inf
4,302,400.0,1.6448983916125104e-15,1.2256679389071526e-12,Inf
4,303,400.0,1.6141638210454145e-15,1.211300536433152e-12,Inf
4,304,400.0,1.646748461612324e-15,1.2282004842560402e-12,Inf
4,305,400.0,1.60888394264656e-15,1.2096741469333e-12,Inf
4,306,400.0,1.656808660635525e-15,1.2370260194360085e-12,Inf
4,307,400.0,1.589740183381022e-15,1.183311793728411e-12,Inf
4,308,400.0,1.6211378690103982e-15,1.222910077215343e-12,Inf
4,309,400.0,1.6314433064992078e-15,1.2225316912947387e-12,Inf
4,310,400.0,1.6892304645115586e-15,1.2617472234872651e-12,Inf
4,311,400.0,1.9689606659548375e-15,1.3366295499073254e-12,Inf
4,312,400.0,1.7167469682114582e-15,1.2802722540352153e-12,Inf
4,313,400.0,1.6439229248605447e-15,1.2465889221560392e-12,Inf
4,314,400.0,1.6828114490107455e-15,1.261870358878804e-12,Inf
4,315,400.0,1.6335601357060672e-15,1.239590983040568e-12,Inf
4,316,400.0,1.849928167950683e-15,1.315766285376227e-12,Inf
4,317,400.0,1.7091630509716784e-15,1.2725046214379074e-12,Inf
4,318,400.0,1.7589646559957709e-15,1.28802131380519e-12,Inf
4,319,400.0,1.6036610449265037e-15,1.211163538843794e-12,Inf
4,320,400.0,1.6393509732315166e-15,1.2353433131677874e-12,Inf
4,321,400.0,1.7028745898841415e-15,1.2754374561294445e-12,Inf
4,322,400.0,1.756974898191813e-15,1.283661445649558e-12,Inf
4,323,400.0,1.6139016403628288e-15,1.2196527406028192e-12,Inf
4,324,400.0,1.6141261887104293e-15,1.2198329459000084e-12,Inf
4,325,400.0,1.6462648913570995e-15,1.2360155063535428e-12,Inf
4,326,400.0,1.7223991519721427e-15,1.2714710681108881e-12,Inf
4,327,400.0,1.6583714381361354e-15,1.2419422005668109e-12,Inf
4,328,400.0,1.6063895009181605e-15,1.2119544415975018e-12,Inf
4,329,400.0,1.5890199894205256e-15,1.1976727381082012e-12,Inf
4,330,400.0,1.882956603282335e-15,1.3103308534068845e-12,Inf
4,331,400.0,1.6018910841507663e-15,1.2091988688987805e-12,Inf
4,332,400.0,1.7077792695865648e-15,1.2678503975115991e-12,Inf
4,333,400.0,1.5170979582281692e-15,1.1365844462853992e-12,Inf
4,334,400.0,1.6275912117901193e-15,1.2292847299498868e-12,Inf
4,335,400.0,1.561223789834709e-15,1.1640708148657317e-12,Inf
4,336,400.0,1.6083798451923649e-15,1.2177785552872258e-12,Inf
4,337,400.0,1.6426564861211895e-15,1.2352197407771653e-12,Inf
4,338,400.0,1.6125944622020157e-15,1.2185738922526534e-12,Inf
4,339,400.0,1.5924614552662457e-15,1.195510108668047e-12,Inf
4,340,400.0,1.6307949093563515e-15,1.2105991838159133e-12,Inf
4,341,400.0,1.5891316718167746e-15,1.1724293920563343e-12,Inf
4,342,400.0,1.7128353081436609e-15,1.2699031449534368e-12,Inf
4,343,400.0,1.646273663226217e-15,1.2289445825376793e-12,Inf
4,344,400.0,1.6001282474480615e-15,1.1968407397805919e-12,Inf
4,345,400.0,1.644876972601364e-15,1.2305965405130002e-12,Inf
4,346,400.0,1.6003791270334163e-15,1.197422660353557e-12,Inf
4,347,400.0,1.5870071834320074e-15,1.1698501429032956e-12,Inf
4,348,400.0,1.7222150020973381e-15,1.2600072428004643e-12,Inf
4,349,400.0,1.5875813323073119e-15,1.1626556586999306e-12,Inf
4,350,400.0,1.8962338011799716e-15,1.3132046522555817e-12,Inf
4,351,400.0,1.848428346578824e-15,1.3079886497672625e-12,Inf
4,352,400.0,1.6412333385630759e-15,1.236746509092343e-12,Inf
4,353,400.0,1.918652186019128e-15,1.3176377634119407e-12,Inf
4,354,400.0,1.5929131520379025e-15,1.2002817201249713e-12,Inf
4,355,400.0,1.5805032417714745e-15,1.1811137601941461e-12,Inf
4,356,400.0,1.990469024362786e-15,1.3342016876337733e-12,Inf
4,357,400.0,1.9029703481413366e-15,1.3180091680422198e-12,Inf
4,358,400.0,1.6840675611691725e-15,1.2560344640492059e-12,Inf
4,359,400.0,1.8386009848796074e-15,1.3013760466644917e-12,Inf
4,360,400.0,1.68674264303595e-15,1.2579540547297976e-12,Inf
4,361,400.0,1.6368323683633035e-15,1.2243777171466507e-12,Inf
4,362,400.0,1.6196261139302973e-15,1.2206365168865939e-12,Inf
4,363,400.0,1.6100619316498415e-15,1.1937713546560341e-12,Inf
4,364,400.0,1.7273011395768922e-15,1.271017883748709e-12,Inf
4,365,400.0,1.5958645030765676e-15,1.2035451738836342e-12,Inf
4,366,400.0,1.6730610688409048e-15,1.2437520150166366e-12,Inf
4,367,400.0,1.6581723403020898e-15,1.2437222051454268e-12,Inf
4,368,400.0,2.4271327125294186e-15,1.4126481630890259e-12,Inf
4,369,400.0,1.8181910556882183e-15,1.2957550681502225e-12,Inf
4,370,400.0,1.9476147652274854e-15,1.320220430862834e-12,Inf
4,371,400.0,1.6198537069669622e-15,1.2212364690666328e-12,Inf
4,372,400.0,1.6470291399434415e-15,1.2333669778248744e-12,Inf
4,373,400.0,1.5926114333084836e-15,1.1968308325321414e-12,Inf
4,374,400.0,1.609035495285255e-15,1.191117476711479e-12,Inf
4,375,400.0,1.8023316348015383e-15,1.295544312019175e-12,Inf
4,376,400.0,1.7500912376660018e-15,1.277051773309921e-12,Inf
4,377,400.0,1.7025965177767891e-15,1.2658064586414044e-12,Inf
4,378,400.0,1.6277753284979298e-15,1.2162065695347096e-12,Inf
4,379,400.0,1.6300556052162429e-15,1.219026862305796e-12,Inf
4,380,400.0,1.6934206221645047e-15,1.2485687451260526e-12,Inf
4,381,400.0,2.2017989150221274e-15,1.3762786659908628e-12,Inf
4,382,400.0,1.6485584332015324e-15,1.2298521799838988e-12,Inf
4,383,400.0,1.7925441024152813e-15,1.2894590722821243e-12,Inf
4,384,400.0,1.6398861235004928e-15,1.2387660276584952e-12,Inf
4,385,400.0,2.8245937456647823e-15,1.489801044532888e-12,Inf
4,386,400.0,2.4297699447469698e-15,1.4230403341579792e-12,Inf
4,387,400.0,1.6106667847600391e-15,1.2117439688043305e-12,Inf
4,388,400.0,2.0211547767090214e-15,1.3361709146815997e-12,Inf
4,389,400.0,2.5804562865048334e-15,1.4439087899036075e-12,Inf
4,390,400.0,2.0454280316950595e-15,1.3388277345949382e-12,Inf
4,391,400.0,1.804036044139262e-15,1.2925584963180311e-12,Inf
4,392,400.0,1.6179374169836287e-15,1.250726878200401e-12,Inf
4,393,400.0,1.6748167620015402e-15,1.2758513033203432e-12,Inf
4,394,400.0,2.2917749988676734e-15,1.4301995186854763e-12,Inf
4,395,400.0,1.7298687769031191e-15,1.3007778818970338e-12,Inf
4,396,400.0,1.6479413742992362e-15,1.2674941059191546e-12,Inf
4,397,400.0,2.027288811169514e-15,1.3432588562063238e-12,Inf
4,398,400.0,1.826503623623609e-15,1.298570555803681e-12,Inf
4,399,400.0,1.7173184924115789e-15,1.2728302159197941e-12,Inf
4,400,400.0,1.7665661716719115e-15,1.286340286928785e-12,Inf
4,401,400.0,1.735240276292006e-15,1.278113612298416e-12,Inf
4,402,400.0,1.9904891883353598e-15,1.3335144578084596e-12,Inf
4,403,400.0,1.6844490535434095e-15,1.2590835109323133e-12,Inf
4,404,400.0,1.590998808157913e-15,1.2087302157979168e-12,Inf
4,405,400.0,1.6033268890165868e-15,1.210432900870622e-12,Inf
4,406,400.0,1.695546288008562e-15,1.2630305339804818e-12,Inf
4,407,400.0,1.6060870948689013e-15,1.2132060609986482e-12,Inf
4,408,400.0,1.639729370085875e-15,1.2360012450629837e-12,Inf
4,409,400.0,2.1241012371434602e-15,1.3583904669629618e-12,Inf
4,410,400.0,1.9057080073965913e-15,1.318586954009722e-12,Inf
4,411,400.0,1.644380196666356e-15,1.2379929113720808e-12,Inf
4,412,400.0,1.6564956014525667e-15,1.2454027788215673e-12,Inf
4,413,400.0,1.6116716834698087e-15,1.2170306869235097e-12,Inf
4,414,400.0,1.6316040105724558e-15,1.234967776927587e-12,Inf
4,415,400.0,1.6632047870426818e-15,1.2478589628779584e-12,Inf
4,416,400.0,1.611744939201001e-15,1.2178582200037287e-12,Inf
4,417,400.0,3.0200200251077313e-15,1.5445148614912187e-12,Inf
4,418,400.0,2.1714593464872238e-15,1.3717158766093758e-12,Inf
4,419,400.0,2.0629437325576934e-15,1.351247934185262e-12,Inf
4,420,400.0,1.8623016616679896e-15,1.313954748819498e-12,Inf
4,421,400.0,2.8475964842929296e-15,1.5103491414606797e-12,Inf
4,422,400.0,1.704939533512167e-15,1.2684889565271358e-12,Inf
4,423,400.0,1.6070100647975657e-15,1.2140543254181367e-12,Inf
4,424,400.0,1.7434578563408526e-15,1.2815229661400568e-12,Inf
4,425,400.0,1.6188852395055316e-15,1.2126398313350811e-12,Inf
4,426,400.0,2.336639578813372e-15,1.3844406346894023e-12,Inf
4,427,400.0,1.614601072885223e-15,1.2131407270010897e-12,Inf
4,428,400.0,1.5919927503105638e-15,1.201882517548831e-12,Inf
4,429,400.0,1.6981479469207814e-15,1.2557191251649861e-12,Inf
4,430,400.0,1.645104161331896e-15,1.2362790731170105e-12,Inf
4,431,400.0,1.6753062873260864e-15,1.2522816162027485e-12,Inf
4,432,400.0,1.6873509593659837e-15,1.251493797634913e-12,Inf
4,433,400.0,1.6300464973571041e-15,1.230891489660642e-12,Inf
4,434,400.0,1.8498433084836116e-15,1.299649716221302e-12,Inf
4,435,400.0,1.8199436493015184e-15,1.3059978997399223e-12,Inf
4,436,400.0,1.7167470571145928e-15,1.274638177769672e-12,Inf
4,437,400.0,1.5975423137986839e-15,1.2019408312403322e-12,Inf
4,438,400.0,1.6052556762055676e-15,1.2125180386565633e-12,Inf
4,439,400.0,1.7793473297998397e-15,1.2834182675243661e-12,Inf
4,440,400.0,1.8239155785040332e-15,1.3066976636052336e-12,Inf
4,441,400.0,1.7243757650146553e-15,1.273967280296721e-12,Inf
4,442,400.0,1.968499887345698e-15,1.3314695987088433e-12,Inf
4,443,400.0,1.601050063711803e-15,1.2072607044242582e-12,Inf
4,444,400.0,1.7720498542321095e-15,1.289702516076188e-12,Inf
4,445,400.0,1.5812031591238934e-15,1.1819538590428035e-12,Inf
4,446,400.0,1.6778032086313658e-15,1.2575983817220421e-12,Inf
4,447,400.0,1.6774689394059848e-15,1.256400655030926e-12,Inf
4,448,400.0,1.7293060487386741e-15,1.2770453435001113e-12,Inf
4,449,400.0,1.67019025015e-15,1.2533339660409935e-12,Inf
4,450,400.0,1.592558335926612e-15,1.1952666038936462e-12,Inf
4,451,400.0,1.4880045128307324e-15,1.12668429017085e-12,Inf
4,452,400.0,1.5969006348303644e-15,1.2034840496815294e-12,Inf
4,453,400.0,1.591921210516277e-15,1.1987738315268912e-12,Inf
4,454,400.0,1.584164222075994e-15,1.186165690272181e-12,Inf
4,455,400.0,1.6249338942102235e-15,1.229346632146573e-12,Inf
4,456,400.0,1.5977429646869477e-15,1.188096172093794e-12,Inf
4,457,400.0,1.612914403846345e-15,1.2069056697229044e-12,Inf
4,458,400.0,1.5970758474514258e-15,1.1813952681276404e-12,Inf
4,459,400.0,1.7732136233899692e-15,1.2811743082025735e-12,Inf
4,460,400.0,1.6328169352944535e-15,1.219078305923208e-12,Inf
4,461,400.0,1.6137699992594002e-15,1.1836284629262878e-12,Inf
4,462,400.0,1.5897089922499699e-15,1.177003698409742e-12,Inf
4,463,400.0,1.6008767984308175e-15,1.1956224754264378e-12,Inf
4,464,400.0,1.5706636908383117e-15,1.1714951978733983e-12,Inf
4,465,400.0,1.6493908666759315e-15,1.2376740109969581e-12,Inf
4,466,400.0,1.5252538131814336e-15,1.1377833922364442e-12,Inf
4,467,400.0,2.2820869618744413e-15,1.3948333318086197e-12,Inf
4,468,400.0,1.6038092754481176e-15,1.2008709240122692e-12,Inf
4,469,400.0,1.6940644204242815e-15,1.256040936679464e-12,Inf
4,470,400.0,1.8450184235106303e-15,1.2993053866121347e-12,Inf
4,471,400.0,1.644950360933082e-15,1.234724094416844e-12,Inf
4,472,400.0,2.0578818871276698e-15,1.3407582578470572e-12,Inf
4,473,400.0,2.6243330058812058e-15,1.4549663280668167e-12,Inf
4,474,400.0,2.1006901941084276e-15,1.3494851053164234e-12,Inf
4,475,400.0,1.733428965160536e-15,1.2721506524034962e-12,Inf
4,476,400.0,2.1691958172422068e-15,1.3689188769073484e-12,Inf
4,477,400.0,1.7100088619318397e-15,1.2731742882274348e-12,Inf
4,478,400.0,1.6190595540077708e-15,1.2226708805258046e-12,Inf
4,479,400.0,1.6262139607578446e-15,1.22815435691194e-12,Inf
4,480,400.0,1.8627257429904606e-15,1.3093909536034177e-12,Inf
4,481,400.0,1.6303659750993204e-15,1.231069742319904e-12,Inf
4,482,400.0,1.6553293638833517e-15,1.2433300593634613e-12,Inf
4,483,400.0,1.5669575361024988e-15,1.1697081329468663e-12,Inf
4,484,400.0,1.7192846319571219e-15,1.269086325602986e-12,Inf
4,485,400.0,1.6686045733009959e-15,1.2487729755689361e-12,Inf
4,486,400.0,1.730038278122759e-15,1.2725503628829306e-12,Inf
4,487,400.0,1.6484164888323193e-15,1.2305649170428288e-12,Inf
4,488,400.0,1.6568648894287548e-15,1.244692284542688e-12,Inf
4,489,400.0,1.7222493482971949e-15,1.2665621680547196e-12,Inf
4,490,400.0,1.8693540704135212e-15,1.3093118530353882e-12,Inf
4,491,400.0,1.6476255023231381e-15,1.2374112085912719e-12,Inf
4,492,400.0,2.096490026570829e-15,1.353328629238396e-12,Inf
4,493,400.0,1.5391865563070269e-15,1.1473763752349464e-12,Inf
4,494,400.0,1.633621844693438e-15,1.2328612754506684e-12,Inf
4,495,400.0,1.5848080785102363e-15,1.1859933424385015e-12,Inf
4,496,400.0,1.6613695604023337e-15,1.2410996203948644e-12,Inf
4,497,400.0,1.8383544917637726e-15,1.3078572880057629e-12,Inf
4,498,400.0,1.6924809742039124e-15,1.2686406190951846e-12,Inf
4,499,400.0,2.053114394051909e-15,1.3485127601019104e-12,Inf
4,500,400.0,1.6598440666311733e-15,1.255366867423742e-12,Inf
4,501,400.0,1.7279672228495731e-15,1.2751020773131913e-12,Inf
4,502,400.0,1.7135665503775518e-15,1.2716000543483891e-12,Inf
4,503,400.0,1.6439728936611627e-15,1.2555024186159095e-12,Inf
4,504,400.0,1.6703576728731713e-15,1.2697728891631024e-12,Inf
4,505,400.0,1.6634029891089883e-15,1.2614705224035537e-12,Inf
4,506,400.0,1.661182006121729e-15,1.2468483901064043e-12,Inf
4,507,400.0,1.6150137889647876e-15,1.237938558491469e-12,Inf
4,508,400.0,2.4101607629032246e-15,1.4191034892603016e-12,Inf
4,509,400.0,2.097273424700564e-15,1.3572510960759335e-12,Inf
4,510,400.0,2.321113279027402e-15,1.4011583021552993e-12,Inf
4,511,400.0,1.6861298802710523e-15,1.269275943055192e-12,Inf
4,512,400.0,1.967306302966318e-15,1.3383405773800802e-12,Inf
4,513,400.0,1.7752928990602884e-15,1.2971473262402685e-12,Inf
4,514,400.0,1.6727361152331095e-15,1.2694644624977918e-12,Inf
4,515,400.0,1.7177214707856672e-15,1.2717564876806826e-12,Inf
4,516,400.0,1.671530770161137e-15,1.2694046310663288e-12,Inf
4,517,400.0,1.7470709998597682e-15,1.295150304078632e-12,Inf
4,518,400.0,1.9987962386557747e-15,1.337522008990835e-12,Inf
4,519,400.0,2.1977861417868682e-15,1.3768495536685645e-12,Inf
4,520,400.0,1.6344777834282507e-15,1.2536625199896543e-12,Inf
4,521,400.0,1.6863592804105889e-15,1.257303917945913e-12,Inf
4,522,400.0,1.728690997335264e-15,1.2784184997835623e-12,Inf
4,523,400.0,2.4821905779530504e-15,1.433541090444703e-12,Inf
4,524,400.0,1.7473956319190737e-15,1.2826253274694438e-12,Inf
4,525,400.0,1.7666660781131164e-15,1.2895492310885783e-12,Inf
4,526,400.0,1.863302752844195e-15,1.3074190173861215e-12,Inf
4,527,400.0,1.8776356289241565e-15,1.3019316837789006e-12,Inf
4,528,400.0,1.8998841695036334e-15,1.3051537561313199e-12,Inf
4,529,400.0,1.592692053281449e-15,1.199955760677636e-12,Inf
4,530,400.0,1.676303146044068e-15,1.2493039951796105e-12,Inf
4,531,400.0,1.6418811658037337e-15,1.2304413532321559e-12,Inf
4,532,400.0,1.5975458240222101e-15,1.2041194488577654e-12,Inf
4,533,400.0,2.1910331092851278e-15,1.3755314281099369e-12,Inf
4,534,400.0,1.869853556400627e-15,1.3109169286892898e-12,Inf
4,535,400.0,1.716435395646544e-15,1.2845514886860512e-12,Inf
4,536,400.0,1.836887506602643e-15,1.322633553972232e-12,Inf
4,537,400.0,1.7616483895192603e-15,1.2849848741833518e-12,Inf
4,538,400.0,2.0279208373167187e-15,1.363522789811325e-12,Inf
4,539,400.0,1.8166508225557633e-15,1.304854225358832e-12,Inf
4,540,400.0,1.6980453150557734e-15,1.27621864764226e-12,Inf
4,541,400.0,1.627678386947296e-15,1.2294826940398923e-12,Inf
4,542,400.0,1.6267415274299162e-15,1.2256262748569836e-12,Inf
4,543,400.0,1.6774061480222883e-15,1.2452415460244704e-12,Inf
4,544,400.0,1.649124459646888e-15,1.2378120377258132e-12,Inf
4,545,400.0,1.673903378600392e-15,1.2626688997590102e-12,Inf
4,546,400.0,1.7621477907615506e-15,1.2804754704557105e-12,Inf
4,547,400.0,1.6262724823943544e-15,1.2262138295543784e-12,Inf
4,548,400.0,1.7588802230897471e-15,1.2803202153822313e-12,Inf
4,549,400.0,1.587133729140829e-15,1.189133067620719e-12,Inf
4,550,400.0,1.6831666580194983e-15,1.2526782763766538e-12,Inf
4,551,400.0,1.8446941323274872e-15,1.3017269524792362e-12,Inf
4,552,400.0,1.6721879437577433e-15,1.2520701438083502e-12,Inf
4,553,400.0,1.7581583974690444e-15,1.2803372121807089e-12,Inf
4,554,400.0,1.610185017226214e-15,1.2139128081661328e-12,Inf
4,555,400.0,2.1943294228370795e-15,1.3742671477291284e-12,Inf
4,556,400.0,1.6572942156956852e-15,1.2617762358150534e-12,Inf
4,557,400.0,1.6522363040694771e-15,1.2624913504936824e-12,Inf
4,558,400.0,1.6295180050412504e-15,1.2283090888135973e-12,Inf
4,559,400.0,1.7612320341772055e-15,1.2908249247246296e-12,Inf
4,560,400.0,1.6662724306374735e-15,1.245701228378739e-12,Inf
4,561,400.0,1.7019226697586884e-15,1.2655500640851752e-12,Inf
4,562,400.0,1.884245587398174e-15,1.324613436600063e-12,Inf
4,563,400.0,1.670897904944618e-15,1.249287478555902e-12,Inf
4,564,400.0,1.961632618700839e-15,1.3333083176155575e-12,Inf
4,565,400.0,1.971759951567653e-15,1.3534065781889822e-12,Inf
4,566,400.0,1.6291530644933134e-15,1.2221857133731925e-12,Inf
4,567,400.0,2.1759812303243694e-15,1.3729019384635453e-12,Inf
4,568,400.0,1.8427587368628708e-15,1.3098682090626731e-12,Inf
4,569,400.0,1.584889071850841e-15,1.1901954029548278e-12,Inf
4,570,400.0,1.862993054306436e-15,1.3109170763587921e-12,Inf
4,571,400.0,1.892168343527107e-15,1.3387851645268969e-12,Inf
4,572,400.0,1.6063320145379711e-15,1.239052008609982e-12,Inf
4,573,400.0,2.3605388026134833e-15,1.43401155602883e-12,Inf
4,574,400.0,1.9563345859344167e-15,1.3576464879014584e-12,Inf
4,575,400.0,2.853146482857857e-15,1.5504960359198928e-12,Inf
4,576,400.0,1.6010834620935403e-15,1.2274767467565752e-12,Inf
4,577,400.0,1.7233089879668248e-15,1.2973601046487992e-12,Inf
4,578,400.0,1.6872561502158833e-15,1.285199478654387e-12,Inf
4,579,400.0,1.6821127386081405e-15,1.2567172735491082e-12,Inf
4,580,400.0,1.708352600014111e-15,1.2615942101221632e-12,Inf
4,581,400.0,1.7109004091940052e-15,1.2691284907882233e-12,Inf
4,582,400.0,2.1933410462629553e-15,1.3656917998496279e-12,Inf
4,583,400.0,1.7325768353268819e-15,1.270190817866727e-12,Inf
4,584,400.0,1.618774616294064e-15,1.2234085867065427e-12,Inf
4,585,400.0,1.6202761451524997e-15,1.1966973175709108e-12,Inf
4,586,400.0,1.6286762521112365e-15,1.2086866728050632e-12,Inf
4,587,400.0,1.646611113568514e-15,1.2307106970821443e-12,Inf
4,588,400.0,1.6825255699430854e-15,1.254488252974583e-12,Inf
4,589,400.0,1.7411072933435287e-15,1.2666065167210328e-12,Inf
4,590,400.0,1.6316344792840275e-15,1.2153274780987666e-12,Inf
4,591,400.0,1.7266356994498602e-15,1.2753513442307771e-12,Inf
4,592,400.0,1.713879678959469e-15,1.2702547580350871e-12,Inf
4,593,400.0,1.8602783449240333e-15,1.2953139700361824e-12,Inf
4,594,400.0,1.5708055264674036e-15,1.1539856595166808e-12,Inf
4,595,400.0,1.836667048731228e-15,1.3028661138707795e-12,Inf
4,596,400.0,1.7356177306483735e-15,1.261697787760406e-12,Inf
4,597,400.0,2.005906211541522e-15,1.3471145620069989e-12,Inf
4,598,400.0,1.993783745454099e-15,1.3393382713137165e-12,Inf
4,599,400.0,1.9311333480137907e-15,1.331464015043597e-12,Inf
4,600,400.0,2.6013881451875515e-15,1.4665450074359349e-12,Inf
4,601,400.0,1.754393145203522e-15,1.2879263437716015e-12,Inf
4,602,400.0,1.87256883300921e-15,1.3016482252825448e-12,Inf
4,603,400.0,1.8934081899330656e-15,1.311589035425527e-12,Inf
4,604,400.0,2.7823142425365744e-15,1.4850956634284203e-12,Inf
4,605,400.0,1.6460939111262054e-15,1.223606919284137e-12,Inf
4,606,400.0,1.8217964376957156e-15,1.2879410135298526e-12,Inf
4,607,400.0,1.6576884755960126e-15,1.2290730628203486e-12,Inf
4,608,400.0,2.505265488731839e-15,1.4295220062834304e-12,Inf
4,609,400.0,2.3476734163168304e-15,1.4063433442623903e-12,Inf
4,610,400.0,1.8548943435386774e-15,1.307999388752992e-12,Inf
4,611,400.0,1.813083082725206e-15,1.2992057126672303e-12,Inf
4,612,400.0,1.7350157505181967e-15,1.2796629597483574e-12,Inf
4,613,400.0,1.7587744880512185e-15,1.2850404512474786e-12,Inf
4,614,400.0,1.9370356053381583e-15,1.3256969978729468e-12,Inf
4,615,400.0,1.8129855027741046e-15,1.2955238235560552e-12,Inf
4,616,400.0,1.6675561594531416e-15,1.2486327891043032e-12,Inf
4,617,400.0,1.6734460620739172e-15,1.2467448508024972e-12,Inf
4,618,400.0,1.6812953762433331e-15,1.2517205410688198e-12,Inf
4,619,400.0,1.6617944240415724e-15,1.2458396735176436e-12,Inf
4,620,400.0,1.650663937483876e-15,1.239942360066331e-12,Inf
4,621,400.0,1.72503990425154e-15,1.2729335925658144e-12,Inf
4,622,400.0,1.6971205978532659e-15,1.2587030242799562e-12,Inf
4,623,400.0,1.788390340054167e-15,1.2930878207350085e-12,Inf
4,624,400.0,1.775340723990714e-15,1.2898030483374247e-12,Inf
4,625,400.0,2.1038193762849215e-15,1.3555637670416698e-12,Inf
4,626,400.0,1.9119864345532787e-15,1.319144134068618e-12,Inf
4,627,400.0,2.0354837882815365e-15,1.3458517188883847e-12,Inf
4,628,400.0,1.9448873246315345e-15,1.327511682210205e-12,Inf
4,629,400.0,2.1815426544200585e-15,1.3720569025009119e-12,Inf
4,630,400.0,1.6541141664745432e-15,1.241889816292687e-12,Inf
4,631,400.0,1.760780877165738e-15,1.297695874961812e-12,Inf
4,632,400.0,1.788004915477767e-15,1.28849105740875e-12,Inf
4,633,400.0,2.021729532028682e-15,1.3396080001455711e-12,Inf
4,634,400.0,2.3560750669028346e-15,1.4321572215838663e-12,Inf
4,635,400.0,2.6405664772927943e-15,1.4665474632026726e-12,Inf
4,636,400.0,2.336797093943194e-15,1.4291783559152126e-12,Inf
4,637,400.0,1.8562207402460235e-15,1.305713458562508e-12,Inf
4,638,400.0,3.090490842986245e-15,1.5485019253163243e-12,Inf
4,639,400.0,2.148034728025703e-15,1.357381500635667e-12,Inf
4,640,400.0,2.961325460923957e-15,1.5193646911359004e-12,Inf
4,641,400.0,2.6339198813754753e-15,1.452342070863303e-12,Inf
4,642,400.0,1.6583257760752066e-15,1.2398067834620293e-12,Inf
4,643,400.0,1.9444477531650408e-15,1.3192294294133829e-12,Inf
4,644,400.0,1.6494778218373964e-15,1.2375866436015947e-12,Inf
4,645,400.0,2.11020531225688e-15,1.3556514627904448e-12,Inf
4,646,400.0,1.6976007725223824e-15,1.2576272646957277e-12,Inf
4,647,400.0,1.9501149963293785e-15,1.32101887381208e-12,Inf
4,648,400.0,2.296688004836049e-15,1.3941218130215466e-12,Inf
4,649,400.0,1.9613074407198987e-15,1.3234549073039442e-12,Inf
4,650,400.0,2.2585387057857797e-15,1.3816294370059394e-12,Inf
4,651,400.0,1.8392079982208462e-15,1.3007922876479267e-12,Inf
4,652,400.0,1.8418334073225473e-15,1.2999002086169265e-12,Inf
4,653,400.0,1.7758520431664517e-15,1.284514842499028e-12,Inf
4,654,400.0,1.7757442433185067e-15,1.2860049398632792e-12,Inf
4,655,400.0,2.1238442249139473e-15,1.3545544170902302e-12,Inf
4,656,400.0,3.1848175742978097e-15,1.5708185106062434e-12,Inf
4,657,400.0,2.091556174059664e-15,1.3548749707875047e-12,Inf
4,658,400.0,2.8037413332253223e-15,1.496211626845806e-12,Inf
4,659,400.0,2.3755527732822317e-15,1.4146719494483961e-12,Inf
4,660,400.0,1.878715537089395e-15,1.3132056474227521e-12,Inf
4,661,400.0,2.116952133364485e-15,1.3548977260122062e-12,Inf
4,662,400.0,1.7993583796813834e-15,1.2906543657356412e-12,Inf
4,663,400.0,2.1656302111329254e-15,1.3659231755170066e-12,Inf
4,664,400.0,2.2295303871625853e-15,1.3760251144444903e-12,Inf
4,665,400.0,1.779060224717226e-15,1.2844009839884554e-12,Inf
4,666,400.0,1.7383733529931513e-15,1.2705015758578412e-12,Inf
4,667,400.0,2.079114832772738e-15,1.3470967352840348e-12,Inf
4,668,400.0,1.6761626237089955e-15,1.2517019084173547e-12,Inf
4,669,400.0,2.0069482206187505e-15,1.3384649576751564e-12,Inf
4,670,400.0,1.805946510318113e-15,1.2943886753166946e-12,Inf
4,671,400.0,1.781637246620154e-15,1.287836189481892e-12,Inf
4,672,400.0,1.6809378331207231e-15,1.2540223770692031e-12,Inf
4,673,400.0,1.833890674605318e-15,1.297610208428126e-12,Inf
4,674,400.0,1.943304583048888e-15,1.3157561029328543e-12,Inf
4,675,400.0,2.656587850228554e-15,1.4518607261829016e-12,Inf
4,676,400.0,1.6306963902551595e-15,1.232496246587003e-12,Inf
4,677,400.0,1.6327013609146697e-15,1.2273729040723167e-12,Inf
4,678,400.0,1.848906791921251e-15,1.298255836350895e-12,Inf
4,679,400.0,1.8381467950358694e-15,1.29456544864e-12,Inf
4,680,400.0,2.125702198533839e-15,1.3529461480493777e-12,Inf
4,681,400.0,1.7946770360721684e-15,1.2842598654499477e-12,Inf
4,682,400.0,1.6782572601549957e-15,1.2540349353055755e-12,Inf
4,683,400.0,1.824608443019099e-15,1.3015979117547172e-12,Inf
4,684,400.0,1.9445141138411584e-15,1.3248149865467718e-12,Inf
4,685,400.0,1.7976403291542935e-15,1.2896308905849193e-12,Inf
4,686,400.0,2.2008792939283164e-15,1.3671959413166422e-12,Inf
4,687,400.0,2.162087356385266e-15,1.3687675489856769e-12,Inf
4,688,400.0,3.2354558314517564e-15,1.5839375213500195e-12,Inf
4,689,400.0,2.138300173035498e-15,1.367951127871695e-12,Inf
4,690,400.0,2.5400773868176922e-15,1.448933560617676e-12,Inf
4,691,400.0,2.1987722935000035e-15,1.3802864742672145e-12,Inf
4,692,400.0,1.723181212230133e-15,1.2738460401067006e-12,Inf
4,693,400.0,2.0549069707681295e-15,1.3473728833757776e-12,Inf
4,694,400.0,2.2885536864285007e-15,1.3925558360974015e-12,Inf
4,695,400.0,2.0761217625060722e-15,1.3569086680650445e-12,Inf
4,696,400.0,1.6768544704819171e-15,1.251866843900877e-12,Inf
4,697,400.0,1.7694897971706387e-15,1.292042404825061e-12,Inf
4,698,400.0,1.7673633358585305e-15,1.287497785260876e-12,Inf
4,699,400.0,2.6408160516919537e-15,1.4652876412170594e-12,Inf
4,700,400.0,1.6552581779858499e-15,1.2391256559784007e-12,Inf
4,701,400.0,1.637299014152209e-15,1.2282361213619662e-12,Inf
4,702,400.0,1.8425162900460013e-15,1.2967124032353508e-12,Inf
4,703,400.0,1.5876067759257428e-15,1.1917862949411003e-12,Inf
4,704,400.0,2.9592687149902283e-15,1.5326893893906148e-12,Inf
4,705,400.0,2.088039921343165e-15,1.352005395454638e-12,Inf
4,706,400.0,1.6341998194394225e-15,1.222051791966948e-12,Inf
4,707,400.0,1.8154250031660164e-15,1.2937782525654255e-12,Inf
4,708,400.0,1.776590829337814e-15,1.2901264806471264e-12,Inf
4,709,400.0,1.6538192706628197e-15,1.241726586509248e-12,Inf
4,710,400.0,1.5924671158927927e-15,1.1793845406724392e-12,Inf
4,711,400.0,1.7175344934166876e-15,1.2543640703316025e-12,Inf
4,712,400.0,1.6058126586965354e-15,1.2145977518726678e-12,Inf
4,713,400.0,1.5978411450677763e-15,1.198799138776926e-12,Inf
4,714,400.0,1.5666139460096817e-15,1.1639454401548708e-12,Inf
4,715,400.0,1.5284954573710961e-15,1.1385972883083021e-12,Inf
4,716,400.0,1.5501763019207187e-15,1.1548503457462906e-12,Inf
4,717,400.0,1.623153016424517e-15,1.213988159481646e-12,Inf
4,718,400.0,1.5499736323345206e-15,1.1517410637367807e-12,Inf
4,719,400.0,1.5294077446918955e-15,1.1316097176688308e-12,Inf
4,720,400.0,1.5630979816494349e-15,1.1587933538579547e-12,Inf
4,721,400.0,1.62410439075112e-15,1.246611436661468e-12,Inf
4,722,400.0,1.683470506525737e-15,1.2850170071574876e-12,Inf
4,723,400.0,1.6514854590594178e-15,1.2587414533110844e-12,Inf
4,724,400.0,1.7732881551639825e-15,1.3070776900442654e-12,Inf
4,725,400.0,1.81330988391839e-15,1.3159619131761671e-12,Inf
4,726,400.0,2.69679817736664e-15,1.5065613069315069e-12,Inf
4,727,400.0,1.922631229306914e-15,1.3467755473613131e-12,Inf
4,728,400.0,2.1450348846422192e-15,1.3651976109694088e-12,Inf
4,729,400.0,1.660955579808374e-15,1.2761696820918326e-12,Inf
4,730,400.0,2.0563528242979444e-15,1.3768690521438205e-12,Inf
4,731,400.0,1.6139297114806918e-15,1.2428594414574048e-12,Inf
4,732,400.0,3.708300400878886e-15,1.6904751768424632e-12,Inf
4,733,400.0,1.8724550802941904e-15,1.3340022625006522e-12,Inf
4,734,400.0,1.9586912054801292e-15,1.332013638692006e-12,Inf
4,735,400.0,1.686750405467647e-15,1.2603011516182028e-12,Inf
4,736,400.0,1.671498018254168e-15,1.2506696765596787e-12,Inf
4,737,400.0,2.2078954299780187e-15,1.377066451239335e-12,Inf
4,738,400.0,2.189626558871745e-15,1.3842971047822044e-12,Inf
4,739,400.0,2.1998873727552127e-15,1.3925261960651513e-12,Inf
4,740,400.0,1.7391978113488558e-15,1.2808805322320457e-12,Inf
4,741,400.0,1.7063597187002274e-15,1.2698460145943357e-12,Inf
4,742,400.0,2.638651239494711e-15,1.4685591410397913e-12,Inf
4,743,400.0,2.550685284297994e-15,1.471865523554023e-12,Inf
4,744,400.0,1.9070955381775583e-15,1.3362906085919845e-12,Inf
4,745,400.0,2.1508874180962485e-15,1.3698221104925402e-12,Inf
4,746,400.0,2.459254329601805e-15,1.425540497079577e-12,Inf
4,747,400.0,1.5917058249232446e-15,1.197204942417349e-12,Inf
4,748,400.0,1.7055572681234827e-15,1.2766636824061083e-12,Inf
4,749,400.0,1.9036815276092923e-15,1.3197023554099347e-12,Inf
4,750,400.0,1.9022252403996624e-15,1.3270192470521019e-12,Inf
4,751,400.0,2.903350485989444e-15,1.5198018200099274e-12,Inf
4,752,400.0,1.8611460934763946e-15,1.3283087913719017e-12,Inf
4,753,400.0,3.3401367841651908e-15,1.6072075232690177e-12,Inf
4,754,400.0,1.964945185096516e-15,1.3330868834603376e-12,Inf
4,755,400.0,1.7503454200853955e-15,1.2826418509328618e-12,Inf
4,756,400.0,1.7413429167414667e-15,1.2945053965246244e-12,Inf
4,757,400.0,1.665058853827956e-15,1.2466373369818954e-12,Inf
4,758,400.0,1.92309783159553e-15,1.3232737215811939e-12,Inf
4,759,400.0,2.220911230871575e-15,1.3862111329462696e-12,Inf
4,760,400.0,1.5631396373642623e-15,1.1831869077394039e-12,Inf
4,761,400.0,1.6912078412031333e-15,1.2670734274897548e-12,Inf
4,762,400.0,1.8930029351532868e-15,1.3194394759747495e-12,Inf
4,763,400.0,1.7132787936375681e-15,1.275547888038971e-12,Inf
4,764,400.0,1.7441446374067925e-15,1.28405787983839e-12,Inf
4,765,400.0,1.7214145591729603e-15,1.271426236892798e-12,Inf
4,766,400.0,2.0252787423741493e-15,1.3407134110721245e-12,Inf
4,767,400.0,1.7737250283655006e-15,1.2836111968723436e-12,Inf
4,768,400.0,1.8090771466971068e-15,1.2988304441241765e-12,Inf
4,769,400.0,1.9923424087173618e-15,1.3336937143641911e-12,Inf
4,770,400.0,1.7492753375010527e-15,1.2798726080035033e-12,Inf
4,771,400.0,1.6960735367658014e-15,1.2619467268303936e-12,Inf
4,772,400.0,2.077291804729471e-15,1.3461810682351395e-12,Inf
4,773,400.0,1.8167878835529566e-15,1.2957414743384657e-12,Inf
4,774,400.0,3.0676889918684842e-15,1.5505782294069665e-12,Inf
4,775,400.0,1.6667135641257038e-15,1.2464091248865202e-12,Inf
4,776,400.0,2.264999152612927e-15,1.3880161731398701e-12,Inf
4,777,400.0,1.7550862524656035e-15,1.2773524514411013e-12,Inf
4,778,400.0,2.1486268201091154e-15,1.3624597417538475e-12,Inf
4,779,400.0,1.866348745905924e-15,1.3065392266361493e-12,Inf
4,780,400.0,1.7138807566465602e-15,1.2666385390124714e-12,Inf
