ID,Resource,Zone,Village,technology,Total_MW,Start_MW,Change_in_MW,Electricity_GWh
1,pltd_bel1,1,1,diesel,0.011073501760000012,0.2773,-0.26622649824,0.00344616668479999
2,plts_bel1,1,1,solar,0.7644436516753506,0.0,0.7644436516753506,0.1840374164243136
3,batt_bel1,1,1,battery,0.32528617316790576,0.0,0.32528617316790576,0.08884762251792756
4,pltd_bel2,1,2,diesel,0.03378695711999999,0.846,-0.81221304288,0.010514807497599983
5,plts_bel2,1,2,solar,2.319470777899349,0.0,2.319470777899349,0.5615183365296235
6,batt_bel2,1,2,battery,0.9925517069649924,0.0,0.9925517069649924,0.2710835759729294
7,pltd_bel3,1,3,diesel,0.0336273563733336,0.842,-0.8083726436266664,0.010465170419200072
8,plts_bel3,1,3,solar,2.2748591162024487,0.0,2.2748591162024487,0.5588596900381322
9,batt_bel3,1,3,battery,0.9877285106117955,0.0,0.9877285106117955,0.2697992269575916
10,pltd_bel4,1,4,diesel,0.015540261866666622,0.3891,-0.3735597381333334,0.004836264495999976
11,plts_bel4,1,4,solar,1.0597155947822932,0.0,1.0597155947822932,0.2582661965263454
12,batt_bel4,1,4,battery,0.45651876783180156,0.0,0.45651876783180156,0.12468548196688248
13,pltd_bel5,1,5,diesel,0.017496411093333348,0.4381,-0.42060358890666666,0.005445049164800005
14,plts_bel5,1,5,solar,1.1980612951319887,0.0,1.1980612951319887,0.29077839908052633
15,batt_bel5,1,5,battery,0.5139862688248362,0.0,0.5139862688248362,0.14037581054976703
16,pltd_bel6,1,6,diesel,0.015380025173333369,0.3851,-0.36971997482666663,0.004786357643200017
17,plts_bel6,1,6,solar,1.0617269081155736,0.0,1.0617269081155736,0.2556074287907283
18,batt_bel6,1,6,battery,0.4517860003019446,0.0,0.4517860003019446,0.12339947972445939
19,pltd_bel7,1,7,diesel,0.01432203733333329,0.3586,-0.34427796266666666,0.004457141919999968
20,plts_bel7,1,7,solar,0.9746990950333617,0.0,0.9746990950333617,0.23802029037616632
21,batt_bel7,1,7,battery,0.4206750086040646,0.0,0.4206750086040646,0.11490297852783275
22,pltd_bel8,1,8,diesel,0.028311831573333293,0.7089,-0.6805881684266667,0.008810805315199989
23,plts_bel8,1,8,solar,1.9191143728914706,0.0,1.9191143728914706,0.4705212417117886
24,batt_bel8,1,8,battery,0.8315436009759032,0.0,0.8315436009759032,0.22714860509663543
25,pltd_bel9,1,9,diesel,0.027290414293333384,0.6833,-0.6560095857066667,0.008493122500800004
26,plts_bel9,1,9,solar,1.887262434051978,0.0,1.887262434051978,0.45355001758399355
27,batt_bel9,1,9,battery,0.8016478765198989,0.0,0.8016478765198989,0.2189620108109983
28,pltd_bel10,1,10,diesel,0.015847555306666677,0.3968,-0.38095244469333334,0.004931817307200009
29,plts_bel10,1,10,solar,1.0940037016490307,0.0,1.0940037016490307,0.2633780050874593
30,batt_bel10,1,10,battery,0.46552030427652163,0.0,0.46552030427652163,0.12715086096640413
31,pltd_bel11,1,11,diesel,0.026367626346666603,0.6602,-0.6338323736533334,0.008205829766400002
32,plts_bel11,1,11,solar,1.8171368010910103,0.0,1.8171368010910103,0.4382127765242693
33,batt_bel11,1,11,battery,0.774436795480245,0.0,0.774436795480245,0.21155245221629204
34,pltd_bel12,1,12,diesel,0.011344434880000018,0.284,-0.27265556511999994,0.0035305446623999995
35,plts_bel12,1,12,solar,0.7789634611096176,0.0,0.7789634611096176,0.18853544239800407
36,batt_bel12,1,12,battery,0.33321433396239863,0.0,0.33321433396239863,0.09101708431201806
37,pltd_bel13,1,13,diesel,0.01586107957333334,0.2672,-0.25133892042666667,0.004931340355199989
38,plts_bel13,1,13,solar,1.0773768456859183,0.0,1.0773768456859183,0.2771483297709759
39,batt_bel13,1,13,battery,0.4755391922805273,0.0,0.4755391922805273,0.12634407387236538
40,pltd_bel14,1,14,diesel,0.00820664192000004,0.2055,-0.19729335807999995,0.0025539964016000265
41,plts_bel14,1,14,solar,0.5665375861880289,0.0,0.5665375861880289,0.13639217317692448
42,batt_bel14,1,14,battery,0.24107264740204798,0.0,0.24107264740204798,0.06584600528166142
43,pltd_bel15,1,15,diesel,0.01038411093333322,0.1749,-0.16451588906666678,0.003228509647999983
44,plts_bel15,1,15,solar,0.7113240765829182,0.0,0.7113240765829182,0.18144632072071484
45,batt_bel15,1,15,battery,0.31132981739833393,0.0,0.31132981739833393,0.08271867954218934
46,pltd_bel16,1,16,diesel,0.01960039658666655,0.4908,-0.47119960341333345,0.006099862641599974
47,plts_bel16,1,16,solar,1.310233537769633,0.0,1.310233537769633,0.3257462939760129
48,batt_bel16,1,16,battery,0.5756911180783202,0.0,0.5756911180783202,0.15726177363247099
49,pltd_bel17,1,17,diesel,0.013262572266666653,0.2234,-0.21013742773333333,0.004123529087999979
50,plts_bel17,1,17,solar,0.904197850001832,0.0,0.904197850001832,0.23174174599824454
51,batt_bel17,1,17,battery,0.39768095261621633,0.0,0.39768095261621633,0.10565146168357653
52,pltd_bel18,1,18,diesel,0.005180314666666681,0.1297,-0.12451968533333332,0.0016121120399999983
53,plts_bel18,1,18,solar,0.34297761902610335,0.0,0.34297761902610335,0.08608839794651402
54,batt_bel18,1,18,battery,0.15215447474794108,0.0,0.15215447474794108,0.041559975706936564
55,pltd_bel19,1,19,diesel,0.008108351146666696,0.203,-0.19489164885333332,0.0025234038704000077
56,plts_bel19,1,19,solar,0.5710857987481943,0.0,0.5710857987481943,0.13475583987957054
57,batt_bel19,1,19,battery,0.23816144581627333,0.0,0.23816144581627333,0.0650540546534833
58,pltd_bel20,1,20,diesel,0.0017715988266666608,0.0444,-0.042628401173333344,0.0005513128767999986
59,plts_bel20,1,20,solar,0.12342782661717044,0.0,0.12342782661717044,0.02944621209352321
60,batt_bel20,1,20,battery,0.05204962624013245,0.0,0.05204962624013245,0.014216114398968504
61,pltd_bel21,1,21,diesel,0.006643820053333354,0.1664,-0.15975617994666663,0.002067599105600005
62,plts_bel21,1,21,solar,0.46252904495460495,0.0,0.46252904495460495,0.11042257218709077
63,batt_bel21,1,21,battery,0.19517117945047763,0.0,0.19517117945047763,0.053308830446181475
64,pltd_bel22,1,22,diesel,0.004724841386666652,0.1183,-0.11357515861333335,0.0014703543455999988
65,plts_bel22,1,22,solar,0.332299491044073,0.0,0.332299491044073,0.07852272494317541
66,batt_bel22,1,22,battery,0.1387869890279286,0.0,0.1387869890279286,0.037908951622522925
67,pltd_bel23,1,23,diesel,0.004565127786666706,0.1143,-0.10973487221333329,0.001420726417600007
68,plts_bel23,1,23,solar,0.3151202090342981,0.0,0.3151202090342981,0.07586418684846605
69,batt_bel23,1,23,battery,0.1340893301238506,0.0,0.1340893301238506,0.03662486461196822
70,pltd_bel24,1,24,diesel,0.002682242773333331,0.0672,-0.06451775722666667,0.0008346984912000022
71,plts_bel24,1,24,solar,0.1854934025067245,0.0,0.1854934025067245,0.04457806530088044
72,batt_bel24,1,24,battery,0.0787916003176786,0.0,0.0787916003176786,0.02152112952094326
73,pltd_bel25,1,25,diesel,0.002383205653333329,0.049,-0.04661679434666667,0.0009225865935999995
74,plts_bel25,1,25,solar,0.13722544220456825,0.0,0.13722544220456825,0.0321462407231408
75,batt_bel25,1,25,battery,0.05639094744532287,0.0,0.05639094744532287,0.015402635755790426
76,pltd_bel26,1,26,diesel,0.005475033173333305,0.1371,-0.1316249668266667,0.001703985483199992
77,plts_bel26,1,26,solar,0.3833476815002502,0.0,0.3833476815002502,0.090996154606142
78,batt_bel26,1,26,battery,0.1608448069048536,0.0,0.1608448069048536,0.04392992933606183
79,pltd_bel27,1,27,diesel,0.0061006620799999925,0.1254,-0.11929933792000003,0.002361750518399996
80,plts_bel27,1,27,solar,0.3537934785906776,0.0,0.3537934785906776,0.08228629958201286
81,batt_bel27,1,27,battery,0.14435698389370194,0.0,0.14435698389370194,0.03942871799081666
82,pltd_bel28,1,28,diesel,0.0037156142933333137,0.093,-0.08928438570666669,0.0011563315007999987
83,plts_bel28,1,28,solar,0.26184215045366005,0.0,0.26184215045366005,0.061754924821292065
84,batt_bel28,1,28,battery,0.1091433433466419,0.0,0.1091433433466419,0.029813791545694798
85,pltd_bel29,1,29,diesel,0.0026452824533333232,0.0662,-0.06355471754666667,0.0008232296575999967
86,plts_bel29,1,29,solar,0.18394621173143136,0.0,0.18394621173143136,0.04396456260743671
87,batt_bel29,1,29,battery,0.0777067588500246,0.0,0.0777067588500246,0.021225211731296108
88,pltd_bel30,1,30,diesel,0.002473398186666663,0.0508,-0.048326601813333335,0.000957515809599997
89,plts_bel30,1,30,solar,0.14972704905535553,0.0,0.14972704905535553,0.03335903894426785
90,batt_bel30,1,30,battery,0.05851699861664051,0.0,0.05851699861664051,0.01598357384162596
91,pltd_bel31,1,31,diesel,0.00503622464000001,0.1035,-0.09846377535999998,0.0019496775872000097
92,plts_bel31,1,31,solar,0.2971573675784733,0.0,0.2971573675784733,0.06793195957381934
93,batt_bel31,1,31,battery,0.1191652783448149,0.0,0.1191652783448149,0.03255153097061727
94,pltd_bel32,1,32,diesel,0.0075543729066666655,0.1553,-0.14774562709333333,0.0029245271551999945
95,plts_bel32,1,32,solar,0.4368461888919568,0.0,0.4368461888919568,0.10189777821518675
96,batt_bel32,1,32,battery,0.1787874595696256,0.0,0.1787874595696256,0.04882594711390209
97,pltd_bel33,1,33,diesel,0.0044668637866666396,0.0918,-0.08733313621333337,0.001729251697599996
98,plts_bel33,1,33,solar,0.2575548816116533,0.0,0.2575548816116533,0.06024904151214628
99,batt_bel33,1,33,battery,0.10570414849343858,0.0,0.10570414849343858,0.02886920081203936
100,pltd_bel34,1,34,diesel,0.002952750186666662,0.0739,-0.07094724981333334,0.0009189197696000002
101,plts_bel34,1,34,solar,0.2067400334582839,0.0,0.2067400334582839,0.049076686005427535
102,batt_bel34,1,34,battery,0.08674203253669466,0.0,0.08674203253669466,0.023692735041557986
103,pltd_bel35,1,35,diesel,0.0030268196266666604,0.0758,-0.07277318037333334,0.0009419640607999998
104,plts_bel35,1,35,solar,0.21294855094162815,0.0,0.21294855094162815,0.05030343001285643
105,batt_bel35,1,35,battery,0.08890997491514649,0.0,0.08890997491514649,0.024284527885044267
106,pltd_bel36,1,36,diesel,0.002158332159999997,0.0444,-0.042241667840000004,0.000835561876799999
107,plts_bel36,1,36,solar,0.12394416703839024,0.0,0.12394416703839024,0.02911379704773902
108,batt_bel36,1,36,battery,0.05107913730878369,0.0,0.05107913730878369,0.013950699417511854
109,pltd_bel37,1,37,diesel,0.0037770531199999976,0.0776,-0.07382294688,0.0014622005775999935
110,plts_bel37,1,37,solar,0.21724778154909363,0.0,0.21724778154909363,0.05094873383859348
111,batt_bel37,1,37,battery,0.0893815317279762,0.0,0.0893815317279762,0.024412079387149413
112,pltd_bel38,1,38,diesel,0.007719326613333326,0.1587,-0.15098067338666668,0.0029882922944
113,plts_bel38,1,38,solar,0.44545168077891323,0.0,0.44545168077891323,0.10412188349582684
114,batt_bel38,1,38,battery,0.18266508935007414,0.0,0.18266508935007414,0.04989243546906249
115,pltd_bel39,1,39,diesel,0.002842166613333349,0.0712,-0.06835783338666665,0.0008845584944000026
116,plts_bel39,1,39,solar,0.1962069104984658,0.0,0.1962069104984658,0.04723617182843027
117,batt_bel39,1,39,battery,0.08348980178529497,0.0,0.08348980178529497,0.022804155820596052
118,pltd_bel40,1,40,diesel,0.0031028890666666732,0.0638,-0.060697110933333326,0.0012012233519999996
119,plts_bel40,1,40,solar,0.1793197947513303,0.0,0.1793197947513303,0.04185059513223196
120,batt_bel40,1,40,battery,0.07342510831715165,0.0,0.07342510831715165,0.02005254667873651
121,pltd_bel41,1,41,diesel,0.002755932693333337,0.069,-0.06624406730666667,0.0008576679328000018
122,plts_bel41,1,41,solar,0.19349321787787785,0.0,0.19349321787787785,0.045804978758596245
123,batt_bel41,1,41,battery,0.080959198663049,0.0,0.080959198663049,0.022113405080714764
124,pltd_bel42,1,42,diesel,0.0031004531200000134,0.0776,-0.07449954687999999,0.000964899577600005
125,plts_bel42,1,42,solar,0.21404402814133516,0.0,0.21404402814133516,0.051530470600476705
126,batt_bel42,1,42,battery,0.09108040751798113,0.0,0.09108040751798113,0.0248773556166935
127,pltd_bel43,1,43,diesel,0.005450832319999993,0.1365,-0.13104916768000002,0.0016963483935999973
128,plts_bel43,1,43,solar,0.3798308914467768,0.0,0.3798308914467768,0.09058719755453586
129,batt_bel43,1,43,battery,0.16012271075522727,0.0,0.16012271075522727,0.04373249583920705
130,pltd_bel44,1,44,diesel,0.004269680959999995,0.1069,-0.10263031904,0.0013288185007999979
131,plts_bel44,1,44,solar,0.29886245070661566,0.0,0.29886245070661566,0.07095663800281142
132,batt_bel44,1,44,battery,0.12541465848879135,0.0,0.12541465848879135,0.034256174743858975
133,pltd_bel45,1,45,diesel,0.003235817066666676,0.081,-0.07776418293333333,0.001007049792000001
134,plts_bel45,1,45,solar,0.2278142354663976,0.0,0.2278142354663976,0.05377988943880894
135,batt_bel45,1,45,battery,0.09505480932868911,0.0,0.09505480932868911,0.025963569240603498
136,pltd_bel46,1,46,diesel,0.0043681410133333395,0.1094,-0.10503185898666666,0.0013594008064000045
137,plts_bel46,1,46,solar,0.30307267077248984,0.0,0.30307267077248984,0.07259219370440077
138,batt_bel46,1,46,battery,0.12829690500940294,0.0,0.12829690500940294,0.03504382272097513
139,pltd_bel47,1,47,diesel,0.004515843946666701,0.1131,-0.10858415605333331,0.0014053806144000045
140,plts_bel47,1,47,solar,0.3117226636967052,0.0,0.3117226636967052,0.07504626312589946
141,batt_bel47,1,47,battery,0.13264435815119902,0.0,0.13264435815119902,0.036230012808525065
142,pltd_bel48,1,48,diesel,0.004380141439999998,0.1097,-0.10531985856000001,0.001363208851199999
143,plts_bel48,1,48,solar,0.30304643928093944,0.0,0.30304643928093944,0.07279680744086214
144,batt_bel48,1,48,battery,0.1286591434373915,0.0,0.1286591434373915,0.035142937380217336
145,pltd_bel49,1,49,diesel,0.007985397866666664,0.1999,-0.19191460213333333,0.002485202776000001
146,plts_bel49,1,49,solar,0.5353201977084664,0.0,0.5353201977084664,0.1327112668754382
147,batt_bel49,1,49,battery,0.234555246731127,0.0,0.234555246731127,0.0640686648709457
148,pltd_bel50,1,50,diesel,0.009375423573333366,0.2348,-0.22542457642666663,0.0029177704751999953
149,plts_bel50,1,50,solar,0.6266722703036329,0.0,0.6266722703036329,0.15581866942389644
150,batt_bel50,1,50,battery,0.27539660257820564,0.0,0.27539660257820564,0.07522599258981263
151,pltd_bel51,1,51,diesel,0.005881412373333309,0.1473,-0.14141858762666668,0.0018303262991999918
152,plts_bel51,1,51,solar,0.40483442282387366,0.0,0.40483442282387366,0.09774430696366809
153,batt_bel51,1,51,battery,0.1727631301689443,0.0,0.1727631301689443,0.04718839395892932
154,pltd_bel52,1,52,diesel,0.006398293013333353,0.1602,-0.15380170698666665,0.001991229766399996
155,plts_bel52,1,52,solar,0.4311549228938274,0.0,0.4311549228938274,0.1063328472695558
156,batt_bel52,1,52,battery,0.1879454943293939,0.0,0.1879454943293939,0.05133515758354805
157,pltd_bel53,1,53,diesel,0.005487505493333327,0.1374,-0.13191249450666667,0.0017077520767999994
158,plts_bel53,1,53,solar,0.37468935194238734,0.0,0.37468935194238734,0.0912006932826987
159,batt_bel53,1,53,battery,0.16120847811253844,0.0,0.16120847811253844,0.04402836339765435
160,pltd_bel54,1,54,diesel,0.005044735253333326,0.1263,-0.12125526474666667,0.0015699672016000004
161,plts_bel54,1,54,solar,0.33837369141638807,0.0,0.33837369141638807,0.08383950266488273
162,batt_bel54,1,54,battery,0.14819802409047983,0.0,0.14819802409047983,0.04047629099343078
163,pltd_bel55,1,55,diesel,0.008243725333333337,0.2064,-0.19815627466666666,0.00256554116
164,plts_bel55,1,55,solar,0.5639863183949799,0.0,0.5639863183949799,0.13700519146113516
165,batt_bel55,1,55,battery,0.24214080658388698,0.0,0.24214080658388698,0.06614025074563022
166,pltd_bel56,1,56,diesel,0.006373512640000014,0.1596,-0.15322648735999997,0.0019834408272000055
167,plts_bel56,1,56,solar,0.4455894877144534,0.0,0.4455894877144534,0.10592325349330964
168,batt_bel56,1,56,battery,0.18719229914930308,0.0,0.18719229914930308,0.0511341501723916
169,pltd_bel57,1,57,diesel,0.006914896746666656,0.1731,-0.16618510325333335,0.0021519151584000022
170,plts_bel57,1,57,solar,0.48411578172100844,0.0,0.48411578172100844,0.11492115437329242
171,batt_bel57,1,57,battery,0.203121266820355,0.0,0.203121266820355,0.05548043737776347
172,pltd_bel58,1,58,diesel,0.009892453013333361,0.2477,-0.23780754698666665,0.0030786335664000084
173,plts_bel58,1,58,solar,0.676137958924622,0.0,0.676137958924622,0.1644062798624238
174,batt_bel58,1,58,battery,0.29056993477590987,0.0,0.29056993477590987,0.079368566956748
175,pltd_bel59,1,59,diesel,0.003125033493333327,0.0783,-0.07517496650666666,0.0009724715167999966
176,plts_bel59,1,59,solar,0.21806911579107427,0.0,0.21806911579107427,0.051939413992747874
177,batt_bel59,1,59,battery,0.09178996150414354,0.0,0.09178996150414354,0.025073814818237786
178,pltd_bel60,1,60,diesel,0.016881260160000015,0.4227,-0.40581873984,0.005253555316800013
179,plts_bel60,1,60,solar,1.1618880456656175,0.0,1.1618880456656175,0.28055515642201223
180,batt_bel60,1,60,battery,0.49581570690904503,0.0,0.49581570690904503,0.13544582532116306
181,pltd_bel61,1,61,diesel,0.0022270156800000035,0.0558,-0.053572984319999996,0.0006930646464000013
182,plts_bel61,1,61,solar,0.15593436718837225,0.0,0.15593436718837225,0.03701192535942269
183,batt_bel61,1,61,battery,0.06541392114350406,0.0,0.06541392114350406,0.017868022011252153
184,pltd_bel62,1,62,diesel,0.011442905173333311,0.2865,-0.2750570948266667,0.0035612190432000065
185,plts_bel62,1,62,solar,0.7824407182962113,0.0,0.7824407182962113,0.19017218725675172
186,batt_bel62,1,62,battery,0.3360857473773392,0.0,0.3360857473773392,0.09181140668410934
187,pltd_bel63,1,63,diesel,0.0045158439466667045,0.1131,-0.1085841560533333,0.001405380614400004
188,plts_bel63,1,63,solar,0.3117226636967052,0.0,0.3117226636967052,0.07504626312589946
189,batt_bel63,1,63,battery,0.1326443581511994,0.0,0.1326443581511994,0.03623001280852506
190,pltd_bel64,1,64,diesel,0.004220284266666674,0.1057,-0.10147971573333332,0.0013134328480000042
191,plts_bel64,1,64,solar,0.28697364897001415,0.0,0.28697364897001415,0.07013884474586751
192,batt_bel64,1,64,battery,0.12397934614904912,0.0,0.12397934614904912,0.033861860845374056
193,pltd_bel65,1,65,diesel,0.002066958506666666,0.0518,-0.04973304149333333,0.0006431626432000002
194,plts_bel65,1,65,solar,0.14379177928858045,0.0,0.14379177928858045,0.03435384278472004
195,batt_bel65,1,65,battery,0.060712182066556264,0.0,0.060712182066556264,0.01658478054551778
196,pltd_bel66,1,66,diesel,0.01786567093333331,0.4473,-0.4294343290666667,0.005560009447999995
197,plts_bel66,1,66,solar,1.2344901517791882,0.0,1.2344901517791882,0.2969134097591492
198,batt_bel66,1,66,battery,0.5247934253914771,0.0,0.5247934253914771,0.14334025470397838
199,pltd_bel67,1,67,diesel,0.01442038453333337,0.3611,-0.3466796154666666,0.0044876983760000246
200,plts_bel67,1,67,solar,0.9728880237940062,0.0,0.9728880237940062,0.23965740863270607
201,batt_bel67,1,67,battery,0.42354338235440253,0.0,0.42354338235440253,0.1156986315167243
202,pltd_bel68,1,68,diesel,0.0072716637866666834,0.1821,-0.17482833621333332,0.0022630086976000133
203,plts_bel68,1,68,solar,0.4887216652211707,0.0,0.4887216652211707,0.12085134076655248
204,batt_bel68,1,68,battery,0.21360763274241656,0.0,0.21360763274241656,0.05834409033892373
205,pltd_bel69,1,69,diesel,0.013756170240000042,0.3444,-0.33064382975999995,0.004281112875200002
206,plts_bel69,1,69,solar,0.9527801043747182,0.0,0.9527801043747182,0.2286159317731581
207,batt_bel69,1,69,battery,0.40405077675407514,0.0,0.40405077675407514,0.11037282835397337
208,pltd_bel70,1,70,diesel,0.0025223394133333313,0.0632,-0.060677660586666675,0.000784994638400004
209,plts_bel70,1,70,solar,0.17645882777041794,0.0,0.17645882777041794,0.041919554326056915
210,batt_bel70,1,70,battery,0.07408201201659068,0.0,0.07408201201659068,0.02023708215830959
211,pltd_bel71,1,71,diesel,0.005930475733333331,0.1485,-0.14256952426666666,0.001845578951999999
212,plts_bel71,1,71,solar,0.4134505529202045,0.0,0.4134505529202045,0.09856181138240493
213,batt_bel71,1,71,battery,0.17420692082001402,0.0,0.17420692082001402,0.0475804604989605
214,pltd_bel72,1,72,diesel,0.005143061973333345,0.1288,-0.12365693802666665,0.001600640507199995
215,plts_bel72,1,72,solar,0.3550415465209584,0.0,0.3550415465209584,0.08547511504449913
216,batt_bel72,1,72,battery,0.15107736270929661,0.0,0.15107736270929661,0.0412647527380087
217,pltd_bel73,1,73,diesel,0.003937294293333333,0.0986,-0.09466270570666666,0.001225373900800002
218,plts_bel73,1,73,solar,0.2780976322914224,0.0,0.2780976322914224,0.06543524918534646
219,batt_bel73,1,73,battery,0.1156545994861014,0.0,0.1156545994861014,0.031589218943452874
220,pltd_bel74,1,74,diesel,0.028410101866666617,0.7113,-0.6828898981333335,0.008841514696000011
221,plts_bel74,1,74,solar,1.9680431620171492,0.0,1.9680431620171492,0.4721590823112534
222,batt_bel74,1,74,battery,0.8346519777154393,0.0,0.8346519777154393,0.22794954405038648
223,pltd_bel75,1,75,diesel,0.006102846186666675,0.1528,-0.14669715381333331,0.0018993218495999967
224,plts_bel75,1,75,solar,0.4212928005586901,0.0,0.4212928005586901,0.10142497962839588
225,batt_bel75,1,75,battery,0.1792687683477846,0.0,0.1792687683477846,0.048964865311039635
226,pltd_bel76,1,76,diesel,0.0027437527466666676,0.0687,-0.06595624725333334,0.0008539460384000046
227,plts_bel76,1,76,solar,0.19042154268925873,0.0,0.19042154268925873,0.04560045582381274
228,batt_bel76,1,76,battery,0.08059901923318899,0.0,0.08059901923318899,0.022015072636568156
229,pltd_bel77,1,77,diesel,0.012574803413333354,0.3149,-0.3023251965866667,0.003913434358399999
230,plts_bel77,1,77,solar,0.8155169723823763,0.0,0.8155169723823763,0.2089848884875795
231,batt_bel77,1,77,battery,0.369369545900562,0.0,0.369369545900562,0.10089321556794976
232,pltd_bel78,1,78,diesel,0.003986424320000001,0.0998,-0.09581357568,0.0012405915535999975
233,plts_bel78,1,78,solar,0.2794040897895949,0.0,0.2794040897895949,0.06625342103888923
234,batt_bel78,1,78,battery,0.11709364745000062,0.0,0.11709364745000062,0.03198465474402922
235,pltd_bel79,1,79,diesel,0.002645282453333329,0.0662,-0.06355471754666667,0.0008232296575999986
236,plts_bel79,1,79,solar,0.18401785844606208,0.0,0.18401785844606208,0.043964407373357876
237,batt_bel79,1,79,battery,0.07769583116213251,0.0,0.07769583116213251,0.021224356326840783
238,pltd_bel80,1,80,diesel,0.004306431039999993,0.1078,-0.10349356896000002,0.0013402792592000035
239,plts_bel80,1,80,solar,0.28635851132794876,0.0,0.28635851132794876,0.07157000156221455
240,batt_bel80,1,80,battery,0.1264858700201205,0.0,0.1264858700201205,0.03455170565133656
241,pltd_bel81,1,81,diesel,0.0066813598933333175,0.1673,-0.16061864010666668,0.002079226788799991
242,plts_bel81,1,81,solar,0.45993759824078706,0.0,0.45993759824078706,0.11103590519024216
243,batt_bel81,1,81,battery,0.1962430488218993,0.0,0.1962430488218993,0.05360464992618033
244,pltd_kup82,1,82,diesel,0.026663129599999915,0.6676,-0.6409368704,0.008297785607999993
245,plts_kup82,1,82,solar,1.7747718803825454,0.0,1.7747718803825454,0.4431204756568487
246,batt_kup82,1,82,battery,0.7832287259749712,0.0,0.7832287259749712,0.21392211859484309
247,pltd_kup83,1,83,diesel,0.014641685013333326,0.3666,-0.35195831498666663,0.004556672926400009
248,plts_kup83,1,83,solar,0.9746094644932306,0.0,0.9746094644932306,0.24333792400530704
249,batt_kup83,1,83,battery,0.4301068702768297,0.0,0.4301068702768297,0.11747454470701087
250,pltd_kup84,1,84,diesel,0.01929232362666672,0.4831,-0.46380767637333326,0.0060040529808000065
251,plts_kup84,1,84,solar,1.284191748325246,0.0,1.284191748325246,0.3206335546027818
252,batt_kup84,1,84,battery,0.5667301927187788,0.0,0.5667301927187788,0.1547900044136956
253,pltd_kup85,1,85,diesel,0.0029527501866666696,0.0739,-0.07094724981333332,0.0009189197696000025
254,plts_kup85,1,85,solar,0.19656010298015825,0.0,0.19656010298015825,0.04907662450299654
255,batt_kup85,1,85,battery,0.08674420248399015,0.0,0.08674420248399015,0.023692396137537156
256,pltd_kup86,1,86,diesel,0.018690168106666714,0.468,-0.4493098318933333,0.0058165696512000415
257,plts_kup86,1,86,solar,1.2440595505310637,0.0,1.2440595505310637,0.31061360392966664
258,batt_kup86,1,86,battery,0.5490188458228547,0.0,0.5490188458228547,0.14995269614873397
259,pltd_kup87,1,87,diesel,0.017090570453333273,0.4279,-0.4108094295466667,0.005318764897599998
260,plts_kup87,1,87,solar,1.137589923212477,0.0,1.137589923212477,0.2840304973448431
261,batt_kup87,1,87,battery,0.5020330544259751,0.0,0.5020330544259751,0.13711934714846258
262,pltd_kup88,1,88,diesel,0.007899061333333363,0.1978,-0.18990093866666663,0.0024582874400000034
263,plts_kup88,1,88,solar,0.5257978550221062,0.0,0.5257978550221062,0.13127980137798903
264,batt_kup88,1,88,battery,0.23204109520227173,0.0,0.23204109520227173,0.0633770478824602
265,pltd_kup89,1,89,diesel,0.03765060767999977,0.9427,-0.9050493923200003,0.01171727280639999
266,plts_kup89,1,89,solar,2.5061378060020925,0.0,2.5061378060020925,0.6257259958353854
267,batt_kup89,1,89,battery,1.1059895675549507,0.0,1.1059895675549507,0.3020772430156731
268,pltd_kup90,1,90,diesel,0.012070461759999967,0.3022,-0.29012953824000004,0.0037564304848000003
269,plts_kup90,1,90,solar,0.803438254177974,0.0,0.803438254177974,0.20060042253434052
270,batt_kup90,1,90,battery,0.3545677368973,0.0,0.3545677368973,0.09684244310547226
271,pltd_kup91,1,91,diesel,0.011430438080000004,0.2862,-0.27476956192,0.003557228998400015
272,plts_kup91,1,91,solar,0.7608508217524862,0.0,0.7608508217524862,0.18996727604507982
273,batt_kup91,1,91,battery,0.3357732905234051,0.0,0.3357732905234051,0.09170914846875856
274,pltd_kup92,1,92,diesel,0.009633956266666664,0.2412,-0.23156604373333334,0.0029981444079999983
275,plts_kup92,1,92,solar,0.6412769245370286,0.0,0.6412769245370286,0.16011231703123233
276,batt_kup92,1,92,battery,0.28300338248110557,0.0,0.28300338248110557,0.07729628665993642
277,pltd_kup93,1,93,diesel,0.04306412063999992,1.0783,-1.03523587936,0.013402051667199972
278,plts_kup93,1,93,solar,2.866498752119863,0.0,2.866498752119863,0.7156998405925835
279,batt_kup93,1,93,battery,1.2650215943685832,0.0,1.2650215943685832,0.34551332070235086
280,pltd_kup94,1,94,diesel,0.006324192853333309,0.1583,-0.1519758071466667,0.0019681332495999964
281,plts_kup94,1,94,solar,0.4209656884767325,0.0,0.4209656884767325,0.10510560486693629
282,batt_kup94,1,94,battery,0.18577744848057848,0.0,0.18577744848057848,0.05074110204841351
283,pltd_kup95,1,95,diesel,0.002116421866666656,0.053,-0.05088357813333334,0.0006586182959999985
284,plts_kup95,1,95,solar,0.1374002583486826,0.0,0.1374002583486826,0.03517161036979063
285,batt_kup95,1,95,battery,0.06216723100099303,0.0,0.06216723100099303,0.016979724439617008
286,pltd_kup96,1,96,diesel,0.0021653621333333315,0.0542,-0.052034637866666664,0.0006738440239999996
287,plts_kup96,1,96,solar,0.14157345387844192,0.0,0.14157345387844192,0.03598959221018932
288,batt_kup96,1,96,battery,0.06360923123429983,0.0,0.06360923123429983,0.017374774852980685
289,pltd_kup97,1,97,diesel,0.00403581077333333,0.101,-0.09696418922666668,0.0012559831311999973
290,plts_kup97,1,97,solar,0.2635076208013331,0.0,0.2635076208013331,0.06707108562674097
291,batt_kup97,1,97,battery,0.11853636524935733,0.0,0.11853636524935733,0.03237852370782048
292,pltd_kup98,1,98,diesel,0.0020914362666666735,0.0524,-0.050308563733333325,0.0006509408080000028
293,plts_kup98,1,98,solar,0.13639461546119305,0.0,0.13639461546119305,0.03476264818005977
294,batt_kup98,1,98,battery,0.061441051588926154,0.0,0.061441051588926154,0.016782348600870974
295,pltd_kup99,1,99,diesel,0.0022270156800000018,0.0558,-0.05357298432,0.0006930646464000011
296,plts_kup99,1,99,solar,0.14486162472736544,0.0,0.14486162472736544,0.03701190959252584
297,batt_kup99,1,99,battery,0.0654125892948976,0.0,0.0654125892948976,0.017867935129080997
298,pltd_kup100,1,100,diesel,0.008981885973333322,0.2249,-0.21591811402666666,0.0027952490272000054
299,plts_kup100,1,100,solar,0.5870003407834358,0.0,0.5870003407834358,0.1492741486939967
300,batt_kup100,1,100,battery,0.263815724065109,0.0,0.263815724065109,0.07206179464076097
301,pltd_kup101,1,101,diesel,0.004798597973333338,0.1201,-0.11530140202666667,0.001493365787200004
302,plts_kup101,1,101,solar,0.31452607545472405,0.0,0.31452607545472405,0.07974957395748959
303,batt_kup101,1,101,battery,0.14095229506811707,0.0,0.14095229506811707,0.038501103509799905
304,pltd_kup102,1,102,diesel,0.005856719146666668,0.1466,-0.14074328085333335,0.001822665510400005
305,plts_kup102,1,102,solar,0.38699372594610365,0.0,0.38699372594610365,0.09733537207005293
306,batt_kup102,1,102,battery,0.17202201998275096,0.0,0.17202201998275096,0.04699072053187088
307,pltd_kup103,1,103,diesel,0.007124140373333373,0.1784,-0.17127585962666664,0.0022170337392000018
308,plts_kup103,1,103,solar,0.46974547968881064,0.0,0.46974547968881064,0.11839781506258631
309,batt_kup103,1,103,battery,0.20926012911319786,0.0,0.20926012911319786,0.05716080736609351
310,pltd_kup104,1,104,diesel,0.008366991466666631,0.2095,-0.20113300853333335,0.0026039011039999944
311,plts_kup104,1,104,solar,0.5508644380409932,0.0,0.5508644380409932,0.13905047097788628
312,batt_kup104,1,104,battery,0.2457772187093562,0.0,0.2457772187093562,0.06712975329497743
313,pltd_kup105,1,105,diesel,0.004798597973333319,0.1201,-0.11530140202666668,0.0014933657871999966
314,plts_kup105,1,105,solar,0.31363171430330594,0.0,0.31363171430330594,0.07974971750851746
315,batt_kup105,1,105,battery,0.14096185215442364,0.0,0.14096185215442364,0.03850189453577657
316,pltd_kup106,1,106,diesel,0.003137490346666662,0.0786,-0.07546250965333334,0.0009764674863999946
317,plts_kup106,1,106,solar,0.20568324306131155,0.0,0.20568324306131155,0.05214385361522758
318,batt_kup106,1,106,battery,0.09216136582668971,0.0,0.09216136582668971,0.025173352737093757
319,pltd_kup107,1,107,diesel,0.0031989131733333323,0.0801,-0.07690108682666667,0.0009954818831999974
320,plts_kup107,1,107,solar,0.20893858810350066,0.0,0.20893858810350066,0.0531664883707575
321,batt_kup107,1,107,battery,0.09398059097210344,0.0,0.09398059097210344,0.025667549784828308
322,pltd_kup108,1,108,diesel,0.004552301653333339,0.114,-0.10944769834666666,0.0014167196736000066
323,plts_kup108,1,108,solar,0.303030168776721,0.0,0.303030168776721,0.0756597320137237
324,batt_kup108,1,108,battery,0.13373127696225107,0.0,0.13373127696225107,0.0365257235166066
325,pltd_kup109,1,109,diesel,0.005290682773333348,0.1325,-0.12720931722666665,0.001646590691200004
326,plts_kup109,1,109,solar,0.34289426082132474,0.0,0.34289426082132474,0.08792890056112483
327,batt_kup109,1,109,battery,0.15542918435062036,0.0,0.15542918435062036,0.042449253723748526
328,pltd_kup110,1,110,diesel,0.003666663786666656,0.0918,-0.08813333621333336,0.0011411046975999917
329,plts_kup110,1,110,solar,0.24114011624602583,0.0,0.24114011624602583,0.0609370264228409
330,batt_kup110,1,110,battery,0.10770195195515327,0.0,0.10770195195515327,0.02941934929909617
331,pltd_kup111,1,111,diesel,0.0063612095999999955,0.1593,-0.1529387904,0.001979671007999998
332,plts_kup111,1,111,solar,0.42255447597847356,0.0,0.42255447597847356,0.1057193031399047
333,batt_kup111,1,111,battery,0.18685049051047456,0.0,0.18685049051047456,0.05103859308584987
334,pltd_kup112,1,112,diesel,0.007050163306666704,0.1765,-0.1694498366933333,0.0021940481472000075
335,plts_kup112,1,112,solar,0.4779446449659921,0.0,0.4779446449659921,0.11717017065784387
336,batt_kup112,1,112,battery,0.20710011044394244,0.0,0.20710011044394244,0.05656453070696068
337,pltd_kup113,1,113,diesel,0.010126153919999971,0.2535,-0.24337384608000004,0.003151353161599995
338,plts_kup113,1,113,solar,0.6663999228368694,0.0,0.6663999228368694,0.16829145427966438
339,batt_kup113,1,113,battery,0.29746214961247575,0.0,0.29746214961247575,0.08124330445238388
340,pltd_kup114,1,114,diesel,0.005069284906666679,0.1269,-0.12183071509333333,0.0015776409152000028
341,plts_kup114,1,114,solar,0.33509184288769384,0.0,0.33509184288769384,0.08424789622512566
342,batt_kup114,1,114,battery,0.14891120706128977,0.0,0.14891120706128977,0.04067093695033607
343,pltd_kup115,1,115,diesel,0.00510620928000001,0.1279,-0.12279379072,0.00158913397440001
344,plts_kup115,1,115,solar,0.33542493211274443,0.0,0.33542493211274443,0.08486135666459052
345,batt_kup115,1,115,battery,0.14996744809494614,0.0,0.14996744809494614,0.04096725684402076
346,pltd_kup116,1,116,diesel,0.005229613973333338,0.1309,-0.12567038602666666,0.0016274244672000013
347,plts_kup116,1,116,solar,0.3462357200171892,0.0,0.3462357200171892,0.08690624952797359
348,batt_kup116,1,116,battery,0.15359998229115582,0.0,0.15359998229115582,0.04195482466090438
349,pltd_kup117,1,117,diesel,0.007678186559999979,0.1922,-0.18452181344000004,0.002389434588799998
350,plts_kup117,1,117,solar,0.5107711908751833,0.0,0.5107711908751833,0.1275986471745967
351,batt_kup117,1,117,battery,0.2255051121862809,0.0,0.2255051121862809,0.06159786077955071
352,pltd_kup118,1,118,diesel,0.005462878933333348,0.1368,-0.13133712106666665,0.0017001192880000036
353,plts_kup118,1,118,solar,0.36167612825183115,0.0,0.36167612825183115,0.09079170616471091
354,batt_kup118,1,118,battery,0.1604779748482636,0.0,0.1604779748482636,0.04383101935920902
355,pltd_kup119,1,119,diesel,0.004601867626666698,0.1152,-0.1105981323733333,0.0014321301008000094
356,plts_kup119,1,119,solar,0.30498289727421013,0.0,0.30498289727421013,0.07647752729891114
357,batt_kup119,1,119,battery,0.13517691059259837,0.0,0.13517691059259837,0.03691999224424177
358,pltd_kup120,1,120,diesel,0.00553682527999999,0.1386,-0.13306317472,0.0017230876543999915
359,plts_kup120,1,120,solar,0.3627090785157109,0.0,0.3627090785157109,0.09201855138755928
360,batt_kup120,1,120,battery,0.16264715550630635,0.0,0.16264715550630635,0.04442295156454642
361,pltd_kup121,1,121,diesel,0.007640810773333332,0.1913,-0.18365918922666666,0.002377873131200012
362,plts_kup121,1,121,solar,0.496528404167834,0.0,0.496528404167834,0.12698572899787522
363,batt_kup121,1,121,battery,0.2244542336761886,0.0,0.2244542336761886,0.06130442208625841
364,pltd_kup122,1,122,diesel,0.005721149973333321,0.1433,-0.1375788500266667,0.001780549747199999
365,plts_kup122,1,122,solar,0.3741962916670094,0.0,0.3741962916670094,0.09508570841762644
366,batt_kup122,1,122,battery,0.1680469636252252,0.0,0.1680469636252252,0.045902961991595645
367,pltd_kup123,1,123,diesel,0.00535217226666669,0.134,-0.12864782773333333,0.0016656820880000132
368,plts_kup123,1,123,solar,0.35745161068730147,0.0,0.35745161068730147,0.08895143114610544
369,batt_kup123,1,123,battery,0.15720436631620976,0.0,0.15720436631620976,0.042943532487935455
370,pltd_kup124,1,124,diesel,0.005598201920000004,0.1402,-0.13460179808,0.0017422092016000043
371,plts_kup124,1,124,solar,0.37463420314849394,0.0,0.37463420314849394,0.09304108337559625
372,batt_kup124,1,124,battery,0.1644630852619628,0.0,0.1644630852619628,0.04491713419100844
373,pltd_kup125,1,125,diesel,0.0078009808000000114,0.1953,-0.18749901919999998,0.0024277099839999905
374,plts_kup125,1,125,solar,0.5166383212118884,0.0,0.5166383212118884,0.12964350295515492
375,batt_kup125,1,125,battery,0.22911994280227319,0.0,0.22911994280227319,0.06258506391471809
376,pltd_kup126,1,126,diesel,0.005980051946666652,0.1497,-0.14371994805333335,0.0018610184543999982
377,plts_kup126,1,126,solar,0.3992070342377357,0.0,0.3992070342377357,0.09937977331196787
378,batt_kup126,1,126,battery,0.17565656793883047,0.0,0.17565656793883047,0.04797573057717301
379,pltd_kup127,1,127,diesel,0.010322874026666618,0.2585,-0.24817712597333338,0.003212594772799975
380,plts_kup127,1,127,solar,0.6915308928983379,0.0,0.6915308928983379,0.1715634703142514
381,batt_kup127,1,127,battery,0.3032430677942837,0.0,0.3032430677942837,0.08282400960468927
382,pltd_kup128,1,128,diesel,0.008920263146666697,0.2234,-0.2144797368533333,0.0027761646304000163
383,plts_kup128,1,128,solar,0.5837049987150229,0.0,0.5837049987150229,0.14825232012029743
384,batt_kup128,1,128,battery,0.2620764431560271,0.0,0.2620764431560271,0.0715720014179058
385,pltd_kup129,1,129,diesel,0.007764097386666675,0.1944,-0.18663590261333332,0.0024162282256000025
386,plts_kup129,1,129,solar,0.5237987574138362,0.0,0.5237987574138362,0.12903054479405565
387,batt_kup129,1,129,battery,0.22803442859687276,0.0,0.22803442859687276,0.062291612629144566
388,pltd_kup130,1,130,diesel,0.006225819946666658,0.1559,-0.14967418005333336,0.0019375040944000013
389,plts_kup130,1,130,solar,0.41001538884890304,0.0,0.41001538884890304,0.10346980056162998
390,batt_kup130,1,130,battery,0.18287504122390896,0.0,0.18287504122390896,0.04995120883374872
391,pltd_kup131,1,131,diesel,0.0072101999999999765,0.1805,-0.17328980000000002,0.002243821999999997
392,plts_kup131,1,131,solar,0.4729368877826919,0.0,0.4729368877826919,0.11982912678039571
393,batt_kup131,1,131,battery,0.21177695518644146,0.0,0.21177695518644146,0.05785141674822225
394,pltd_kup132,1,132,diesel,0.005881412373333331,0.1473,-0.14141858762666665,0.001830326299200002
395,plts_kup132,1,132,solar,0.3999495792605141,0.0,0.3999495792605141,0.09774443223155617
396,batt_kup132,1,132,battery,0.17275313913471896,0.0,0.17275313913471896,0.047189084237187644
397,pltd_kup133,1,133,diesel,0.004897381119999999,0.1226,-0.11770261888,0.0015240450175999975
398,plts_kup133,1,133,solar,0.3158245647554064,0.0,0.3158245647554064,0.08138510560334826
399,batt_kup133,1,133,battery,0.14384390749652726,0.0,0.14384390749652726,0.03928892158835037
400,pltd_kup134,1,134,diesel,0.007653200960000015,0.1916,-0.18394679903999997,0.0023817991008000055
401,plts_kup134,1,134,solar,0.49672856342647154,0.0,0.49672856342647154,0.12719043648261927
402,batt_kup134,1,134,battery,0.22481598184466758,0.0,0.22481598184466758,0.06140508888155006
403,pltd_kup135,1,135,diesel,0.011356748160000008,0.2844,-0.27304325184,0.0035342735568000116
404,plts_kup135,1,135,solar,0.7280271911799236,0.0,0.7280271911799236,0.1887398361489568
405,batt_kup135,1,135,battery,0.33356862624790284,0.0,0.33356862624790284,0.09111443488901409
406,pltd_kup136,1,136,diesel,0.005536825279999994,0.1386,-0.13306317472,0.0017230876543999983
407,plts_kup136,1,136,solar,0.3561570208892997,0.0,0.3561570208892997,0.09201842462329721
408,batt_kup136,1,136,battery,0.16265850565614082,0.0,0.16265850565614082,0.044422253040643934
409,pltd_kup137,1,137,diesel,0.0024486392533333338,0.0613,-0.058851360746666664,0.0007620661216000002
410,plts_kup137,1,137,solar,0.16298067795823432,0.0,0.16298067795823432,0.040692596383773295
411,batt_kup137,1,137,battery,0.07192532568983606,0.0,0.07192532568983606,0.0196448255556507
412,pltd_kup138,1,138,diesel,0.0023623848533333267,0.0591,-0.05673761514666667,0.0007351664095999968
413,plts_kup138,1,138,solar,0.16550789443930108,0.0,0.16550789443930108,0.03926144152323062
414,batt_kup138,1,138,battery,0.06939854244906728,0.0,0.06939854244906728,0.01895465924445206
415,pltd_kup139,1,139,diesel,0.008231335146666671,0.2061,-0.19786866485333332,0.002561671190400002
416,plts_kup139,1,139,solar,0.5512654137350183,0.0,0.5512654137350183,0.13680120720956027
417,batt_kup139,1,139,battery,0.24181601599376124,0.0,0.24181601599376124,0.06604380070394773
418,pltd_kup140,1,140,diesel,0.0015871817600000035,0.0397,-0.03811281824,0.0004939740848000021
419,plts_kup140,1,140,solar,0.10864558792906562,0.0,0.10864558792906562,0.026378760035461135
420,batt_kup140,1,140,battery,0.046624700101867395,0.0,0.046624700101867395,0.012735003391855603
421,pltd_kup141,1,141,diesel,0.004316813119999985,0.0887,-0.08438318688000002,0.0016710903775999952
422,plts_kup141,1,141,solar,0.25622504375077265,0.0,0.25622504375077265,0.05822750988649277
423,batt_kup141,1,141,battery,0.10214123316857832,0.0,0.10214123316857832,0.02790132948651125
424,pltd_kup142,1,142,diesel,0.0059205746133333135,0.1217,-0.11577942538666669,0.0022920003344000035
425,plts_kup142,1,142,solar,0.3585227026844206,0.0,0.3585227026844206,0.07986053490917414
426,batt_kup142,1,142,battery,0.14009840631381026,0.0,0.14009840631381026,0.038267167029695015
427,pltd_kup143,1,143,diesel,0.0062998227200000015,0.1577,-0.15140017728,0.001960555385600007
428,plts_kup143,1,143,solar,0.4196346895192708,0.0,0.4196346895192708,0.10469681245779876
429,batt_kup143,1,143,battery,0.18504333820888158,0.0,0.18504333820888158,0.05054451642872857
430,pltd_kup144,1,144,diesel,0.00472484138666665,0.1183,-0.11357515861333335,0.0014703543455999997
431,plts_kup144,1,144,solar,0.3246652485999311,0.0,0.3246652485999311,0.07852258238328369
432,batt_kup144,1,144,battery,0.1387976464743969,0.0,0.1387976464743969,0.03790816605811955
433,pltd_kup145,1,145,diesel,0.004811034346666698,0.1205,-0.1156889656533333,0.0014972476064000059
434,plts_kup145,1,145,solar,0.3197187185112898,0.0,0.3197187185112898,0.07995366526499816
435,batt_kup145,1,145,battery,0.14131112338939997,0.0,0.14131112338939997,0.03859790018718368
436,pltd_kup146,1,146,diesel,0.004232777066666673,0.106,-0.10176722293333332,0.0013172505920000053
437,plts_kup146,1,146,solar,0.2870254613713234,0.0,0.2870254613713234,0.0703433048483164
438,batt_kup146,1,146,battery,0.12433303487100766,0.0,0.12433303487100766,0.033960529520076804
439,pltd_kup147,1,147,diesel,0.001845298986666663,0.0462,-0.04435470101333334,0.0005742763936000001
440,plts_kup147,1,147,solar,0.12858508984743583,0.0,0.12858508984743583,0.030673044312524354
441,batt_kup147,1,147,battery,0.0542142834178984,0.0,0.0542142834178984,0.014808256807706076
442,pltd_kup148,1,148,diesel,0.0017593419733333347,0.0441,-0.042340658026666665,0.0005475269072
443,plts_kup148,1,148,solar,0.12109290441954715,0.0,0.12109290441954715,0.02924164913454451
444,batt_kup148,1,148,battery,0.051684409519565225,0.0,0.051684409519565225,0.014117324042529652
445,pltd_kup149,1,149,diesel,0.004241903146666663,0.0872,-0.08295809685333333,0.0016421128304000042
446,plts_kup149,1,149,solar,0.2526794326187905,0.0,0.2526794326187905,0.05721622043991437
447,batt_kup149,1,149,battery,0.10036739630894492,0.0,0.10036739630894492,0.02741513443746157
448,pltd_kup150,1,150,diesel,0.008154196266666646,0.1676,-0.15944580373333336,0.003156698607999998
449,plts_kup150,1,150,solar,0.4773577128613544,0.0,0.4773577128613544,0.10998508637012641
450,batt_kup150,1,150,battery,0.19296310338121975,0.0,0.19296310338121975,0.0527024514419676
451,pltd_kup151,1,151,diesel,0.00487146069333331,0.1001,-0.09522853930666668,0.0018858623727999956
452,plts_kup151,1,151,solar,0.2831384793726622,0.0,0.2831384793726622,0.06570761017810167
453,batt_kup151,1,151,battery,0.11528057684009915,0.0,0.11528057684009915,0.03148396152528107
454,pltd_kup152,1,152,diesel,0.005980051946666655,0.1497,-0.14371994805333335,0.0018610184544000012
455,plts_kup152,1,152,solar,0.39803346523590777,0.0,0.39803346523590777,0.09937999634943417
456,batt_kup152,1,152,battery,0.17565740515630204,0.0,0.17565740515630204,0.04797695960654463
457,pltd_kup153,1,153,diesel,0.002497861653333325,0.0625,-0.06000213834666668,0.0007773284735999994
458,plts_kup153,1,153,solar,0.1662565958194565,0.0,0.1662565958194565,0.04151056441154416
459,batt_kup153,1,153,battery,0.0733712582610411,0.0,0.0733712582610411,0.020039770231679806
460,pltd_kup154,1,154,diesel,0.004072571093333338,0.102,-0.09792742890666666,0.0012674449647999987
461,plts_kup154,1,154,solar,0.2800216146193425,0.0,0.2800216146193425,0.06768498486434453
462,batt_kup154,1,154,battery,0.11963350913708908,0.0,0.11963350913708908,0.03267712806893191
463,pltd_kup155,1,155,diesel,0.006070604799999985,0.1248,-0.1187293952,0.002350040503999991
464,plts_kup155,1,155,solar,0.3533919562277618,0.0,0.3533919562277618,0.08188218264964303
465,batt_kup155,1,155,battery,0.1436380682154471,0.0,0.1436380682154471,0.03923543490913706
466,pltd_kup156,1,156,diesel,0.0038821434666666587,0.0798,-0.07591785653333334,0.0015028730639999991
467,plts_kup156,1,156,solar,0.22866548176450324,0.0,0.22866548176450324,0.05236412687237608
468,batt_kup156,1,156,battery,0.09187589936735066,0.0,0.09187589936735066,0.025091169472322313
469,pltd_kup157,1,157,diesel,0.00636120960000001,0.1593,-0.1529387904,0.001979671008000002
470,plts_kup157,1,157,solar,0.44077824993230896,0.0,0.44077824993230896,0.10571917726175781
471,batt_kup157,1,157,battery,0.18687067060801812,0.0,0.18687067060801812,0.0510378994448112
472,pltd_kup158,1,158,diesel,0.00332203050666667,0.0832,-0.07987796949333333,0.0010338332032000025
473,plts_kup158,1,158,solar,0.21927309889285257,0.0,0.21927309889285257,0.05521137542429311
474,batt_kup158,1,158,battery,0.09759471468913633,0.0,0.09759471468913633,0.026654996468165253
475,pltd_kup159,1,159,diesel,0.0028791166933333236,0.0721,-0.06922088330666668,0.000896019252800001
476,plts_kup159,1,159,solar,0.20079615706678788,0.0,0.20079615706678788,0.047849719508795574
477,batt_kup159,1,159,battery,0.0845795919845547,0.0,0.0845795919845547,0.023100547019625647
478,pltd_kup160,1,160,diesel,0.007013413226666659,0.1756,-0.16858658677333335,0.0021825733887999976
479,plts_kup160,1,160,solar,0.44320463575684693,0.0,0.44320463575684693,0.11655731196714354
480,batt_kup160,1,160,battery,0.20601215231465597,0.0,0.20601215231465597,0.05627128038848084
481,pltd_kup161,1,161,diesel,0.006595182399999998,0.1651,-0.1585048176,0.002052475152000002
482,plts_kup161,1,161,solar,0.4363758052434518,0.0,0.4363758052434518,0.10960399079024706
483,batt_kup161,1,161,battery,0.19370344792509758,0.0,0.19370344792509758,0.0529111913380074
484,pltd_kup162,1,162,diesel,0.004650997653333316,0.1165,-0.11184900234666668,0.0014473477535999941
485,plts_kup162,1,162,solar,0.31624275635476407,0.0,0.31624275635476407,0.07729595586828057
486,batt_kup162,1,162,battery,0.13662142201621066,0.0,0.13662142201621066,0.037317382676821054
487,pltd_kup163,1,163,diesel,0.003949587093333327,0.0989,-0.09495041290666667,0.0012291986447999972
488,plts_kup163,1,163,solar,0.27023260339480015,0.0,0.27023260339480015,0.06563980628324315
489,batt_kup163,1,163,battery,0.11602609819227386,0.0,0.11602609819227386,0.03168776636390441
490,pltd_kup164,1,164,diesel,0.003519007039999997,0.0881,-0.08458099296,0.0010951017391999988
491,plts_kup164,1,164,solar,0.2454569260371624,0.0,0.2454569260371624,0.058482888746789606
492,batt_kup164,1,164,battery,0.10337501213149573,0.0,0.10337501213149573,0.028233581282171957
493,pltd_kup165,1,165,diesel,0.003986424319999999,0.0998,-0.09581357568,0.0012405915535999954
494,plts_kup165,1,165,solar,0.2770551645637923,0.0,0.2770551645637923,0.066253404100745
495,batt_kup165,1,165,battery,0.11709420824979277,0.0,0.11709420824979277,0.03198456140779687
496,pltd_kup166,1,166,diesel,0.0038758407466666766,0.097,-0.09312415925333332,0.0012062442784000027
497,plts_kup166,1,166,solar,0.2641070223020088,0.0,0.2641070223020088,0.0644129084310539
498,batt_kup166,1,166,battery,0.11384288826364683,0.0,0.11384288826364683,0.031096624190636638
499,pltd_kup167,1,167,diesel,0.002325532160000002,0.0582,-0.05587446784,0.000723659876799999
500,plts_kup167,1,167,solar,0.15286670776747582,0.0,0.15286670776747582,0.03864779256036273
501,batt_kup167,1,167,battery,0.06830696686759895,0.0,0.06830696686759895,0.01865776628394882
502,pltd_kup168,1,168,diesel,0.004269680960000021,0.1069,-0.10263031903999997,0.0013288185008000087
503,plts_kup168,1,168,solar,0.2980578267424059,0.0,0.2980578267424059,0.07095655248131782
504,batt_kup168,1,168,battery,0.12539759235995085,0.0,0.12539759235995085,0.03425570348479512
505,pltd_kup169,1,169,diesel,0.013842106773333328,0.3466,-0.3327578932266667,0.004307741211199979
506,plts_kup169,1,169,solar,0.9205195287381689,0.0,0.9205195287381689,0.2300464445104184
507,batt_kup169,1,169,battery,0.4066147194706048,0.0,0.4066147194706048,0.11105823091391777
508,pltd_kup170,1,170,diesel,0.010212346880000016,0.2557,-0.24548765311999995,0.0031782464224000043
509,plts_kup170,1,170,solar,0.6885871207657484,0.0,0.6885871207657484,0.16972269806905085
510,batt_kup170,1,170,battery,0.2999685720640114,0.0,0.2999685720640114,0.08193392524976599
511,pltd_kup171,1,171,diesel,0.009006712533333336,0.2255,-0.21649328746666668,0.0028030218160000017
512,plts_kup171,1,171,solar,0.6064301602367119,0.0,0.6064301602367119,0.1496838118358725
513,batt_kup171,1,171,battery,0.2645517282630695,0.0,0.2645517282630695,0.07226351959208904
514,pltd_kup172,1,172,diesel,0.0038390035199999976,0.0961,-0.09226099648000001,0.0011946623695999988
515,plts_kup172,1,172,solar,0.2590285983329455,0.0,0.2590285983329455,0.06379949318096143
516,batt_kup172,1,172,battery,0.11277431427825299,0.0,0.11277431427825299,0.030799909419239446
517,pltd_kup173,1,173,diesel,0.007296377493333311,0.1827,-0.1754036225066667,0.0022707276367999983
518,plts_kup173,1,173,solar,0.4798728203028225,0.0,0.4798728203028225,0.1212603727089772
519,batt_kup173,1,173,battery,0.21433290078586423,0.0,0.21433290078586423,0.05854219467620965
520,pltd_kup174,1,174,diesel,0.0072348675200000325,0.1811,-0.17386513248,0.0022515570896000127
521,plts_kup174,1,174,solar,0.4815720052948908,0.0,0.4815720052948908,0.12023755292592872
522,batt_kup174,1,174,battery,0.2125238866183815,0.0,0.2125238866183815,0.05804623331473669
523,pltd_kup175,1,175,diesel,0.0060169251200000206,0.1506,-0.14458307488,0.0018724361376000079
524,plts_kup175,1,175,solar,0.39771842110646083,0.0,0.39771842110646083,0.09999332985135866
525,batt_kup175,1,175,battery,0.1767417455613101,0.0,0.1767417455613101,0.048272126095407764
526,pltd_kup176,1,176,diesel,0.0038758407466666866,0.097,-0.09312415925333331,0.0012062442784000068
527,plts_kup176,1,176,solar,0.25583449396070984,0.0,0.25583449396070984,0.06441300254366907
528,batt_kup176,1,176,battery,0.11384525556842244,0.0,0.11384525556842244,0.03109714279035977
529,pltd_kup177,1,177,diesel,0.012734799146666675,0.3189,-0.3061652008533333,0.0039631759103999804
530,plts_kup177,1,177,solar,0.8415958817277437,0.0,0.8415958817277437,0.2116427244444957
531,batt_kup177,1,177,battery,0.374038642299379,0.0,0.374038642299379,0.10217351960145649
532,pltd_kup178,1,178,diesel,0.004847927999999999,0.1214,-0.11655207199999999,0.0015087164400000063
533,plts_kup178,1,178,solar,0.33071067066161103,0.0,0.33071067066161103,0.08056734754454692
534,batt_kup178,1,178,battery,0.14239365144974891,0.0,0.14239365144974891,0.03889480757109726
535,pltd_kup179,1,179,diesel,0.004158897386666672,0.1041,-0.09994110261333333,0.0012943102255999995
536,plts_kup179,1,179,solar,0.2861721567629941,0.0,0.2861721567629941,0.06911637907508722
537,batt_kup179,1,179,battery,0.12216351189848987,0.0,0.12216351189848987,0.03336857775066207
538,pltd_kup180,1,180,diesel,0.005315211946666679,0.1331,-0.12778478805333332,0.0016541362544000035
539,plts_kup180,1,180,solar,0.3623353024853877,0.0,0.3623353024853877,0.0883377149396054
540,batt_kup180,1,180,battery,0.15613717468678848,0.0,0.15613717468678848,0.04264539668363406
541,pltd_kup181,1,181,diesel,0.005007728746666672,0.1254,-0.12039227125333334,0.001558444518400001
542,plts_kup181,1,181,solar,0.3418942345573906,0.0,0.3418942345573906,0.08322569593277547
543,batt_kup181,1,181,battery,0.14709223123042164,0.0,0.14709223123042164,0.04017863252783154
544,pltd_kup182,1,182,diesel,0.008834342080000016,0.2212,-0.21236565792,0.002749278918400008
545,plts_kup182,1,182,solar,0.6133729383124005,0.0,0.6133729383124005,0.14682072535550833
546,batt_kup182,1,182,battery,0.2594865115215446,0.0,0.2594865115215446,0.07087956534268236
547,pltd_kup183,1,183,diesel,0.006361209599999984,0.1593,-0.15293879040000002,0.001979671008000002
548,plts_kup183,1,183,solar,0.42343203987369077,0.0,0.42343203987369077,0.10571903383741167
549,batt_kup183,1,183,battery,0.18682538173846738,0.0,0.18682538173846738,0.05103710911690393
550,pltd_kup184,1,184,diesel,0.00359275338666665,0.09,-0.08640724661333335,0.0011180561055999971
551,plts_kup184,1,184,solar,0.2455743708544872,0.0,0.2455743708544872,0.059709900870616485
552,batt_kup184,1,184,battery,0.10553760695621608,0.0,0.10553760695621608,0.028825353139776275
553,pltd_kup185,1,185,diesel,0.007776231146666662,0.1947,-0.18692376885333334,0.0024200712703999995
554,plts_kup185,1,185,solar,0.5402173235829811,0.0,0.5402173235829811,0.1292352446049913
555,batt_kup185,1,185,battery,0.22843743636843214,0.0,0.22843743636843214,0.062392011625853956
556,pltd_kup186,1,186,diesel,0.0054260775466666725,0.1115,-0.10607392245333333,0.0021004841424000016
557,plts_kup186,1,186,solar,0.3154109571574959,0.0,0.3154109571574959,0.07318825295951918
558,batt_kup186,1,186,battery,0.12839570443305579,0.0,0.12839570443305579,0.03506798364495046
559,pltd_kup187,1,187,diesel,0.0027437527466666646,0.0687,-0.06595624725333334,0.0008539460384000032
560,plts_kup187,1,187,solar,0.190782308242521,0.0,0.190782308242521,0.04560044823644868
561,batt_kup187,1,187,battery,0.08059346649387794,0.0,0.08059346649387794,0.022015030827030886
562,pltd_kup188,1,188,diesel,0.04281800384000026,1.0721,-1.0292819961599997,0.013325487403200088
563,plts_kup188,1,188,solar,2.850118165670075,0.0,2.850118165670075,0.7116100318494794
564,batt_kup188,1,188,battery,1.2577922877566003,0.0,1.2577922877566003,0.34353888326736753
565,pltd_kup189,1,189,diesel,0.03947144938666663,0.9883,-0.9488285506133334,0.012283850185599994
566,plts_kup189,1,189,solar,2.6273503397582654,0.0,2.6273503397582654,0.6559899793156273
567,batt_kup189,1,189,battery,1.159482379347936,0.0,1.159482379347936,0.31668761609530405
568,pltd_kup190,1,190,diesel,0.12574800906666672,3.1485,-3.022751990933333,0.03913405395200006
569,plts_kup190,1,190,solar,8.370174621574442,0.0,8.370174621574442,2.0898433206560076
570,batt_kup190,1,190,battery,3.6938627356884597,0.0,3.6938627356884597,1.0088987413295398
571,pltd_kup191,1,191,diesel,0.023513166933333354,0.5887,-0.5651868330666666,0.007317530528000013
572,plts_kup191,1,191,solar,1.5651079857697734,0.0,1.5651079857697734,0.3907721077232178
573,batt_kup191,1,191,battery,0.6907017156129657,0.0,0.6907017156129657,0.18865027315514765
574,pltd_kup192,1,192,diesel,0.007246847466666647,0.1815,-0.17425315253333334,0.0022553559839999984
575,plts_kup192,1,192,solar,0.48239099470676683,0.0,0.48239099470676683,0.12044207386309128
576,batt_kup192,1,192,battery,0.21288562618268866,0.0,0.21288562618268866,0.05814497905324261
577,pltd_kup193,1,193,diesel,0.00559820192,0.1402,-0.13460179808,0.0017422092016000014
578,plts_kup193,1,193,solar,0.3726450906215446,0.0,0.3726450906215446,0.09304101846956515
579,batt_kup193,1,193,battery,0.16445267050526918,0.0,0.16445267050526918,0.04491677653173311
580,pltd_kup194,1,194,diesel,0.004183523946666678,0.1047,-0.10051647605333332,0.0013019220144000066
581,plts_kup194,1,194,solar,0.2784595680204501,0.0,0.2784595680204501,0.06952505706526532
582,batt_kup194,1,194,battery,0.12288749711400257,0.0,0.12288749711400257,0.03356410264732244
583,pltd_kup195,1,195,diesel,0.01256257226666663,0.3145,-0.3019374277333334,0.003909581087999989
584,plts_kup195,1,195,solar,0.8361983909764715,0.0,0.8361983909764715,0.2087798037975134
585,batt_kup195,1,195,battery,0.36902468121441,0.0,0.36902468121441,0.10079114082746476
586,pltd_kup196,1,196,diesel,0.002460865386666653,0.0616,-0.05913913461333335,0.0007658558655999983
587,plts_kup196,1,196,solar,0.1637997071563916,0.0,0.1637997071563916,0.04089716747470718
588,batt_kup196,1,196,battery,0.07228709094016642,0.0,0.07228709094016642,0.019743642948151133
589,pltd_kup197,1,197,diesel,0.003309696746666646,0.0829,-0.07959030325333336,0.0010299901583999953
590,plts_kup197,1,197,solar,0.2141351112271238,0.0,0.2141351112271238,0.05500681718139178
591,batt_kup197,1,197,battery,0.09722154087705565,0.0,0.09722154087705565,0.02655553186197763
592,pltd_kup198,1,198,diesel,0.00814543456,0.2039,-0.19575456544,0.002534983628799998
593,plts_kup198,1,198,solar,0.5421771861318285,0.0,0.5421771861318285,0.13536940812414133
594,batt_kup198,1,198,battery,0.23926959136670847,0.0,0.23926959136670847,0.0653512920552704
595,pltd_kup199,1,199,diesel,0.013792786986666604,0.3453,-0.3315072130133334,0.004292433633599991
596,plts_kup199,1,199,solar,0.9180983740673019,0.0,0.9180983740673019,0.22922839551194324
597,batt_kup199,1,199,battery,0.40516831029785,0.0,0.40516831029785,0.1106629765728371
598,pltd_kup200,1,200,diesel,0.016807580479999914,0.4208,-0.4039924195200001,0.005230691950399992
599,plts_kup200,1,200,solar,1.1187529661501634,0.0,1.1187529661501634,0.27932735346545545
600,batt_kup200,1,200,battery,0.4937199149465454,0.0,0.4937199149465454,0.13484884704153763
601,pltd_kup201,1,201,diesel,0.007714577599999991,0.1932,-0.18548542240000002,0.002400836648000004
602,plts_kup201,1,201,solar,0.5135130130150873,0.0,0.5135130130150873,0.12821261208235252
603,batt_kup201,1,201,battery,0.2266200012025404,0.0,0.2266200012025404,0.061896266191213356
604,pltd_kup202,1,202,diesel,0.002817596480000012,0.0705,-0.06768240351999998,0.0008769526304000013
605,plts_kup202,1,202,solar,0.18755080045024805,0.0,0.18755080045024805,0.046827179522878015
606,batt_kup202,1,202,battery,0.08276879677068014,0.0,0.08276879677068014,0.022606391542542348
607,pltd_kup203,1,203,diesel,0.01773026079999996,0.4439,-0.42616973920000006,0.005517791383999999
608,plts_kup203,1,203,solar,1.1801780929274912,0.0,1.1801780929274912,0.2946637954898593
609,batt_kup203,1,203,battery,0.5208269767939883,0.0,0.5208269767939883,0.1422527445861623
610,pltd_kup204,1,204,diesel,0.014199140480000035,0.3555,-0.34130085951999994,0.004418904750400011
611,plts_kup204,1,204,solar,0.9451250864108296,0.0,0.9451250864108296,0.2359763750206039
612,batt_kup204,1,204,battery,0.4170957557868315,0.0,0.4170957557868315,0.11392058957146937
613,pltd_kup205,1,205,diesel,0.016868957119999986,0.4224,-0.40553104288,0.005249813497600019
614,plts_kup205,1,205,solar,1.1228479733034051,0.0,1.1228479733034051,0.28034977606813233
615,batt_kup205,1,205,battery,0.49552665156467823,0.0,0.49552665156467823,0.1353424269090881
616,pltd_kup206,1,206,diesel,0.011996382079999963,0.3004,-0.28840361792,0.0037333921183999824
617,plts_kup206,1,206,solar,0.7985246960908322,0.0,0.7985246960908322,0.1993735200016902
618,batt_kup206,1,206,battery,0.35239854379624125,0.0,0.35239854379624125,0.0962501179534139
619,pltd_kup207,1,207,diesel,0.014678794133333294,0.3675,-0.3528212058666667,0.004568122383999993
620,plts_kup207,1,207,solar,0.977066392942577,0.0,0.977066392942577,0.24395145509591543
621,batt_kup207,1,207,battery,0.43119206328372767,0.0,0.43119206328372767,0.11777074364453406
622,pltd_kup208,1,208,diesel,0.020400067200000014,0.5108,-0.4903999328,0.006348720055999996
623,plts_kup208,1,208,solar,1.3579014580843236,0.0,1.3579014580843236,0.33903726034674136
624,batt_kup208,1,208,battery,0.5992591813392392,0.0,0.5992591813392392,0.1636746190317735
625,pltd_kup209,1,209,diesel,0.00580740960000001,0.1454,-0.1395925904,0.0018073450080000068
626,plts_kup209,1,209,solar,0.3865673536154954,0.0,0.3865673536154954,0.09651718795552244
627,batt_kup209,1,209,battery,0.1705968834941638,0.0,0.1705968834941638,0.04659492043441018
628,pltd_kup210,1,210,diesel,0.012562572266666615,0.3145,-0.3019374277333334,0.003909581087999986
629,plts_kup210,1,210,solar,0.8361983909764715,0.0,0.8361983909764715,0.2087798037975134
630,batt_kup210,1,210,battery,0.36902468121441,0.0,0.36902468121441,0.10079114082746476
631,pltd_kup211,1,211,diesel,0.0043801414399999945,0.1097,-0.10531985856000001,0.0013632088511999986
632,plts_kup211,1,211,solar,0.2936752666688624,0.0,0.2936752666688624,0.07279693129815704
633,batt_kup211,1,211,battery,0.12865347840807392,0.0,0.12865347840807392,0.03514361988551947
634,pltd_kup212,1,212,diesel,0.008858978880000019,0.2218,-0.21294102112,0.0027569197824000163
635,plts_kup212,1,212,solar,0.5912099760783174,0.0,0.5912099760783174,0.14722979606703887
636,batt_kup212,1,212,battery,0.26021610359682856,0.0,0.26021610359682856,0.07107780024326225
637,pltd_kup213,1,213,diesel,0.005056915200000002,0.1266,-0.12154308479999999,0.0015737800960000051
638,plts_kup213,1,213,solar,0.33018749714155154,0.0,0.33018749714155154,0.08404332298278143
639,batt_kup213,1,213,battery,0.14853139186885506,0.0,0.14853139186885506,0.040571870340368604
640,pltd_kup214,1,214,diesel,0.0038513270400000136,0.0964,-0.09254867295999998,0.0011985253392000023
641,plts_kup214,1,214,solar,0.24574662870247957,0.0,0.24574662870247957,0.0640039771611338
642,batt_kup214,1,214,battery,0.11311777976824974,0.0,0.11311777976824974,0.030898881736214447
643,pltd_kup215,1,215,diesel,0.004724841386666659,0.1183,-0.11357515861333334,0.0014703543456000012
644,plts_kup215,1,215,solar,0.318476287351672,0.0,0.318476287351672,0.07852256182877775
645,batt_kup215,1,215,battery,0.13878063318669087,0.0,0.13878063318669087,0.037908052794227404
646,pltd_kup216,1,216,diesel,0.004232777066666671,0.106,-0.10176722293333333,0.001317250592000006
647,plts_kup216,1,216,solar,0.2831396691244949,0.0,0.2831396691244949,0.07034330500256167
648,batt_kup216,1,216,battery,0.1243339234455755,0.0,0.1243339234455755,0.03396053037003266
649,pltd_kup217,1,217,diesel,0.0062381794133333215,0.1562,-0.14996182058666668,0.0019414548384000013
650,plts_kup217,1,217,solar,0.4152327024997389,0.0,0.4152327024997389,0.1036741766602558
651,batt_kup217,1,217,battery,0.18324723273383142,0.0,0.18324723273383142,0.050050031779051256
652,pltd_kup218,1,218,diesel,0.002571213013333336,0.0644,-0.06182878698666666,0.0008002553663999999
653,plts_kup218,1,218,solar,0.16836350397586877,0.0,0.16836350397586877,0.04273772584596307
654,batt_kup218,1,218,battery,0.07554580400976026,0.0,0.07554580400976026,0.020633177784792345
655,pltd_kup219,1,219,diesel,0.003346390399999996,0.0838,-0.0804536096,0.0010414169920000005
656,plts_kup219,1,219,solar,0.22347612067849068,0.0,0.22347612067849068,0.055620432348396226
657,batt_kup219,1,219,battery,0.09829788365660874,0.0,0.09829788365660874,0.026852570875725006
658,pltd_kup220,1,220,diesel,0.006324192853333307,0.1583,-0.1519758071466667,0.0019681332495999934
659,plts_kup220,1,220,solar,0.41290903287443653,0.0,0.41290903287443653,0.10510538355788557
660,batt_kup220,1,220,battery,0.1857787254379541,0.0,0.1857787254379541,0.05073988254333197
661,pltd_kup221,1,221,diesel,0.006200303359999951,0.1045,-0.09829969664000004,0.0019277478527999947
662,plts_kup221,1,221,solar,0.420314486171055,0.0,0.420314486171055,0.1083456799524918
663,batt_kup221,1,221,battery,0.18591498241641338,0.0,0.18591498241641338,0.04939330752082658
664,pltd_kup222,1,222,diesel,0.005745958186666646,0.0968,-0.09105404181333335,0.0017865006095999921
665,plts_kup222,1,222,solar,0.3928014857453081,0.0,0.3928014857453081,0.10040464095305372
666,batt_kup222,1,222,battery,0.1722888637119685,0.0,0.1722888637119685,0.04577446126712323
667,pltd_kup223,1,223,diesel,0.016142976426666653,0.4042,-0.3880570235733333,0.005023834524800011
668,plts_kup223,1,223,solar,1.0426317370512914,0.0,1.0426317370512914,0.2682853454103179
669,batt_kup223,1,223,battery,0.47414989466022295,0.0,0.47414989466022295,0.1295190426528893
670,pltd_kup224,1,224,diesel,0.028643961813333205,0.7172,-0.6885560381866668,0.008914355990399997
671,plts_kup224,1,224,solar,1.8505869113437605,0.0,1.8505869113437605,0.4760415585405591
672,batt_kup224,1,224,battery,0.8413243547347352,0.0,0.8413243547347352,0.22981019973830646
673,pltd_kup225,1,225,diesel,0.014789644373333249,0.3703,-0.3555103556266668,0.004602679659199987
674,plts_kup225,1,225,solar,0.9555818113567426,0.0,0.9555818113567426,0.24579109353501094
675,batt_kup225,1,225,battery,0.43444946273336954,0.0,0.43444946273336954,0.11865526864309955
676,pltd_kup226,1,226,diesel,0.008145434560000003,0.2039,-0.19575456544,0.0025349836287999897
677,plts_kup226,1,226,solar,0.5339688130195468,0.0,0.5339688130195468,0.1353695436071172
678,batt_kup226,1,226,battery,0.2392565569343129,0.0,0.2392565569343129,0.0653520386229188
679,pltd_kup227,1,227,diesel,0.005044735253333336,0.1263,-0.12125526474666666,0.0015699672016000028
680,plts_kup227,1,227,solar,0.33035423579072487,0.0,0.33035423579072487,0.08383938464511774
681,batt_kup227,1,227,battery,0.1481804495258734,0.0,0.1481804495258734,0.04047564065535087
682,pltd_kup228,1,228,diesel,0.014887924906666702,0.3728,-0.35791207509333334,0.004633271115200001
683,plts_kup228,1,228,solar,0.9737979573284387,0.0,0.9737979573284387,0.24742705838892637
684,batt_kup228,1,228,battery,0.4373382579647849,0.0,0.4373382579647849,0.11944529878836296
685,pltd_kup229,1,229,diesel,0.014223520853333347,0.3561,-0.3418764791466667,0.004426427689599978
686,plts_kup229,1,229,solar,0.9172804206345455,0.0,0.9172804206345455,0.2363851604791944
687,batt_kup229,1,229,battery,0.41777194426879866,0.0,0.41777194426879866,0.11411617849262709
688,pltd_kup230,1,230,diesel,0.017926919253333295,0.4489,-0.43097308074666674,0.005579089521599986
689,plts_kup230,1,230,solar,1.1587830318718864,0.0,1.1587830318718864,0.2979359893824171
690,batt_kup230,1,230,battery,0.52658595958843,0.0,0.52658595958843,0.14383439413776103
691,pltd_kup231,1,231,diesel,0.012390299199999929,0.3102,-0.2978097008,0.0038560374159999846
692,plts_kup231,1,231,solar,0.8032667139264397,0.0,0.8032667139264397,0.2059165995723803
693,batt_kup231,1,231,battery,0.3639221779904442,0.0,0.3639221779904442,0.09940697983180334
694,pltd_kup232,1,232,diesel,0.012771826133333306,0.3198,-0.30702817386666664,0.003974756743999986
695,plts_kup232,1,232,solar,0.829821476668844,0.0,0.829821476668844,0.21225647896029096
696,batt_kup232,1,232,battery,0.37517492466877345,0.0,0.37517492466877345,0.10247167364135354
697,pltd_kup233,1,233,diesel,0.00873608202666669,0.2187,-0.2099639179733333,0.0027187246127999953
698,plts_kup233,1,233,solar,0.565187336252985,0.0,0.565187336252985,0.14518489165059673
699,batt_kup233,1,233,battery,0.25660642873923234,0.0,0.25660642873923234,0.07009061688892569
700,pltd_kup234,1,234,diesel,0.026860059946666653,0.6725,-0.6456399400533334,0.008359112294399987
701,plts_kup234,1,234,solar,1.7452210733685323,0.0,1.7452210733685323,0.44639290869467674
702,batt_kup234,1,234,battery,0.788873695818611,0.0,0.788873695818611,0.21550593756480885
703,pltd_kup235,1,235,diesel,0.009621976320000008,0.2409,-0.23127802368,0.0029944645135999972
704,plts_kup235,1,235,solar,0.6323322820200551,0.0,0.6323322820200551,0.15990811025266474
705,batt_kup235,1,235,battery,0.2826450792129142,0.0,0.2826450792129142,0.07719969636827145
706,pltd_kup236,1,236,diesel,0.00808374506666665,0.2024,-0.19431625493333335,0.0025157592319999815
707,plts_kup236,1,236,solar,0.5277058060005874,0.0,0.5277058060005874,0.13434710925699994
708,batt_kup236,1,236,battery,0.23746473209018668,0.0,0.23746473209018668,0.06485728725709333
709,pltd_kup237,1,237,diesel,0.0039125805866666655,0.098,-0.09408741941333335,0.0012176059616000013
710,plts_kup237,1,237,solar,0.26459281890922015,0.0,0.26459281890922015,0.0650267907467207
711,batt_kup237,1,237,battery,0.11494373641680937,0.0,0.11494373641680937,0.03139396626772554
712,pltd_kup238,1,238,diesel,0.01649973322666674,0.4131,-0.39660026677333327,0.005134996988800017
713,plts_kup238,1,238,solar,1.0719837513119028,0.0,1.0719837513119028,0.2742158889178498
714,batt_kup238,1,238,battery,0.48475225149282497,0.0,0.48475225149282497,0.1323847732564349
715,pltd_kup239,1,239,diesel,0.0037775602133333307,0.0946,-0.09082243978666667,0.0011756458224000002
716,plts_kup239,1,239,solar,0.25143273631807805,0.0,0.25143273631807805,0.06277698242043218
717,batt_kup239,1,239,battery,0.1109599745669512,0.0,0.1109599745669512,0.030306345213106607
718,pltd_kup240,1,240,diesel,0.00797297173333327,0.1996,-0.19162702826666672,0.0024813360319999936
719,plts_kup240,1,240,solar,0.5168434003433193,0.0,0.5168434003433193,0.13250654489317157
720,batt_kup240,1,240,battery,0.2341974900875864,0.0,0.2341974900875864,0.06396866884808111
721,pltd_kup241,1,241,diesel,0.004146563626666647,0.1038,-0.09965343637333336,0.0012904671807999974
722,plts_kup241,1,241,solar,0.26881908411626004,0.0,0.26881908411626004,0.06891148247551487
723,batt_kup241,1,241,battery,0.12178928895225691,0.0,0.12178928895225691,0.033267248658235195
724,pltd_kup242,1,242,diesel,0.00892026314666669,0.2234,-0.2144797368533333,0.002776164630400002
725,plts_kup242,1,242,solar,0.5764608356329965,0.0,0.5764608356329965,0.1482525989509034
726,batt_kup242,1,242,battery,0.26204545569594295,0.0,0.26204545569594295,0.07157353789072426
727,pltd_kup243,1,243,diesel,0.0067305463466666654,0.1685,-0.16176945365333334,0.0020946043663999958
728,plts_kup243,1,243,solar,0.43862875741868834,0.0,0.43862875741868834,0.11185338927165718
729,batt_kup243,1,243,battery,0.19766893976614086,0.0,0.19766893976614086,0.05399763994304438
730,pltd_kup244,1,244,diesel,0.027524274239999855,0.6892,-0.6616757257600002,0.00856581679519998
731,plts_kup244,1,244,solar,1.8321019204340685,0.0,1.8321019204340685,0.45743442974456766
732,batt_kup244,1,244,battery,0.8085289998322345,0.0,0.8085289998322345,0.22083236996392827
733,pltd_kup245,1,245,diesel,0.01852994165333332,0.464,-0.4454700583466667,0.005766656873600001
734,plts_kup245,1,245,solar,1.233413863115299,0.0,1.233413863115299,0.3079555569009784
735,batt_kup245,1,245,battery,0.544320990027237,0.0,0.544320990027237,0.14866951403908302
736,pltd_kup246,1,246,diesel,0.029013108799999954,0.7264,-0.6973868912000001,0.009029136424
737,plts_kup246,1,246,solar,1.931200702310754,0.0,1.931200702310754,0.4821771734923085
738,batt_kup246,1,246,battery,0.8522631734118227,0.0,0.8522631734118227,0.23277725265340915
739,pltd_kup247,1,247,diesel,0.035263488639999965,0.8829,-0.8476365113600001,0.010974301307199993
740,plts_kup247,1,247,solar,2.34725243400865,0.0,2.34725243400865,0.5860559231622128
741,batt_kup247,1,247,battery,1.0358721713959844,0.0,1.0358721713959844,0.28292609752416087
742,pltd_kup248,1,248,diesel,0.017828787519999938,0.4464,-0.4285712124800001,0.005548485689599975
743,plts_kup248,1,248,solar,1.1867297297185289,0.0,1.1867297297185289,0.296299666534578
744,batt_kup248,1,248,battery,0.5237187135062822,0.0,0.5237187135062822,0.1430424388186479
745,pltd_kup249,1,249,diesel,0.025247949013333295,0.6322,-0.6069520509866667,0.00785745964639998
746,plts_kup249,1,249,solar,1.6805867962594265,0.0,1.6805867962594265,0.419604482719095
747,batt_kup249,1,249,battery,0.7416638356650855,0.0,0.7416638356650855,0.2025694430140304
748,pltd_kup250,1,250,diesel,0.026995259840000042,0.6759,-0.6489047401599999,0.008401182283200016
749,plts_kup250,1,250,solar,1.7968846757335182,0.0,1.7968846757335182,0.44864153941903523
750,batt_kup250,1,250,battery,0.7929877466535593,0.0,0.7929877466535593,0.21658748199460806
751,pltd_kup251,1,251,diesel,0.025863023039999856,0.6476,-0.6217369769600001,0.008048875419199977
752,plts_kup251,1,251,solar,1.7215375052012276,0.0,1.7215375052012276,0.4298289121419472
753,batt_kup251,1,251,battery,0.7597366133579124,0.0,0.7597366133579124,0.20750546043590531
754,pltd_kup252,1,252,diesel,0.05138176160000007,1.2865,-1.2351182384,0.01599050196800002
755,plts_kup252,1,252,solar,3.420142129444666,0.0,3.420142129444666,0.853932128174323
756,batt_kup252,1,252,battery,1.5093517587694762,0.0,1.5093517587694762,0.4122467527113447
757,pltd_kup253,1,253,diesel,0.003235817066666669,0.081,-0.07776418293333333,0.0010070497920000017
758,plts_kup253,1,253,solar,0.21539702025619048,0.0,0.21539702025619048,0.05377975958021942
759,batt_kup253,1,253,battery,0.09505731627739657,0.0,0.09505731627739657,0.025962853665667564
760,pltd_kup254,1,254,diesel,0.003961843946666661,0.0992,-0.09523815605333333,0.001232928614399996
761,plts_kup254,1,254,solar,0.2574484783120675,0.0,0.2574484783120675,0.06584455306232823
762,batt_kup254,1,254,battery,0.11637667870777024,0.0,0.11637667870777024,0.03178764679155443
763,pltd_kup255,1,255,diesel,0.004614314240000025,0.1155,-0.11088568575999998,0.001436005995200002
764,plts_kup255,1,255,solar,0.3104068057331913,0.0,0.3104068057331913,0.07668214883162228
765,batt_kup255,1,255,battery,0.13554586750236258,0.0,0.13554586750236258,0.037019948045718655
766,pltd_kup256,1,256,diesel,0.005364675306666667,0.1343,-0.12893532469333333,0.0016695919071999911
767,plts_kup256,1,256,solar,0.3637118581205668,0.0,0.3637118581205668,0.08915542105879538
768,batt_kup256,1,256,battery,0.15757257567681526,0.0,0.15757257567681526,0.04303977043762032
769,pltd_kup257,1,257,diesel,0.0031742866133333274,0.0795,-0.07632571338666667,0.0009878700943999966
770,plts_kup257,1,257,solar,0.2144464513976606,0.0,0.2144464513976606,0.05275718601446512
771,batt_kup257,1,257,battery,0.09324338773405202,0.0,0.09324338773405202,0.025468507224892127
772,pltd_kup258,1,258,diesel,0.0020425883733333305,0.0511,-0.04905741162666667,0.0006356967792000016
773,plts_kup258,1,258,solar,0.13602311954842983,0.0,0.13602311954842983,0.03394465152040053
774,batt_kup258,1,258,battery,0.06000171904460177,0.0,0.06000171904460177,0.01638777142175709
775,pltd_kup259,1,259,diesel,0.001796348479999993,0.045,-0.043203651520000004,0.0005590425903999987
776,plts_kup259,1,259,solar,0.11703695789071113,0.0,0.11703695789071113,0.029854981372311497
777,batt_kup259,1,259,battery,0.05277057742471294,0.0,0.05277057742471294,0.014413062159108156
778,pltd_kup260,1,260,diesel,0.0026206661333333346,0.0656,-0.06297933386666667,0.0008155839439999997
779,plts_kup260,1,260,solar,0.1736973346508186,0.0,0.1736973346508186,0.0435553536602111
780,batt_kup260,1,260,battery,0.0769709820541257,0.0,0.0769709820541257,0.02102657410028822
781,pltd_kup261,1,261,diesel,0.0018084822400000018,0.0453,-0.04349151776,0.0005627736352000002
782,plts_kup261,1,261,solar,0.11665432419177416,0.0,0.11665432419177416,0.030059439117624487
783,batt_kup261,1,261,battery,0.053131776208979124,0.0,0.053131776208979124,0.014511278669209949
784,pltd_kup262,1,262,diesel,0.005672245653333306,0.142,-0.1363277543466667,0.0017652577935999894
785,plts_kup262,1,262,solar,0.38410102360483056,0.0,0.38410102360483056,0.09426786442053876
786,batt_kup262,1,262,battery,0.1666195095796252,0.0,0.1666195095796252,0.045509116252910375
787,pltd_kup263,1,263,diesel,0.0027314958933333266,0.0684,-0.06566850410666668,0.0008500270687999965
788,plts_kup263,1,263,solar,0.18181841209635574,0.0,0.18181841209635574,0.045395921721080895
789,batt_kup263,1,263,battery,0.08023896684940726,0.0,0.08023896684940726,0.02191547696715619
790,pltd_kup264,1,264,diesel,0.03681385365333324,0.9218,-0.8849861463466667,0.01145680063360004
791,plts_kup264,1,264,solar,2.4504470999945296,0.0,2.4504470999945296,0.6118211645270089
792,batt_kup264,1,264,battery,1.081412647756468,0.0,1.081412647756468,0.2953645609891882
793,pltd_kup265,1,265,diesel,0.013940387306666704,0.349,-0.3350596126933333,0.0043384096672000145
794,plts_kup265,1,265,solar,0.9279263274112559,0.0,0.9279263274112559,0.23168224833009993
795,batt_kup265,1,265,battery,0.40950523697670677,0.0,0.40950523697670677,0.11184760513095526
796,pltd_kup266,1,266,diesel,0.04340886677333316,1.0869,-1.0434911332266668,0.013509237011199987
797,plts_kup266,1,266,solar,2.8894302778574428,0.0,2.8894302778574428,0.7214253857971379
798,batt_kup266,1,266,battery,1.2751411873847651,0.0,1.2751411873847651,0.3482773872980283
799,pltd_kup267,1,267,diesel,0.0352760121599999,0.8832,-0.8479239878400001,0.010978339276799995
800,plts_kup267,1,267,solar,2.3480707462248622,0.0,2.3480707462248622,0.586260102738556
801,batt_kup267,1,267,battery,1.036232473762771,0.0,1.036232473762771,0.28302454963670165
802,pltd_kup268,1,268,diesel,0.05124674122666653,1.2831,-1.2318532587733333,0.01594849982880001
803,plts_kup268,1,268,solar,3.411132607675768,0.0,3.411132607675768,0.8516826569609316
804,batt_kup268,1,268,battery,1.505375211515476,0.0,1.505375211515476,0.411160757851751
805,pltd_kup269,1,269,diesel,0.013608390400000015,0.3407,-0.3270916096,0.004235152992000007
806,plts_kup269,1,269,solar,0.9058125357454871,0.0,0.9058125357454871,0.22616097306575622
807,batt_kup269,1,269,battery,0.3997465730772865,0.0,0.3997465730772865,0.10918207916201073
808,pltd_kup270,1,270,diesel,0.021482938026666676,0.5379,-0.5164170619733334,0.006685679492800024
809,plts_kup270,1,270,solar,1.4299732288059308,0.0,1.4299732288059308,0.35703198074821935
810,batt_kup270,1,270,battery,0.6310647165171088,0.0,0.6310647165171088,0.17236179552603414
811,pltd_kup271,1,271,diesel,0.0013164179199999964,0.033,-0.03168358208000001,0.00040974688159999977
812,plts_kup271,1,271,solar,0.08547565727627889,0.0,0.08547565727627889,0.02187999112420539
813,batt_kup271,1,271,battery,0.038674337551168995,0.0,0.038674337551168995,0.010562934271573482
814,pltd_kup272,1,272,diesel,0.004060304000000001,0.1017,-0.097639696,0.0012636019200000024
815,plts_kup272,1,272,solar,0.26344603832269653,0.0,0.26344603832269653,0.06748023723213155
816,batt_kup272,1,272,battery,0.11926731118112192,0.0,0.11926731118112192,0.03257658127580817
817,pltd_kup273,1,273,diesel,0.005155308586666664,0.1291,-0.12394469141333334,0.001604425401600005
818,plts_kup273,1,273,solar,0.33797975866635976,0.0,0.33797975866635976,0.08567950118128177
819,batt_kup273,1,273,battery,0.1514427318057988,0.0,0.1514427318057988,0.04136314139942148
820,pltd_kup274,1,274,diesel,0.0028915992533333334,0.0724,-0.06950840074666667,0.0008998849216000003
821,plts_kup274,1,274,solar,0.1895136876341585,0.0,0.1895136876341585,0.04805421799761069
822,batt_kup274,1,274,battery,0.08492717361295424,0.0,0.08492717361295424,0.02319942129440058
823,pltd_kup275,1,275,diesel,0.0017104581333333326,0.0428,-0.04108954186666666,0.0005323071039999964
824,plts_kup275,1,275,solar,0.1108490738117664,0.0,0.1108490738117664,0.02842342502600794
825,batt_kup275,1,275,battery,0.05023693593720113,0.0,0.05023693593720113,0.013721819883064604
826,pltd_kup276,1,276,diesel,0.003248309866666662,0.0813,-0.07805169013333334,0.0010108675359999984
827,plts_kup276,1,276,solar,0.21089348584165543,0.0,0.21089348584165543,0.05398427958418587
828,batt_kup276,1,276,battery,0.09542039827859174,0.0,0.09542039827859174,0.02606185242269089
829,pltd_kup277,1,277,diesel,0.003482169813333333,0.0872,-0.08371783018666666,0.0010837088303999986
830,plts_kup277,1,277,solar,0.22519726383395774,0.0,0.22519726383395774,0.05786961395577859
831,batt_kup277,1,277,battery,0.10229458181766493,0.0,0.10229458181766493,0.02793856624883839
832,pltd_kup278,1,278,diesel,0.0031498498133333444,0.0789,-0.07575015018666666,0.0009802152304000033
833,plts_kup278,1,278,solar,0.20588046227063503,0.0,0.20588046227063503,0.05234853736064298
834,batt_kup278,1,278,battery,0.09253440394294252,0.0,0.09253440394294252,0.025272945194393118
835,pltd_kup279,1,279,diesel,0.0054937789866667305,0.1039,-0.09840622101333328,0.001493741793600006
836,plts_kup279,1,279,solar,0.41769750843000053,0.0,0.41769750843000053,0.10822858889067263
837,batt_kup279,1,279,battery,0.1865394954158034,0.0,0.1865394954158034,0.04950377417687743
838,pltd_kup280,1,280,diesel,0.002288279466666664,0.0573,-0.055011720533333336,0.0007121883440000019
839,plts_kup280,1,280,solar,0.1451426258586567,0.0,0.1451426258586567,0.038034390968436936
840,batt_kup280,1,280,battery,0.06722864328182578,0.0,0.06722864328182578,0.018361889284157776
841,pltd_kup281,1,281,diesel,0.0020057151999999974,0.0502,-0.0481942848,0.0006241810959999992
842,plts_kup281,1,281,solar,0.13002760019172754,0.0,0.13002760019172754,0.03333103767858089
843,batt_kup281,1,281,battery,0.05891029340707694,0.0,0.05891029340707694,0.016090597268263437
844,pltd_kup282,1,282,diesel,0.0031742866133333443,0.0795,-0.07632571338666666,0.0009878700944000003
845,plts_kup282,1,282,solar,0.2048932190242539,0.0,0.2048932190242539,0.052757267101568965
846,batt_kup282,1,282,battery,0.09325190522634821,0.0,0.09325190522634821,0.025468954048620682
847,pltd_kup283,1,283,diesel,0.005856719146666668,0.1466,-0.14074328085333335,0.0018226655104000066
848,plts_kup283,1,283,solar,0.3774360882971503,0.0,0.3774360882971503,0.09733492089841243
849,batt_kup283,1,283,battery,0.1720343836765398,0.0,0.1720343836765398,0.04698823438814376
850,pltd_kup284,1,284,diesel,0.0025839622400000003,0.0647,-0.06211603775999999,0.0008040790352000001
851,plts_kup284,1,284,solar,0.17199023951341377,0.0,0.17199023951341377,0.042942122210293664
852,batt_kup284,1,284,battery,0.07590189862985992,0.0,0.07590189862985992,0.02073087214443904
853,pltd_kup285,1,285,diesel,0.006779753280000018,0.1697,-0.16292024671999997,0.0021099840943999987
854,plts_kup285,1,285,solar,0.4628582546968898,0.0,0.4628582546968898,0.11267148245886804
855,batt_kup285,1,285,battery,0.19913398550622244,0.0,0.19913398550622244,0.0543940753820708
856,pltd_kup286,1,286,diesel,0.009166462080000007,0.2295,-0.22033353792,0.0028526885183999917
857,plts_kup286,1,286,solar,0.6207552341192882,0.0,0.6207552341192882,0.15234184240385837
858,batt_kup286,1,286,battery,0.26928427157210033,0.0,0.26928427157210033,0.07354486929036105
859,pltd_kup287,1,287,diesel,0.002362384853333323,0.0591,-0.05673761514666668,0.0007351664096000001
860,plts_kup287,1,287,solar,0.1590463367762676,0.0,0.1590463367762676,0.03926143610764966
861,batt_kup287,1,287,battery,0.0693952767642916,0.0,0.0693952767642916,0.018954629402344488
862,pltd_kup288,1,288,diesel,0.0031868768000000024,0.0798,-0.0766131232,0.0009918520640000005
863,plts_kup288,1,288,solar,0.21095413868466503,0.0,0.21095413868466503,0.05296172694195954
864,batt_kup288,1,288,battery,0.0936174268340846,0.0,0.0936174268340846,0.025568256220339564
865,pltd_kup289,1,289,diesel,0.012230442026666706,0.3062,-0.2939695579733333,0.0038062754127999947
866,plts_kup289,1,289,solar,0.8263714593855626,0.0,0.8263714593855626,0.2032593584713325
867,batt_kup289,1,289,battery,0.3592652481692182,0.0,0.3592652481692182,0.09812972528860524
868,pltd_kup290,1,290,diesel,0.003235817066666669,0.081,-0.07776418293333333,0.0010070497920000032
869,plts_kup290,1,290,solar,0.21688486489017372,0.0,0.21688486489017372,0.05377991734396354
870,batt_kup290,1,290,battery,0.09506357536757938,0.0,0.09506357536757938,0.025963723009632438
871,pltd_kup291,1,291,diesel,0.01742256351999993,0.2935,-0.27607743648000005,0.0054168621695999935
872,plts_kup291,1,291,solar,1.1886668580301223,0.0,1.1886668580301223,0.3044334963391525
873,batt_kup291,1,291,battery,0.5223885936171833,0.0,0.5223885936171833,0.13878195704302168
874,pltd_kup292,1,292,diesel,0.006865520533333344,0.1719,-0.16503447946666666,0.002136636656000007
875,plts_kup292,1,292,solar,0.4594412767270168,0.0,0.4594412767270168,0.11410308119679305
876,batt_kup292,1,292,battery,0.2016931879140902,0.0,0.2016931879140902,0.0550851328763284
877,pltd_kup293,1,293,diesel,0.010889043733333322,0.2726,-0.2617109562666667,0.0033887115919999876
878,plts_kup293,1,293,solar,0.7224950635974554,0.0,0.7224950635974554,0.18096927139304192
879,batt_kup293,1,293,battery,0.3198890526920719,0.0,0.3198890526920719,0.08736212921965814
880,pltd_kup294,1,294,diesel,0.007419330773333312,0.1858,-0.17838066922666668,0.0023089707311999995
881,plts_kup294,1,294,solar,0.4982332686805408,0.0,0.4982332686805408,0.12330514486167146
882,batt_kup294,1,294,battery,0.21793046862867804,0.0,0.21793046862867804,0.059528257548218846
883,pltd_kup295,1,295,diesel,0.005167744960000008,0.1294,-0.12423225503999998,0.0016082022208000072
884,plts_kup295,1,295,solar,0.34300920006969393,0.0,0.34300920006969393,0.08588412877227035
885,batt_kup295,1,295,battery,0.15179315612511984,0.0,0.15179315612511984,0.041462237482648094
886,pltd_kup296,1,296,diesel,0.008342005866666684,0.2089,-0.2005579941333333,0.0025961256159999983
887,plts_kup296,1,296,solar,0.5546575669051751,0.0,0.5546575669051751,0.138641572529737
888,batt_kup296,1,296,battery,0.24503818549081463,0.0,0.24503818549081463,0.06693245868848817
889,pltd_kup297,1,297,diesel,0.0018703922133333367,0.0468,-0.044929607786666666,0.0005820911824000023
890,plts_kup297,1,297,solar,0.12615382541292022,0.0,0.12615382541292022,0.03108184560340399
891,batt_kup297,1,297,battery,0.05494160217057148,0.0,0.05494160217057148,0.015005502611357446
892,pltd_kup298,1,298,diesel,0.004565127786666702,0.1143,-0.10973487221333329,0.0014207264176000062
893,plts_kup298,1,298,solar,0.30761233497365803,0.0,0.30761233497365803,0.07586432005137986
894,batt_kup298,1,298,battery,0.13409138601270193,0.0,0.13409138601270193,0.03662559861552452
895,pltd_kup299,1,299,diesel,0.01171345877333338,0.2933,-0.2815865412266666,0.0036454031712000153
896,plts_kup299,1,299,solar,0.7796874800032491,0.0,0.7796874800032491,0.19467028254622218
897,batt_kup299,1,299,battery,0.34408623709009756,0.0,0.34408623709009756,0.09397956507829545
898,pltd_kup300,1,300,diesel,0.007222610666666674,0.1808,-0.1735773893333333,0.0022477641200000066
899,plts_kup300,1,300,solar,0.47973502784605243,0.0,0.47973502784605243,0.1200333225316349
900,batt_kup300,1,300,battery,0.21217656301639595,0.0,0.21217656301639595,0.0579494298199466
901,pltd_kup301,1,301,diesel,0.005364675306666649,0.1343,-0.12893532469333335,0.0016695919071999907
902,plts_kup301,1,301,solar,0.3581047483462561,0.0,0.3581047483462561,0.08915551536211017
903,batt_kup301,1,301,battery,0.15756402651048507,0.0,0.15756402651048507,0.04304029008817788
904,pltd_kup302,1,302,diesel,0.007321050239999993,0.1833,-0.17597894976,0.002278379275199987
905,plts_kup302,1,302,solar,0.4856599782120454,0.0,0.4856599782120454,0.12166877901061386
906,batt_kup302,1,302,battery,0.21501196788794183,0.0,0.21501196788794183,0.05873601774162007
907,pltd_kup303,1,303,diesel,0.007776231146666707,0.1947,-0.1869237688533333,0.0024200712704000107
908,plts_kup303,1,303,solar,0.5170022104015667,0.0,0.5170022104015667,0.12923515196231472
909,batt_kup303,1,303,battery,0.22839752858253257,0.0,0.22839752858253257,0.062391501126105225
910,pltd_kup304,1,304,diesel,0.007111816853333359,0.1781,-0.17098818314666664,0.002213219769599999
911,plts_kup304,1,304,solar,0.4699927251510209,0.0,0.4699927251510209,0.11819276444270617
912,batt_kup304,1,304,battery,0.2088832698931942,0.0,0.2088832698931942,0.05705925264906222
913,pltd_kup305,1,305,diesel,0.008133321279999977,0.2036,-0.19546667872000004,0.0025311567343999928
914,plts_kup305,1,305,solar,0.545897373853073,0.0,0.545897373853073,0.13516465773670064
915,batt_kup305,1,305,battery,0.23889049874073737,0.0,0.23889049874073737,0.06525097336679436
916,pltd_kup306,1,306,diesel,0.0060905226666666855,0.1525,-0.14640947733333332,0.0018954518800000128
917,plts_kup306,1,306,solar,0.4057012784601856,0.0,0.4057012784601856,0.1012205260278823
918,batt_kup306,1,306,battery,0.17889889473466572,0.0,0.17889889473466572,0.04886625326322668
919,pltd_kup307,1,307,diesel,0.010814984533333346,0.2708,-0.25998501546666664,0.003365717376000004
920,plts_kup307,1,307,solar,0.7164327324261743,0.0,0.7164327324261743,0.17974358087467052
921,batt_kup307,1,307,battery,0.31768291352485933,0.0,0.31768291352485933,0.08677641747504923
922,pltd_kup308,1,308,diesel,0.0072963774933332975,0.1827,-0.1754036225066667,0.0022707276367999957
923,plts_kup308,1,308,solar,0.4957790858529463,0.0,0.4957790858529463,0.12126021353428729
924,batt_kup308,1,308,battery,0.2143146938934032,0.0,0.2143146938934032,0.05854131755734568
925,pltd_kup309,1,309,diesel,0.006939477120000011,0.1738,-0.16686052288,0.0021595990976000117
926,plts_kup309,1,309,solar,0.4599016580493807,0.0,0.4599016580493807,0.11532988988846853
927,batt_kup309,1,309,battery,0.20383623507921844,0.0,0.20383623507921844,0.0556764454023987
928,pltd_tim310,1,310,diesel,0.005019954879999997,0.1257,-0.12068004512000001,0.0015622342623999943
929,plts_tim310,1,310,solar,0.34536630885797126,0.0,0.34536630885797126,0.08343007323630199
930,batt_tim310,1,310,battery,0.14745279651268883,0.0,0.14745279651268883,0.0402763820709724
931,pltd_tim311,1,311,diesel,0.002805385813333329,0.0702,-0.06739461418666667,0.0008730385103999987
932,plts_tim311,1,311,solar,0.19420247670623164,0.0,0.19420247670623164,0.04662284541462323
933,batt_tim311,1,311,battery,0.08239447729155798,0.0,0.08239447729155798,0.02250807894101341
934,pltd_tim312,1,312,diesel,0.004466344639999992,0.1118,-0.10733365536,0.0013899981871999985
935,plts_tim312,1,312,solar,0.3136346978830744,0.0,0.3136346978830744,0.07422819733896965
936,batt_tim312,1,312,battery,0.1311790716346529,0.0,0.1311790716346529,0.03583452351399731
937,pltd_tim313,1,313,diesel,0.006681359893333314,0.1673,-0.16061864010666668,0.0020792267887999845
938,plts_tim313,1,313,solar,0.4669983097953577,0.0,0.4669983097953577,0.11103563605815468
939,batt_tim313,1,313,battery,0.19621386103120625,0.0,0.19621386103120625,0.05360316689623981
940,pltd_tim314,1,314,diesel,0.005130682026666677,0.1285,-0.12336931797333332,0.001596701612800001
941,plts_tim314,1,314,solar,0.3559469494217825,0.0,0.3559469494217825,0.08527041054053015
942,batt_tim314,1,314,battery,0.1507045404718521,0.0,0.1507045404718521,0.04116487975116288
943,pltd_tim315,1,315,diesel,0.0066438200533333516,0.1664,-0.15975617994666663,0.002067599105600008
944,plts_tim315,1,315,solar,0.46355711967583524,0.0,0.46355711967583524,0.11042223116101092
945,batt_tim315,1,315,battery,0.19515683000834694,0.0,0.19515683000834694,0.05330695125038737
946,pltd_tim316,1,316,diesel,0.0032973167999999953,0.0826,-0.07930268320000002,0.001026212263999997
947,plts_tim316,1,316,solar,0.23113874347720473,0.0,0.23113874347720473,0.05480211919309655
948,batt_tim316,1,316,battery,0.0968490497515265,0.0,0.0968490497515265,0.02645611908129252
949,pltd_tim317,1,317,diesel,0.004614314240000004,0.1155,-0.11088568576,0.0014360059951999998
950,plts_tim317,1,317,solar,0.31974928943290853,0.0,0.31974928943290853,0.07668201988937969
951,batt_tim317,1,317,battery,0.13553453437734658,0.0,0.13553453437734658,0.03701923752023602
952,pltd_tim318,1,318,diesel,0.00398642431999999,0.0998,-0.09581357568000001,0.001240591553599995
953,plts_tim318,1,318,solar,0.27611916859715996,0.0,0.27611916859715996,0.06625375033992259
954,batt_tim318,1,318,battery,0.11709533219767801,0.0,0.11709533219767801,0.03198646932993164
955,pltd_tim319,1,319,diesel,0.008329861866666613,0.2086,-0.2002701381333334,0.0025923654959999934
956,plts_tim319,1,319,solar,0.5701147901225404,0.0,0.5701147901225404,0.13843726176107002
957,batt_tim319,1,319,battery,0.24470507671794317,0.0,0.24470507671794317,0.06683477614572964
958,pltd_tim320,1,320,diesel,0.006471793173333337,0.162,-0.15552820682666668,0.0020141092832000025
959,plts_tim320,1,320,solar,0.4428212266846068,0.0,0.4428212266846068,0.1075592257899858
960,batt_tim320,1,320,battery,0.19008573035793305,0.0,0.19008573035793305,0.05192445276786752
961,pltd_tim321,1,321,diesel,0.004724841386666659,0.1183,-0.11357515861333334,0.001470354345600001
962,plts_tim321,1,321,solar,0.3320274996982044,0.0,0.3320274996982044,0.07852263277146
963,batt_tim321,1,321,battery,0.13878681606545198,0.0,0.13878681606545198,0.03790844371796601
964,pltd_tim322,1,322,diesel,0.004035810773333324,0.101,-0.09696418922666668,0.0012559831311999994
965,plts_tim322,1,322,solar,0.27621510794184334,0.0,0.27621510794184334,0.06707149964038568
966,batt_tim322,1,322,battery,0.11855746627668343,0.0,0.11855746627668343,0.03238080509550862
967,pltd_tim323,1,323,diesel,0.007653200959999999,0.1916,-0.18394679904,0.0023817991008000033
968,plts_tim323,1,323,solar,0.5237979182986932,0.0,0.5237979182986932,0.12719041793372327
969,batt_tim323,1,323,battery,0.22482471289974942,0.0,0.22482471289974942,0.061404986669404166
970,pltd_tim324,1,324,diesel,0.007640810773333315,0.1913,-0.18365918922666669,0.0023778731311999935
971,plts_tim324,1,324,solar,0.5229559730712051,0.0,0.5229559730712051,0.12698608995271726
972,batt_tim324,1,324,battery,0.2244640554914097,0.0,0.2244640554914097,0.06130641109783552
973,pltd_tim325,1,325,diesel,0.00632419285333333,0.1583,-0.15197580714666667,0.0019681332495999964
974,plts_tim325,1,325,solar,0.4282887239628517,0.0,0.4282887239628517,0.10510556345288219
975,batt_tim325,1,325,battery,0.18575119535442935,0.0,0.18575119535442935,0.0507408738397196
976,pltd_tim326,1,326,diesel,0.004454277546666668,0.1115,-0.10704572245333334,0.0013862111424000065
977,plts_tim326,1,326,solar,0.3032732340429086,0.0,0.3032732340429086,0.07402375476526737
978,batt_tim326,1,326,battery,0.13082873800447936,0.0,0.13082873800447936,0.03573600487662544
979,pltd_tim327,1,327,diesel,0.00591812650666667,0.1482,-0.14228187349333332,0.0018418812832000078
980,plts_tim327,1,327,solar,0.4004309645409305,0.0,0.4004309645409305,0.09835746590380044
981,batt_tim327,1,327,battery,0.17383670557994496,0.0,0.17383670557994496,0.04748304654086715
982,pltd_tim328,1,328,diesel,0.008022291519999994,0.2009,-0.19287770848,0.0024966856096000026
983,plts_tim328,1,328,solar,0.5454766873163476,0.0,0.5454766873163476,0.13332516557602872
984,batt_tim328,1,328,battery,0.23565426638393167,0.0,0.23565426638393167,0.06436738199164202
985,pltd_tim329,1,329,diesel,0.009855636266666707,0.2468,-0.23694436373333327,0.003067123808000007
986,plts_tim329,1,329,solar,0.6787947141518644,0.0,0.6787947141518644,0.16379261735622183
987,batt_tim329,1,329,battery,0.2894840221593482,0.0,0.2894840221593482,0.07907038583201452
988,pltd_tim330,1,330,diesel,0.003149849813333326,0.0789,-0.07575015018666667,0.0009802152303999996
989,plts_tim330,1,330,solar,0.21348930922128456,0.0,0.21348930922128456,0.0523483567512844
990,batt_tim330,1,330,battery,0.0925202220462944,0.0,0.0925202220462944,0.025271949961573444
991,pltd_tim331,1,331,diesel,0.008329861866666633,0.2086,-0.2002701381333334,0.002592365495999994
992,plts_tim331,1,331,solar,0.5681877224681421,0.0,0.5681877224681421,0.1384368842487562
993,batt_tim331,1,331,battery,0.24468826515492953,0.0,0.24468826515492953,0.06683269589558384
994,pltd_tim332,1,332,diesel,0.004712661439999989,0.118,-0.11328733856,0.0014666324511999984
995,plts_tim332,1,332,solar,0.32253140618155796,0.0,0.32253140618155796,0.07831816851292193
996,batt_tim332,1,332,battery,0.13843746994140024,0.0,0.13843746994140024,0.03781043460438018
997,pltd_tim333,1,333,diesel,0.02394390080000003,0.5995,-0.5755560992,0.007451622583999997
998,plts_tim333,1,333,solar,1.6472601826755344,0.0,1.6472601826755344,0.3979284678298886
999,batt_tim333,1,333,battery,0.7032907100991388,0.0,0.7032907100991388,0.19210216987444867
1000,pltd_tim334,1,334,diesel,0.007038126933333322,0.1762,-0.16916187306666666,0.0021903133279999962
1001,plts_tim334,1,334,solar,0.48167028435919795,0.0,0.48167028435919795,0.11696623498186827
1002,batt_tim334,1,334,battery,0.2067387715491404,0.0,0.2067387715491404,0.05646920879083668
1003,pltd_tim335,1,335,diesel,0.01502330933333331,0.3762,-0.3611766906666667,0.004675437479999994
1004,plts_tim335,1,335,solar,1.0282276591217627,0.0,1.0282276591217627,0.24967775522390928
1005,batt_tim335,1,335,battery,0.4413371471625548,0.0,0.4413371471625548,0.12053949230591667
1006,pltd_tim336,1,336,diesel,0.007862167679999981,0.1969,-0.18903783232000002,0.0024467346063999917
1007,plts_tim336,1,336,solar,0.5419453082270443,0.0,0.5419453082270443,0.13066621197418424
1008,batt_tim336,1,336,battery,0.23093670514873943,0.0,0.23093670514873943,0.06307949509509425
1009,pltd_tim337,1,337,diesel,0.0072716637866666435,0.1821,-0.17482833621333338,0.0022630086976000094
1010,plts_tim337,1,337,solar,0.49808954684479184,0.0,0.49808954684479184,0.12085159911343958
1011,batt_tim337,1,337,battery,0.21362038169042236,0.0,0.21362038169042236,0.058345513937916066
1012,pltd_tim338,1,338,diesel,0.007726988266666642,0.1935,-0.18577301173333335,0.0024047787680000054
1013,plts_tim338,1,338,solar,0.5288508587078615,0.0,0.5288508587078615,0.128417363979064
1014,batt_tim338,1,338,battery,0.22699345418266625,0.0,0.22699345418266625,0.06199734385621712
1015,pltd_tim339,1,339,diesel,0.010027816959999991,0.2511,-0.24107218304,0.003120748780799992
1016,plts_tim339,1,339,solar,0.682784900935606,0.0,0.682784900935606,0.16665589667399958
1017,batt_tim339,1,339,battery,0.294546550980461,0.0,0.294546550980461,0.0804555243394686
1018,pltd_tim340,1,340,diesel,0.008293368213333319,0.2076,-0.1993066317866667,0.002581001662400002
1019,plts_tim340,1,340,solar,0.5412191977552983,0.0,0.5412191977552983,0.13782340174801413
1020,batt_tim340,1,340,battery,0.24362484172186388,0.0,0.24362484172186388,0.0665370822407198
1021,pltd_tim341,1,341,diesel,0.011615157760000069,0.2908,-0.27918484223999995,0.0036147675648000106
1022,plts_tim341,1,341,solar,0.7455149471881057,0.0,0.7455149471881057,0.19303481189932847
1023,batt_tim341,1,341,battery,0.3411802571424368,0.0,0.3411802571424368,0.09319209207837466
1024,pltd_tim342,1,342,diesel,0.004614314240000003,0.1155,-0.11088568576,0.0014360059951999994
1025,plts_tim342,1,342,solar,0.31579410443296585,0.0,0.31579410443296585,0.07668227745891022
1026,batt_tim342,1,342,battery,0.13554511817345927,0.0,0.13554511817345927,0.03702065683566989
1027,pltd_tim343,1,343,diesel,0.006398293013333335,0.1602,-0.15380170698666668,0.0019912297663999996
1028,plts_tim343,1,343,solar,0.4218564740937355,0.0,0.4218564740937355,0.10633220068986053
1029,batt_tim343,1,343,battery,0.18792186416688741,0.0,0.18792186416688741,0.05133159466001894
1030,pltd_tim344,1,344,diesel,0.008662002346666631,0.2169,-0.20823799765333337,0.0026957772463999915
1031,plts_tim344,1,344,solar,0.5676747288403899,0.0,0.5676747288403899,0.14395839105441205
1032,batt_tim344,1,344,battery,0.25443731970064337,0.0,0.25443731970064337,0.06950042942843303
1033,pltd_tim345,1,345,diesel,0.006435176426666673,0.1611,-0.15466482357333333,0.0020026975248000037
1034,plts_tim345,1,345,solar,0.42816752630513594,0.0,0.42816752630513594,0.10694629567135806
1035,batt_tim345,1,345,battery,0.1890065884878568,0.0,0.1890065884878568,0.051631618882996076
1036,pltd_tim346,1,346,diesel,0.008674382293333345,0.2172,-0.20852561770666667,0.0026995341407999866
1037,plts_tim346,1,346,solar,0.5695842705862441,0.0,0.5695842705862441,0.14416270675854057
1038,batt_tim346,1,346,battery,0.2547809466716381,0.0,0.2547809466716381,0.06959800567449108
1039,pltd_tim347,1,347,diesel,0.011885931840000046,0.2976,-0.28571406815999995,0.003699072843200015
1040,plts_tim347,1,347,solar,0.7617982876521815,0.0,0.7617982876521815,0.19753292847760232
1041,batt_tim347,1,347,battery,0.34908657204202254,0.0,0.34908657204202254,0.09536095822608795
1042,pltd_tim348,1,348,diesel,0.004737098240000021,0.1186,-0.11386290175999998,0.0014742733152000103
1043,plts_tim348,1,348,solar,0.3091732515350785,0.0,0.3091732515350785,0.07872694877516556
1044,batt_tim348,1,348,battery,0.1391446688106957,0.0,0.1391446688106957,0.038006837570868875
1045,pltd_tim349,1,349,diesel,0.014223520853333407,0.3561,-0.34187647914666663,0.004426427689599995
1046,plts_tim349,1,349,solar,0.9283244933210434,0.0,0.9283244933210434,0.23638576181745072
1047,batt_tim349,1,349,battery,0.41779684640257664,0.0,0.41779684640257664,0.11411949211697771
1048,pltd_tim350,1,350,diesel,0.003075995839999992,0.077,-0.07392400416,0.0009572355631999992
1049,plts_tim350,1,350,solar,0.2087154758224771,0.0,0.2087154758224771,0.05112139090282131
1050,batt_tim350,1,350,battery,0.09035151083837473,0.0,0.09035151083837473,0.024679175067971567
1051,pltd_tim351,1,351,diesel,0.0033710836266666808,0.0844,-0.08102891637333332,0.001049119780799999
1052,plts_tim351,1,351,solar,0.23100291482402371,0.0,0.23100291482402371,0.05602921852096725
1053,batt_tim351,1,351,battery,0.09901892788614527,0.0,0.09901892788614527,0.027049270496196556
1054,pltd_tim352,1,352,diesel,0.006484296213333295,0.1624,-0.1559157037866667,0.002017949102399988
1055,plts_tim352,1,352,solar,0.4437969556489494,0.0,0.4437969556489494,0.107764345082966
1056,batt_tim352,1,352,battery,0.1904871084519753,0.0,0.1904871084519753,0.052026528344360515
1057,pltd_tim353,1,353,diesel,0.0029774331733333397,0.0746,-0.07162256682666666,0.0009265794832000007
1058,plts_tim353,1,353,solar,0.20187758599029834,0.0,0.20187758599029834,0.04948549065629544
1059,batt_tim353,1,353,battery,0.0874610140006511,0.0,0.0874610140006511,0.023889144831178075
1060,pltd_tim354,1,354,diesel,0.009449682773333301,0.2366,-0.2271503172266667,0.0029408486911999916
1061,plts_tim354,1,354,solar,0.6467472964307939,0.0,0.6467472964307939,0.15704544017079103
1062,batt_tim354,1,354,battery,0.2775976274288955,0.0,0.2775976274288955,0.07581842830201307
1063,pltd_tim355,1,355,diesel,0.01208290837333335,0.3025,-0.2904170916266666,0.0037603063792000114
1064,plts_tim355,1,355,solar,0.8269604707208098,0.0,0.8269604707208098,0.2008055002917526
1065,batt_tim355,1,355,battery,0.3549484795655965,0.0,0.3549484795655965,0.09694491289514486
1066,pltd_tim356,1,356,diesel,0.002719315946666659,0.0681,-0.06538068405333333,0.000846263174399999
1067,plts_tim356,1,356,solar,0.18536121998184124,0.0,0.18536121998184124,0.04519126930152697
1068,batt_tim356,1,356,battery,0.0798757130765527,0.0,0.0798757130765527,0.021816238143389278
1069,pltd_tim357,1,357,diesel,0.00305125642666667,0.0764,-0.07334874357333332,0.0009495279248000026
1070,plts_tim357,1,357,solar,0.2088459636403058,0.0,0.2088459636403058,0.050712715466815016
1071,batt_tim357,1,357,battery,0.08964138056974802,0.0,0.08964138056974802,0.02448313607462854
1072,pltd_tim358,1,358,diesel,0.005216951893333369,0.1306,-0.12538304810666662,0.0016235959488000121
1073,plts_tim358,1,358,solar,0.35493361870127216,0.0,0.35493361870127216,0.08670177687099795
1074,batt_tim358,1,358,battery,0.1532360735717235,0.0,0.1532360735717235,0.04185602743409485
1075,pltd_tim359,1,359,diesel,0.003432783359999987,0.086,-0.08256721664000001,0.001068317252799996
1076,plts_tim359,1,359,solar,0.23190118653865105,0.0,0.23190118653865105,0.05705136691298399
1077,batt_tim359,1,359,battery,0.10083234475723593,0.0,0.10083234475723593,0.027541487715622287
1078,pltd_tim360,1,360,diesel,0.005106209279999999,0.1279,-0.12279379072000002,0.0015891339744000049
1079,plts_tim360,1,360,solar,0.34820413710423587,0.0,0.34820413710423587,0.08486175676769539
1080,batt_tim360,1,360,battery,0.15000424720308944,0.0,0.15000424720308944,0.04096946157883819
1081,pltd_tim361,1,361,diesel,0.0077884777599999755,0.195,-0.18721152224000004,0.002423800164800002
1082,plts_tim361,1,361,solar,0.5248834282724801,0.0,0.5248834282724801,0.1294398247971901
1083,batt_tim361,1,361,battery,0.22875767386653328,0.0,0.22875767386653328,0.06249035099888303
1084,pltd_tim362,1,362,diesel,0.00746859413333331,0.187,-0.1795314058666667,0.0023243003839999855
1085,plts_tim362,1,362,solar,0.5060105376864177,0.0,0.5060105376864177,0.12412325869952409
1086,batt_tim362,1,362,battery,0.21940448405449475,0.0,0.21940448405449475,0.05992445369983588
1087,pltd_tim363,1,363,diesel,0.011073501759999976,0.2773,-0.26622649824,0.003446166684799985
1088,plts_tim363,1,363,solar,0.7473976937674757,0.0,0.7473976937674757,0.18403664898039263
1089,batt_tim363,1,363,battery,0.3252881116217518,0.0,0.3252881116217518,0.0888433935821549
1090,pltd_tim364,1,364,diesel,0.004404814186666666,0.1103,-0.10589518581333333,0.0013708114895999994
1091,plts_tim364,1,364,solar,0.2976733064845782,0.0,0.2976733064845782,0.07320602708690348
1092,batt_tim364,1,364,battery,0.12939345559354326,0.0,0.12939345559354326,0.03534197519760788
1093,pltd_tim365,1,365,diesel,0.009092525973333307,0.2277,-0.2186074740266667,0.0028296442271999863
1094,plts_tim365,1,365,solar,0.6223269366486553,0.0,0.6223269366486553,0.15111555751638134
1095,batt_tim365,1,365,battery,0.2671160835216907,0.0,0.2671160835216907,0.07295564496202647
1096,pltd_tim366,1,366,diesel,0.006176669440000002,0.1547,-0.14852333056,0.0019221372911999999
1097,plts_tim366,1,366,solar,0.41475386701565065,0.0,0.41475386701565065,0.1026521845027826
1098,batt_tim366,1,366,battery,0.18145247489001642,0.0,0.18145247489001642,0.04955789809392489
1099,pltd_tim367,1,367,diesel,0.006558227093333359,0.1642,-0.15764177290666664,0.0020410838448000077
1100,plts_tim367,1,367,solar,0.4475665803465148,0.0,0.4475665803465148,0.10899118016505328
1101,batt_tim367,1,367,battery,0.19265567564420027,0.0,0.19265567564420027,0.05261924432512926
1102,pltd_tim368,1,368,diesel,0.0018826285866666668,0.0471,-0.04521737141333334,0.0005858960016000016
1103,plts_tim368,1,368,solar,0.12670808950891027,0.0,0.12670808950891027,0.03128625730869629
1104,batt_tim368,1,368,battery,0.05529144434248835,0.0,0.05529144434248835,0.015103409074445224
1105,pltd_tim369,1,369,diesel,0.0035190070399999966,0.0881,-0.08458099296,0.0010951017391999955
1106,plts_tim369,1,369,solar,0.23836719085557573,0.0,0.23836719085557573,0.05848270305302331
1107,batt_tim369,1,369,battery,0.10336914587877724,0.0,0.10336914587877724,0.028232558032147224
1108,pltd_tim370,1,370,diesel,0.0028791166933333436,0.0721,-0.06922088330666665,0.0008960192528000034
1109,plts_tim370,1,370,solar,0.19294429682213987,0.0,0.19294429682213987,0.04784982097734377
1110,batt_tim370,1,370,battery,0.08456488312235608,0.0,0.08456488312235608,0.02310110615360478
1111,pltd_tim371,1,371,diesel,0.007345733226666666,0.1839,-0.17655426677333333,0.002286024988799996
1112,plts_tim371,1,371,solar,0.49767426517204827,0.0,0.49767426517204827,0.1220784935941686
1113,batt_tim371,1,371,battery,0.21578978639863022,0.0,0.21578978639863022,0.05893724877489993
1114,pltd_tim372,1,372,diesel,0.007075020586666688,0.1771,-0.17002497941333333,0.0022018661616000005
1115,plts_tim372,1,372,solar,0.476136764160345,0.0,0.476136764160345,0.11757891354025451
1116,batt_tim372,1,372,battery,0.20780932391638024,0.0,0.20780932391638024,0.05676174244042736
1117,pltd_tim373,1,373,diesel,0.009535552640000005,0.2388,-0.22926444736,0.002967463027200002
1118,plts_tim373,1,373,solar,0.6457525200190715,0.0,0.6457525200190715,0.15847661074493505
1119,batt_tim373,1,373,battery,0.2801285492041028,0.0,0.2801285492041028,0.07650653006728612
1120,pltd_tim374,1,374,diesel,0.01090137749333336,0.273,-0.26209862250666666,0.0033926176368000178
1121,plts_tim374,1,374,solar,0.7229161735746615,0.0,0.7229161735746615,0.18117459054958956
1122,batt_tim374,1,374,battery,0.3202116804763807,0.0,0.3202116804763807,0.08746574820416748
1123,pltd_tim375,1,375,diesel,0.003629590613333325,0.0909,-0.08727040938666666,0.0011296380144000015
1124,plts_tim375,1,375,solar,0.24842514464994941,0.0,0.24842514464994941,0.06032347825724683
1125,batt_tim375,1,375,battery,0.10662914832570324,0.0,0.10662914832570324,0.02912296135105397
1126,pltd_tim376,1,376,diesel,0.004257347199999992,0.1066,-0.1023426528,0.0013248844559999977
1127,plts_tim376,1,376,solar,0.28523447969780474,0.0,0.28523447969780474,0.07075194898749301
1128,batt_tim376,1,376,battery,0.12503087183020217,0.0,0.12503087183020217,0.03415564237091474
1129,pltd_tim377,1,377,diesel,0.004811034346666683,0.1205,-0.11568896565333331,0.001497247606400003
1130,plts_tim377,1,377,solar,0.3292682979836898,0.0,0.3292682979836898,0.07995408909124121
1131,batt_tim377,1,377,battery,0.14132856430395882,0.0,0.14132856430395882,0.03860023564637703
1132,pltd_tim378,1,378,diesel,0.007087133866666701,0.1774,-0.1703128661333333,0.002205546056000007
1133,plts_tim378,1,378,solar,0.46218498648141687,0.0,0.46218498648141687,0.11778376006953212
1134,batt_tim378,1,378,battery,0.2081626875926056,0.0,0.2081626875926056,0.05686181945215104
1135,pltd_tim379,1,379,diesel,0.0068408939733333365,0.1713,-0.16445910602666666,0.0021289688671999986
1136,plts_tim379,1,379,solar,0.44889970984669253,0.0,0.44889970984669253,0.11369403273937485
1137,batt_tim379,1,379,battery,0.20095941997859895,0.0,0.20095941997859895,0.054887489404980255
1138,pltd_tim380,1,380,diesel,0.004995338560000004,0.1251,-0.12010466143999998,0.0015545885488000052
1139,plts_tim380,1,380,solar,0.32521224547949773,0.0,0.32521224547949773,0.08302116919277741
1140,batt_tim380,1,380,battery,0.14674460324101646,0.0,0.14674460324101646,0.04007957887806714
1141,pltd_tim381,1,381,diesel,0.002214369066666666,0.0555,-0.053285630933333335,0.0006890697520000003
1142,plts_tim381,1,381,solar,0.15117658586291569,0.0,0.15117658586291569,0.036807747170661397
1143,batt_tim381,1,381,battery,0.06504966080070541,0.0,0.06504966080070541,0.017769969198832187
1144,pltd_tim382,1,382,diesel,0.00627518591999999,0.1571,-0.15082481408,0.0019528235215999965
1145,plts_tim382,1,382,solar,0.4132741670049995,0.0,0.4132741670049995,0.10428764713082495
1146,batt_tim382,1,382,battery,0.18433239397076218,0.0,0.18433239397076218,0.050345837303466555
1147,pltd_tim383,1,383,diesel,0.003777560213333335,0.0946,-0.09082243978666667,0.0011756458223999952
1148,plts_tim383,1,383,solar,0.2541369780129302,0.0,0.2541369780129302,0.0627770578642855
1149,batt_tim383,1,383,battery,0.11095228785685854,0.0,0.11095228785685854,0.030306760940173216
1150,pltd_tim384,1,384,diesel,0.006385902826666648,0.1599,-0.15351409717333334,0.0019872687967999896
1151,plts_tim384,1,384,solar,0.44125409551091777,0.0,0.44125409551091777,0.10612823999253618
1152,batt_tim384,1,384,battery,0.18758092199823978,0.0,0.18758092199823978,0.051235312984988
1153,pltd_tim385,1,385,diesel,0.0015132918399999992,0.0379,-0.03638670816,0.00047094864319999967
1154,plts_tim385,1,385,solar,0.10138093055930297,0.0,0.10138093055930297,0.025151786675563587
1155,batt_tim385,1,385,battery,0.04445686695379285,0.0,0.04445686695379285,0.012142282027353537
1156,pltd_tim386,1,386,diesel,0.0018703922133333295,0.0468,-0.04492960778666667,0.0005820911823999995
1157,plts_tim386,1,386,solar,0.12800178586655458,0.0,0.12800178586655458,0.031081880400118504
1158,batt_tim386,1,386,battery,0.054941321345609626,0.0,0.054941321345609626,0.01500569435575304
1159,pltd_tim387,1,387,diesel,0.008170071359999984,0.2046,-0.19642992864000003,0.002542610492799993
1160,plts_tim387,1,387,solar,0.5503150486299704,0.0,0.5503150486299704,0.13577828189781488
1161,batt_tim387,1,387,battery,0.24000600102592112,0.0,0.24000600102592112,0.06554782457953413
1162,pltd_tim388,1,388,diesel,0.0026329896533333376,0.0659,-0.06326701034666667,0.0008194469136000029
1163,plts_tim388,1,388,solar,0.17728974999853273,0.0,0.17728974999853273,0.043759985468700434
1164,batt_tim388,1,388,battery,0.07734131844906358,0.0,0.07734131844906358,0.02112620672121809
1165,pltd_tim389,1,389,diesel,0.001710458133333339,0.0428,-0.04108954186666666,0.0005323071040000005
1166,plts_tim389,1,389,solar,0.11462931081070646,0.0,0.11462931081070646,0.028423488689807284
1167,batt_tim389,1,389,battery,0.05023285116074391,0.0,0.05023285116074391,0.013722170697125616
1168,pltd_tim390,1,390,diesel,0.002571213013333313,0.0644,-0.06182878698666669,0.0008002553663999945
1169,plts_tim390,1,390,solar,0.17268372936386875,0.0,0.17268372936386875,0.04273761334484598
1170,batt_tim390,1,390,battery,0.075549586792876,0.0,0.075549586792876,0.020632557856761637
1171,pltd_tim391,1,391,diesel,0.0037034702933333307,0.0927,-0.08899652970666667,0.0011525643807999968
1172,plts_tim391,1,391,solar,0.24983509473871668,0.0,0.24983509473871668,0.06155032876832606
1173,batt_tim391,1,391,battery,0.10878395534856274,0.0,0.10878395534856274,0.029714768405080094
1174,pltd_tim392,1,392,diesel,0.008213880106666705,0.1688,-0.1605861198933333,0.003179751411200009
1175,plts_tim392,1,392,solar,0.5047100585146088,0.0,0.5047100585146088,0.1107934170693633
1176,batt_tim392,1,392,battery,0.1943321901602288,0.0,0.1943321901602288,0.05308745049185437
1177,pltd_tim393,1,393,diesel,0.006205578133333362,0.1275,-0.12129442186666664,0.002402306704000009
1178,plts_tim393,1,393,solar,0.37015188043800035,0.0,0.37015188043800035,0.08370183208703236
1179,batt_tim393,1,393,battery,0.1468276677997046,0.0,0.1468276677997046,0.04010797432766804
1180,pltd_tim394,1,394,diesel,0.0024733981866666725,0.0508,-0.04832660181333333,0.0009575158096000018
1181,plts_tim394,1,394,solar,0.15224878281865822,0.0,0.15224878281865822,0.03335920997562241
1182,batt_tim394,1,394,battery,0.05852113644051495,0.0,0.05852113644051495,0.01598451629565268
1183,pltd_tim395,1,395,diesel,0.005125981226666675,0.1054,-0.10027401877333332,0.001984428028800008
1184,plts_tim395,1,395,solar,0.3118098641831612,0.0,0.3118098641831612,0.06914484715429468
1185,batt_tim395,1,395,battery,0.12129114724485979,0.0,0.12129114724485979,0.033131127738094804
1186,pltd_tim396,1,396,diesel,0.007434446186666635,0.1528,-0.14536555381333335,0.0028780478495999853
1187,plts_tim396,1,396,solar,0.45488189537500917,0.0,0.45488189537500917,0.10028037648079985
1188,batt_tim396,1,396,battery,0.17593277484745523,0.0,0.17593277484745523,0.04805081311230752
1189,pltd_tim397,1,397,diesel,0.002608486186666668,0.0653,-0.06269151381333334,0.0008117430496000004
1190,plts_tim397,1,397,solar,0.17852926380647047,0.0,0.17852926380647047,0.04335112811986082
1191,batt_tim397,1,397,battery,0.07662852474408281,0.0,0.07662852474408281,0.020929070392133035
1192,pltd_tim398,1,398,diesel,0.003457240640000005,0.0866,-0.08314275935999998,0.0010759742671999986
1193,plts_tim398,1,398,solar,0.2350417742880124,0.0,0.2350417742880124,0.057460427950766564
1194,batt_tim398,1,398,battery,0.10155590552745264,0.0,0.10155590552745264,0.027739218284419928
1195,pltd_tim399,1,399,diesel,0.0045031716266666485,0.1128,-0.10829682837333335,0.001401460020799993
1196,plts_tim399,1,399,solar,0.3096668321449085,0.0,0.3096668321449085,0.07484193808582205
1197,batt_tim399,1,399,battery,0.13227480340735331,0.0,0.13227480340735331,0.03613198451461524
1198,pltd_tim400,1,400,diesel,0.003937294293333325,0.0986,-0.09466270570666667,0.0012253739007999991
1199,plts_tim400,1,400,solar,0.2694777652838332,0.0,0.2694777652838332,0.06543557051385346
1200,batt_tim400,1,400,battery,0.11566508882171889,0.0,0.11566508882171889,0.031590989597413216
1201,pltd_tim401,1,401,diesel,0.004257347200000009,0.1066,-0.10234265279999999,0.0013248844560000044
1202,plts_tim401,1,401,solar,0.2924905424552908,0.0,0.2924905424552908,0.07075226864855101
1203,batt_tim401,1,401,battery,0.1250628343057844,0.0,0.1250628343057844,0.03415740383653629
1204,pltd_tim402,1,402,diesel,0.0027193159466666595,0.0681,-0.06538068405333333,0.0008462631743999989
1205,plts_tim402,1,402,solar,0.18502171743671336,0.0,0.18502171743671336,0.045191267950584375
1206,batt_tim402,1,402,battery,0.07986521456128448,0.0,0.07986521456128448,0.021816230699132605
1207,pltd_tim403,1,403,diesel,0.005155308586666675,0.1291,-0.12394469141333332,0.0016044254016000026
1208,plts_tim403,1,403,solar,0.3539814860336619,0.0,0.3539814860336619,0.08567940992573522
1209,batt_tim403,1,403,battery,0.15141861395986564,0.0,0.15141861395986564,0.04136263854333683
1210,pltd_tim404,1,404,diesel,0.008686685333333357,0.2175,-0.20881331466666664,0.0027033529600000122
1211,plts_tim404,1,404,solar,0.6058899675911612,0.0,0.6058899675911612,0.14436705129409697
1212,batt_tim404,1,404,battery,0.2551668090329144,0.0,0.2551668090329144,0.06969577344184666
1213,pltd_tim405,1,405,diesel,0.00800991157333332,0.2006,-0.1925900884266667,0.0024926977152000085
1214,plts_tim405,1,405,solar,0.5444170606715463,0.0,0.5444170606715463,0.13312025965031238
1215,batt_tim405,1,405,battery,0.23526046575655152,0.0,0.23526046575655152,0.06426547333704223
1216,pltd_tim406,1,406,diesel,0.004946254720000001,0.1238,-0.11885374527999999,0.0015393057455999983
1217,plts_tim406,1,406,solar,0.33853165999040585,0.0,0.33853165999040585,0.08220349986803424
1218,batt_tim406,1,406,battery,0.14530502930797584,0.0,0.14530502930797584,0.039686244631380374
1219,pltd_tim407,1,407,diesel,0.008145434559999986,0.2039,-0.19575456544,0.002534983628799996
1220,plts_tim407,1,407,solar,0.5574824390996196,0.0,0.5574824390996196,0.1353698794719149
1221,batt_tim407,1,407,battery,0.23928322351065115,0.0,0.23928322351065115,0.06535388937789727
1222,pltd_tim408,1,408,diesel,0.006533313386666661,0.1636,-0.15706668661333334,0.0020332039056000007
1223,plts_tim408,1,408,solar,0.44716526838133663,0.0,0.44716526838133663,0.10858228689493689
1224,batt_tim408,1,408,battery,0.19193307201664125,0.0,0.19193307201664125,0.052421441255041744
1225,pltd_tim409,1,409,diesel,0.0023623848533333323,0.0591,-0.05673761514666667,0.0007351664096000014
1226,plts_tim409,1,409,solar,0.15999780174265765,0.0,0.15999780174265765,0.03926125810794913
1227,batt_tim409,1,409,battery,0.06939460520571628,0.0,0.06939460520571628,0.018953648549828044
1228,pltd_tim410,1,410,diesel,0.003039399573333337,0.0761,-0.07306060042666666,0.000945895955200002
1229,plts_tim410,1,410,solar,0.20800283033513461,0.0,0.20800283033513461,0.05050801158495276
1230,batt_tim410,1,410,battery,0.08927897716743102,0.0,0.08927897716743102,0.02438422491396695
1231,pltd_tim411,1,411,diesel,0.006336526613333331,0.1587,-0.15236347338666667,0.0019719342943999973
1232,plts_tim411,1,411,solar,0.43344396968368176,0.0,0.43344396968368176,0.10531020883454627
1233,batt_tim411,1,411,battery,0.18612450175528888,0.0,0.18612450175528888,0.05084004715846437
1234,pltd_tim412,1,412,diesel,0.005868986239999992,0.147,-0.14113101376,0.0018265085551999953
1235,plts_tim412,1,412,solar,0.40304622220713343,0.0,0.40304622220713343,0.09753955135734126
1236,batt_tim412,1,412,battery,0.1723780212350034,0.0,0.1723780212350034,0.04708751834098253
1237,pltd_tim413,1,413,diesel,0.007653200959999986,0.1916,-0.18394679904,0.0023817991007999938
1238,plts_tim413,1,413,solar,0.5210940403657873,0.0,0.5210940403657873,0.1271900149584363
1239,batt_tim413,1,413,battery,0.2247944488748484,0.0,0.2247944488748484,0.061402766107666575
1240,pltd_tim414,1,414,diesel,0.006865520533333328,0.1719,-0.16503447946666666,0.002136636656000006
1241,plts_tim414,1,414,solar,0.4744874390558859,0.0,0.4744874390558859,0.11410295093805403
1242,batt_tim414,1,414,battery,0.20167628960494988,0.0,0.20167628960494988,0.05508441509640198
1243,pltd_tim415,1,415,diesel,0.0057707261866666495,0.1445,-0.13872927381333333,0.0017959122495999986
1244,plts_tim415,1,415,solar,0.3949535727111,0.0,0.3949535727111,0.0959040436065531
1245,batt_tim415,1,415,battery,0.16952234830529966,0.0,0.16952234830529966,0.04630055889484344
1246,pltd_tim416,1,416,diesel,0.007776231146666662,0.1947,-0.18692376885333334,0.0024200712704000016
1247,plts_tim416,1,416,solar,0.5322187205843706,0.0,0.5322187205843706,0.12923528324282188
1248,batt_tim416,1,416,battery,0.2284391346549263,0.0,0.2284391346549263,0.06239222453639982
1249,pltd_tim417,1,417,diesel,0.0013780714666666648,0.0345,-0.03312192853333334,0.0004288485039999981
1250,plts_tim417,1,417,solar,0.09431757231240358,0.0,0.09431757231240358,0.0229024970513959
1251,batt_tim417,1,417,battery,0.04048300365495821,0.0,0.04048300365495821,0.011056902070879473
1252,pltd_tim418,1,418,diesel,0.002263899093333344,0.0567,-0.05443610090666666,0.0007045254047999994
1253,plts_tim418,1,418,solar,0.15494994754006342,0.0,0.15494994754006342,0.037625521971959425
1254,batt_tim418,1,418,battery,0.06650807206040582,0.0,0.06650807206040582,0.01816487571151805
1255,pltd_tim419,1,419,diesel,0.002510128746666676,0.0628,-0.06028987125333332,0.0007810805183999997
1256,plts_tim419,1,419,solar,0.1720862176124222,0.0,0.1720862176124222,0.04171531877434366
1257,batt_tim419,1,419,battery,0.07373164119946624,0.0,0.07373164119946624,0.02013962122772288
1258,pltd_tim420,1,420,diesel,0.0032850701866666623,0.0823,-0.07901492981333333,0.0010223783695999997
1259,plts_tim420,1,420,solar,0.22680051546879207,0.0,0.22680051546879207,0.05459777036694666
1260,batt_tim420,1,420,battery,0.09648864082777618,0.0,0.09648864082777618,0.02635797458992899
1261,pltd_tim421,1,421,diesel,0.0014885421866666635,0.0373,-0.035811457813333336,0.00046328192960000094
1262,plts_tim421,1,421,solar,0.10231986201804726,0.0,0.10231986201804726,0.024742780881706027
1263,batt_tim421,1,421,battery,0.04373560971988495,0.0,0.04373560971988495,0.011944841001884303
1264,pltd_tim422,1,422,diesel,0.00476184789333336,0.1192,-0.11443815210666664,0.0014819750287999969
1265,plts_tim422,1,422,solar,0.32764120898821003,0.0,0.32764120898821003,0.07913560534124643
1266,batt_tim422,1,422,battery,0.13986293501313718,0.0,0.13986293501313718,0.03820254707035996
1267,pltd_tim423,1,423,diesel,0.0078009808000000175,0.1953,-0.18749901919999998,0.0024277099839999975
1268,plts_tim423,1,423,solar,0.5312307414094148,0.0,0.5312307414094148,0.12964375629252373
1269,batt_tim423,1,423,battery,0.22913159782934076,0.0,0.22913159782934076,0.06258645990917766
1270,pltd_tim424,1,424,diesel,0.004134024640000003,0.1035,-0.09936597536,0.0012865605872000028
1271,plts_tim424,1,424,solar,0.2851826290008485,0.0,0.2851826290008485,0.06870715296048328
1272,batt_tim424,1,424,battery,0.12142325960462853,0.0,0.12142325960462853,0.03316911855962977
1273,pltd_tim425,1,425,diesel,0.007197773866666678,0.1802,-0.17300222613333333,0.002240032256000007
1274,plts_tim425,1,425,solar,0.4718816821947181,0.0,0.4718816821947181,0.11962420381684137
1275,batt_tim425,1,425,battery,0.21144144267863782,0.0,0.21144144267863782,0.05775050609930305
1276,pltd_tim426,1,426,diesel,0.001993560959999994,0.0499,-0.047906439040000005,0.0006203149007999957
1277,plts_tim426,1,426,solar,0.1292781552536117,0.0,0.1292781552536117,0.033126789870887935
1278,batt_tim426,1,426,battery,0.058542777855517744,0.0,0.058542777855517744,0.01599279286690537
1279,pltd_tim427,1,427,diesel,0.008329861866666639,0.2086,-0.20027013813333336,0.0025923654959999973
1280,plts_tim427,1,427,solar,0.5592274969188034,0.0,0.5592274969188034,0.1384373576166833
1281,batt_tim427,1,427,battery,0.24469152077772605,0.0,0.24469152077772605,0.06683530435009837
1282,pltd_tim428,1,428,diesel,0.008662002346666657,0.2169,-0.20823799765333334,0.0026957772464000006
1283,plts_tim428,1,428,solar,0.5890732553214525,0.0,0.5890732553214525,0.14395828997751875
1284,batt_tim428,1,428,battery,0.25444839003762587,0.0,0.25444839003762587,0.06949987245263571
1285,pltd_tim429,1,429,diesel,0.004970732479999996,0.1245,-0.11952926752000001,0.0015469719104000048
1286,plts_tim429,1,429,solar,0.33000724151632943,0.0,0.33000724151632943,0.08261218126455665
1287,batt_tim429,1,429,battery,0.14601968743352,0.0,0.14601968743352,0.039881856495334114
1288,pltd_tim430,1,430,diesel,0.0062998227200000015,0.1577,-0.15140017728,0.0019605553856000026
1289,plts_tim430,1,430,solar,0.4281258726386841,0.0,0.4281258726386841,0.10469674758479607
1290,batt_tim430,1,430,battery,0.18504098926943996,0.0,0.18504098926943996,0.05054415895145339
1291,pltd_tim431,1,431,diesel,0.0053401154133333704,0.1337,-0.12835988458666664,0.0016619521184000087
1292,plts_tim431,1,431,solar,0.36409712683910683,0.0,0.36409712683910683,0.08874715686038744
1293,batt_tim431,1,431,battery,0.15684100933400513,0.0,0.15684100933400513,0.04284579282060997
1294,pltd_tim432,1,432,diesel,0.005377157866666681,0.1346,-0.12922284213333332,0.0016733595759999998
1295,plts_tim432,1,432,solar,0.3573324804761721,0.0,0.3573324804761721,0.08936002475342739
1296,batt_tim432,1,432,battery,0.15793618187589287,0.0,0.15793618187589287,0.04313887728403225
1297,pltd_tim433,1,433,diesel,0.006878203093333318,0.1722,-0.16532179690666668,0.002140572324799994
1298,plts_tim433,1,433,solar,0.4707440519730293,0.0,0.4707440519730293,0.11430775043086963
1299,batt_tim433,1,433,battery,0.20205319023386512,0.0,0.20205319023386512,0.05518552662238795
1300,pltd_tim434,1,434,diesel,0.003346390400000011,0.0838,-0.08045360959999999,0.0010414169920000026
1301,plts_tim434,1,434,solar,0.22353019913014208,0.0,0.22353019913014208,0.055620310342502366
1302,batt_tim434,1,434,battery,0.0983103301203334,0.0,0.0983103301203334,0.026851898572414074
1303,pltd_tim435,1,435,diesel,0.003469800106666688,0.0869,-0.08343019989333332,0.0010798480112000058
1304,plts_tim435,1,435,solar,0.24194631193876664,0.0,0.24194631193876664,0.05766519954424167
1305,batt_tim435,1,435,battery,0.10192951204786205,0.0,0.10192951204786205,0.027839641977381813
1306,pltd_tim436,1,436,diesel,0.004601867626666703,0.1152,-0.1105981323733333,0.0014321301008000083
1307,plts_tim436,1,436,solar,0.3176683212951584,0.0,0.3176683212951584,0.07647773072304964
1308,batt_tim436,1,436,battery,0.13517453000623608,0.0,0.13517453000623608,0.036921113196004794
1309,pltd_tim437,1,437,diesel,0.008145434560000005,0.2039,-0.19575456544,0.0025349836287999984
1310,plts_tim437,1,437,solar,0.5422604053675455,0.0,0.5422604053675455,0.13536921969741736
1311,batt_tim437,1,437,battery,0.2392690916647506,0.0,0.2392690916647506,0.0653502537455102
1312,pltd_tim438,1,438,diesel,0.008206641919999999,0.2055,-0.19729335807999998,0.002553996401600021
1313,plts_tim438,1,438,solar,0.5616938442277598,0.0,0.5616938442277598,0.13639247182290593
1314,batt_tim438,1,438,battery,0.24109056479061036,0.0,0.24109056479061036,0.06584765094545494
1315,pltd_tim439,1,439,diesel,0.0038390035199999963,0.0961,-0.09226099648000001,0.0011946623695999975
1316,plts_tim439,1,439,solar,0.2572000041715248,0.0,0.2572000041715248,0.06379939567099217
1317,batt_tim439,1,439,battery,0.112767082675616,0.0,0.112767082675616,0.030799372098679768
1318,pltd_tim440,1,440,diesel,0.0034452299733333473,0.0863,-0.08285477002666665,0.0010721791472000045
1319,plts_tim440,1,440,solar,0.24009059073070846,0.0,0.24009059073070846,0.05725603841974386
1320,batt_tim440,1,440,battery,0.10119285824455485,0.0,0.10119285824455485,0.027641140301180287
1321,pltd_tim441,1,441,diesel,0.004429194559999995,0.1109,-0.10647080544000001,0.0013784044288000013
1322,plts_tim441,1,441,solar,0.3031635359527094,0.0,0.3031635359527094,0.07361521124788956
1323,batt_tim441,1,441,battery,0.13012438422470624,0.0,0.13012438422470624,0.03554003114550801
1324,pltd_tim442,1,442,diesel,0.0027930725333333386,0.0699,-0.06710692746666666,0.0008691906160000027
1325,plts_tim442,1,442,solar,0.1911608976361558,0.0,0.1911608976361558,0.04641837582514011
1326,batt_tim442,1,442,battery,0.08204992762574223,0.0,0.08204992762574223,0.022409886160032477
1327,pltd_tim443,1,443,diesel,0.008994199253333349,0.2252,-0.21620580074666668,0.0027991109215999978
1328,plts_tim443,1,443,solar,0.615431908587457,0.0,0.615431908587457,0.14947862153362051
1329,batt_tim443,1,443,battery,0.2641862385929234,0.0,0.2641862385929234,0.07216081536262141
1330,pltd_tim444,1,444,diesel,0.0039005237333333566,0.0977,-0.09379947626666664,0.0012138829920000044
1331,plts_tim444,1,444,solar,0.2679749370733998,0.0,0.2679749370733998,0.06482197898322062
1332,batt_tim444,1,444,battery,0.11458032313941158,0.0,0.11458032313941158,0.031294383488455375
1333,pltd_tim445,1,445,diesel,0.011947457280000035,0.2991,-0.28715254271999996,0.003718112014400008
1334,plts_tim445,1,445,solar,0.8176974977797051,0.0,0.8176974977797051,0.19855625595722
1335,batt_tim445,1,445,battery,0.3509732588558768,0.0,0.3509732588558768,0.0958590704165313
1336,pltd_tim446,1,446,diesel,0.00538911210666669,0.1349,-0.12951088789333332,0.0016770997712000112
1337,plts_tim446,1,446,solar,0.3718313602001803,0.0,0.3718313602001803,0.08956455174598527
1338,batt_tim446,1,446,battery,0.1582945711326723,0.0,0.1582945711326723,0.04323744865198981
1339,pltd_tim447,1,447,diesel,0.005426005759999969,0.1359,-0.13047399424000003,0.0016886036047999975
1340,plts_tim447,1,447,solar,0.3732413833332356,0.0,0.3732413833332356,0.09017825674306625
1341,batt_tim447,1,447,battery,0.1593798921682723,0.0,0.1593798921682723,0.04353475122938785
1342,pltd_tim448,1,448,diesel,0.004380141440000003,0.1097,-0.10531985856000001,0.0013632088512000018
1343,plts_tim448,1,448,solar,0.30075124093471384,0.0,0.30075124093471384,0.07279691809642108
1344,batt_tim448,1,448,battery,0.12867720170103739,0.0,0.12867720170103739,0.035143547138453704
1345,pltd_tim449,1,449,diesel,0.005610556159999997,0.1405,-0.13488944384,0.0017460893967999934
1346,plts_tim449,1,449,solar,0.3863687447760852,0.0,0.3863687447760852,0.09324532943986623
1347,batt_tim449,1,449,battery,0.16480009674027715,0.0,0.16480009674027715,0.04501454325621296
1348,pltd_tim450,1,450,diesel,0.01061844394666661,0.2659,-0.2552815560533334,0.0033045156143999793
1349,plts_tim450,1,450,solar,0.7302359406860258,0.0,0.7302359406860258,0.17647149042772628
1350,batt_tim450,1,450,battery,0.31193443933469756,0.0,0.31193443933469756,0.08519571473213322
1351,pltd_tim451,1,451,diesel,0.030477450133333292,0.7631,-0.7326225498666668,0.009484865263999978
1352,plts_tim451,1,451,solar,2.1008729920971034,0.0,2.1008729920971034,0.5065097110249027
1353,batt_tim451,1,451,battery,0.895254223273334,0.0,0.895254223273334,0.24451784213363942
1354,pltd_tim452,1,452,diesel,0.009621976320000029,0.2409,-0.23127802367999997,0.002994464513599997
1355,plts_tim452,1,452,solar,0.6630740486982141,0.0,0.6630740486982141,0.15990771012728824
1356,batt_tim452,1,452,battery,0.2826559767682063,0.0,0.2826559767682063,0.0771974915107281
1357,pltd_tim453,1,453,diesel,0.009621976320000029,0.2409,-0.23127802367999997,0.0029944645136000024
1358,plts_tim453,1,453,solar,0.6585368623047368,0.0,0.6585368623047368,0.15990826348846673
1359,batt_tim453,1,453,battery,0.2826582958411442,0.0,0.2826582958411442,0.07720054076138848
1360,pltd_tim454,1,454,diesel,0.011295417706666663,0.2828,-0.27150458229333335,0.0035152758592000037
1361,plts_tim454,1,454,solar,0.7730644546205675,0.0,0.7730644546205675,0.18771822152657558
1362,batt_tim454,1,454,battery,0.33181517105625435,0.0,0.33181517105625435,0.09062664553203435
1363,pltd_tim455,1,455,diesel,0.007210199999999982,0.1805,-0.17328980000000002,0.0022438219999999917
1364,plts_tim455,1,455,solar,0.49638203022507166,0.0,0.49638203022507166,0.11982875124625117
1365,batt_tim455,1,455,battery,0.2117976632664897,0.0,0.2117976632664897,0.0578493473986131
1366,pltd_tim456,1,456,diesel,0.009609396373333363,0.2406,-0.23099060362666665,0.0029905116192000085
1367,plts_tim456,1,456,solar,0.6212649919820965,0.0,0.6212649919820965,0.15970327773170528
1368,batt_tim456,1,456,battery,0.2822848401704995,0.0,0.2822848401704995,0.07709850078780119
1369,pltd_tim457,1,457,diesel,0.007800980800000029,0.1953,-0.18749901919999998,0.0024277099840000027
1370,plts_tim457,1,457,solar,0.5113842858314293,0.0,0.5113842858314293,0.1296440299708006
1371,batt_tim457,1,457,battery,0.22913739936250185,0.0,0.22913739936250185,0.06258796799051612
1372,pltd_tim458,1,458,diesel,0.012402679146666725,0.3105,-0.2980973208533333,0.0038598573104000207
1373,plts_tim458,1,458,solar,0.8285931171184031,0.0,0.8285931171184031,0.20612131518965296
1374,batt_tim458,1,458,battery,0.3643010929305569,0.0,0.3643010929305569,0.09950691405758397
1375,pltd_tim459,1,459,diesel,0.003863686506666656,0.0967,-0.09283631349333334,0.0012024340832000008
1376,plts_tim459,1,459,solar,0.25917257015922035,0.0,0.25917257015922035,0.0642085987090437
1377,batt_tim459,1,459,battery,0.11348994844399654,0.0,0.11348994844399654,0.03099851718850949
1378,pltd_tim460,1,460,diesel,0.006840893973333322,0.1713,-0.1644591060266667,0.0021289688671999973
1379,plts_tim460,1,460,solar,0.4460889147790009,0.0,0.4460889147790009,0.1136941416334013
1380,batt_tim460,1,460,battery,0.20094759483936162,0.0,0.20094759483936162,0.05488808945643829
1381,pltd_tim461,1,461,diesel,0.010618443946666632,0.2659,-0.2552815560533334,0.0033045156143999806
1382,plts_tim461,1,461,solar,0.6810084271493508,0.0,0.6810084271493508,0.17647138596112125
1383,batt_tim461,1,461,battery,0.311885646190065,0.0,0.311885646190065,0.08519513907761198
1384,pltd_tim462,1,462,diesel,0.01065547093333334,0.2668,-0.2561445290666666,0.0033161524480000057
1385,plts_tim462,1,462,solar,0.6845859107210354,0.0,0.6845859107210354,0.1770846442250034
1386,batt_tim462,1,462,battery,0.3130275156813006,0.0,0.3130275156813006,0.08549082857311277
1387,pltd_tim463,1,463,diesel,0.008354355093333357,0.2092,-0.20084564490666665,0.0025999352848000033
1388,plts_tim463,1,463,solar,0.5414072677341208,0.0,0.5414072677341208,0.13884606552392761
1389,batt_tim463,1,463,battery,0.24540315923449557,0.0,0.24540315923449557,0.06703103267517625
1390,pltd_tim464,1,464,diesel,0.011701371200000003,0.293,-0.2812986288,0.0036415509759999743
1391,plts_tim464,1,464,solar,0.7827497697556179,0.0,0.7827497697556179,0.19446657902059566
1392,batt_tim464,1,464,battery,0.34372545209100897,0.0,0.34372545209100897,0.09388506848124072
1393,pltd_tim465,1,465,diesel,0.006102846186666659,0.1528,-0.14669715381333334,0.0018993218495999904
1394,plts_tim465,1,465,solar,0.41373638029762727,0.0,0.41373638029762727,0.1014246561898506
1395,batt_tim465,1,465,battery,0.1792814914706662,0.0,0.1792814914706662,0.04896308302988925
1396,pltd_tim466,1,466,diesel,0.019169965333333292,0.48,-0.46083003466666667,0.00596585135999997
1397,plts_tim466,1,466,solar,1.298730044884891,0.0,1.298730044884891,0.31858994260601003
1398,batt_tim466,1,466,battery,0.5631134674704865,0.0,0.5631134674704865,0.1538101001460344
1399,pltd_tim467,1,467,diesel,0.002066958506666668,0.0518,-0.04973304149333333,0.0006431626431999995
1400,plts_tim467,1,467,solar,0.14196675375056203,0.0,0.14196675375056203,0.03435375730260261
1401,batt_tim467,1,467,battery,0.06072059782172667,0.0,0.06072059782172667,0.016584309503433203
1402,pltd_tim468,1,468,diesel,0.009695609813333316,0.2428,-0.23310439018666668,0.0030173650304000086
1403,plts_tim468,1,468,solar,0.6532933504053055,0.0,0.6532933504053055,0.16113536157392935
1404,batt_tim468,1,468,battery,0.28482949888850384,0.0,0.28482949888850384,0.07779345389260661
1405,pltd_tim469,1,469,diesel,0.0052662050133333175,0.1319,-0.12663379498666666,0.0016388755263999951
1406,plts_tim469,1,469,solar,0.35189311952028446,0.0,0.35189311952028446,0.08751965616797708
1407,batt_tim469,1,469,battery,0.15469346516349494,0.0,0.15469346516349494,0.042250115211723824
1408,pltd_tim470,1,470,diesel,0.0033345694933333363,0.0835,-0.08016543050666666,0.0010377397968000012
1409,plts_tim470,1,470,solar,0.22448664859582063,0.0,0.22448664859582063,0.05541578948379619
1410,batt_tim470,1,470,battery,0.0979488277987123,0.0,0.0979488277987123,0.026753592442035217
1411,pltd_tim471,1,471,diesel,0.006951790400000011,0.1741,-0.1671482096,0.002163397992
1412,plts_tim471,1,471,solar,0.46903264772345327,0.0,0.46903264772345327,0.11553447824534469
1413,batt_tim471,1,471,battery,0.2041958933350674,0.0,0.2041958933350674,0.055775986953701555
1414,pltd_tim472,1,472,diesel,0.002522339413333337,0.0632,-0.06067766058666667,0.0007849946384000026
1415,plts_tim472,1,472,solar,0.1685930530632584,0.0,0.1685930530632584,0.041919710141824454
1416,batt_tim472,1,472,battery,0.07408947381436881,0.0,0.07408947381436881,0.020237940768111876
1417,pltd_tim473,1,473,diesel,0.001673451626666669,0.0419,-0.04022654837333333,0.0005207704208000012
1418,plts_tim473,1,473,solar,0.11298353305345274,0.0,0.11298353305345274,0.027810071286534024
1419,batt_tim473,1,473,battery,0.04914872043521733,0.0,0.04914872043521733,0.013425963283121858
1420,pltd_tim474,1,474,diesel,0.002411678933333315,0.0604,-0.05798832106666669,0.0007505202879999961
1421,plts_tim474,1,474,solar,0.16139182892644727,0.0,0.16139182892644727,0.040079245444492304
1422,batt_tim474,1,474,battery,0.07083669335367179,0.0,0.07083669335367179,0.019348779671754364
1423,pltd_tim475,1,475,diesel,0.0044663446399999945,0.1118,-0.10733365536,0.0013899981872
1424,plts_tim475,1,475,solar,0.2991168021517381,0.0,0.2991168021517381,0.07422835169009333
1425,batt_tim475,1,475,battery,0.13120925194077032,0.0,0.13120925194077032,0.03583537405300189
1426,pltd_tim476,1,476,diesel,0.0022638990933333382,0.0567,-0.05443610090666666,0.0007045254048000004
1427,plts_tim476,1,476,solar,0.15419849982424286,0.0,0.15419849982424286,0.037625295604508495
1428,batt_tim476,1,476,battery,0.06649883353911482,0.0,0.06649883353911482,0.018163628332543678
1429,pltd_tim477,1,477,diesel,0.004909371306666672,0.1229,-0.11799062869333332,0.0015278519871999982
1430,plts_tim477,1,477,solar,0.33990788648374376,0.0,0.33990788648374376,0.08158972022556676
1431,batt_tim477,1,477,battery,0.14418983435181137,0.0,0.14418983435181137,0.03938842093285019
1432,pltd_tim478,1,478,diesel,0.007271663786666671,0.1821,-0.17482833621333335,0.0022630086976000146
1433,plts_tim478,1,478,solar,0.4952010991098405,0.0,0.4952010991098405,0.12085090580812889
1434,batt_tim478,1,478,battery,0.21359089353830935,0.0,0.21359089353830935,0.058341693536777074
1435,pltd_tim479,1,479,diesel,0.007099313813333344,0.1778,-0.17070068618666667,0.0022093939504000014
1436,plts_tim479,1,479,solar,0.48554890670718737,0.0,0.48554890670718737,0.11798848327034242
1437,batt_tim479,1,479,battery,0.2085313780841258,0.0,0.2085313780841258,0.05696148688304939
1438,pltd_tim480,1,480,diesel,0.0032483098666666677,0.0813,-0.07805169013333332,0.0010108675360000004
1439,plts_tim480,1,480,solar,0.2223196245163154,0.0,0.2223196245163154,0.053984418216856
1440,batt_tim480,1,480,battery,0.09542449223379444,0.0,0.09542449223379444,0.026062616346466897
1441,pltd_tim481,1,481,diesel,0.006865520533333325,0.1719,-0.16503447946666666,0.002136636656000006
1442,plts_tim481,1,481,solar,0.46990270121052247,0.0,0.46990270121052247,0.11410339889746328
1443,batt_tim481,1,481,battery,0.20169190609008708,0.0,0.20169190609008708,0.055086883539396836
1444,pltd_tim482,1,482,diesel,0.006582833173333384,0.1648,-0.15821716682666662,0.0020486654832000146
1445,plts_tim482,1,482,solar,0.4493173605650587,0.0,0.4493173605650587,0.109400091080676
1446,batt_tim482,1,482,battery,0.1933782102117615,0.0,0.1933782102117615,0.05281588659677506
1447,pltd_tim483,1,483,diesel,0.014174447253333331,0.3549,-0.34072555274666666,0.004411229961599982
1448,plts_tim483,1,483,solar,0.9746208117155943,0.0,0.9746208117155943,0.23556823258241283
1449,batt_tim483,1,483,battery,0.41639500732224644,0.0,0.41639500732224644,0.11372770720607062
1450,pltd_tim484,1,484,diesel,0.004724841386666664,0.1183,-0.11357515861333334,0.0014703543456000031
1451,plts_tim484,1,484,solar,0.3187052777783261,0.0,0.3187052777783261,0.07852269763285571
1452,batt_tim484,1,484,battery,0.13879913247257156,0.0,0.13879913247257156,0.03790880113128213
1453,pltd_tim485,1,485,diesel,0.005561764693333342,0.1392,-0.13363823530666666,0.001730830292800006
1454,plts_tim485,1,485,solar,0.37894751259836024,0.0,0.37894751259836024,0.09242759719335768
1455,batt_tim485,1,485,battery,0.1633771961957858,0.0,0.1633771961957858,0.044621532897681414
1456,pltd_tim486,1,486,diesel,0.00455230165333334,0.114,-0.10944769834666666,0.0014167196736000092
1457,plts_tim486,1,486,solar,0.3069609072499382,0.0,0.3069609072499382,0.07565956658748078
1458,batt_tim486,1,486,battery,0.1337211861903856,0.0,0.1337211861903856,0.036524811949080756
1459,pltd_tim487,1,487,diesel,0.0070381269333333486,0.1762,-0.16916187306666663,0.0021903133280000027
1460,plts_tim487,1,487,solar,0.46777295950998365,0.0,0.46777295950998365,0.11696545103128787
1461,batt_tim487,1,487,battery,0.20671321832320438,0.0,0.20671321832320438,0.05646488889649281
1462,pltd_tim488,1,488,diesel,0.005967605333333329,0.1494,-0.14343239466666668,0.0018571355600000006
1463,plts_tim488,1,488,solar,0.40842784808066007,0.0,0.40842784808066007,0.0991759053026397
1464,batt_tim488,1,488,battery,0.17530584580984648,0.0,0.17530584580984648,0.04788019701392083
1465,pltd_tim489,1,489,diesel,0.004491160959999996,0.1124,-0.10790883904000001,0.0013977209008000067
1466,plts_tim489,1,489,solar,0.30028257527412017,0.0,0.30028257527412017,0.07463717469782111
1467,batt_tim489,1,489,battery,0.13192261112867704,0.0,0.13192261112867704,0.036032039288235194
1468,pltd_tim490,1,490,diesel,0.003211246933333328,0.0804,-0.07718875306666667,0.0009994159279999991
1469,plts_tim490,1,490,solar,0.2189911421401524,0.0,0.2189911421401524,0.05337085765587217
1470,batt_tim490,1,490,battery,0.09434021777672406,0.0,0.09434021777672406,0.02576632031112893
1471,pltd_tim491,1,491,diesel,0.006275185919999977,0.1571,-0.15082481408,0.0019528235215999965
1472,plts_tim491,1,491,solar,0.4259353470723999,0.0,0.4259353470723999,0.10428810508278243
1473,batt_tim491,1,491,battery,0.18433066823153635,0.0,0.18433066823153635,0.05034836080956572
1474,pltd_tim492,1,492,diesel,0.0024238588800000144,0.0607,-0.058276141119999986,0.0007543331824000035
1475,plts_tim492,1,492,solar,0.16431921191057042,0.0,0.16431921191057042,0.04028356778599055
1476,batt_tim492,1,492,battery,0.07120194843011059,0.0,0.07120194843011059,0.01944712537790216
1477,pltd_tim493,1,493,diesel,0.019059392000000053,0.4772,-0.45814060799999995,0.0059314841599999914
1478,plts_tim493,1,493,solar,1.2995074158617972,0.0,1.2995074158617972,0.3167495541757428
1479,batt_tim493,1,493,battery,0.5597845734761059,0.0,0.5597845734761059,0.15292194975633214
1480,pltd_tim494,1,494,diesel,0.006742613439999991,0.1688,-0.16205738656000002,0.0020983704111999907
1481,plts_tim494,1,494,solar,0.46148099721308855,0.0,0.46148099721308855,0.11205848530290284
1482,batt_tim494,1,494,battery,0.1980769181500983,0.0,0.1980769181500983,0.054099643685004126
1483,pltd_tim495,1,495,diesel,0.012119591786666674,0.3035,-0.29138040821333333,0.0037716481375999955
1484,plts_tim495,1,495,solar,0.8375806427044302,0.0,0.8375806427044302,0.20141831234092733
1485,batt_tim495,1,495,battery,0.35600564363361475,0.0,0.35600564363361475,0.09723686473063527
1486,pltd_tim496,1,496,diesel,0.005906049173333359,0.1479,-0.14199395082666663,0.001837904163200007
1487,plts_tim496,1,496,solar,0.3961274121978663,0.0,0.3961274121978663,0.09815362769768875
1488,batt_tim496,1,496,battery,0.17348983299517295,0.0,0.17348983299517295,0.0473871579834392
1489,pltd_tim497,1,497,diesel,0.0033835866666666555,0.0847,-0.08131641333333334,0.0010529525999999996
1490,plts_tim497,1,497,solar,0.23404176723922415,0.0,0.23404176723922415,0.05623366331924125
1491,batt_tim497,1,497,battery,0.09939914998572996,0.0,0.09939914998572996,0.027147629325818982
1492,pltd_tim498,1,498,diesel,0.004970732479999997,0.1245,-0.11952926752000001,0.001546971910400003
1493,plts_tim498,1,498,solar,0.3468091099218758,0.0,0.3468091099218758,0.08261209997400332
1494,batt_tim498,1,498,battery,0.1460057308008833,0.0,0.1460057308008833,0.03988140855051411
1495,pltd_tim499,1,499,diesel,0.002534509119999996,0.0635,-0.06096549088000001,0.0007887434575999984
1496,plts_tim499,1,499,solar,0.1734768560720166,0.0,0.1734768560720166,0.04212426168648872
1497,batt_tim499,1,499,battery,0.07446011792761922,0.0,0.07446011792761922,0.020336810668988868
1498,pltd_tim500,1,500,diesel,0.005770726186666665,0.1445,-0.13872927381333333,0.0017959122496000004
1499,plts_tim500,1,500,solar,0.4049722993620317,0.0,0.4049722993620317,0.09590339116710456
1500,batt_tim500,1,500,battery,0.16949553889937202,0.0,0.16949553889937202,0.046296963681632525
1501,pltd_tim501,1,501,diesel,0.004380141439999988,0.1097,-0.10531985856000002,0.0013632088511999975
1502,plts_tim501,1,501,solar,0.29979469054560764,0.0,0.29979469054560764,0.07279718982395005
1503,batt_tim501,1,501,battery,0.12867808619358703,0.0,0.12867808619358703,0.035145044470358
1504,pltd_tim502,1,502,diesel,0.004601867626666689,0.1152,-0.11059813237333331,0.0014321301008000066
1505,plts_tim502,1,502,solar,0.31631752536603464,0.0,0.31631752536603464,0.07647746480353083
1506,batt_tim502,1,502,battery,0.13515608510630822,0.0,0.13515608510630822,0.03691964786865654
1507,pltd_tim503,1,503,diesel,0.007524536106666651,0.1547,-0.14717546389333336,0.0029128192912000017
1508,plts_tim503,1,503,solar,0.4355772770905841,0.0,0.4355772770905841,0.10149342436392389
1509,batt_tim503,1,503,battery,0.17805328989769537,0.0,0.17805328989769537,0.0486317175162557
1510,pltd_tim504,1,504,diesel,0.006565178773333349,0.1349,-0.12833482122666665,0.0025415087711999963
1511,plts_tim504,1,504,solar,0.38215929501709683,0.0,0.38215929501709683,0.08855410852255113
1512,batt_tim504,1,504,battery,0.15536390620872903,0.0,0.15536390620872903,0.04243273923327439
1513,pltd_tim505,1,505,diesel,0.005635285333333381,0.1411,-0.13546471466666662,0.0017536979600000118
1514,plts_tim505,1,505,solar,0.3982908397036592,0.0,0.3982908397036592,0.09365462254238
1515,batt_tim505,1,505,battery,0.1655318305398248,0.0,0.1655318305398248,0.04521355562248964
1516,pltd_tim506,1,506,diesel,0.005832169493333327,0.146,-0.14016783050666667,0.0018149847968000003
1517,plts_tim506,1,506,solar,0.39916471150188315,0.0,0.39916471150188315,0.09692657484059586
1518,batt_tim506,1,506,battery,0.17132952235203247,0.0,0.17132952235203247,0.046794235918566754
1519,pltd_tim507,1,507,diesel,0.008723557120000008,0.1793,-0.17057644287999998,0.0033770404975999985
1520,plts_tim507,1,507,solar,0.5013253472177458,0.0,0.5013253472177458,0.11766724863338068
1521,batt_tim507,1,507,battery,0.20642816041395395,0.0,0.20642816041395395,0.05637953679467465
1522,pltd_tim508,1,508,diesel,0.0018949316266666497,0.0474,-0.045505068373333346,0.0005897778207999955
1523,plts_tim508,1,508,solar,0.1296856963501001,0.0,0.1296856963501001,0.031490819401219235
1524,batt_tim508,1,508,battery,0.055663648738227864,0.0,0.055663648738227864,0.015203108556751832
1525,pltd_tim509,1,509,diesel,0.0024238588799999996,0.0607,-0.05827614112,0.0007543331824000011
1526,plts_tim509,1,509,solar,0.16589717912090685,0.0,0.16589717912090685,0.04028376813668989
1527,batt_tim509,1,509,battery,0.0712068387700174,0.0,0.0712068387700174,0.019448229393735052
1528,pltd_tim510,1,510,diesel,0.0020177618133333268,0.0505,-0.04848223818666668,0.0006279519903999972
1529,plts_tim510,1,510,solar,0.13810748216637017,0.0,0.13810748216637017,0.03353578687049946
1530,batt_tim510,1,510,battery,0.05927868805226383,0.0,0.05927868805226383,0.0161904464939148
1531,pltd_tim511,1,511,diesel,0.005044735253333351,0.1263,-0.12125526474666665,0.0015699672016000069
1532,plts_tim511,1,511,solar,0.3550489318626999,0.0,0.3550489318626999,0.08383957665604848
1533,batt_tim511,1,511,battery,0.14819487779536455,0.0,0.14819487779536455,0.04047669871558405
1534,pltd_tim512,1,512,diesel,0.0027810156800000137,0.0696,-0.06681898431999998,0.0008654186464000031
1535,plts_tim512,1,512,solar,0.19380471656618228,0.0,0.19380471656618228,0.046213681753398704
1536,batt_tim512,1,512,battery,0.081687988234708,0.0,0.081687988234708,0.022310103307224115
1537,pltd_tim513,1,513,diesel,0.003814253866666656,0.0955,-0.09168574613333334,0.0011870096560000038
1538,plts_tim513,1,513,solar,0.26741757163164775,0.0,0.26741757163164775,0.06339033629366085
1539,batt_tim513,1,513,battery,0.11203322965303691,0.0,0.11203322965303691,0.03060152008719362
1540,pltd_tim514,1,514,diesel,0.006505315413333343,0.1337,-0.12719468458666666,0.002518374118399997
1541,plts_tim514,1,514,solar,0.37486537442596657,0.0,0.37486537442596657,0.08774504981595871
1542,batt_tim514,1,514,battery,0.1539556323030542,0.0,0.1539556323030542,0.04204300752370563
1543,pltd_tim515,1,515,diesel,0.004527787946666665,0.1134,-0.10887221205333333,0.0014090917344000062
1544,plts_tim515,1,515,solar,0.3099000795986479,0.0,0.3099000795986479,0.07525099137518342
1545,batt_tim515,1,515,battery,0.13301525997999103,0.0,0.13301525997999103,0.03632968726010023
1546,pltd_tim516,1,516,diesel,0.006550491199999998,0.1346,-0.1280495088,0.002535759575999997
1547,plts_tim516,1,516,solar,0.3788616292909859,0.0,0.3788616292909859,0.0883515801044567
1548,batt_tim516,1,516,battery,0.1549975869961026,0.0,0.1549975869961026,0.04233411041626666
1549,pltd_tim517,1,517,diesel,0.004220284266666666,0.1057,-0.10147971573333334,0.0013134328480000072
1550,plts_tim517,1,517,solar,0.29776500614444734,0.0,0.29776500614444734,0.07013854038890088
1551,batt_tim517,1,517,battery,0.12395088874196844,0.0,0.12395088874196844,0.03386018371167247
1552,pltd_tim518,1,518,diesel,0.0026945920000000004,0.0675,-0.06480540800000001,0.000838557159999999
1553,plts_tim518,1,518,solar,0.18442453850873836,0.0,0.18442453850873836,0.04478260612911081
1554,batt_tim518,1,518,battery,0.07915916772963683,0.0,0.07915916772963683,0.021620159957704405
1555,pltd_tim519,1,519,diesel,0.0022143690666666586,0.0555,-0.05328563093333334,0.0006890697519999957
1556,plts_tim519,1,519,solar,0.15158243381974776,0.0,0.15158243381974776,0.0368077756185842
1557,batt_tim519,1,519,battery,0.06506261019541962,0.0,0.06506261019541962,0.01777012595873999
1558,pltd_tim520,1,520,diesel,0.007764645973333338,0.1596,-0.15183535402666665,0.0030059238272000027
1559,plts_tim520,1,520,solar,0.4592804113586729,0.0,0.4592804113586729,0.1047276987068704
1560,batt_tim520,1,520,battery,0.18371137816685074,0.0,0.18371137816685074,0.05018045251586738
1561,pltd_tim521,1,521,diesel,0.005118491839999987,0.1282,-0.12308150816000002,0.0015929156431999996
1562,plts_tim521,1,521,solar,0.3485132941016421,0.0,0.3485132941016421,0.08506608449004177
1563,batt_tim521,1,521,battery,0.15034473990754635,0.0,0.15034473990754635,0.0410668934113011
1564,pltd_tim522,1,522,diesel,0.00433110378666665,0.1084,-0.10406889621333335,0.001347832897599998
1565,plts_tim522,1,522,solar,0.29951127354333074,0.0,0.29951127354333074,0.07197914430274409
1566,batt_tim522,1,522,battery,0.1272223053798257,0.0,0.1272223053798257,0.03474966394772936
1567,pltd_tim523,1,523,diesel,0.0018084822399999988,0.0453,-0.04349151776,0.0005627736351999998
1568,plts_tim523,1,523,solar,0.12379220419049657,0.0,0.12379220419049657,0.030059612929461042
1569,batt_tim523,1,523,battery,0.05313412501121279,0.0,0.05313412501121279,0.014512236444850952
1570,pltd_tim524,1,524,diesel,0.004244864640000001,0.1063,-0.10205513536000001,0.0013211027871999964
1571,plts_tim524,1,524,solar,0.2901796572873262,0.0,0.2901796572873262,0.07054733156190142
1572,batt_tim524,1,524,battery,0.12468493257081323,0.0,0.12468493257081323,0.034056807017444415
1573,pltd_tim525,1,525,diesel,0.003912580586666665,0.098,-0.09408741941333335,0.0012176059615999985
1574,plts_tim525,1,525,solar,0.27055085131229856,0.0,0.27055085131229856,0.06502671598458448
1575,batt_tim525,1,525,battery,0.11494235409059356,0.0,0.11494235409059356,0.03139355429720402
1576,pltd_tim526,1,526,diesel,0.0032483098666666725,0.0813,-0.07805169013333332,0.0010108675359999995
1577,plts_tim526,1,526,solar,0.22099177976606482,0.0,0.22099177976606482,0.053984196903310265
1578,batt_tim526,1,526,battery,0.09543050727822315,0.0,0.09543050727822315,0.02606139681661588
1579,pltd_tim527,1,527,diesel,0.0031742866133333356,0.0795,-0.07632571338666666,0.0009878700943999983
1580,plts_tim527,1,527,solar,0.21027027937687787,0.0,0.21027027937687787,0.05275753105612863
1581,batt_tim527,1,527,battery,0.09325735725971837,0.0,0.09325735725971837,0.025470408548225465
1582,pltd_tim528,1,528,diesel,0.00307599584,0.077,-0.07392400416,0.000957235563200001
1583,plts_tim528,1,528,solar,0.20250190660391193,0.0,0.20250190660391193,0.05112161217905846
1584,batt_tim528,1,528,battery,0.09036524463103364,0.0,0.09036524463103364,0.02468039439223674
1585,pltd_tim529,1,529,diesel,0.009486355946666658,0.2375,-0.22801364405333333,0.002952252374400012
1586,plts_tim529,1,529,solar,0.6492738484542142,0.0,0.6492738484542142,0.1576590097033418
1587,batt_tim529,1,529,battery,0.2786820494444011,0.0,0.2786820494444011,0.07611470255338974
1588,pltd_tim530,1,530,diesel,0.005893725653333307,0.1476,-0.1417062743466667,0.001834146193599996
1589,plts_tim530,1,530,solar,0.39670493152483016,0.0,0.39670493152483016,0.0979483799756185
1590,batt_tim530,1,530,battery,0.17311442828545148,0.0,0.17311442828545148,0.04728436285954794
1591,pltd_tim531,1,531,diesel,0.007296377493333332,0.1827,-0.17540362250666666,0.002270727636799995
1592,plts_tim531,1,531,solar,0.4909664166072857,0.0,0.4909664166072857,0.12125990864001501
1593,batt_tim531,1,531,battery,0.21431515364541262,0.0,0.21431515364541262,0.05853963746286624
1594,pltd_tim532,1,532,diesel,0.008871292159999957,0.2221,-0.21322870784000003,0.0027608656768
1595,plts_tim532,1,532,solar,0.6040607041493082,0.0,0.6040607041493082,0.14743413499007302
1596,batt_tim532,1,532,battery,0.26059171038862844,0.0,0.26059171038862844,0.0711756587268317
1597,pltd_tim533,1,533,diesel,0.002227015680000001,0.0558,-0.05357298432,0.0006930646464000012
1598,plts_tim533,1,533,solar,0.1524237027634184,0.0,0.1524237027634184,0.03701204654759214
1599,batt_tim533,1,533,battery,0.06542384296515041,0.0,0.06542384296515041,0.017868689808560843
1600,pltd_tim534,1,534,diesel,0.0032112469333333213,0.0804,-0.07718875306666667,0.0009994159279999974
1601,plts_tim534,1,534,solar,0.21979311340231317,0.0,0.21979311340231317,0.053370872756825755
1602,batt_tim534,1,534,battery,0.09434009590531243,0.0,0.09434009590531243,0.025766403523675308
1603,pltd_tim535,1,535,diesel,0.004478863146666662,0.1121,-0.10762113685333334,0.0013938116303999968
1604,plts_tim535,1,535,solar,0.3165082620454823,0.0,0.3165082620454823,0.07443294379237143
1605,batt_tim535,1,535,battery,0.13156767414985782,0.0,0.13156767414985782,0.03593432210048004
1606,pltd_tim536,1,536,diesel,0.00410688362666668,0.0844,-0.08029311637333332,0.001589932780800005
1607,plts_tim536,1,536,solar,0.23690604445539176,0.0,0.23690604445539176,0.055396540312067345
1608,batt_tim536,1,536,battery,0.09717717903772002,0.0,0.09717717903772002,0.026543054917987797
1609,pltd_tim537,1,537,diesel,0.003986424319999988,0.0998,-0.09581357568000001,0.001240591553599996
1610,plts_tim537,1,537,solar,0.2728468361188741,0.0,0.2728468361188741,0.06625365763061399
1611,batt_tim537,1,537,battery,0.11711152839904104,0.0,0.11711152839904104,0.031985958463012505
1612,pltd_tim538,1,538,diesel,0.00316262933333333,0.065,-0.06183737066666667,0.0012242470799999979
1613,plts_tim538,1,538,solar,0.18188121553381212,0.0,0.18188121553381212,0.04265963702519029
1614,batt_tim538,1,538,battery,0.07484426412727663,0.0,0.07484426412727663,0.020440610173392264
1615,pltd_tim539,1,539,diesel,0.0034942830933333306,0.0875,-0.08400571690666667,0.0010873817248000016
1616,plts_tim539,1,539,solar,0.24345358032861525,0.0,0.24345358032861525,0.05807422995632936
1617,batt_tim539,1,539,battery,0.10264616834668988,0.0,0.10264616834668988,0.02803694864913996
1618,pltd_tim540,1,540,diesel,0.004934085013333323,0.1235,-0.11856591498666667,0.0015355569263999932
1619,plts_tim540,1,540,solar,0.3479783433054629,0.0,0.3479783433054629,0.08199894590402104
1620,batt_tim540,1,540,battery,0.14493120457601855,0.0,0.14493120457601855,0.03958736139888274
1621,pltd_tim541,1,541,diesel,0.006976181013333329,0.1747,-0.16772381898666666,0.0021710690063999954
1622,plts_tim541,1,541,solar,0.47748207091485695,0.0,0.47748207091485695,0.11594377352811455
1623,batt_tim541,1,541,battery,0.20494499232743868,0.0,0.20494499232743868,0.05597535546623116
1624,pltd_tim542,1,542,diesel,0.006816446933333285,0.1707,-0.16388355306666672,0.002121382927999984
1625,plts_tim542,1,542,solar,0.462285901829292,0.0,0.462285901829292,0.1132853448011342
1626,batt_tim542,1,542,battery,0.20026057598922237,0.0,0.20026057598922237,0.05469170497616656
1627,pltd_tim543,1,543,diesel,0.00556176469333333,0.1392,-0.13363823530666666,0.0017308302928000035
1628,plts_tim543,1,543,solar,0.36751299276014643,0.0,0.36751299276014643,0.09242748604700711
1629,batt_tim543,1,543,battery,0.16336869919192323,0.0,0.16336869919192323,0.04462092043497889
1630,pltd_tim544,1,544,diesel,0.006004319466666679,0.1503,-0.1442956805333333,0.0018686135440000018
1631,plts_tim544,1,544,solar,0.40760717617553544,0.0,0.40760717617553544,0.09978925044514224
1632,batt_tim544,1,544,battery,0.17636734251911376,0.0,0.17636734251911376,0.04817587564850274
1633,pltd_tim545,1,545,diesel,0.0052783387733333475,0.1322,-0.12692166122666668,0.0016426415712000027
1634,plts_tim545,1,545,solar,0.37095486306419523,0.0,0.37095486306419523,0.08772456802353727
1635,batt_tim545,1,545,battery,0.15506189876375542,0.0,0.15506189876375542,0.04235067976683347
1636,pltd_tim546,1,546,diesel,0.004023364159999991,0.1007,-0.09667663584000001,0.0012521212367999964
1637,plts_tim546,1,546,solar,0.270632885235643,0.0,0.270632885235643,0.0668669798336818
1638,batt_tim546,1,546,battery,0.11819635037705231,0.0,0.11819635037705231,0.03228198844046761
1639,pltd_tim547,1,547,diesel,0.006840893973333297,0.1713,-0.16445910602666672,0.002128968867199994
1640,plts_tim547,1,547,solar,0.46525501183670714,0.0,0.46525501183670714,0.11369429434269895
1641,batt_tim547,1,547,battery,0.20096964197961528,0.0,0.20096964197961528,0.054888930948297485
1642,pltd_tim548,1,548,diesel,0.0041588973866666604,0.1041,-0.09994110261333333,0.0012943102256000004
1643,plts_tim548,1,548,solar,0.2802190420173567,0.0,0.2802190420173567,0.06911631091800606
1644,batt_tim548,1,548,battery,0.12217270499867011,0.0,0.12217270499867011,0.033368202176746166
1645,pltd_tim549,1,549,diesel,0.010950763946666667,0.2742,-0.26324923605333334,0.0034080092144
1646,plts_tim549,1,549,solar,0.7487371108159588,0.0,0.7487371108159588,0.1819929144528555
1647,batt_tim549,1,549,battery,0.32167427414783006,0.0,0.32167427414783006,0.08786325027060558
1648,pltd_tim550,1,550,diesel,0.00529068277333333,0.1325,-0.12720931722666667,0.001646590691200001
1649,plts_tim550,1,550,solar,0.3562369790378419,0.0,0.3562369790378419,0.08792901056172495
1650,batt_tim550,1,550,battery,0.1554064400219507,0.0,0.1554064400219507,0.042449859872888566
1651,pltd_tim551,1,551,diesel,0.0033590267733333377,0.0841,-0.08074097322666665,0.0010453688112000013
1652,plts_tim551,1,551,solar,0.22730668622117026,0.0,0.22730668622117026,0.05582443447574404
1653,batt_tim551,1,551,battery,0.09866374575044308,0.0,0.09866374575044308,0.02694941615409789
1654,pltd_tim552,1,552,diesel,0.00552452224,0.1383,-0.13277547776,0.0017193458352000044
1655,plts_tim552,1,552,solar,0.37811137367476383,0.0,0.37811137367476383,0.09181437281107742
1656,batt_tim552,1,552,battery,0.16229313153038422,0.0,0.16229313153038422,0.04432617544667458
1657,pltd_tim553,1,553,diesel,0.004048144533333351,0.1014,-0.09735185546666665,0.0012598891760000096
1658,plts_tim553,1,553,solar,0.27352938961534523,0.0,0.27352938961534523,0.06727590421117821
1659,batt_tim553,1,553,battery,0.11891969179535963,0.0,0.11891969179535963,0.03247938433143001
1660,pltd_tim554,1,554,diesel,0.007985397866666692,0.1999,-0.1919146021333333,0.0024852027760000053
1661,plts_tim554,1,554,solar,0.5423627558986424,0.0,0.5423627558986424,0.13271086852140776
1662,batt_tim554,1,554,battery,0.23456791565707108,0.0,0.23456791565707108,0.06406646977425724
1663,pltd_tim555,1,555,diesel,0.002227015680000005,0.0558,-0.053572984319999996,0.0006930646464000018
1664,plts_tim555,1,555,solar,0.15215709934780228,0.0,0.15215709934780228,0.037012014875534294
1665,batt_tim555,1,555,battery,0.06542381548976763,0.0,0.06542381548976763,0.017868515282325508
1666,pltd_tim556,1,556,diesel,0.007644585919999985,0.1571,-0.14945541408000002,0.002959332521599989
1667,plts_tim556,1,556,solar,0.43971938150948797,0.0,0.43971938150948797,0.103110352231467
1668,batt_tim556,1,556,battery,0.18087711356584407,0.0,0.18087711356584407,0.049404735837212964
1669,pltd_tim557,1,557,diesel,0.007209459839999961,0.1482,-0.14099054016000004,0.0027910112831999834
1670,plts_tim557,1,557,solar,0.424335882099269,0.0,0.424335882099269,0.09724752673878594
1671,batt_tim557,1,557,battery,0.1706025414381374,0.0,0.1706025414381374,0.04659692103781846
1672,pltd_tim558,1,558,diesel,0.0070134132266666495,0.1756,-0.16858658677333335,0.0021825733887999915
1673,plts_tim558,1,558,solar,0.47666760794647794,0.0,0.47666760794647794,0.11655697594676394
1674,batt_tim558,1,558,battery,0.20602992850455804,0.0,0.20602992850455804,0.0562694287761804
1675,pltd_tim559,1,559,diesel,0.0039743110400000045,0.0995,-0.09552568896,0.0012369186591999995
1676,plts_tim559,1,559,solar,0.27660274097382237,0.0,0.27660274097382237,0.06604894540934549
1677,batt_tim559,1,559,battery,0.1167325322772379,0.0,0.1167325322772379,0.031887045846464256
1678,pltd_tim560,1,560,diesel,0.006349029653333322,0.159,-0.1526509703466667,0.0019758231135999955
1679,plts_tim560,1,560,solar,0.43387168008109506,0.0,0.43387168008109506,0.10551472305102236
1680,batt_tim560,1,560,battery,0.18648551243499262,0.0,0.18648551243499262,0.05093890423005454
1681,pltd_tim561,1,561,diesel,0.004823311679999983,0.1208,-0.11597668832000002,0.0015010707264
1682,plts_tim561,1,561,solar,0.33011108313266774,0.0,0.33011108313266774,0.08015865252207803
1683,batt_tim561,1,561,battery,0.14169074909900206,0.0,0.14169074909900206,0.038699001879633994
1684,pltd_tim562,1,562,diesel,0.0031374903466666465,0.0786,-0.07546250965333336,0.0009764674863999911
1685,plts_tim562,1,562,solar,0.22021012403322257,0.0,0.22021012403322257,0.052144028120641395
1686,batt_tim562,1,562,battery,0.09217065894554216,0.0,0.09217065894554216,0.02517431433463428
1687,pltd_tim563,1,563,diesel,0.0056232951466667095,0.1408,-0.1351767048533333,0.0017500239904000106
1688,plts_tim563,1,563,solar,0.3818925766744486,0.0,0.3818925766744486,0.09344967434575259
1689,batt_tim563,1,563,battery,0.16516243326192384,0.0,0.16516243326192384,0.04511322103984082
1690,pltd_tim564,1,564,diesel,0.0028175964800000158,0.0705,-0.06768240351999998,0.0008769526304000019
1691,plts_tim564,1,564,solar,0.19442261393558793,0.0,0.19442261393558793,0.04682703172194459
1692,batt_tim564,1,564,battery,0.08277240395908417,0.0,0.08277240395908417,0.022605577097815518
1693,pltd_tim565,1,565,diesel,0.00335746602666667,0.069,-0.06564253397333333,0.0012997949328000034
1694,plts_tim565,1,565,solar,0.1956151046106873,0.0,0.1956151046106873,0.045288002473247234
1695,batt_tim565,1,565,battery,0.07946070953626887,0.0,0.07946070953626887,0.021700954331239464
1696,pltd_tim566,1,566,diesel,0.008046907839999994,0.2015,-0.19345309216,0.0025042613232000087
1697,plts_tim566,1,566,solar,0.5427228798607977,0.0,0.5427228798607977,0.133734154157224
1698,batt_tim566,1,566,battery,0.23634674675931422,0.0,0.23634674675931422,0.0645642652931694
1699,pltd_tim567,1,567,diesel,0.0022638990933333465,0.0567,-0.05443610090666665,0.0007045254048000016
1700,plts_tim567,1,567,solar,0.15514707405230851,0.0,0.15514707405230851,0.03762540339317437
1701,batt_tim567,1,567,battery,0.06650773013820266,0.0,0.06650773013820266,0.018164222293004503
1702,pltd_tim568,1,568,diesel,0.003396023039999999,0.085,-0.08160397696,0.0010568554191999955
1703,plts_tim568,1,568,solar,0.2344933009950042,0.0,0.2344933009950042,0.05643800233681506
1704,batt_tim568,1,568,battery,0.0997471812091911,0.0,0.0997471812091911,0.027245829561791293
1705,pltd_tim569,1,569,diesel,0.010212346880000004,0.2557,-0.24548765311999998,0.0031782464224000104
1706,plts_tim569,1,569,solar,0.694659721610179,0.0,0.694659721610179,0.16972324021433632
1707,batt_tim569,1,569,battery,0.29994854614114946,0.0,0.29994854614114946,0.08193691269618293
1708,pltd_tim570,1,570,diesel,0.003235817066666654,0.081,-0.07776418293333334,0.0010070497919999952
1709,plts_tim570,1,570,solar,0.22259054049059368,0.0,0.22259054049059368,0.053779758925580255
1710,batt_tim570,1,570,battery,0.09504931064447388,0.0,0.09504931064447388,0.025962850058332772
1711,pltd_tim571,1,571,diesel,0.003732179946666665,0.0767,-0.07296782005333334,0.0014447628943999962
1712,plts_tim571,1,571,solar,0.22117245707586633,0.0,0.22117245707586633,0.050342411705841514
1713,batt_tim571,1,571,battery,0.08832205302348664,0.0,0.08832205302348664,0.0241221057450808
1714,pltd_tim572,1,572,diesel,0.01043200895999996,0.2144,-0.20396799104000005,0.004038384940799975
1715,plts_tim572,1,572,solar,0.6479782719726496,0.0,0.6479782719726496,0.14071665799778799
1716,batt_tim572,1,572,battery,0.2468724170950646,0.0,0.2468724170950646,0.06742873118242743
1717,pltd_tim573,1,573,diesel,0.0023684052266666642,0.0487,-0.04633159477333334,0.0009168395488000005
1718,plts_tim573,1,573,solar,0.13801100792530505,0.0,0.13801100792530505,0.03194404309408574
1719,batt_tim573,1,573,battery,0.056040378336162294,0.0,0.056040378336162294,0.015306458740484917
1720,pltd_tim574,1,574,diesel,0.003402672533333332,0.0699,-0.06649732746666667,0.0013172466160000023
1721,plts_tim574,1,574,solar,0.20719786415195363,0.0,0.20719786415195363,0.045894137047882394
1722,batt_tim574,1,574,battery,0.08051645850850227,0.0,0.08051645850850227,0.02199008731451864
1723,pltd_tim575,1,575,diesel,0.0017985879466666627,0.037,-0.03520141205333333,0.0006962887343999992
1724,plts_tim575,1,575,solar,0.11122406009579594,0.0,0.11122406009579594,0.024261395099524803
1725,batt_tim575,1,575,battery,0.042564390645952285,0.0,0.042564390645952285,0.011624812657773131
1726,pltd_tim576,1,576,diesel,0.00975811157333332,0.2006,-0.1908418884266667,0.003777624715200012
1727,plts_tim576,1,576,solar,0.567381641156795,0.0,0.567381641156795,0.13161811410583993
1728,batt_tim576,1,576,battery,0.2308848648888045,0.0,0.2308848648888045,0.06306850864927233
1729,pltd_tim577,1,577,diesel,0.005276303786666666,0.1084,-0.10312369621333332,0.0020425548975999998
1730,plts_tim577,1,577,solar,0.31775516967957257,0.0,0.31775516967957257,0.07116638948067565
1731,batt_tim577,1,577,battery,0.12486381462569682,0.0,0.12486381462569682,0.03409925391778961
1732,pltd_tim578,1,578,diesel,0.006280308586666652,0.1291,-0.12281969141333333,0.002431300401599994
1733,plts_tim578,1,578,solar,0.3809183383422714,0.0,0.3809183383422714,0.0847122544691699
1734,batt_tim578,1,578,battery,0.14862030987613226,0.0,0.14862030987613226,0.04058963477747147
1735,pltd_tim579,1,579,diesel,0.005290682773333339,0.1325,-0.12720931722666667,0.0016465906912000025
1736,plts_tim579,1,579,solar,0.3617661324892804,0.0,0.3617661324892804,0.08792913744406937
1737,batt_tim579,1,579,battery,0.15542601426951255,0.0,0.15542601426951255,0.04245055904747414
1738,pltd_tim580,1,580,diesel,0.0047492781866666665,0.1189,-0.11415072181333334,0.0014780372096000018
1739,plts_tim580,1,580,solar,0.3176576313320105,0.0,0.3176576313320105,0.07893121746484712
1740,batt_tim580,1,580,battery,0.13951302813081676,0.0,0.13951302813081676,0.038103961883151356
1741,pltd_tim581,1,581,diesel,0.004650997653333309,0.1165,-0.1118490023466667,0.0014473477535999943
1742,plts_tim581,1,581,solar,0.31832114822168256,0.0,0.31832114822168256,0.07729588026058776
1743,batt_tim581,1,581,battery,0.1366298489683945,0.0,0.1366298489683945,0.03731696604693029
1744,pltd_tim582,1,582,diesel,0.0022270156800000044,0.0558,-0.053572984319999996,0.000693064646400005
1745,plts_tim582,1,582,solar,0.14829547754152353,0.0,0.14829547754152353,0.03701209127019888
1746,batt_tim582,1,582,battery,0.06541207165754513,0.0,0.06541207165754513,0.01786893624875838
1747,pltd_tim583,1,583,diesel,0.004331103786666659,0.1084,-0.10406889621333333,0.001347832897599996
1748,plts_tim583,1,583,solar,0.2902853419238476,0.0,0.2902853419238476,0.07197918596333086
1749,batt_tim583,1,583,battery,0.12720793270737868,0.0,0.12720793270737868,0.03474989351492093
1750,pltd_tim584,1,584,diesel,0.007394704213333287,0.1852,-0.1778052957866667,0.0023013519423999897
1751,plts_tim584,1,584,solar,0.5061141430719113,0.0,0.5061141430719113,0.12289639610105621
1752,batt_tim584,1,584,battery,0.2172350704348531,0.0,0.2172350704348531,0.05933195694779495
1753,pltd_tim585,1,585,diesel,0.009572512959999937,0.2397,-0.23012748704000005,0.0029790088607999925
1754,plts_tim585,1,585,solar,0.622246621943625,0.0,0.622246621943625,0.15908960627979274
1755,batt_tim585,1,585,battery,0.2811992417669301,0.0,0.2811992417669301,0.07680092610805804
1756,pltd_tim586,1,586,diesel,0.008526535786666649,0.2135,-0.20497346421333335,0.0026535882575999914
1757,plts_tim586,1,586,solar,0.5579535095598599,0.0,0.5579535095598599,0.14170880710761544
1758,batt_tim586,1,586,battery,0.25046106972796,0.0,0.25046106972796,0.06841286088748921
1759,pltd_tim587,1,587,diesel,0.007222610666666665,0.1808,-0.17357738933333333,0.002247764120000011
1760,plts_tim587,1,587,solar,0.48607380522268795,0.0,0.48607380522268795,0.12003277569938803
1761,batt_tim587,1,587,battery,0.21214612463468602,0.0,0.21214612463468602,0.05794641654641949
1762,pltd_tim588,1,588,diesel,0.005303232000000003,0.1328,-0.127496768,0.0016504563600000053
1763,plts_tim588,1,588,solar,0.359744627914272,0.0,0.359744627914272,0.08813332167985025
1764,batt_tim588,1,588,battery,0.1557872217836913,0.0,0.1557872217836913,0.04254777880292464
1765,pltd_tim589,1,589,diesel,0.004257347199999983,0.1066,-0.10234265280000002,0.0013248844559999955
1766,plts_tim589,1,589,solar,0.278191935429404,0.0,0.278191935429404,0.07075196265068971
1767,batt_tim589,1,589,battery,0.12504901673837598,0.0,0.12504901673837598,0.034155717660821414
1768,pltd_tim590,1,590,diesel,0.006902527039999948,0.1728,-0.16589747296000007,0.002148110339199984
1769,plts_tim590,1,590,solar,0.44452442313070706,0.0,0.44452442313070706,0.11471691404844536
1770,batt_tim590,1,590,battery,0.20276914755512082,0.0,0.20276914755512082,0.05538301241733745
1771,pltd_tim591,1,591,diesel,0.004601867626666671,0.1152,-0.11059813237333332,0.0014321301007999988
1772,plts_tim591,1,591,solar,0.31452178497589833,0.0,0.31452178497589833,0.07647756739096673
1773,batt_tim591,1,591,battery,0.1351658462143473,0.0,0.1351658462143473,0.03692021316817289
1774,pltd_tim592,1,592,diesel,0.0048479279999999875,0.1214,-0.116552072,0.0015087164400000032
1775,plts_tim592,1,592,solar,0.3310034269170924,0.0,0.3310034269170924,0.08056737351474728
1776,batt_tim592,1,592,battery,0.14241255690161803,0.0,0.14241255690161803,0.038894950677722015
1777,pltd_tim593,1,593,diesel,0.003322030506666647,0.0832,-0.07987796949333335,0.0010338332031999992
1778,plts_tim593,1,593,solar,0.21738449208033409,0.0,0.21738449208033409,0.0552112678240691
1779,batt_tim593,1,593,battery,0.09758239594915538,0.0,0.09758239594915538,0.026654403546097393
1780,pltd_tim594,1,594,diesel,0.016339886293333373,0.4091,-0.39276011370666664,0.005085166060800016
1781,plts_tim594,1,594,solar,1.084324699871889,0.0,1.084324699871889,0.27155781430883436
1782,batt_tim594,1,594,battery,0.4800196756370353,0.0,0.4800196756370353,0.13110243021392268
1783,pltd_tim595,1,595,diesel,0.003408290133333324,0.0853,-0.08189170986666668,0.0010606984639999948
1784,plts_tim595,1,595,solar,0.23246767057686793,0.0,0.23246767057686793,0.05664254250239618
1785,batt_tim595,1,595,battery,0.1001096324634268,0.0,0.1001096324634268,0.02734523312732898
1786,pltd_tim596,1,596,diesel,0.004417337706666661,0.1106,-0.10618266229333334,0.0013747724591999968
1787,plts_tim596,1,596,solar,0.2828701103658263,0.0,0.2828701103658263,0.07341020128618818
1788,batt_tim596,1,596,battery,0.12974084405546915,0.0,0.12974084405546915,0.03543943335739939
1789,pltd_tim597,1,597,diesel,0.0026699961600000145,0.0669,-0.06423000383999998,0.0008309345968000046
1790,plts_tim597,1,597,solar,0.18626858017698036,0.0,0.18626858017698036,0.04437336571080738
1791,batt_tim597,1,597,battery,0.07843444538901989,0.0,0.07843444538901989,0.021421592195044938
1792,pltd_tim598,1,598,diesel,0.0027067462399999903,0.0678,-0.06509325376000001,0.000842325355199999
1793,plts_tim598,1,598,solar,0.1866338227241887,0.0,0.1866338227241887,0.04498713902144135
1794,batt_tim598,1,598,battery,0.07951986170398681,0.0,0.07951986170398681,0.021719072419200767
1795,pltd_tim599,1,599,diesel,0.0029284826666666802,0.0733,-0.07037151733333333,0.0009114086800000016
1796,plts_tim599,1,599,solar,0.20417634927265899,0.0,0.20417634927265899,0.04866774076632427
1797,batt_tim599,1,599,battery,0.08601388405673974,0.0,0.08601388405673974,0.02349602237609943
1798,pltd_tim600,1,600,diesel,0.0016855084799999992,0.0422,-0.04051449152,0.0005245983904000012
1799,plts_tim600,1,600,solar,0.11735278614940908,0.0,0.11735278614940908,0.028014476606453193
1800,batt_tim600,1,600,battery,0.049508139611415286,0.0,0.049508139611415286,0.013524463576409846
1801,pltd_tim601,1,601,diesel,0.004060304,0.1017,-0.097639696,0.0012636019200000066
1802,plts_tim601,1,601,solar,0.2817106193968508,0.0,0.2817106193968508,0.06748017660155801
1803,batt_tim601,1,601,battery,0.11927855765440938,0.0,0.11927855765440938,0.03257624717608537
1804,pltd_tim602,1,602,diesel,0.003248309866666664,0.0813,-0.07805169013333334,0.0010108675360000002
1805,plts_tim602,1,602,solar,0.21557282698986002,0.0,0.21557282698986002,0.053984372090173365
1806,batt_tim602,1,602,battery,0.09541340547593437,0.0,0.09541340547593437,0.026062362169226055
1807,pltd_tim603,1,603,diesel,0.0031004531200000073,0.0776,-0.07449954687999999,0.0009648995776000022
1808,plts_tim603,1,603,solar,0.20951207722964804,0.0,0.20951207722964804,0.05153056925363941
1809,batt_tim603,1,603,battery,0.09108768111805611,0.0,0.09108768111805611,0.024877899236725648
1810,pltd_tim604,1,604,diesel,0.0015381183999999975,0.0385,-0.0369618816,0.0004787214320000011
1811,plts_tim604,1,604,solar,0.10320992414924338,0.0,0.10320992414924338,0.025560669217311878
1812,batt_tim604,1,604,battery,0.04518163542517545,0.0,0.04518163542517545,0.012339705546728962
1813,pltd_tim605,1,605,diesel,0.006410652480000005,0.1605,-0.15408934752,0.001995012510400003
1814,plts_tim605,1,605,solar,0.41372134676848554,0.0,0.41372134676848554,0.10653694586831712
1815,batt_tim605,1,605,battery,0.18828667267845767,0.0,0.18828667267845767,0.0514318342223057
1816,pltd_tim606,1,606,diesel,0.003519007039999989,0.0881,-0.08458099296,0.0010951017391999992
1817,plts_tim606,1,606,solar,0.2306180829383311,0.0,0.2306180829383311,0.0584830750482063
1818,batt_tim606,1,606,battery,0.10336527698266368,0.0,0.10336527698266368,0.02823460788060357
1819,pltd_tim607,1,607,diesel,0.005942989013333363,0.1488,-0.14285701098666662,0.0018494898464000106
1820,plts_tim607,1,607,solar,0.38251245702318976,0.0,0.38251245702318976,0.09876661236739576
1821,batt_tim607,1,607,battery,0.17455431630868148,0.0,0.17455431630868148,0.047681019428103995
1822,pltd_tim608,1,608,diesel,0.0017963484800000036,0.045,-0.04320365152,0.0005590425904000028
1823,plts_tim608,1,608,solar,0.12122553211371208,0.0,0.12122553211371208,0.029854902507279006
1824,batt_tim608,1,608,battery,0.05276941885001192,0.0,0.05276941885001192,0.014412627579918739
1825,pltd_tim609,1,609,diesel,0.0019810886399999903,0.0496,-0.04761891136000001,0.0006165483071999979
1826,plts_tim609,1,609,solar,0.13555231951761615,0.0,0.13555231951761615,0.03292200480401371
1827,batt_tim609,1,609,battery,0.05818985665706292,0.0,0.05818985665706292,0.01589300109200053
1828,pltd_tim610,1,610,diesel,0.003334569493333338,0.0835,-0.08016543050666666,0.0010377397968000005
1829,plts_tim610,1,610,solar,0.22777886751387066,0.0,0.22777886751387066,0.05541582958296646
1830,batt_tim610,1,610,battery,0.09795468555297604,0.0,0.09795468555297604,0.026753813405171443
1831,pltd_tim611,1,611,diesel,0.0035435464533333455,0.0887,-0.08515645354666665,0.001102739377600005
1832,plts_tim611,1,611,solar,0.24339989576890697,0.0,0.24339989576890697,0.05889223637089364
1833,batt_tim611,1,611,battery,0.1040849747930282,0.0,0.1040849747930282,0.028432398562011907
1834,pltd_tim612,1,612,diesel,0.004269680960000009,0.1069,-0.10263031903999999,0.0013288185008000076
1835,plts_tim612,1,612,solar,0.294370829211313,0.0,0.294370829211313,0.07095673290881735
1836,batt_tim612,1,612,battery,0.1254243378474114,0.0,0.1254243378474114,0.03425669771549578
1837,pltd_tim613,1,613,diesel,0.003998794026666664,0.1001,-0.09610120597333333,0.0012444523727999964
1838,plts_tim613,1,613,solar,0.27466951704121917,0.0,0.27466951704121917,0.06645809612620829
1839,batt_tim613,1,613,battery,0.11745724986098671,0.0,0.11745724986098671,0.03208501544766028
1840,pltd_tim614,1,614,diesel,0.002903466346666677,0.0727,-0.06979653365333333,0.0009035739664000031
1841,plts_tim614,1,614,solar,0.1991431505186341,0.0,0.1991431505186341,0.04825879274217753
1842,batt_tim614,1,614,battery,0.08529809811497613,0.0,0.08529809811497613,0.023298051081640795
1843,pltd_tim615,1,615,diesel,0.00355601354666667,0.089,-0.08544398645333333,0.0011066944224000007
1844,plts_tim615,1,615,solar,0.24151421095158376,0.0,0.24151421095158376,0.0590961595804542
1845,batt_tim615,1,615,battery,0.10445304126906704,0.0,0.10445304126906704,0.02852878817197775
1846,pltd_tim616,1,616,diesel,0.006201106239999985,0.1553,-0.14909889376000002,0.0019298761551999977
1847,plts_tim616,1,616,solar,0.4234158553901355,0.0,0.4234158553901355,0.10306084678771454
1848,batt_tim616,1,616,battery,0.18217293938255102,0.0,0.18217293938255102,0.0497539981125187
1849,pltd_tim617,1,617,diesel,0.0061028461866666495,0.1528,-0.14669715381333334,0.001899321849599993
1850,plts_tim617,1,617,solar,0.4121401329640033,0.0,0.4121401329640033,0.10142485483569517
1851,batt_tim617,1,617,battery,0.1792587666049953,0.0,0.1792587666049953,0.04896417765126189
1852,pltd_tim618,1,618,diesel,0.005352172266666666,0.134,-0.12864782773333333,0.0016656820880000087
1853,plts_tim618,1,618,solar,0.3602989683030335,0.0,0.3602989683030335,0.08895159806381457
1854,batt_tim618,1,618,battery,0.1572348613646566,0.0,0.1572348613646566,0.04294445227406162
1855,pltd_tim619,1,619,diesel,0.006410652479999988,0.1605,-0.15408934752,0.0019950125103999983
1856,plts_tim619,1,619,solar,0.43769697950056546,0.0,0.43769697950056546,0.10653700055859758
1857,batt_tim619,1,619,battery,0.18831747889765588,0.0,0.18831747889765588,0.051432135588538715
1858,pltd_tim620,1,620,diesel,0.006853443199999985,0.1716,-0.16474655680000003,0.0021328415360000064
1859,plts_tim620,1,620,solar,0.46794059245151465,0.0,0.46794059245151465,0.11389837923751565
1860,batt_tim620,1,620,battery,0.2013298088889833,0.0,0.2013298088889833,0.05498595044989373
1861,pltd_tim621,1,621,diesel,0.004441774506666664,0.1112,-0.10675822549333333,0.0013823363232000007
1862,plts_tim621,1,621,solar,0.3025305798093596,0.0,0.3025305798093596,0.07381916192877391
1863,batt_tim621,1,621,battery,0.13046754280172487,0.0,0.13046754280172487,0.035636251700981204
1864,pltd_tim622,1,622,diesel,0.0049832047999999775,0.1248,-0.11981679520000002,0.0015508015039999922
1865,plts_tim622,1,622,solar,0.3350517623037069,0.0,0.3350517623037069,0.08281658187093321
1866,batt_tim622,1,622,battery,0.1463705812882991,0.0,0.1463705812882991,0.03998022404520493
1867,pltd_tim623,1,623,diesel,0.0038268235733333105,0.0958,-0.09197317642666669,0.0011909754751999934
1868,plts_tim623,1,623,solar,0.26127324317890027,0.0,0.26127324317890027,0.06359478098620486
1869,batt_tim623,1,623,battery,0.11241137925679984,0.0,0.11241137925679984,0.03070118981336641
1870,pltd_tim624,1,624,diesel,0.003949587093333324,0.0989,-0.09495041290666668,0.0012291986447999991
1871,plts_tim624,1,624,solar,0.26967516090908317,0.0,0.26967516090908317,0.06563993822864224
1872,batt_tim624,1,624,battery,0.11602654627617681,0.0,0.11602654627617681,0.031688493438030645
1873,pltd_tim625,1,625,diesel,0.0024116789333333243,0.0604,-0.05798832106666668,0.0007505202879999957
1874,plts_tim625,1,625,solar,0.16376271923834876,0.0,0.16376271923834876,0.04007923173933503
1875,batt_tim625,1,625,battery,0.07083604873402713,0.0,0.07083604873402713,0.019348704150627307
1876,pltd_tim626,1,626,diesel,0.0030393995733333365,0.0761,-0.07306060042666666,0.0009458959552000048
1877,plts_tim626,1,626,solar,0.20745525018064323,0.0,0.20745525018064323,0.05050795195821599
1878,batt_tim626,1,626,battery,0.08926707998871491,0.0,0.08926707998871491,0.024383896345802795
1879,pltd_tim627,1,627,diesel,0.0025839622400000008,0.0647,-0.06211603775999999,0.0008040790351999985
1880,plts_tim627,1,627,solar,0.1772799047100036,0.0,0.1772799047100036,0.04294203592971403
1881,batt_tim627,1,627,battery,0.07589540431987525,0.0,0.07589540431987525,0.02073039670249505
1882,pltd_tim628,1,628,diesel,0.0028791166933333423,0.0721,-0.06922088330666666,0.0008960192528000039
1883,plts_tim628,1,628,solar,0.19746439911322744,0.0,0.19746439911322744,0.04784969369489113
1884,batt_tim628,1,628,battery,0.08458019248434834,0.0,0.08458019248434834,0.023100404774256327
1885,pltd_tim629,1,629,diesel,0.002251642240000002,0.0564,-0.054148357759999995,0.0007007044351999995
1886,plts_tim629,1,629,solar,0.1539043593703087,0.0,0.1539043593703087,0.03742089576104626
1887,batt_tim629,1,629,battery,0.06614167073611307,0.0,0.06614167073611307,0.018065196789732008
1888,pltd_tim630,1,630,diesel,0.006705853119999993,0.1679,-0.16119414688,0.002086929577600008
1889,plts_tim630,1,630,solar,0.45785953806126867,0.0,0.45785953806126867,0.11144462886048905
1890,batt_tim630,1,630,battery,0.19699179325576233,0.0,0.19699179325576233,0.05380135228905317
1891,pltd_tim631,1,631,diesel,0.003937294293333333,0.0986,-0.09466270570666666,0.0012253739007999994
1892,plts_tim631,1,631,solar,0.2780846936351498,0.0,0.2780846936351498,0.06543527679824888
1893,batt_tim631,1,631,battery,0.11564672760762515,0.0,0.11564672760762515,0.031589371102050644
1894,pltd_tim632,1,632,diesel,0.00383900352,0.0961,-0.09226099648000001,0.0011946623696000012
1895,plts_tim632,1,632,solar,0.2582761489562301,0.0,0.2582761489562301,0.06379959910222265
1896,batt_tim632,1,632,battery,0.11275997633834417,0.0,0.11275997633834417,0.030800493089522624
1897,pltd_tim633,1,633,diesel,0.002620666133333342,0.0656,-0.06297933386666667,0.0008155839440000008
1898,plts_tim633,1,633,solar,0.17824009310190367,0.0,0.17824009310190367,0.043555527675931086
1899,batt_tim633,1,633,battery,0.07697509082178274,0.0,0.07697509082178274,0.02102753299941196
1900,pltd_tim634,1,634,diesel,0.0023684052266666642,0.0487,-0.04633159477333334,0.0009168395488000006
1901,plts_tim634,1,634,solar,0.13719807308991394,0.0,0.13719807308991394,0.03194407347484089
1902,batt_tim634,1,634,battery,0.05604848154165626,0.0,0.05604848154165626,0.015306626151104502
1903,pltd_tim635,1,635,diesel,0.0016486250666666697,0.0413,-0.03965137493333333,0.0005130746319999993
1904,plts_tim635,1,635,solar,0.11307292399244476,0.0,0.11307292399244476,0.027401168125681122
1905,batt_tim635,1,635,battery,0.04843149417366589,0.0,0.04843149417366589,0.013228541862638676
1906,pltd_tim636,1,636,diesel,0.002398344639999995,0.0493,-0.04690165536,0.0009283481871999949
1907,plts_tim636,1,636,solar,0.13992194108401962,0.0,0.13992194108401962,0.032348468406077226
1908,batt_tim636,1,636,battery,0.05674940663305131,0.0,0.05674940663305131,0.015499984300454753
1909,pltd_tim637,1,637,diesel,0.0032973167999999983,0.0826,-0.0793026832,0.001026212263999997
1910,plts_tim637,1,637,solar,0.22389505426365439,0.0,0.22389505426365439,0.05480222364672977
1911,batt_tim637,1,637,battery,0.09686417984346682,0.0,0.09686417984346682,0.026456694664333806
1912,pltd_tim638,1,638,diesel,0.001341131626666669,0.0336,-0.032258868373333326,0.00041734682080000064
1913,plts_tim638,1,638,solar,0.08988966761695646,0.0,0.08988966761695646,0.0222889876277738
1914,batt_tim638,1,638,battery,0.039391265909230797,0.0,0.039391265909230797,0.010760611888495234
1915,pltd_tim639,1,639,diesel,0.0023132855466666694,0.0579,-0.05558671445333333,0.0007198749824000024
1916,plts_tim639,1,639,solar,0.15419438144967215,0.0,0.15419438144967215,0.0384434653829577
1917,batt_tim639,1,639,battery,0.06795411772060364,0.0,0.06795411772060364,0.01855970251327321
1918,pltd_tim640,1,640,diesel,0.0014149548800000077,0.0354,-0.033985045119999995,0.0004404142624000013
1919,plts_tim640,1,640,solar,0.0943890465194266,0.0,0.0943890465194266,0.023515704247007045
1920,batt_tim640,1,640,battery,0.041564423767814614,0.0,0.041564423767814614,0.011352072796628452
1921,pltd_tim641,1,641,diesel,0.0016611845333333241,0.0416,-0.03993881546666667,0.0005169553759999971
1922,plts_tim641,1,641,solar,0.11073703943622291,0.0,0.11073703943622291,0.027605664055085768
1923,batt_tim641,1,641,battery,0.048794095620589284,0.0,0.048794095620589284,0.01332729224004551
1924,pltd_tim642,1,642,diesel,0.006053639253333297,0.1516,-0.14554636074666671,0.001883886121599996
1925,plts_tim642,1,642,solar,0.4063265458021903,0.0,0.4063265458021903,0.1006067903804132
1926,batt_tim642,1,642,battery,0.17781325462256223,0.0,0.17781325462256223,0.04856817054755209
1927,pltd_tim643,1,643,diesel,0.002891599253333342,0.0724,-0.06950840074666667,0.0008998849216000025
1928,plts_tim643,1,643,solar,0.19356422638303933,0.0,0.19356422638303933,0.048053955433124004
1929,batt_tim643,1,643,battery,0.08493087691527296,0.0,0.08493087691527296,0.023197974454677032
1930,pltd_tim644,1,644,diesel,0.006336526613333326,0.1587,-0.15236347338666667,0.0019719342943999964
1931,plts_tim644,1,644,solar,0.42855495369289176,0.0,0.42855495369289176,0.10531052800815348
1932,batt_tim644,1,644,battery,0.18613881757646347,0.0,0.18613881757646347,0.050841805938029026
1933,pltd_tim645,1,645,diesel,0.0023993092266666686,0.0601,-0.057700690773333334,0.0007466594687999987
1934,plts_tim645,1,645,solar,0.16240386618455255,0.0,0.16240386618455255,0.03987489549824349
1935,batt_tim645,1,645,battery,0.0704842146405725,0.0,0.0704842146405725,0.019250943516312652
1936,pltd_tim646,1,646,diesel,0.004983204800000004,0.1248,-0.11981679519999999,0.0015508015040000007
1937,plts_tim646,1,646,solar,0.33343599054848483,0.0,0.33343599054848483,0.08281681564317996
1938,batt_tim646,1,646,battery,0.14637159313023695,0.0,0.14637159313023695,0.039981512227689524
1939,pltd_tim647,1,647,diesel,0.002866726506666665,0.0718,-0.06893327349333334,0.0008921702831999989
1940,plts_tim647,1,647,solar,0.192384617126616,0.0,0.192384617126616,0.04764515145166415
1941,batt_tim647,1,647,battery,0.08421910880788488,0.0,0.08421910880788488,0.023001265695241004
1942,pltd_tim648,1,648,diesel,0.002054968319999998,0.0514,-0.049345031680000005,0.0006394746735999998
1943,plts_tim648,1,648,solar,0.14029815751660105,0.0,0.14029815751660105,0.03414911177740535
1944,batt_tim648,1,648,battery,0.06036266034094869,0.0,0.06036266034094869,0.016485912776894075
1945,pltd_tim649,1,649,diesel,0.002842166613333334,0.0712,-0.06835783338666666,0.0008845584943999998
1946,plts_tim649,1,649,solar,0.19157046471319278,0.0,0.19157046471319278,0.047236169207891136
1947,batt_tim649,1,649,battery,0.0834963283011317,0.0,0.0834963283011317,0.022804141380333463
1948,pltd_tim650,1,650,diesel,0.002116421866666662,0.053,-0.050883578133333336,0.0006586182959999995
1949,plts_tim650,1,650,solar,0.1422999125056471,0.0,0.1422999125056471,0.03517151746669856
1950,batt_tim650,1,650,battery,0.0621658740823591,0.0,0.0621658740823591,0.016979212504870236
1951,pltd_tim651,1,651,diesel,0.0033960230400000035,0.085,-0.08160397696,0.0010568554191999994
1952,plts_tim651,1,651,solar,0.2298154093469896,0.0,0.2298154093469896,0.05643793753340198
1953,batt_tim651,1,651,battery,0.09975478493533854,0.0,0.09975478493533854,0.027245472467983832
1954,pltd_tim652,1,652,diesel,0.0033835866666666603,0.0847,-0.08131641333333334,0.0010529526000000002
1955,plts_tim652,1,652,solar,0.2278261761606073,0.0,0.2278261761606073,0.05623377745411478
1956,batt_tim652,1,652,battery,0.09938766562569959,0.0,0.09938766562569959,0.02714825825652832
1957,pltd_tim653,1,653,diesel,0.003974311039999994,0.0995,-0.09552568896000001,0.0012369186591999987
1958,plts_tim653,1,653,solar,0.2678308805079265,0.0,0.2678308805079265,0.0660488802684417
1959,batt_tim653,1,653,battery,0.11672696941185393,0.0,0.11672696941185393,0.03188668689294235
1960,pltd_tim654,1,654,diesel,0.003875840746666676,0.097,-0.09312415925333332,0.0012062442784000025
1961,plts_tim654,1,654,solar,0.2625071672164101,0.0,0.2625071672164101,0.06441271146450049
1962,batt_tim654,1,654,battery,0.1138577975988122,0.0,0.1138577975988122,0.03109553882285794
1963,pltd_tim655,1,655,diesel,0.002362384853333323,0.0591,-0.05673761514666668,0.0007351664095999991
1964,plts_tim655,1,655,solar,0.15833425390410058,0.0,0.15833425390410058,0.03926142052227553
1965,batt_tim655,1,655,battery,0.0693999236033093,0.0,0.0693999236033093,0.018954543520439123
1966,pltd_tim656,1,656,diesel,0.0012919246933333283,0.0323,-0.031008075306666674,0.0004021630927999983
1967,plts_tim656,1,656,solar,0.0870145534351302,0.0,0.0870145534351302,0.021470838904184022
1968,batt_tim656,1,656,battery,0.03794728509161307,0.0,0.03794728509161307,0.010365259045880726
1969,pltd_tim657,1,657,diesel,0.002448639253333334,0.0613,-0.058851360746666664,0.0007620661215999991
1970,plts_tim657,1,657,solar,0.16718167804579423,0.0,0.16718167804579423,0.040692598767684246
1971,batt_tim657,1,657,battery,0.07192914816202294,0.0,0.07192914816202294,0.019644838691993394
1972,pltd_tim658,1,658,diesel,0.0015132918399999992,0.0379,-0.03638670816,0.0004709486432000011
1973,plts_tim658,1,658,solar,0.10300715516003651,0.0,0.10300715516003651,0.02515189622433767
1974,batt_tim658,1,658,battery,0.04445971776804705,0.0,0.04445971776804705,0.012142885686744063
1975,pltd_tim659,1,659,diesel,0.0019317688533333271,0.0484,-0.04646823114666667,0.0006012127295999982
1976,plts_tim659,1,659,solar,0.13295623138835835,0.0,0.13295623138835835,0.032104290626525714
1977,batt_tim659,1,659,battery,0.05673657525575211,0.0,0.05673657525575211,0.015499206024901067
1978,pltd_tim660,1,660,diesel,0.0031989131733333224,0.0801,-0.07690108682666669,0.0009954818831999998
1979,plts_tim660,1,660,solar,0.2184291961772933,0.0,0.2184291961772933,0.05316634851436939
1980,batt_tim660,1,660,battery,0.09397833607398841,0.0,0.09397833607398841,0.02566677911785635
1981,pltd_tim661,1,661,diesel,0.0023870421333333377,0.0598,-0.05741295786666666,0.0007428234240000024
1982,plts_tim661,1,661,solar,0.16108109410619484,0.0,0.16108109410619484,0.039670290069510575
1983,batt_tim661,1,661,battery,0.07011844072682488,0.0,0.07011844072682488,0.019151064604865667
1984,pltd_tim662,1,662,diesel,0.003703470293333319,0.0927,-0.08899652970666669,0.0011525643807999938
1985,plts_tim662,1,662,solar,0.24913160567552095,0.0,0.24913160567552095,0.061550381084556904
1986,batt_tim662,1,662,battery,0.10878426970552273,0.0,0.10878426970552273,0.02971505668931046
1987,pltd_tim663,1,663,diesel,0.0022764021333333373,0.057,-0.05472359786666667,0.0007084282240000021
1988,plts_tim663,1,663,solar,0.15396411674267457,0.0,0.15396411674267457,0.03782997753822192
1989,batt_tim663,1,663,battery,0.06686040336662116,0.0,0.06686040336662116,0.018263332450160315
1990,pltd_tim664,1,664,diesel,0.0021653621333333297,0.0542,-0.05203463786666667,0.0006738440239999989
1991,plts_tim664,1,664,solar,0.14570747293334227,0.0,0.14570747293334227,0.035989540709380874
1992,batt_tim664,1,664,battery,0.06361636296252574,0.0,0.06361636296252574,0.017374491062067513
1993,pltd_tim665,1,665,diesel,0.0039372942933333386,0.0986,-0.09466270570666666,0.0012253739008000022
1994,plts_tim665,1,665,solar,0.26364320829103743,0.0,0.26364320829103743,0.06543555301029708
1995,batt_tim665,1,665,battery,0.11566621108118783,0.0,0.11566621108118783,0.0315908931455244
1996,pltd_tim666,1,666,diesel,0.004294307520000013,0.1075,-0.10320569247999999,0.0013364302896000048
1997,plts_tim666,1,666,solar,0.2855966885981575,0.0,0.2855966885981575,0.07136540808708407
1998,batt_tim666,1,666,battery,0.12613202050326958,0.0,0.12613202050326958,0.0344522842631862
1999,pltd_tim667,1,667,diesel,0.0024732555733333306,0.0619,-0.059426744426666664,0.0007697118352000009
2000,plts_tim667,1,667,solar,0.16622231459409134,0.0,0.16622231459409134,0.041101714645340875
2001,batt_tim667,1,667,battery,0.072652547951462,0.0,0.072652547951462,0.019842809179230435
2002,pltd_tim668,1,668,diesel,0.005450832320000004,0.1365,-0.13104916768,0.0016963483935999986
2003,plts_tim668,1,668,solar,0.3701942518177067,0.0,0.3701942518177067,0.09058696980220526
2004,batt_tim668,1,668,battery,0.16010290312506278,0.0,0.16010290312506278,0.04373124082896872
2005,pltd_tim669,1,669,diesel,0.0026822427733333245,0.0672,-0.06451775722666667,0.0008346984912000015
2006,plts_tim669,1,669,solar,0.1831444734000493,0.0,0.1831444734000493,0.044577971864932855
2007,batt_tim669,1,669,battery,0.07879713155799094,0.0,0.07879713155799094,0.02152061464994052
2008,pltd_tim670,1,670,diesel,0.0036172670933333354,0.0906,-0.08698273290666667,0.0011257750448000023
2009,plts_tim670,1,670,solar,0.24577216919660136,0.0,0.24577216919660136,0.06011903867140772
2010,batt_tim670,1,670,battery,0.10626089701685036,0.0,0.10626089701685036,0.029024233665352887
2011,pltd_tim671,1,671,diesel,0.0038881540266666693,0.0974,-0.09351184597333333,0.001209973172800006
2012,plts_tim671,1,671,solar,0.2623091749975762,0.0,0.2623091749975762,0.06461754116327376
2013,batt_tim671,1,671,battery,0.11422094447345604,0.0,0.11422094447345604,0.03119529165398983
2014,pltd_tim672,1,672,diesel,0.005327791893333356,0.1334,-0.12807220810666664,0.0016580891488000133
2015,plts_tim672,1,672,solar,0.3618212521604921,0.0,0.3618212521604921,0.08854212443351095
2016,batt_tim672,1,672,battery,0.15647830624194337,0.0,0.15647830624194337,0.0427442612087763
2017,pltd_tim673,1,673,diesel,0.0034821698133333263,0.0872,-0.08371783018666668,0.001083708830399999
2018,plts_tim673,1,673,solar,0.23423315045692575,0.0,0.23423315045692575,0.057869514631994017
2019,batt_tim673,1,673,battery,0.10227913651188417,0.0,0.10227913651188417,0.027938018933400442
2020,pltd_tim674,1,674,diesel,0.0029162924800000046,0.073,-0.07008370752,0.0009075807104000016
2021,plts_tim674,1,674,solar,0.19359282258632207,0.0,0.19359282258632207,0.04846303225108193
2022,batt_tim674,1,674,battery,0.08565963406012628,0.0,0.08565963406012628,0.023396005641916077
2023,pltd_tim675,1,675,diesel,0.0016486250666666708,0.0413,-0.03965137493333333,0.0005130746319999999
2024,plts_tim675,1,675,solar,0.10946994894790786,0.0,0.10946994894790786,0.027401074422430022
2025,batt_tim675,1,675,battery,0.048428950959085976,0.0,0.048428950959085976,0.013228025518682095
2026,pltd_tim676,1,676,diesel,0.006791753706666677,0.1701,-0.16330824629333332,0.0021136171391999995
2027,plts_tim676,1,676,solar,0.4666433517522653,0.0,0.4666433517522653,0.112876413127757
2028,batt_tim676,1,676,battery,0.1994827521858667,0.0,0.1994827521858667,0.054493779283544236
2029,pltd_tim677,1,677,diesel,0.007862167679999992,0.1969,-0.18903783232,0.0024467346064000026
2030,plts_tim677,1,677,solar,0.5368309421577547,0.0,0.5368309421577547,0.13066648585235777
2031,batt_tim677,1,677,battery,0.2309693949940908,0.0,0.2309693949940908,0.0630810042779468
2032,pltd_tim678,1,678,diesel,0.0033463903999999926,0.0838,-0.0804536096,0.0010414169919999996
2033,plts_tim678,1,678,solar,0.22288254573278507,0.0,0.22288254573278507,0.05562041247153059
2034,batt_tim678,1,678,battery,0.09831710676136621,0.0,0.09831710676136621,0.026852461345913396
2035,pltd_tim679,1,679,diesel,0.00345724064,0.0866,-0.08314275936,0.0010759742672000008
2036,plts_tim679,1,679,solar,0.22926259614251232,0.0,0.22926259614251232,0.05746066167619966
2037,batt_tim679,1,679,battery,0.10157108855996225,0.0,0.10157108855996225,0.02774050620894192
2038,pltd_tim680,1,680,diesel,0.0023623848533333215,0.0591,-0.05673761514666668,0.000735166409599998
2039,plts_tim680,1,680,solar,0.1573390089493773,0.0,0.1573390089493773,0.03926141923743648
2040,batt_tim680,1,680,battery,0.06939112857413823,0.0,0.06939112857413823,0.018954536440440643
2041,pltd_tim681,1,681,diesel,0.003801930346666646,0.0952,-0.09139806965333336,0.001183195686399992
2042,plts_tim681,1,681,solar,0.25221093344001705,0.0,0.25221093344001705,0.06318590462245821
2043,batt_tim681,1,681,battery,0.11168324268244306,0.0,0.11168324268244306,0.030503298889437494
2044,pltd_tim682,1,682,diesel,0.005819969066666673,0.1457,-0.13988003093333332,0.0018112257520000083
2045,plts_tim682,1,682,solar,0.3973718215673437,0.0,0.3973718215673437,0.09672167980104265
2046,batt_tim682,1,682,battery,0.17096782449448597,0.0,0.17096782449448597,0.04669364830791208
2047,pltd_tim683,1,683,diesel,0.003531299839999992,0.0884,-0.08486870016000002,0.001098926483200003
2048,plts_tim683,1,683,solar,0.24111197231598547,0.0,0.24111197231598547,0.05868745141096278
2049,batt_tim683,1,683,battery,0.103737875375681,0.0,0.103737875375681,0.028332159375126197
2050,pltd_tim684,1,684,diesel,0.002903466346666679,0.0727,-0.06979653365333333,0.0009035739664000036
2051,plts_tim684,1,684,solar,0.19831078596999396,0.0,0.19831078596999396,0.04825860622271571
2052,batt_tim684,1,684,battery,0.0852921465323202,0.0,0.0852921465323202,0.023297023281689772
2053,pltd_tim685,1,685,diesel,0.003765123839999975,0.0943,-0.09053487616000001,0.0011717360031999952
2054,plts_tim685,1,685,solar,0.2533878705091579,0.0,0.2533878705091579,0.06257246921269312
2055,batt_tim685,1,685,battery,0.1105911553200973,0.0,0.1105911553200973,0.030207146543827775
2056,pltd_tim686,1,686,diesel,0.0022143690666666543,0.0555,-0.05328563093333335,0.0006890697519999973
2057,plts_tim686,1,686,solar,0.14749640299045957,0.0,0.14749640299045957,0.03680777618626216
2058,batt_tim686,1,686,battery,0.06506342884974356,0.0,0.06506342884974356,0.01777012908688213
2059,pltd_tim687,1,687,diesel,0.0022882794666666587,0.0573,-0.055011720533333336,0.0007121883439999967
2060,plts_tim687,1,687,solar,0.15686898586779358,0.0,0.15686898586779358,0.038034267974743546
2061,batt_tim687,1,687,battery,0.0672211672405198,0.0,0.0672211672405198,0.018361211537659728
2062,pltd_tim688,1,688,diesel,0.0012674878933333327,0.0317,-0.030432512106666667,0.000394424228799998
2063,plts_tim688,1,688,solar,0.08573345054063765,0.0,0.08573345054063765,0.021061968920228092
2064,batt_tim688,1,688,battery,0.037224887783413034,0.0,0.037224887783413034,0.010168014519123567
2065,pltd_tim689,1,689,diesel,0.0023379121066666765,0.0585,-0.05616208789333332,0.0007275987711999991
2066,plts_tim689,1,689,solar,0.161382169752943,0.0,0.161382169752943,0.038852327406468205
2067,batt_tim689,1,689,battery,0.06867140067120703,0.0,0.06867140067120703,0.018756704385275803
2068,pltd_tim690,1,690,diesel,0.0017474441599999958,0.0437,-0.04195255584000001,0.0005437506367999991
2069,plts_tim690,1,690,solar,0.12049000711270383,0.0,0.12049000711270383,0.02903696121016796
2070,batt_tim690,1,690,battery,0.05131932343192576,0.0,0.05131932343192576,0.014018245677563046
2071,pltd_tim691,1,691,diesel,0.002214369066666663,0.0555,-0.053285630933333335,0.0006890697519999991
2072,plts_tim691,1,691,solar,0.15270085069053543,0.0,0.15270085069053543,0.03680779667814339
2073,batt_tim691,1,691,battery,0.06506244023541073,0.0,0.06506244023541073,0.01777024200568595
2074,pltd_tim692,1,692,diesel,0.004663208320000004,0.1168,-0.11213679168,0.0014512618736000032
2075,plts_tim692,1,692,solar,0.31840166435683126,0.0,0.31840166435683126,0.07750000773365807
2076,batt_tim692,1,692,battery,0.13699100754618948,0.0,0.13699100754618948,0.03741414000249499
2077,pltd_tim693,1,693,diesel,0.0025345091199999985,0.0635,-0.06096549088,0.0007887434575999983
2078,plts_tim693,1,693,solar,0.17276098673227147,0.0,0.17276098673227147,0.04212408177150704
2079,batt_tim693,1,693,battery,0.07445980213469722,0.0,0.07445980213469722,0.020335819262475234
2080,pltd_tim694,1,694,diesel,0.0020669585066666633,0.0518,-0.04973304149333334,0.0006431626431999983
2081,plts_tim694,1,694,solar,0.14113927924634181,0.0,0.14113927924634181,0.03435385249904047
2082,batt_tim694,1,694,battery,0.060725062357647526,0.0,0.060725062357647526,0.016584834075470897
2083,pltd_tim695,1,695,diesel,0.0024732555733333293,0.0619,-0.059426744426666664,0.0007697118352000009
2084,plts_tim695,1,695,solar,0.17085520735843698,0.0,0.17085520735843698,0.04110174630276886
2085,batt_tim695,1,695,battery,0.07264193897694779,0.0,0.07264193897694779,0.01984298362484925
2086,pltd_tim696,1,696,diesel,0.005450832320000002,0.1365,-0.13104916768,0.001696348393600006
2087,plts_tim696,1,696,solar,0.3699377146308731,0.0,0.3699377146308731,0.09058753918789778
2088,batt_tim696,1,696,battery,0.16012556090426883,0.0,0.16012556090426883,0.043734378381378565
2089,pltd_tim697,1,697,diesel,0.0038881540266666676,0.0974,-0.09351184597333333,0.0012099731728000057
2090,plts_tim697,1,697,solar,0.2700269600183723,0.0,0.2700269600183723,0.06461731553392104
2091,batt_tim697,1,697,battery,0.11419568016336683,0.0,0.11419568016336683,0.03119404834224424
2092,pltd_tim698,1,698,diesel,0.003925047680000003,0.0983,-0.09437495232,0.0012215610063999983
2093,plts_tim698,1,698,solar,0.2694259913661459,0.0,0.2694259913661459,0.06523095519472545
2094,batt_tim698,1,698,battery,0.11528867059520734,0.0,0.11528867059520734,0.0314916852020351
2095,pltd_tim699,1,699,diesel,0.0016486250666666678,0.0413,-0.03965137493333334,0.0005130746319999991
2096,plts_tim699,1,699,solar,0.11277973249966694,0.0,0.11277973249966694,0.027401124631516314
2097,batt_tim699,1,699,battery,0.04842822795629077,0.0,0.04842822795629077,0.013228302191668047
2098,pltd_tim700,1,700,diesel,0.00612746250666667,0.1534,-0.14727253749333333,0.0019069535632000065
2099,plts_tim700,1,700,solar,0.4125441811118628,0.0,0.4125441811118628,0.10183416215427567
2100,batt_tim700,1,700,battery,0.180005950803702,0.0,0.180005950803702,0.04916324163067339
2101,pltd_tim701,1,701,diesel,0.0067426134400000075,0.1688,-0.16205738656,0.0020983704111999903
2102,plts_tim701,1,701,solar,0.45095497064760576,0.0,0.45095497064760576,0.11205782444623008
2103,batt_tim701,1,701,battery,0.19805156864108664,0.0,0.19805156864108664,0.05409600208938022
2104,pltd_tim702,1,702,diesel,0.0033835866666666703,0.0847,-0.08131641333333332,0.001052952600000005
2105,plts_tim702,1,702,solar,0.22527466140046085,0.0,0.22527466140046085,0.056233534867760504
2106,batt_tim702,1,702,battery,0.09938126646785742,0.0,0.09938126646785742,0.027146921504638728
2107,pltd_tim703,1,703,diesel,0.010606084479999984,0.2656,-0.25499391552,0.003300767870399989
2108,plts_tim703,1,703,solar,0.7276083360015254,0.0,0.7276083360015254,0.1762664185463493
2109,batt_tim703,1,703,battery,0.3115518616713555,0.0,0.3115518616713555,0.08509398348396233
2110,pltd_tim704,1,704,diesel,0.0014149548800000114,0.0354,-0.03398504511999999,0.00044041426240000215
2111,plts_tim704,1,704,solar,0.09702444810309578,0.0,0.09702444810309578,0.023515861139479982
2112,batt_tim704,1,704,battery,0.04156422162621013,0.0,0.04156422162621013,0.011352937339526196
2113,pltd_tim705,1,705,diesel,0.002448639253333329,0.0613,-0.05885136074666667,0.0007620661216000003
2114,plts_tim705,1,705,solar,0.1660555968079709,0.0,0.1660555968079709,0.04069272180602475
2115,batt_tim705,1,705,battery,0.07193443169721117,0.0,0.07193443169721117,0.019645516684515543
2116,pltd_tim706,1,706,diesel,0.006878203093333322,0.1722,-0.16532179690666668,0.0021405723248
2117,plts_tim706,1,706,solar,0.4522177070202828,0.0,0.4522177070202828,0.11430716960898392
2118,batt_tim706,1,706,battery,0.20204249330845683,0.0,0.20204249330845683,0.05518232605178856
2119,pltd_tim707,1,707,diesel,0.0036049076266666527,0.0903,-0.08669509237333335,0.0011218663007999954
2120,plts_tim707,1,707,solar,0.24150041252093316,0.0,0.24150041252093316,0.059914352840072675
2121,batt_tim707,1,707,battery,0.10590051463217859,0.0,0.10590051463217859,0.02892424398460047
2122,pltd_tim708,1,708,diesel,0.003937294293333328,0.0986,-0.09466270570666667,0.001225373900800001
2123,plts_tim708,1,708,solar,0.2688348362851045,0.0,0.2688348362851045,0.06543534650558132
2124,batt_tim708,1,708,battery,0.11566464595784476,0.0,0.11566464595784476,0.031589755218497016
2125,pltd_tim709,1,709,diesel,0.006717986879999989,0.1682,-0.16148201312,0.002090702622400002
2126,plts_tim709,1,709,solar,0.4587005781673794,0.0,0.4587005781673794,0.11164928389650837
2127,batt_tim709,1,709,battery,0.1973541438985486,0.0,0.1973541438985486,0.05390015450523453
2128,pltd_tim710,1,710,diesel,0.013546803519999985,0.3392,-0.32565319648,0.004215981369600008
2129,plts_tim710,1,710,solar,0.9249614617431746,0.0,0.9249614617431746,0.22513872831542237
2130,batt_tim710,1,710,battery,0.39796074402115394,0.0,0.39796074402115394,0.10868866337892541
2131,pltd_tim711,1,711,diesel,0.0045277879466666775,0.1134,-0.10887221205333332,0.001409091734400004
2132,plts_tim711,1,711,solar,0.2907415026760681,0.0,0.2907415026760681,0.07525061607268942
2133,batt_tim711,1,711,battery,0.13299321359082478,0.0,0.13299321359082478,0.03632761918698237
2134,pltd_tim712,1,712,diesel,0.008145434560000034,0.2039,-0.19575456543999997,0.002534983628800005
2135,plts_tim712,1,712,solar,0.5604491094307825,0.0,0.5604491094307825,0.13536904480285095
2136,batt_tim712,1,712,battery,0.23929651375046682,0.0,0.23929651375046682,0.0653492900035765
2137,pltd_tim713,1,713,diesel,0.009621976320000019,0.2409,-0.23127802367999997,0.0029944645136000033
2138,plts_tim713,1,713,solar,0.6503259785205104,0.0,0.6503259785205104,0.15990783223659832
2139,batt_tim713,1,713,battery,0.28264025714334023,0.0,0.28264025714334023,0.07719816438390563
2140,pltd_tim714,1,714,diesel,0.014900227946666789,0.3731,-0.3581997720533332,0.004637061934400011
2141,plts_tim714,1,714,solar,1.0078849101385587,0.0,1.0078849101385587,0.24763269693100654
2142,batt_tim714,1,714,battery,0.43769528341102637,0.0,0.43769528341102637,0.11955027421666715
2143,pltd_tim715,1,715,diesel,0.021643041386666565,0.5419,-0.5202569586133334,0.006735530345599972
2144,plts_tim715,1,715,solar,1.4670666438197608,0.0,1.4670666438197608,0.35968995847136886
2145,batt_tim715,1,715,battery,0.635672545517346,0.0,0.635672545517346,0.17364371448100527
2146,pltd_tim716,1,716,diesel,0.017115099626666692,0.4285,-0.4113849003733333,0.005326310460799988
2147,plts_tim716,1,716,solar,1.1676903741244236,0.0,1.1676903741244236,0.28443920097672765
2148,batt_tim716,1,716,battery,0.502681397623562,0.0,0.502681397623562,0.13731487984845964
2149,pltd_tim717,1,717,diesel,0.00916646208,0.2295,-0.22033353792000002,0.0028526885183999917
2150,plts_tim717,1,717,solar,0.6258260410030031,0.0,0.6258260410030031,0.15234200480343094
2151,batt_tim717,1,717,battery,0.2692479102072901,0.0,0.2692479102072901,0.07354576417967226
2152,pltd_tim718,1,718,diesel,0.01758247072000002,0.4402,-0.42261752927999996,0.0054718304256
2153,plts_tim718,1,718,solar,1.1883308155002015,0.0,1.1883308155002015,0.29221034588992456
2154,batt_tim718,1,718,battery,0.5164527324950282,0.0,0.5164527324950282,0.14107007384283832
2155,pltd_tim719,1,719,diesel,0.02299617344000014,0.5758,-0.5528038265599998,0.007156629211200052
2156,plts_tim719,1,719,solar,1.5496713283441779,0.0,1.5496713283441779,0.3821849751068823
2157,batt_tim719,1,719,battery,0.6755204060850822,0.0,0.6755204060850822,0.18451058402359968
2158,pltd_tim720,1,720,diesel,0.017336497493333335,0.4341,-0.41676350250666666,0.005395260236800016
2159,plts_tim720,1,720,solar,1.1881364242215384,0.0,1.1881364242215384,0.2881202333864736
2160,batt_tim720,1,720,battery,0.5092195379869046,0.0,0.5092195379869046,0.13909335131991368
2161,pltd_tim721,1,721,diesel,0.009458297386666628,0.1944,-0.18494170261333337,0.0036614652255999966
2162,plts_tim721,1,721,solar,0.5666478309081748,0.0,0.5666478309081748,0.12757418075985663
2163,batt_tim721,1,721,battery,0.22381938410692206,0.0,0.22381938410692206,0.06112821470110993
2164,pltd_tim722,1,722,diesel,0.006040332053333355,0.1242,-0.11815966794666664,0.0023383918656000083
2165,plts_tim722,1,722,solar,0.37107243785994376,0.0,0.37107243785994376,0.0814778983793707
2166,batt_tim722,1,722,battery,0.14293496502280212,0.0,0.14293496502280212,0.039041645079057295
2167,pltd_tim723,1,723,diesel,0.007270005333333329,0.1494,-0.14212999466666668,0.0028143995599999856
2168,plts_tim723,1,723,solar,0.4187583430695699,0.0,0.4187583430695699,0.09805622798828256
2169,batt_tim723,1,723,battery,0.17203529421986197,0.0,0.17203529421986197,0.04698523197959852
2170,pltd_tim724,1,724,diesel,0.004646453866666664,0.0955,-0.09085354613333334,0.0017986766560000012
2171,plts_tim724,1,724,solar,0.27047912446352623,0.0,0.27047912446352623,0.0626753773486368
2172,batt_tim724,1,724,battery,0.10996066016652775,0.0,0.10996066016652775,0.03003233843180078
2173,pltd_tim725,1,725,diesel,0.004271883520000003,0.0878,-0.08352811648,0.0016537447695999991
2174,plts_tim725,1,725,solar,0.24580815406326098,0.0,0.24580815406326098,0.05762078663885109
2175,batt_tim725,1,725,battery,0.10107909483908553,0.0,0.10107909483908553,0.0276103086465691
2176,pltd_tim726,1,726,diesel,0.0019486078933333303,0.04,-0.03805139210666667,0.0007543068288000001
2177,plts_tim726,1,726,solar,0.11613114189777538,0.0,0.11613114189777538,0.026283132093764393
2178,batt_tim726,1,726,battery,0.04610542621087015,0.0,0.04610542621087015,0.012594145031630876
2179,pltd_tim727,1,727,diesel,0.0035526258133333328,0.073,-0.06944737418666666,0.001375285710400003
2180,plts_tim727,1,727,solar,0.2123550338191656,0.0,0.2123550338191656,0.0479161953742454
2181,batt_tim727,1,727,battery,0.08406504270304588,0.0,0.08406504270304588,0.022959956028931465
2182,pltd_tim728,1,728,diesel,0.0023255321599999984,0.0582,-0.055874467840000004,0.0007236598767999988
2183,plts_tim728,1,728,solar,0.1587805982331885,0.0,0.1587805982331885,0.03864778832598625
2184,batt_tim728,1,728,battery,0.06831450852796882,0.0,0.06831450852796882,0.018657742950770086
2185,pltd_tim729,1,729,diesel,0.006699982826666654,0.1377,-0.13100001717333334,0.0025938061967999996
2186,plts_tim729,1,729,solar,0.4160381063612756,0.0,0.4160381063612756,0.0903732372997033
2187,batt_tim729,1,729,battery,0.15852617004740335,0.0,0.15852617004740335,0.04330200306927359
2188,pltd_tim730,1,730,diesel,0.003042994986666668,0.0625,-0.059457005013333335,0.0011780014736000005
2189,plts_tim730,1,730,solar,0.1836780197449127,0.0,0.1836780197449127,0.041042159590178484
2190,batt_tim730,1,730,battery,0.07199984959084013,0.0,0.07199984959084013,0.019666539674362687
2191,pltd_tim731,1,731,diesel,0.008738357546666672,0.1796,-0.17086164245333335,0.0033828435424000016
2192,plts_tim731,1,731,solar,0.5200291898351982,0.0,0.5200291898351982,0.11786945771689997
2193,batt_tim731,1,731,battery,0.206778081891558,0.0,0.206778081891558,0.05647701126218423
2194,pltd_tim732,1,732,diesel,0.0010826913066666625,0.0271,-0.026017308693333338,0.00033703158719999946
2195,plts_tim732,1,732,solar,0.07392945635261408,0.0,0.07392945635261408,0.01799465792382461
2196,batt_tim732,1,732,battery,0.0318081998283353,0.0,0.0318081998283353,0.008687152649291886
2197,pltd_tim733,1,733,diesel,0.003852363093333309,0.0792,-0.0753476369066667,0.0014913181247999943
2198,plts_tim733,1,733,solar,0.22765716908513808,0.0,0.22765716908513808,0.051959505260870044
2199,batt_tim733,1,733,battery,0.09115936974187189,0.0,0.09115936974187189,0.024896345656452653
2200,pltd_tim734,1,734,diesel,0.0028298995200000143,0.0709,-0.06807010047999999,0.0008806524496000026
2201,plts_tim734,1,734,solar,0.19491034881244187,0.0,0.19491034881244187,0.047031659093033154
2202,batt_tim734,1,734,battery,0.08312256662408249,0.0,0.08312256662408249,0.022704401958884794
2203,pltd_tim735,1,735,diesel,0.005167744960000006,0.1294,-0.12423225503999998,0.0016082022208000033
2204,plts_tim735,1,735,solar,0.3548428439603226,0.0,0.3548428439603226,0.08588394788867254
2205,batt_tim735,1,735,battery,0.1517896517503699,0.0,0.1517896517503699,0.04146124073865593
2206,pltd_tim736,1,736,diesel,0.006053639253333292,0.1516,-0.14554636074666671,0.0018838861215999946
2207,plts_tim736,1,736,solar,0.4133343512196781,0.0,0.4133343512196781,0.10060701340349243
2208,batt_tim736,1,736,battery,0.17783564065766536,0.0,0.17783564065766536,0.048569399497644807
2209,pltd_tim737,1,737,diesel,0.0022023891200000003,0.0551,-0.05289761088,0.0006854248576000007
2210,plts_tim737,1,737,solar,0.15037966168705838,0.0,0.15037966168705838,0.0366029152429129
2211,batt_tim737,1,737,battery,0.06469995906583466,0.0,0.06469995906583466,0.017670551241367967
2212,pltd_tim738,1,738,diesel,0.002227015680000007,0.0558,-0.053572984319999996,0.0006930646464000037
2213,plts_tim738,1,738,solar,0.15546794629003421,0.0,0.15546794629003421,0.03701198132651453
2214,batt_tim738,1,738,battery,0.06542306773614515,0.0,0.06542306773614515,0.01786833041324782
2215,pltd_tim739,1,739,diesel,0.0022143690666666656,0.0555,-0.053285630933333335,0.000689069752
2216,plts_tim739,1,739,solar,0.15628802871571845,0.0,0.15628802871571845,0.036807582646904785
2217,batt_tim739,1,739,battery,0.06504778068500096,0.0,0.06504778068500096,0.017769062604381537
2218,pltd_tim740,1,740,diesel,0.004232777066666673,0.106,-0.10176722293333332,0.0013172505920000036
2219,plts_tim740,1,740,solar,0.29153255202520373,0.0,0.29153255202520373,0.07034336542394562
2220,batt_tim740,1,740,battery,0.12433215920852461,0.0,0.12433215920852461,0.03396086331703386
2221,pltd_tim741,1,741,diesel,0.004700214826666685,0.1177,-0.11299978517333331,0.001462721556800004
2222,plts_tim741,1,741,solar,0.32430619550127016,0.0,0.32430619550127016,0.0781133334461093
2223,batt_tim741,1,741,battery,0.13806489855819107,0.0,0.13806489855819107,0.0377091478493647
2224,pltd_tim742,1,742,diesel,0.001648625066666662,0.0413,-0.039651374933333344,0.000513074631999998
2225,plts_tim742,1,742,solar,0.11361137337179449,0.0,0.11361137337179449,0.027401139656433444
2226,batt_tim742,1,742,battery,0.04842805243465105,0.0,0.04842805243465105,0.013228384985221834
2227,pltd_tim743,1,743,diesel,0.0020983252266666614,0.0431,-0.04100167477333334,0.0008123071487999989
2228,plts_tim743,1,743,solar,0.12046063135771144,0.0,0.12046063135771144,0.028304949411030067
2229,batt_tim743,1,743,battery,0.04965946504472353,0.0,0.04965946504472353,0.013562356303646935
2230,pltd_tim744,1,744,diesel,0.003002249493333323,0.0752,-0.07219775050666669,0.0009343021967999996
2231,plts_tim744,1,744,solar,0.21251498732246238,0.0,0.21251498732246238,0.04989480545794996
2232,batt_tim744,1,744,battery,0.0881938488034669,0.0,0.0881938488034669,0.024088520055861876
2233,pltd_tim745,1,745,diesel,0.002300849173333345,0.0576,-0.05529915082666666,0.0007160981632000012
2234,plts_tim745,1,745,solar,0.15835131667693653,0.0,0.15835131667693653,0.03823890611429252
2235,batt_tim745,1,745,battery,0.06758756213307915,0.0,0.06758756213307915,0.018460982914516123
2236,pltd_tim746,1,746,diesel,0.0018452989866666644,0.0462,-0.04435470101333333,0.0005742763935999999
2237,plts_tim746,1,746,solar,0.12601725829627677,0.0,0.12601725829627677,0.030672962591405496
2238,batt_tim746,1,746,battery,0.05421826237167659,0.0,0.05421826237167659,0.014807806490290726
2239,pltd_tim747,1,747,diesel,0.010113876586666681,0.2532,-0.2430861234133333,0.0031475300416000085
2240,plts_tim747,1,747,solar,0.695432528594324,0.0,0.695432528594324,0.16808779269751475
2241,batt_tim747,1,747,battery,0.29711533037145255,0.0,0.29711533037145255,0.08114950778116355
2242,pltd_tim748,1,748,diesel,0.0047002148266666825,0.1177,-0.11299978517333331,0.0014627215568000047
2243,plts_tim748,1,748,solar,0.3302829638019057,0.0,0.3302829638019057,0.07811370058595991
2244,batt_tim748,1,748,battery,0.13805503236486535,0.0,0.13805503236486535,0.03771117094291668
2245,pltd_tim749,1,749,diesel,0.0030393995733333365,0.0761,-0.07306060042666666,0.0009458959552000033
2246,plts_tim749,1,749,solar,0.20900552156170915,0.0,0.20900552156170915,0.05050792848156476
2247,batt_tim749,1,749,battery,0.08926064987175589,0.0,0.08926064987175589,0.024383766979672542
2248,pltd_tim750,1,750,diesel,0.003039399573333341,0.0761,-0.07306060042666666,0.0009458959552000031
2249,plts_tim750,1,750,solar,0.2128525141034422,0.0,0.2128525141034422,0.05050771941676617
2250,batt_tim750,1,750,battery,0.08925901740246178,0.0,0.08925901740246178,0.024382614945521887
2251,pltd_tim751,1,751,diesel,0.0014516690133333364,0.0364,-0.034948330986666665,0.0004518642464000025
2252,plts_tim751,1,751,solar,0.0993816326010489,0.0,0.0993816326010489,0.024129329564694556
2253,batt_tim751,1,751,battery,0.04264878894693851,0.0,0.04264878894693851,0.011649025302802315
2254,pltd_tim752,1,752,diesel,0.003957243200000002,0.0813,-0.0773427568,0.001531933535999993
2255,plts_tim752,1,752,solar,0.22745439592611427,0.0,0.22745439592611427,0.0533750568733606
2256,batt_tim752,1,752,battery,0.09364461849163262,0.0,0.09364461849163262,0.025576072214080765
2257,pltd_tim753,1,753,diesel,0.0012180911999999957,0.0305,-0.029281908800000003,0.0003790525759999991
2258,plts_tim753,1,753,solar,0.08245104295167317,0.0,0.08245104295167317,0.020244202380504922
2259,batt_tim753,1,753,battery,0.0357841671700173,0.0,0.0357841671700173,0.00977357783324068
2260,pltd_tim754,1,754,diesel,0.002805385813333339,0.0702,-0.06739461418666666,0.0008730385104000019
2261,plts_tim754,1,754,solar,0.19314475950933532,0.0,0.19314475950933532,0.046622792460638704
2262,batt_tim754,1,754,battery,0.08239464440977617,0.0,0.08239464440977617,0.02250778714249459
2263,pltd_tim755,1,755,diesel,0.00410956736,0.1029,-0.09879043264000001,0.001278931572799998
2264,plts_tim755,1,755,solar,0.281959393075208,0.0,0.281959393075208,0.06829811141336738
2265,batt_tim755,1,755,battery,0.12070916788300277,0.0,0.12070916788300277,0.03297110966335984
2266,pltd_tim756,1,756,diesel,0.004134024640000007,0.1035,-0.09936597535999998,0.0012865605872
2267,plts_tim756,1,756,solar,0.29267801510823654,0.0,0.29267801510823654,0.06870743231808872
2268,batt_tim756,1,756,battery,0.12143855517069958,0.0,0.12143855517069958,0.03317065793643476
2269,pltd_tim757,1,757,diesel,0.0056844922666666525,0.1423,-0.13661550773333336,0.0017690636879999961
2270,plts_tim757,1,757,solar,0.38666605439986973,0.0,0.38666605439986973,0.09447245478177145
2271,batt_tim757,1,757,battery,0.16695894656439716,0.0,0.16695894656439716,0.04560828311988639
2272,pltd_tim758,1,758,diesel,0.0029527501866666657,0.0739,-0.07094724981333332,0.000918919769600002
2273,plts_tim758,1,758,solar,0.20284253430047558,0.0,0.20284253430047558,0.0490768295028027
2274,batt_tim758,1,758,battery,0.08674328945837753,0.0,0.08674328945837753,0.023693525771885604
2275,pltd_tim759,1,759,diesel,0.002177911359999998,0.0545,-0.05232208864,0.000677709692799999
2276,plts_tim759,1,759,solar,0.15072081964983017,0.0,0.15072081964983017,0.036194119309862174
2277,batt_tim759,1,759,battery,0.06396855692057955,0.0,0.06396855692057955,0.01747388393133636
2278,pltd_tim760,1,760,diesel,0.01557333941333342,0.3201,-0.30452666058666655,0.006028743638400018
2279,plts_tim760,1,760,solar,0.9006682644372522,0.0,0.9006682644372522,0.2100629824988243
2280,batt_tim760,1,760,battery,0.36854542884411323,0.0,0.36854542884411323,0.10065396590199657
2281,pltd_tim761,1,761,diesel,0.005278338773333349,0.1322,-0.12692166122666665,0.0016426415711999999
2282,plts_tim761,1,761,solar,0.36687562951904057,0.0,0.36687562951904057,0.08772436697503133
2283,batt_tim761,1,761,battery,0.15506220173162297,0.0,0.15506220173162297,0.042349571905795656
2284,pltd_tim762,1,762,diesel,0.003088452693333344,0.0773,-0.07421154730666665,0.0009610915328000022
2285,plts_tim762,1,762,solar,0.21350202140741126,0.0,0.21350202140741126,0.05132568312348447
2286,batt_tim762,1,762,battery,0.09071785650684686,0.0,0.09071785650684686,0.024777283574734292
2287,pltd_tim763,1,763,diesel,0.004626427520000014,0.1158,-0.11117357247999998,0.0014397418896000028
2288,plts_tim763,1,763,solar,0.3214986312946793,0.0,0.3214986312946793,0.07688670123559792
2289,batt_tim763,1,763,battery,0.13590575359262969,0.0,0.13590575359262969,0.037118172866976065
2290,pltd_tim764,1,764,diesel,0.004134024639999991,0.1035,-0.09936597536,0.001286560587199998
2291,plts_tim764,1,764,solar,0.2868522462237631,0.0,0.2868522462237631,0.06870700311329975
2292,batt_tim764,1,764,battery,0.12143059608637671,0.0,0.12143059608637671,0.033168292839212125
2293,pltd_tim765,1,765,diesel,0.004737098240000021,0.1186,-0.11386290175999998,0.0014742733152000068
2294,plts_tim765,1,765,solar,0.32328915429352845,0.0,0.32328915429352845,0.07872721054709961
2295,batt_tim765,1,765,battery,0.13916018045863487,0.0,0.13916018045863487,0.03800828004329695
2296,pltd_tim766,1,766,diesel,0.0026206661333333338,0.0656,-0.06297933386666667,0.0008155839439999998
2297,plts_tim766,1,766,solar,0.17830000357090225,0.0,0.17830000357090225,0.04355539494785448
2298,batt_tim766,1,766,battery,0.07699511225573896,0.0,0.07699511225573896,0.021026801612406425
2299,pltd_tim767,1,767,diesel,0.003998794026666662,0.1001,-0.09610120597333333,0.0012444523727999988
2300,plts_tim767,1,767,solar,0.2694596155454181,0.0,0.2694596155454181,0.06645802058128945
2301,batt_tim767,1,767,battery,0.1174583968333131,0.0,0.1174583968333131,0.03208459916368045
2302,pltd_tim768,1,768,diesel,0.003592753386666664,0.09,-0.08640724661333334,0.0011180561056
2303,plts_tim768,1,768,solar,0.2466450165343438,0.0,0.2466450165343438,0.05971004634684321
2304,batt_tim768,1,768,battery,0.10554478035049919,0.0,0.10554478035049919,0.028826154774400578
2305,pltd_tim769,1,769,diesel,0.002719315946666648,0.0681,-0.06538068405333335,0.0008462631743999957
2306,plts_tim769,1,769,solar,0.18478830035608268,0.0,0.18478830035608268,0.045191409487387035
2307,batt_tim769,1,769,battery,0.07986564231515106,0.0,0.07986564231515106,0.021817010625888963
2308,pltd_tim770,1,770,diesel,0.004146563626666664,0.1038,-0.09965343637333333,0.0012904671808000034
2309,plts_tim770,1,770,solar,0.28181886108923176,0.0,0.28181886108923176,0.06891161388727321
2310,batt_tim770,1,770,battery,0.12181006586672141,0.0,0.12181006586672141,0.03326797279177846
2311,pltd_tim771,1,771,diesel,0.004995338559999995,0.1251,-0.12010466144,0.001554588548800002
2312,plts_tim771,1,771,solar,0.3400668736376258,0.0,0.3400668736376258,0.08302133976585856
2313,batt_tim771,1,771,battery,0.1467222106400694,0.0,0.1467222106400694,0.0400805188068166
2314,pltd_tim772,1,772,diesel,0.002485389333333339,0.0622,-0.05971461066666666,0.0007734988799999996
2315,plts_tim772,1,772,solar,0.16776160517130412,0.0,0.16776160517130412,0.04130629307351143
2316,batt_tim772,1,772,battery,0.0730000378520522,0.0,0.0730000378520522,0.019942115004245375
2317,pltd_tim773,1,773,diesel,0.00354354645333333,0.0887,-0.08515645354666668,0.0011027393776000013
2318,plts_tim773,1,773,solar,0.23974863561773324,0.0,0.23974863561773324,0.05889195991420465
2319,batt_tim773,1,773,battery,0.10407835848082236,0.0,0.10407835848082236,0.0284308751704652
2320,pltd_tim774,1,774,diesel,0.0013534910933333312,0.0339,-0.03254650890666667,0.00042120656480000015
2321,plts_tim774,1,774,solar,0.09197404404126991,0.0,0.09197404404126991,0.02249347760881075
2322,batt_tim774,1,774,battery,0.03976038545169909,0.0,0.03976038545169909,0.010859175196250917
2323,pltd_tim775,1,775,diesel,0.005746002240000025,0.1439,-0.13815399775999998,0.0017881572352000065
2324,plts_tim775,1,775,solar,0.38912646905479353,0.0,0.38912646905479353,0.09549479230891714
2325,batt_tim775,1,775,battery,0.16876674461526647,0.0,0.16876674461526647,0.046101162748312
2326,pltd_tim776,1,776,diesel,0.002103918826666655,0.0527,-0.05059608117333334,0.0006547084767999952
2327,plts_tim776,1,776,solar,0.14365919031059493,0.0,0.14365919031059493,0.034967148363886126
2328,batt_tim776,1,776,battery,0.06180909438148842,0.0,0.06180909438148842,0.016880885059614176
2329,pltd_tim777,1,777,diesel,0.004085007466666666,0.1023,-0.09821499253333334,0.0012713477840000042
2330,plts_tim777,1,777,solar,0.2740297682211066,0.0,0.2740297682211066,0.06788935119375344
2331,batt_tim777,1,777,battery,0.11999646952244088,0.0,0.11999646952244088,0.03277547880449559
2332,pltd_tim778,1,778,diesel,0.0023132855466666603,0.0579,-0.05558671445333334,0.0007198749824000006
2333,plts_tim778,1,778,solar,0.15634473425269338,0.0,0.15634473425269338,0.03844337184400655
2334,batt_tim778,1,778,battery,0.06794898203786245,0.0,0.06794898203786245,0.01855918707467771
2335,pltd_tim779,1,779,diesel,0.003272623573333341,0.0819,-0.07862737642666666,0.0010184534752000027
2336,plts_tim779,1,779,solar,0.2209830204267085,0.0,0.2209830204267085,0.05439342207177326
2337,batt_tim779,1,779,battery,0.09612859419955729,0.0,0.09612859419955729,0.02625967873280051
2338,pltd_tim780,1,780,diesel,0.004626427520000009,0.1158,-0.11117357248,0.0014397418896000041
2339,plts_tim780,1,780,solar,0.3126751018986005,0.0,0.3126751018986005,0.07688677126141996
2340,batt_tim780,1,780,battery,0.1358898297871302,0.0,0.1358898297871302,0.03711855873843304
