ID,Resource,Zone,Village,technology,Total_MW,Start_MW,Change_in_MW,Electricity_GWh
1,pltd_bel1,1,1,diesel,0.011073501760000137,0.2773,-0.26622649823999983,0.0034461666848000076
2,plts_bel1,1,1,solar,0.7644436516753506,0.0,0.7644436516753506,0.18403741642431357
3,batt_bel1,1,1,battery,0.32528617316790576,0.0,0.32528617316790576,0.08884762251792754
4,pltd_bel2,1,2,diesel,0.033786957120000044,0.846,-0.81221304288,0.010514807497600042
5,plts_bel2,1,2,solar,2.319470777899349,0.0,2.319470777899349,0.5615183365296231
6,batt_bel2,1,2,battery,0.9925517069649921,0.0,0.9925517069649921,0.2710835759729294
7,pltd_bel3,1,3,diesel,0.03362735637333338,0.842,-0.8083726436266666,0.010465170419200035
8,plts_bel3,1,3,solar,2.274859116202449,0.0,2.274859116202449,0.5588596900381323
9,batt_bel3,1,3,battery,0.9877285106117958,0.0,0.9877285106117958,0.2697992269575917
10,pltd_bel4,1,4,diesel,0.015540261866666615,0.3891,-0.3735597381333334,0.004836264495999989
11,plts_bel4,1,4,solar,1.0597155947822934,0.0,1.0597155947822934,0.2582661965263454
12,batt_bel4,1,4,battery,0.45651876783180123,0.0,0.45651876783180123,0.12468548196688246
13,pltd_bel5,1,5,diesel,0.01749641109333355,0.4381,-0.42060358890666644,0.005445049164800052
14,plts_bel5,1,5,solar,1.1980612951319887,0.0,1.1980612951319887,0.2907783990805263
15,batt_bel5,1,5,battery,0.513986268824836,0.0,0.513986268824836,0.14037581054976697
16,pltd_bel6,1,6,diesel,0.015380025173333298,0.3851,-0.3697199748266667,0.0047863576431999896
17,plts_bel6,1,6,solar,1.0617269081155738,0.0,1.0617269081155738,0.2556074287907283
18,batt_bel6,1,6,battery,0.4517860003019453,0.0,0.4517860003019453,0.1233994797244594
19,pltd_bel7,1,7,diesel,0.014322037333333188,0.3586,-0.34427796266666677,0.004457141919999985
20,plts_bel7,1,7,solar,0.9746990950333617,0.0,0.9746990950333617,0.23802029037616626
21,batt_bel7,1,7,battery,0.4206750086040646,0.0,0.4206750086040646,0.11490297852783271
22,pltd_bel8,1,8,diesel,0.028311831573333366,0.7089,-0.6805881684266666,0.008810805315199996
23,plts_bel8,1,8,solar,1.9191143728914704,0.0,1.9191143728914704,0.47052124171178855
24,batt_bel8,1,8,battery,0.8315436009759032,0.0,0.8315436009759032,0.22714860509663537
25,pltd_bel9,1,9,diesel,0.02729041429333331,0.6833,-0.6560095857066667,0.008493122500799989
26,plts_bel9,1,9,solar,1.8872624340519781,0.0,1.8872624340519781,0.4535500175839936
27,batt_bel9,1,9,battery,0.8016478765198991,0.0,0.8016478765198991,0.2189620108109983
28,pltd_bel10,1,10,diesel,0.01584755530666676,0.3968,-0.3809524446933332,0.004931817307200017
29,plts_bel10,1,10,solar,1.0940037016490307,0.0,1.0940037016490307,0.2633780050874593
30,batt_bel10,1,10,battery,0.46552030427652163,0.0,0.46552030427652163,0.12715086096640413
31,pltd_bel11,1,11,diesel,0.026367626346666638,0.6602,-0.6338323736533333,0.008205829766400038
32,plts_bel11,1,11,solar,1.8171368010910096,0.0,1.8171368010910096,0.4382127765242692
33,batt_bel11,1,11,battery,0.7744367954802446,0.0,0.7744367954802446,0.21155245221629201
34,pltd_bel12,1,12,diesel,0.011344434879999983,0.284,-0.27265556512,0.003530544662399997
35,plts_bel12,1,12,solar,0.7789634611096176,0.0,0.7789634611096176,0.18853544239800407
36,batt_bel12,1,12,battery,0.33321433396239875,0.0,0.33321433396239875,0.09101708431201806
37,pltd_bel13,1,13,diesel,0.015861079573333298,0.2672,-0.2513389204266667,0.004931340355199982
38,plts_bel13,1,13,solar,1.0773768456859185,0.0,1.0773768456859185,0.2771483297709759
39,batt_bel13,1,13,battery,0.47553919228052755,0.0,0.47553919228052755,0.12634407387236538
40,pltd_bel14,1,14,diesel,0.008206641920000039,0.2055,-0.19729335807999995,0.0025539964016000026
41,plts_bel14,1,14,solar,0.5665375861880292,0.0,0.5665375861880292,0.13639217317692454
42,batt_bel14,1,14,battery,0.24107264740204828,0.0,0.24107264740204828,0.06584600528166143
43,pltd_bel15,1,15,diesel,0.010384110933333303,0.1749,-0.1645158890666667,0.0032285096480000035
44,plts_bel15,1,15,solar,0.7113240765829181,0.0,0.7113240765829181,0.18144632072071482
45,batt_bel15,1,15,battery,0.31132981739833393,0.0,0.31132981739833393,0.0827186795421893
46,pltd_bel16,1,16,diesel,0.019600396586666614,0.4908,-0.4711996034133334,0.006099862641599971
47,plts_bel16,1,16,solar,1.3102335377696326,0.0,1.3102335377696326,0.3257462939760128
48,batt_bel16,1,16,battery,0.5756911180783199,0.0,0.5756911180783199,0.157261773632471
49,pltd_bel17,1,17,diesel,0.013262572266666594,0.2234,-0.21013742773333338,0.004123529087999992
50,plts_bel17,1,17,solar,0.9041978500018317,0.0,0.9041978500018317,0.2317417459982445
51,batt_bel17,1,17,battery,0.39768095261621605,0.0,0.39768095261621605,0.10565146168357652
52,pltd_bel18,1,18,diesel,0.005180314666666674,0.1297,-0.12451968533333334,0.0016121120400000052
53,plts_bel18,1,18,solar,0.3429776190261034,0.0,0.3429776190261034,0.08608839794651402
54,batt_bel18,1,18,battery,0.1521544747479411,0.0,0.1521544747479411,0.04155997570693657
55,pltd_bel19,1,19,diesel,0.008108351146666635,0.203,-0.19489164885333338,0.002523403870400002
56,plts_bel19,1,19,solar,0.5710857987481943,0.0,0.5710857987481943,0.13475583987957054
57,batt_bel19,1,19,battery,0.23816144581627327,0.0,0.23816144581627327,0.0650540546534833
58,pltd_bel20,1,20,diesel,0.0017715988266666385,0.0444,-0.042628401173333365,0.0005513128767999951
59,plts_bel20,1,20,solar,0.12342782661717046,0.0,0.12342782661717046,0.029446212093523213
60,batt_bel20,1,20,battery,0.05204962624013246,0.0,0.05204962624013246,0.014216114398968508
61,pltd_bel21,1,21,diesel,0.006643820053333306,0.1664,-0.1597561799466667,0.0020675991056000004
62,plts_bel21,1,21,solar,0.46252904495460495,0.0,0.46252904495460495,0.11042257218709078
63,batt_bel21,1,21,battery,0.19517117945047763,0.0,0.19517117945047763,0.05330883044618148
64,pltd_bel22,1,22,diesel,0.004724841386666672,0.1183,-0.11357515861333332,0.0014703543455999992
65,plts_bel22,1,22,solar,0.33229949104407297,0.0,0.33229949104407297,0.07852272494317541
66,batt_bel22,1,22,battery,0.13878698902792866,0.0,0.13878698902792866,0.03790895162252293
67,pltd_bel23,1,23,diesel,0.0045651277866666905,0.1143,-0.1097348722133333,0.0014207264176000023
68,plts_bel23,1,23,solar,0.31512020903429816,0.0,0.31512020903429816,0.07586418684846605
69,batt_bel23,1,23,battery,0.1340893301238506,0.0,0.1340893301238506,0.036624864611968226
70,pltd_bel24,1,24,diesel,0.0026822427733333423,0.0672,-0.06451775722666665,0.0008346984912000027
71,plts_bel24,1,24,solar,0.18549340250672447,0.0,0.18549340250672447,0.04457806530088043
72,batt_bel24,1,24,battery,0.07879160031767857,0.0,0.07879160031767857,0.02152112952094326
73,pltd_bel25,1,25,diesel,0.0023832056533333442,0.049,-0.04661679434666666,0.0009225865936000033
74,plts_bel25,1,25,solar,0.13722544220456823,0.0,0.13722544220456823,0.03214624072314079
75,batt_bel25,1,25,battery,0.05639094744532286,0.0,0.05639094744532286,0.015402635755790425
76,pltd_bel26,1,26,diesel,0.00547503317333323,0.1371,-0.13162496682666677,0.0017039854831999892
77,plts_bel26,1,26,solar,0.3833476815002501,0.0,0.3833476815002501,0.090996154606142
78,batt_bel26,1,26,battery,0.16084480690485356,0.0,0.16084480690485356,0.04392992933606183
79,pltd_bel27,1,27,diesel,0.006100662080000149,0.1254,-0.11929933791999986,0.0023617505184001003
80,plts_bel27,1,27,solar,0.353793478590677,0.0,0.353793478590677,0.08228629958201276
81,batt_bel27,1,27,battery,0.14435698389370155,0.0,0.14435698389370155,0.039428717990816556
82,pltd_bel28,1,28,diesel,0.0037156142933333306,0.093,-0.08928438570666666,0.0011563315008000013
83,plts_bel28,1,28,solar,0.26184215045366,0.0,0.26184215045366,0.061754924821292065
84,batt_bel28,1,28,battery,0.10914334334664187,0.0,0.10914334334664187,0.02981379154569479
85,pltd_bel29,1,29,diesel,0.0026452824533333623,0.0662,-0.06355471754666664,0.0008232296576000037
86,plts_bel29,1,29,solar,0.18394621173143128,0.0,0.18394621173143128,0.043964562607436704
87,batt_bel29,1,29,battery,0.07770675885002454,0.0,0.07770675885002454,0.02122521173129609
88,pltd_bel30,1,30,diesel,0.0024733981866722566,0.0508,-0.04832660181332774,0.000957515809600671
89,plts_bel30,1,30,solar,0.1497270490553311,0.0,0.1497270490553311,0.033359038944266506
90,batt_bel30,1,30,battery,0.05851699861662645,0.0,0.05851699861662645,0.015983573841625555
91,pltd_bel31,1,31,diesel,0.00503622464,0.1035,-0.09846377535999999,0.0019496775872000045
92,plts_bel31,1,31,solar,0.29715736757847333,0.0,0.29715736757847333,0.06793195957381934
93,batt_bel31,1,31,battery,0.11916527834481493,0.0,0.11916527834481493,0.03255153097061726
94,pltd_bel32,1,32,diesel,0.00755437290666672,0.1553,-0.14774562709333328,0.0029245271552000105
95,plts_bel32,1,32,solar,0.43684618889195675,0.0,0.43684618889195675,0.10189777821518672
96,batt_bel32,1,32,battery,0.17878745956962555,0.0,0.17878745956962555,0.04882594711390207
97,pltd_bel33,1,33,diesel,0.004466863786666669,0.0918,-0.08733313621333334,0.0017292516975999886
98,plts_bel33,1,33,solar,0.25755488161165335,0.0,0.25755488161165335,0.06024904151214629
99,batt_bel33,1,33,battery,0.10570414849343861,0.0,0.10570414849343861,0.02886920081203937
100,pltd_bel34,1,34,diesel,0.0029527501866666826,0.0739,-0.07094724981333331,0.0009189197696000024
101,plts_bel34,1,34,solar,0.2067400334582839,0.0,0.2067400334582839,0.049076686005427535
102,batt_bel34,1,34,battery,0.08674203253669463,0.0,0.08674203253669463,0.023692735041557982
103,pltd_bel35,1,35,diesel,0.00302681962666666,0.0758,-0.07277318037333334,0.0009419640607999977
104,plts_bel35,1,35,solar,0.21294855094162818,0.0,0.21294855094162818,0.05030343001285643
105,batt_bel35,1,35,battery,0.08890997491514649,0.0,0.08890997491514649,0.02428452788504427
106,pltd_bel36,1,36,diesel,0.002158332159999991,0.0444,-0.04224166784000001,0.0008355618767999943
107,plts_bel36,1,36,solar,0.12394416703839026,0.0,0.12394416703839026,0.029113797047739025
108,batt_bel36,1,36,battery,0.05107913730878369,0.0,0.05107913730878369,0.013950699417511857
109,pltd_bel37,1,37,diesel,0.0037770531199999673,0.0776,-0.07382294688000003,0.0014622005775999894
110,plts_bel37,1,37,solar,0.2172477815490937,0.0,0.2172477815490937,0.05094873383859348
111,batt_bel37,1,37,battery,0.08938153172797622,0.0,0.08938153172797622,0.024412079387149413
112,pltd_bel38,1,38,diesel,0.007719326613333497,0.1587,-0.15098067338666651,0.0029882922944000174
113,plts_bel38,1,38,solar,0.4454516807789132,0.0,0.4454516807789132,0.10412188349582684
114,batt_bel38,1,38,battery,0.18266508935007403,0.0,0.18266508935007403,0.04989243546906248
115,pltd_bel39,1,39,diesel,0.002842166613333274,0.0712,-0.06835783338666672,0.0008845584943999938
116,plts_bel39,1,39,solar,0.19620691049846584,0.0,0.19620691049846584,0.04723617182843027
117,batt_bel39,1,39,battery,0.08348980178529498,0.0,0.08348980178529498,0.022804155820596063
118,pltd_bel40,1,40,diesel,0.0031028890666666437,0.0638,-0.060697110933333354,0.001201223351999998
119,plts_bel40,1,40,solar,0.17931979475133034,0.0,0.17931979475133034,0.04185059513223195
120,batt_bel40,1,40,battery,0.07342510831715167,0.0,0.07342510831715167,0.020052546678736505
121,pltd_bel41,1,41,diesel,0.002755932693333359,0.069,-0.06624406730666664,0.0008576679328000072
122,plts_bel41,1,41,solar,0.1934932178778778,0.0,0.1934932178778778,0.04580497875859623
123,batt_bel41,1,41,battery,0.080959198663049,0.0,0.080959198663049,0.022113405080714757
124,pltd_bel42,1,42,diesel,0.0031004531199999887,0.0776,-0.07449954688000002,0.000964899577599995
125,plts_bel42,1,42,solar,0.21404402814133525,0.0,0.21404402814133525,0.051530470600476705
126,batt_bel42,1,42,battery,0.09108040751798119,0.0,0.09108040751798119,0.02487735561669351
127,pltd_bel43,1,43,diesel,0.005450832319999995,0.1365,-0.13104916768000002,0.0016963483936000032
128,plts_bel43,1,43,solar,0.37983089144677673,0.0,0.37983089144677673,0.09058719755453586
129,batt_bel43,1,43,battery,0.16012271075522727,0.0,0.16012271075522727,0.04373249583920705
130,pltd_bel44,1,44,diesel,0.004269680959999993,0.1069,-0.10263031904,0.0013288185008000092
131,plts_bel44,1,44,solar,0.29886245070661566,0.0,0.29886245070661566,0.07095663800281142
132,batt_bel44,1,44,battery,0.12541465848879138,0.0,0.12541465848879138,0.03425617474385896
133,pltd_bel45,1,45,diesel,0.003235817066666647,0.081,-0.07776418293333336,0.0010070497919999958
134,plts_bel45,1,45,solar,0.22781423546639765,0.0,0.22781423546639765,0.05377988943880895
135,batt_bel45,1,45,battery,0.09505480932868894,0.0,0.09505480932868894,0.025963569240603498
136,pltd_bel46,1,46,diesel,0.00436814101333336,0.1094,-0.10503185898666664,0.0013594008063999993
137,plts_bel46,1,46,solar,0.30307267077248984,0.0,0.30307267077248984,0.07259219370440079
138,batt_bel46,1,46,battery,0.12829690500940294,0.0,0.12829690500940294,0.03504382272097514
139,pltd_bel47,1,47,diesel,0.004515843946666642,0.1131,-0.10858415605333337,0.0014053806143999985
140,plts_bel47,1,47,solar,0.3117226636967053,0.0,0.3117226636967053,0.07504626312589947
141,batt_bel47,1,47,battery,0.13264435815119907,0.0,0.13264435815119907,0.03623001280852507
142,pltd_bel48,1,48,diesel,0.004380141439999964,0.1097,-0.10531985856000003,0.001363208851199999
143,plts_bel48,1,48,solar,0.3030464392809394,0.0,0.3030464392809394,0.07279680744086213
144,batt_bel48,1,48,battery,0.12865914343739143,0.0,0.12865914343739143,0.035142937380217336
145,pltd_bel49,1,49,diesel,0.007985397866666702,0.1999,-0.19191460213333328,0.002485202776000021
146,plts_bel49,1,49,solar,0.5353201977084663,0.0,0.5353201977084663,0.13271126687543816
147,batt_bel49,1,49,battery,0.23455524673112688,0.0,0.23455524673112688,0.06406866487094567
148,pltd_bel50,1,50,diesel,0.009375423573333357,0.2348,-0.22542457642666666,0.0029177704751999958
149,plts_bel50,1,50,solar,0.626672270303633,0.0,0.626672270303633,0.15581866942389644
150,batt_bel50,1,50,battery,0.2753966025782055,0.0,0.2753966025782055,0.07522599258981263
151,pltd_bel51,1,51,diesel,0.005881412373333317,0.1473,-0.14141858762666668,0.0018303262991999992
152,plts_bel51,1,51,solar,0.40483442282387355,0.0,0.40483442282387355,0.09774430696366808
153,batt_bel51,1,51,battery,0.17276313016894423,0.0,0.17276313016894423,0.04718839395892931
154,pltd_bel52,1,52,diesel,0.006398293013333356,0.1602,-0.15380170698666665,0.0019912297663999953
155,plts_bel52,1,52,solar,0.43115492289382745,0.0,0.43115492289382745,0.10633284726955582
156,batt_bel52,1,52,battery,0.1879454943293938,0.0,0.1879454943293938,0.051335157583548056
157,pltd_bel53,1,53,diesel,0.0054875054933333665,0.1374,-0.13191249450666662,0.0017077520768000083
158,plts_bel53,1,53,solar,0.3746893519423872,0.0,0.3746893519423872,0.09120069328269868
159,batt_bel53,1,53,battery,0.16120847811253852,0.0,0.16120847811253852,0.04402836339765435
160,pltd_bel54,1,54,diesel,0.005044735253333347,0.1263,-0.12125526474666665,0.0015699672016000039
161,plts_bel54,1,54,solar,0.33837369141638807,0.0,0.33837369141638807,0.08383950266488273
162,batt_bel54,1,54,battery,0.14819802409047983,0.0,0.14819802409047983,0.04047629099343077
163,pltd_bel55,1,55,diesel,0.00824372533333336,0.2064,-0.19815627466666663,0.002565541160000004
164,plts_bel55,1,55,solar,0.5639863183949799,0.0,0.5639863183949799,0.13700519146113516
165,batt_bel55,1,55,battery,0.24214080658388687,0.0,0.24214080658388687,0.06614025074563022
166,pltd_bel56,1,56,diesel,0.006373512640000008,0.1596,-0.15322648736,0.001983440827200008
167,plts_bel56,1,56,solar,0.4455894877144534,0.0,0.4455894877144534,0.10592325349330964
168,batt_bel56,1,56,battery,0.18719229914930305,0.0,0.18719229914930305,0.05113415017239159
169,pltd_bel57,1,57,diesel,0.006914896746666529,0.1731,-0.16618510325333347,0.0021519151583999823
170,plts_bel57,1,57,solar,0.48411578172100844,0.0,0.48411578172100844,0.11492115437329242
171,batt_bel57,1,57,battery,0.20312126682035495,0.0,0.20312126682035495,0.05548043737776348
172,pltd_bel58,1,58,diesel,0.009892453013333288,0.2477,-0.23780754698666673,0.003078633566400001
173,plts_bel58,1,58,solar,0.676137958924622,0.0,0.676137958924622,0.1644062798624238
174,batt_bel58,1,58,battery,0.29056993477590987,0.0,0.29056993477590987,0.079368566956748
175,pltd_bel59,1,59,diesel,0.0031250334933333175,0.0783,-0.07517496650666668,0.000972471516800004
176,plts_bel59,1,59,solar,0.21806911579107424,0.0,0.21806911579107424,0.05193941399274786
177,batt_bel59,1,59,battery,0.09178996150414351,0.0,0.09178996150414351,0.025073814818237776
178,pltd_bel60,1,60,diesel,0.016881260160000012,0.4227,-0.40581873984,0.005253555316799992
179,plts_bel60,1,60,solar,1.1618880456656173,0.0,1.1618880456656173,0.2805551564220123
180,batt_bel60,1,60,battery,0.4958157069090449,0.0,0.4958157069090449,0.13544582532116312
181,pltd_bel61,1,61,diesel,0.00222701568,0.0558,-0.05357298432,0.000693064646399999
182,plts_bel61,1,61,solar,0.15593436718837225,0.0,0.15593436718837225,0.03701192535942269
183,batt_bel61,1,61,battery,0.06541392114350404,0.0,0.06541392114350404,0.017868022011252153
184,pltd_bel62,1,62,diesel,0.011442905173333294,0.2865,-0.2750570948266667,0.003561219043199988
185,plts_bel62,1,62,solar,0.7824407182962114,0.0,0.7824407182962114,0.19017218725675175
186,batt_bel62,1,62,battery,0.3360857473773392,0.0,0.3360857473773392,0.09181140668410935
187,pltd_bel63,1,63,diesel,0.004515843946666712,0.1131,-0.1085841560533333,0.0014053806144000028
188,plts_bel63,1,63,solar,0.3117226636967053,0.0,0.3117226636967053,0.07504626312589947
189,batt_bel63,1,63,battery,0.13264435815119907,0.0,0.13264435815119907,0.03623001280852507
190,pltd_bel64,1,64,diesel,0.004220284266666644,0.1057,-0.10147971573333336,0.001313432847999997
191,plts_bel64,1,64,solar,0.28697364897001415,0.0,0.28697364897001415,0.07013884474586751
192,batt_bel64,1,64,battery,0.123979346149095,0.0,0.123979346149095,0.03386186084537407
193,pltd_bel65,1,65,diesel,0.0020669585066666624,0.0518,-0.04973304149333334,0.000643162643199998
194,plts_bel65,1,65,solar,0.14379177928858047,0.0,0.14379177928858047,0.03435384278472004
195,batt_bel65,1,65,battery,0.06071218206655616,0.0,0.06071218206655616,0.01658478054551778
196,pltd_bel66,1,66,diesel,0.01786567093333323,0.4473,-0.42943432906666673,0.005560009447999972
197,plts_bel66,1,66,solar,1.2344901517791882,0.0,1.2344901517791882,0.2969134097591492
198,batt_bel66,1,66,battery,0.5247934253914771,0.0,0.5247934253914771,0.14334025470397843
199,pltd_bel67,1,67,diesel,0.014420384533333424,0.3611,-0.34667961546666654,0.004487698376000011
200,plts_bel67,1,67,solar,0.9728880237940063,0.0,0.9728880237940063,0.23965740863270613
201,batt_bel67,1,67,battery,0.42354338235440264,0.0,0.42354338235440264,0.1156986315167243
202,pltd_bel68,1,68,diesel,0.007271663786666674,0.1821,-0.17482833621333332,0.0022630086976000107
203,plts_bel68,1,68,solar,0.4887216652211707,0.0,0.4887216652211707,0.12085134076655248
204,batt_bel68,1,68,battery,0.21360763274241656,0.0,0.21360763274241656,0.05834409033892374
205,pltd_bel69,1,69,diesel,0.013756170239999992,0.3444,-0.33064382976,0.004281112875200026
206,plts_bel69,1,69,solar,0.952780104374718,0.0,0.952780104374718,0.2286159317731581
207,batt_bel69,1,69,battery,0.40405077675407514,0.0,0.40405077675407514,0.11037282835397334
208,pltd_bel70,1,70,diesel,0.0025223394133333183,0.0632,-0.06067766058666669,0.0007849946383999986
209,plts_bel70,1,70,solar,0.17645882777041794,0.0,0.17645882777041794,0.04191955432605693
210,batt_bel70,1,70,battery,0.07408201201659068,0.0,0.07408201201659068,0.0202370821583096
211,pltd_bel71,1,71,diesel,0.005930475733333352,0.1485,-0.14256952426666664,0.001845578951999998
212,plts_bel71,1,71,solar,0.4134505529202045,0.0,0.4134505529202045,0.09856181138240493
213,batt_bel71,1,71,battery,0.17420692082001404,0.0,0.17420692082001404,0.0475804604989605
214,pltd_bel72,1,72,diesel,0.005143061973333315,0.1288,-0.12365693802666668,0.001600640507199991
215,plts_bel72,1,72,solar,0.35504154652095843,0.0,0.35504154652095843,0.08547511504449913
216,batt_bel72,1,72,battery,0.15107736270929664,0.0,0.15107736270929664,0.0412647527380087
217,pltd_bel73,1,73,diesel,0.003937294293333279,0.0986,-0.09466270570666671,0.001225373900799988
218,plts_bel73,1,73,solar,0.2780976322914224,0.0,0.2780976322914224,0.06543524918534646
219,batt_bel73,1,73,battery,0.1156545994861014,0.0,0.1156545994861014,0.03158921894345289
220,pltd_bel74,1,74,diesel,0.028410101866666523,0.7113,-0.6828898981333336,0.008841514696000018
221,plts_bel74,1,74,solar,1.9680431620171492,0.0,1.9680431620171492,0.4721590823112534
222,batt_bel74,1,74,battery,0.8346519777154391,0.0,0.8346519777154391,0.22794954405038642
223,pltd_bel75,1,75,diesel,0.006102846186666667,0.1528,-0.14669715381333331,0.0018993218495999952
224,plts_bel75,1,75,solar,0.4212928005586902,0.0,0.4212928005586902,0.10142497962839586
225,batt_bel75,1,75,battery,0.17926876834778466,0.0,0.17926876834778466,0.04896486531103965
226,pltd_bel76,1,76,diesel,0.0027437527466666685,0.0687,-0.06595624725333332,0.0008539460384000011
227,plts_bel76,1,76,solar,0.19042154268925873,0.0,0.19042154268925873,0.045600455823812745
228,batt_bel76,1,76,battery,0.08059901923318899,0.0,0.08059901923318899,0.022015072636568163
229,pltd_bel77,1,77,diesel,0.012574803413333386,0.3149,-0.3023251965866666,0.003913434358399996
230,plts_bel77,1,77,solar,0.8155169723823763,0.0,0.8155169723823763,0.20898488848757954
231,batt_bel77,1,77,battery,0.3693695459005625,0.0,0.3693695459005625,0.10089321556794979
232,pltd_bel78,1,78,diesel,0.003986424319999973,0.0998,-0.09581357568000003,0.0012405915535999895
233,plts_bel78,1,78,solar,0.27940408978959497,0.0,0.27940408978959497,0.06625342103888923
234,batt_bel78,1,78,battery,0.11709364745000062,0.0,0.11709364745000062,0.03198465474402922
235,pltd_bel79,1,79,diesel,0.002645282453333384,0.0662,-0.06355471754666661,0.0008232296576000085
236,plts_bel79,1,79,solar,0.18401785844606203,0.0,0.18401785844606203,0.04396440737335787
237,batt_bel79,1,79,battery,0.07769583116213252,0.0,0.07769583116213252,0.02122435632684077
238,pltd_bel80,1,80,diesel,0.004306431039999966,0.1078,-0.10349356896000005,0.0013402792592000022
239,plts_bel80,1,80,solar,0.28635851132794876,0.0,0.28635851132794876,0.07157000156221455
240,batt_bel80,1,80,battery,0.1264858700201205,0.0,0.1264858700201205,0.03455170565133656
241,pltd_bel81,1,81,diesel,0.006681359893333304,0.1673,-0.1606186401066667,0.002079226788799998
242,plts_bel81,1,81,solar,0.45993759824078695,0.0,0.45993759824078695,0.11103590519024215
243,batt_bel81,1,81,battery,0.1962430488218992,0.0,0.1962430488218992,0.05360464992618033
244,pltd_kup82,1,82,diesel,0.0266631295999999,0.6676,-0.6409368704,0.008297785608000001
245,plts_kup82,1,82,solar,1.774771880382545,0.0,1.774771880382545,0.4431204756568486
246,batt_kup82,1,82,battery,0.783228725974971,0.0,0.783228725974971,0.21392211859484303
247,pltd_kup83,1,83,diesel,0.014641685013333414,0.3666,-0.3519583149866666,0.004556672926400006
248,plts_kup83,1,83,solar,0.9746094644932306,0.0,0.9746094644932306,0.24333792400530707
249,batt_kup83,1,83,battery,0.4301068702768297,0.0,0.4301068702768297,0.11747454470701084
250,pltd_kup84,1,84,diesel,0.01929232362666666,0.4831,-0.4638076763733333,0.0060040529807999935
251,plts_kup84,1,84,solar,1.2841917483252463,0.0,1.2841917483252463,0.3206335546027818
252,batt_kup84,1,84,battery,0.5667301927187783,0.0,0.5667301927187783,0.15479000441369561
253,pltd_kup85,1,85,diesel,0.0029527501866666557,0.0739,-0.07094724981333334,0.0009189197695999995
254,plts_kup85,1,85,solar,0.19656010298015825,0.0,0.19656010298015825,0.04907662450299654
255,batt_kup85,1,85,battery,0.08674420248399006,0.0,0.08674420248399006,0.023692396137537163
256,pltd_kup86,1,86,diesel,0.018690168106666686,0.468,-0.44930983189333334,0.0058165696512000094
257,plts_kup86,1,86,solar,1.2440595505310639,0.0,1.2440595505310639,0.31061360392966675
258,batt_kup86,1,86,battery,0.5490188458228545,0.0,0.5490188458228545,0.149952696148734
259,pltd_kup87,1,87,diesel,0.017090570453333485,0.4279,-0.4108094295466665,0.005318764897600032
260,plts_kup87,1,87,solar,1.1375899232124769,0.0,1.1375899232124769,0.2840304973448431
261,batt_kup87,1,87,battery,0.502033054425975,0.0,0.502033054425975,0.13711934714846255
262,pltd_kup88,1,88,diesel,0.007899061333333336,0.1978,-0.18990093866666666,0.0024582874400000065
263,plts_kup88,1,88,solar,0.5257978550221062,0.0,0.5257978550221062,0.13127980137798903
264,batt_kup88,1,88,battery,0.23204109520227173,0.0,0.23204109520227173,0.0633770478824602
265,pltd_kup89,1,89,diesel,0.03765060767999977,0.9427,-0.9050493923200003,0.011717272806399965
266,plts_kup89,1,89,solar,2.506137806002092,0.0,2.506137806002092,0.6257259958353855
267,batt_kup89,1,89,battery,1.1059895675549505,0.0,1.1059895675549505,0.30207724301567307
268,pltd_kup90,1,90,diesel,0.012070461760000012,0.3022,-0.29012953824,0.00375643048480001
269,plts_kup90,1,90,solar,0.803438254177974,0.0,0.803438254177974,0.20060042253434052
270,batt_kup90,1,90,battery,0.35456773689729965,0.0,0.35456773689729965,0.09684244310547227
271,pltd_kup91,1,91,diesel,0.01143043807999997,0.2862,-0.27476956192,0.003557228998399989
272,plts_kup91,1,91,solar,0.7608508217524863,0.0,0.7608508217524863,0.18996727604507987
273,batt_kup91,1,91,battery,0.3357732905234051,0.0,0.3357732905234051,0.0917091484687586
274,pltd_kup92,1,92,diesel,0.009633956266666629,0.2412,-0.23156604373333337,0.0029981444079999783
275,plts_kup92,1,92,solar,0.6412769245370287,0.0,0.6412769245370287,0.16011231703123235
276,batt_kup92,1,92,battery,0.28300338248110557,0.0,0.28300338248110557,0.07729628665993642
277,pltd_kup93,1,93,diesel,0.043064120639999995,1.0783,-1.03523587936,0.013402051667200066
278,plts_kup93,1,93,solar,2.8664987521198624,0.0,2.8664987521198624,0.7156998405925835
279,batt_kup93,1,93,battery,1.265021594368583,0.0,1.265021594368583,0.3455133207023508
280,pltd_kup94,1,94,diesel,0.006324192853333282,0.1583,-0.15197580714666672,0.001968133249599988
281,plts_kup94,1,94,solar,0.42096568847673255,0.0,0.42096568847673255,0.10510560486693633
282,batt_kup94,1,94,battery,0.18577744848057848,0.0,0.18577744848057848,0.050741102048413526
283,pltd_kup95,1,95,diesel,0.0021164218666666515,0.053,-0.05088357813333335,0.0006586182959999992
284,plts_kup95,1,95,solar,0.13740025834868258,0.0,0.13740025834868258,0.035171610369790614
285,batt_kup95,1,95,battery,0.062167231000993015,0.0,0.062167231000993015,0.016979724439617008
286,pltd_kup96,1,96,diesel,0.002165362133333322,0.0542,-0.05203463786666668,0.000673844023999999
287,plts_kup96,1,96,solar,0.14157345387844192,0.0,0.14157345387844192,0.03598959221018932
288,batt_kup96,1,96,battery,0.06360923123429985,0.0,0.06360923123429985,0.01737477485298069
289,pltd_kup97,1,97,diesel,0.004035810773333317,0.101,-0.09696418922666669,0.0012559831311999923
290,plts_kup97,1,97,solar,0.2635076208013331,0.0,0.2635076208013331,0.06707108562674097
291,batt_kup97,1,97,battery,0.11853636524935733,0.0,0.11853636524935733,0.03237852370782048
292,pltd_kup98,1,98,diesel,0.0020914362666666583,0.0524,-0.050308563733333346,0.0006509408079999978
293,plts_kup98,1,98,solar,0.13639461546119308,0.0,0.13639461546119308,0.03476264818005977
294,batt_kup98,1,98,battery,0.06144105158892622,0.0,0.06144105158892622,0.016782348600870987
295,pltd_kup99,1,99,diesel,0.002227015680000009,0.0558,-0.053572984319999996,0.0006930646464000015
296,plts_kup99,1,99,solar,0.14486162472736544,0.0,0.14486162472736544,0.03701190959252584
297,batt_kup99,1,99,battery,0.0654125892948976,0.0,0.0654125892948976,0.017867935129080997
298,pltd_kup100,1,100,diesel,0.008981885973333307,0.2249,-0.2159181140266667,0.0027952490272000006
299,plts_kup100,1,100,solar,0.5870003407834357,0.0,0.5870003407834357,0.14927414869399672
300,batt_kup100,1,100,battery,0.26381572406510895,0.0,0.26381572406510895,0.07206179464076098
301,pltd_kup101,1,101,diesel,0.0047985979733333566,0.1201,-0.11530140202666664,0.0014933657872000018
302,plts_kup101,1,101,solar,0.31452607545472405,0.0,0.31452607545472405,0.07974957395748959
303,batt_kup101,1,101,battery,0.14095229506811707,0.0,0.14095229506811707,0.038501103509799905
304,pltd_kup102,1,102,diesel,0.005856719146666712,0.1466,-0.1407432808533333,0.0018226655103999961
305,plts_kup102,1,102,solar,0.3869937259461037,0.0,0.3869937259461037,0.09733537207005295
306,batt_kup102,1,102,battery,0.17202201998275124,0.0,0.17202201998275124,0.046990720531870894
307,pltd_kup103,1,103,diesel,0.0071241403733332785,0.1784,-0.17127585962666672,0.0022170337391999987
308,plts_kup103,1,103,solar,0.46974547968881064,0.0,0.46974547968881064,0.11839781506258631
309,batt_kup103,1,103,battery,0.20926012911319786,0.0,0.20926012911319786,0.057160807366093504
310,pltd_kup104,1,104,diesel,0.008366991466666697,0.2095,-0.2011330085333333,0.002603901104000001
311,plts_kup104,1,104,solar,0.5508644380409932,0.0,0.5508644380409932,0.13905047097788628
312,batt_kup104,1,104,battery,0.24577721870935626,0.0,0.24577721870935626,0.06712975329497742
313,pltd_kup105,1,105,diesel,0.004798597973333285,0.1201,-0.11530140202666671,0.0014933657871999953
314,plts_kup105,1,105,solar,0.31363171430330594,0.0,0.31363171430330594,0.07974971750851745
315,batt_kup105,1,105,battery,0.14096185215442364,0.0,0.14096185215442364,0.03850189453577657
316,pltd_kup106,1,106,diesel,0.0031374903466666695,0.0786,-0.07546250965333333,0.0009764674863999933
317,plts_kup106,1,106,solar,0.20568324306131155,0.0,0.20568324306131155,0.05214385361522758
318,batt_kup106,1,106,battery,0.09216136582668967,0.0,0.09216136582668967,0.02517335273709376
319,pltd_kup107,1,107,diesel,0.0031989131733333605,0.0801,-0.07690108682666665,0.0009954818832000065
320,plts_kup107,1,107,solar,0.20893858810350066,0.0,0.20893858810350066,0.05316648837075749
321,batt_kup107,1,107,battery,0.09398059097210343,0.0,0.09398059097210343,0.025667549784828297
322,pltd_kup108,1,108,diesel,0.0045523016533333665,0.114,-0.10944769834666664,0.001416719673600018
323,plts_kup108,1,108,solar,0.30303016877672095,0.0,0.30303016877672095,0.07565973201372367
324,batt_kup108,1,108,battery,0.133731276962251,0.0,0.133731276962251,0.03652572351660658
325,pltd_kup109,1,109,diesel,0.005290682773333303,0.1325,-0.1272093172266667,0.0016465906911999918
326,plts_kup109,1,109,solar,0.34289426082132474,0.0,0.34289426082132474,0.08792890056112485
327,batt_kup109,1,109,battery,0.15542918435062048,0.0,0.15542918435062048,0.04244925372374853
328,pltd_kup110,1,110,diesel,0.003666663786666706,0.0918,-0.0881333362133333,0.0011411046976000008
329,plts_kup110,1,110,solar,0.24114011624602583,0.0,0.24114011624602583,0.06093702642284089
330,batt_kup110,1,110,battery,0.10770195195515328,0.0,0.10770195195515328,0.029419349299096162
331,pltd_kup111,1,111,diesel,0.006361209600000011,0.1593,-0.1529387904,0.001979671008000004
332,plts_kup111,1,111,solar,0.42255447597847356,0.0,0.42255447597847356,0.10571930313990469
333,batt_kup111,1,111,battery,0.1868504905104745,0.0,0.1868504905104745,0.05103859308584985
334,pltd_kup112,1,112,diesel,0.007050163306666553,0.1765,-0.16944983669333344,0.002194048147199991
335,plts_kup112,1,112,solar,0.4779446449659922,0.0,0.4779446449659922,0.11717017065784385
336,batt_kup112,1,112,battery,0.2071001104439425,0.0,0.2071001104439425,0.056564530706960686
337,pltd_kup113,1,113,diesel,0.01012615391999997,0.2535,-0.24337384608000004,0.0031513531615999938
338,plts_kup113,1,113,solar,0.6663999228368693,0.0,0.6663999228368693,0.16829145427966438
339,batt_kup113,1,113,battery,0.29746214961247586,0.0,0.29746214961247586,0.08124330445238391
340,pltd_kup114,1,114,diesel,0.005069284906666685,0.1269,-0.12183071509333333,0.0015776409152000038
341,plts_kup114,1,114,solar,0.33509184288769384,0.0,0.33509184288769384,0.08424789622512563
342,batt_kup114,1,114,battery,0.14891120706128977,0.0,0.14891120706128977,0.04067093695033607
343,pltd_kup115,1,115,diesel,0.005106209279999978,0.1279,-0.12279379072000003,0.001589133974400002
344,plts_kup115,1,115,solar,0.33542493211274443,0.0,0.33542493211274443,0.08486135666459052
345,batt_kup115,1,115,battery,0.14996744809494628,0.0,0.14996744809494628,0.040967256844020764
346,pltd_kup116,1,116,diesel,0.005229613973333371,0.1309,-0.1256703860266666,0.0016274244672000004
347,plts_kup116,1,116,solar,0.3462357200171893,0.0,0.3462357200171893,0.08690624952797359
348,batt_kup116,1,116,battery,0.15359998229115585,0.0,0.15359998229115585,0.04195482466090438
349,pltd_kup117,1,117,diesel,0.007678186559999865,0.1922,-0.18452181344000015,0.0023894345887999807
350,plts_kup117,1,117,solar,0.5107711908751833,0.0,0.5107711908751833,0.1275986471745967
351,batt_kup117,1,117,battery,0.22550511218628097,0.0,0.22550511218628097,0.06159786077955072
352,pltd_kup118,1,118,diesel,0.005462878933333339,0.1368,-0.13133712106666667,0.0017001192880000064
353,plts_kup118,1,118,solar,0.36167612825183115,0.0,0.36167612825183115,0.09079170616471088
354,batt_kup118,1,118,battery,0.1604779748482638,0.0,0.1604779748482638,0.043831019359209016
355,pltd_kup119,1,119,diesel,0.00460186762666662,0.1152,-0.11059813237333338,0.001432130100799994
356,plts_kup119,1,119,solar,0.30498289727421024,0.0,0.30498289727421024,0.07647752729891115
357,batt_kup119,1,119,battery,0.13517691059259795,0.0,0.13517691059259795,0.036919992244241785
358,pltd_kup120,1,120,diesel,0.005536825280000036,0.1386,-0.13306317471999995,0.001723087654400004
359,plts_kup120,1,120,solar,0.3627090785157109,0.0,0.3627090785157109,0.09201855138755928
360,batt_kup120,1,120,battery,0.16264715550630635,0.0,0.16264715550630635,0.04442295156454641
361,pltd_kup121,1,121,diesel,0.007640810773333427,0.1913,-0.18365918922666657,0.002377873131199994
362,plts_kup121,1,121,solar,0.4965284041678342,0.0,0.4965284041678342,0.1269857289978753
363,batt_kup121,1,121,battery,0.22445423367618875,0.0,0.22445423367618875,0.06130442208625843
364,pltd_kup122,1,122,diesel,0.00572114997333326,0.1433,-0.13757885002666675,0.0017805497471999896
365,plts_kup122,1,122,solar,0.37419629166700935,0.0,0.37419629166700935,0.09508570841762641
366,batt_kup122,1,122,battery,0.16804696362522514,0.0,0.16804696362522514,0.045902961991595666
367,pltd_kup123,1,123,diesel,0.005352172266666671,0.134,-0.12864782773333333,0.0016656820880000041
368,plts_kup123,1,123,solar,0.3574516106873015,0.0,0.3574516106873015,0.08895143114610547
369,batt_kup123,1,123,battery,0.15720436631620985,0.0,0.15720436631620985,0.04294353248793546
370,pltd_kup124,1,124,diesel,0.005598201919999925,0.1402,-0.13460179808000006,0.0017422092015999947
371,plts_kup124,1,124,solar,0.37463420314849394,0.0,0.37463420314849394,0.09304108337559626
372,batt_kup124,1,124,battery,0.1644630852619628,0.0,0.1644630852619628,0.04491713419100844
373,pltd_kup125,1,125,diesel,0.0078009808000000175,0.1953,-0.18749901919999998,0.002427709984000007
374,plts_kup125,1,125,solar,0.5166383212118882,0.0,0.5166383212118882,0.12964350295515487
375,batt_kup125,1,125,battery,0.22911994280227316,0.0,0.22911994280227316,0.06258506391471806
376,pltd_kup126,1,126,diesel,0.005980051946666746,0.1497,-0.14371994805333324,0.0018610184544000092
377,plts_kup126,1,126,solar,0.3992070342377357,0.0,0.3992070342377357,0.09937977331196786
378,batt_kup126,1,126,battery,0.17565656793883047,0.0,0.17565656793883047,0.04797573057717301
379,pltd_kup127,1,127,diesel,0.010322874026666616,0.2585,-0.24817712597333338,0.0032125947727999937
380,plts_kup127,1,127,solar,0.6915308928983377,0.0,0.6915308928983377,0.1715634703142514
381,batt_kup127,1,127,battery,0.30324306779428367,0.0,0.30324306779428367,0.08282400960468925
382,pltd_kup128,1,128,diesel,0.008920263146666616,0.2234,-0.21447973685333338,0.0027761646304000154
383,plts_kup128,1,128,solar,0.5837049987150228,0.0,0.5837049987150228,0.14825232012029743
384,batt_kup128,1,128,battery,0.2620764431560271,0.0,0.2620764431560271,0.07157200141790579
385,pltd_kup129,1,129,diesel,0.007764097386666644,0.1944,-0.18663590261333335,0.002416228225600004
386,plts_kup129,1,129,solar,0.5237987574138362,0.0,0.5237987574138362,0.12903054479405562
387,batt_kup129,1,129,battery,0.22803442859687226,0.0,0.22803442859687226,0.06229161262914456
388,pltd_kup130,1,130,diesel,0.006225819946666635,0.1559,-0.14967418005333338,0.0019375040943999994
389,plts_kup130,1,130,solar,0.4100153888489031,0.0,0.4100153888489031,0.10346980056163
390,batt_kup130,1,130,battery,0.18287504122390924,0.0,0.18287504122390924,0.04995120883374872
391,pltd_kup131,1,131,diesel,0.007210200000000005,0.1805,-0.1732898,0.002243822000000001
392,plts_kup131,1,131,solar,0.4729368877826918,0.0,0.4729368877826918,0.1198291267803957
393,batt_kup131,1,131,battery,0.21177695518644135,0.0,0.21177695518644135,0.05785141674822225
394,pltd_kup132,1,132,diesel,0.005881412373333329,0.1473,-0.14141858762666665,0.0018303262991999944
395,plts_kup132,1,132,solar,0.3999495792605141,0.0,0.3999495792605141,0.09774443223155617
396,batt_kup132,1,132,battery,0.17275313913471885,0.0,0.17275313913471885,0.04718908423718766
397,pltd_kup133,1,133,diesel,0.00489738111999999,0.1226,-0.11770261888000001,0.0015240450175999954
398,plts_kup133,1,133,solar,0.3158245647554064,0.0,0.3158245647554064,0.08138510560334825
399,batt_kup133,1,133,battery,0.14384390749643314,0.0,0.14384390749643314,0.03928892158835038
400,pltd_kup134,1,134,diesel,0.007653200959999941,0.1916,-0.18394679904000005,0.0023817991007999977
401,plts_kup134,1,134,solar,0.49672856342647176,0.0,0.49672856342647176,0.1271904364826193
402,batt_kup134,1,134,battery,0.2248159818446668,0.0,0.2248159818446668,0.06140508888155006
403,pltd_kup135,1,135,diesel,0.011356748159999985,0.2844,-0.27304325184,0.0035342735568000007
404,plts_kup135,1,135,solar,0.7280271911799236,0.0,0.7280271911799236,0.18873983614895684
405,batt_kup135,1,135,battery,0.33356862624790284,0.0,0.33356862624790284,0.09111443488901409
406,pltd_kup136,1,136,diesel,0.00553682527999997,0.1386,-0.13306317472000004,0.0017230876543999905
407,plts_kup136,1,136,solar,0.3561570208892996,0.0,0.3561570208892996,0.09201842462329721
408,batt_kup136,1,136,battery,0.1626585056561411,0.0,0.1626585056561411,0.04442225304064395
409,pltd_kup137,1,137,diesel,0.002448639253333338,0.0613,-0.058851360746666664,0.000762066121600001
410,plts_kup137,1,137,solar,0.16298067795823434,0.0,0.16298067795823434,0.040692596383773295
411,batt_kup137,1,137,battery,0.07192532568983609,0.0,0.07192532568983609,0.0196448255556507
412,pltd_kup138,1,138,diesel,0.0023623848533333267,0.0591,-0.05673761514666667,0.0007351664096000013
413,plts_kup138,1,138,solar,0.16550789443930106,0.0,0.16550789443930106,0.03926144152323061
414,batt_kup138,1,138,battery,0.06939854244906718,0.0,0.06939854244906718,0.01895465924445206
415,pltd_kup139,1,139,diesel,0.008231335146666706,0.2061,-0.1978686648533333,0.002561671190400002
416,plts_kup139,1,139,solar,0.5512654137350185,0.0,0.5512654137350185,0.13680120720956027
417,batt_kup139,1,139,battery,0.2418160159937614,0.0,0.2418160159937614,0.06604380070394773
418,pltd_kup140,1,140,diesel,0.001587181760000003,0.0397,-0.03811281824,0.0004939740848
419,plts_kup140,1,140,solar,0.10864558792906563,0.0,0.10864558792906563,0.026378760035461135
420,batt_kup140,1,140,battery,0.046624700101867374,0.0,0.046624700101867374,0.012735003391855603
421,pltd_kup141,1,141,diesel,0.0043168131199996145,0.0887,-0.08438318688000039,0.0016710903775997103
422,plts_kup141,1,141,solar,0.2562250437507743,0.0,0.2562250437507743,0.058227509886493146
423,batt_kup141,1,141,battery,0.10214123316857929,0.0,0.10214123316857929,0.027901329486511535
424,pltd_kup142,1,142,diesel,0.005920574613320281,0.1217,-0.11577942538667972,0.0022920003343984297
425,plts_kup142,1,142,solar,0.35852270268447745,0.0,0.35852270268447745,0.07986053490917726
426,batt_kup142,1,142,battery,0.14009840631384296,0.0,0.14009840631384296,0.03826716702969595
427,pltd_kup143,1,143,diesel,0.0062998227199999686,0.1577,-0.15140017728000005,0.0019605553855999995
428,plts_kup143,1,143,solar,0.4196346895192708,0.0,0.4196346895192708,0.10469681245779877
429,batt_kup143,1,143,battery,0.18504333820888158,0.0,0.18504333820888158,0.05054451642872858
430,pltd_kup144,1,144,diesel,0.004724841386666669,0.1183,-0.11357515861333334,0.0014703543455999923
431,plts_kup144,1,144,solar,0.3246652485999311,0.0,0.3246652485999311,0.07852258238328369
432,batt_kup144,1,144,battery,0.1387976464743969,0.0,0.1387976464743969,0.037908166058119565
433,pltd_kup145,1,145,diesel,0.004811034346666688,0.1205,-0.11568896565333331,0.0014972476064000072
434,plts_kup145,1,145,solar,0.31971871851128986,0.0,0.31971871851128986,0.07995366526499814
435,batt_kup145,1,145,battery,0.1413111233894,0.0,0.1413111233894,0.038597900187183676
436,pltd_kup146,1,146,diesel,0.004232777066666737,0.106,-0.10176722293333326,0.0013172505920000122
437,plts_kup146,1,146,solar,0.28702546137132334,0.0,0.28702546137132334,0.0703433048483164
438,batt_kup146,1,146,battery,0.12433303487100773,0.0,0.12433303487100773,0.03396052952007679
439,pltd_kup147,1,147,diesel,0.001845298986666667,0.0462,-0.04435470101333333,0.0005742763935999971
440,plts_kup147,1,147,solar,0.12858508984743583,0.0,0.12858508984743583,0.030673044312524357
441,batt_kup147,1,147,battery,0.05421428341789842,0.0,0.05421428341789842,0.014808256807706081
442,pltd_kup148,1,148,diesel,0.001759341973333323,0.0441,-0.04234065802666668,0.0005475269072000002
443,plts_kup148,1,148,solar,0.12109290441954715,0.0,0.12109290441954715,0.029241649134544506
444,batt_kup148,1,148,battery,0.05168440951956525,0.0,0.05168440951956525,0.014117324042529652
445,pltd_kup149,1,149,diesel,0.004241903146666621,0.0872,-0.08295809685333339,0.0016421128303999973
446,plts_kup149,1,149,solar,0.2526794326187905,0.0,0.2526794326187905,0.057216220439914374
447,batt_kup149,1,149,battery,0.10036739630894492,0.0,0.10036739630894492,0.027415134437461575
448,pltd_kup150,1,150,diesel,0.008154196266666684,0.1676,-0.1594458037333333,0.0031566986079999983
449,plts_kup150,1,150,solar,0.4773577128613543,0.0,0.4773577128613543,0.10998508637012643
450,batt_kup150,1,150,battery,0.19296310338121964,0.0,0.19296310338121964,0.0527024514419676
451,pltd_kup151,1,151,diesel,0.004871460693333338,0.1001,-0.09522853930666665,0.0018858623728000047
452,plts_kup151,1,151,solar,0.28313847937266207,0.0,0.28313847937266207,0.06570761017810167
453,batt_kup151,1,151,battery,0.1152805768400991,0.0,0.1152805768400991,0.031483961525281066
454,pltd_kup152,1,152,diesel,0.005980051946666661,0.1497,-0.14371994805333335,0.0018610184544000069
455,plts_kup152,1,152,solar,0.39803346523590777,0.0,0.39803346523590777,0.09937999634943416
456,batt_kup152,1,152,battery,0.17565740515630204,0.0,0.17565740515630204,0.04797695960654463
457,pltd_kup153,1,153,diesel,0.0024978616533333207,0.0625,-0.06000213834666668,0.0007773284735999946
458,plts_kup153,1,153,solar,0.1662565958194565,0.0,0.1662565958194565,0.04151056441154417
459,batt_kup153,1,153,battery,0.0733712582610411,0.0,0.0733712582610411,0.020039770231679816
460,pltd_kup154,1,154,diesel,0.004072571093333326,0.102,-0.09792742890666667,0.0012674449648
461,plts_kup154,1,154,solar,0.2800216146193425,0.0,0.2800216146193425,0.06768498486434453
462,batt_kup154,1,154,battery,0.11963350913708906,0.0,0.11963350913708906,0.03267712806893191
463,pltd_kup155,1,155,diesel,0.0060706048000000725,0.1248,-0.11872939519999992,0.002350040503999996
464,plts_kup155,1,155,solar,0.35339195622776176,0.0,0.35339195622776176,0.08188218264964303
465,batt_kup155,1,155,battery,0.14363806821544706,0.0,0.14363806821544706,0.03923543490913706
466,pltd_kup156,1,156,diesel,0.0038821434666666565,0.0798,-0.07591785653333334,0.0015028730639999944
467,plts_kup156,1,156,solar,0.22866548176450327,0.0,0.22866548176450327,0.05236412687237608
468,batt_kup156,1,156,battery,0.09187589936735079,0.0,0.09187589936735079,0.02509116947232232
469,pltd_kup157,1,157,diesel,0.0063612096000000085,0.1593,-0.1529387904,0.0019796710079999997
470,plts_kup157,1,157,solar,0.44077824993230896,0.0,0.44077824993230896,0.10571917726175781
471,batt_kup157,1,157,battery,0.18687067060801807,0.0,0.18687067060801807,0.0510378994448112
472,pltd_kup158,1,158,diesel,0.0033220305066666476,0.0832,-0.07987796949333335,0.0010338332031999973
473,plts_kup158,1,158,solar,0.21927309889285257,0.0,0.21927309889285257,0.055211375424293115
474,batt_kup158,1,158,battery,0.09759471468913633,0.0,0.09759471468913633,0.026654996468165257
475,pltd_kup159,1,159,diesel,0.002879116693333369,0.0721,-0.06922088330666663,0.0008960192528000105
476,plts_kup159,1,159,solar,0.20079615706678783,0.0,0.20079615706678783,0.04784971950879556
477,batt_kup159,1,159,battery,0.08457959198455467,0.0,0.08457959198455467,0.023100547019625637
478,pltd_kup160,1,160,diesel,0.007013413226666643,0.1756,-0.16858658677333335,0.0021825733887999945
479,plts_kup160,1,160,solar,0.4432046357568469,0.0,0.4432046357568469,0.11655731196714356
480,batt_kup160,1,160,battery,0.20601215231465603,0.0,0.20601215231465603,0.056271280388480845
481,pltd_kup161,1,161,diesel,0.006595182400000039,0.1651,-0.15850481759999996,0.0020524751520000066
482,plts_kup161,1,161,solar,0.4363758052434518,0.0,0.4363758052434518,0.10960399079024706
483,batt_kup161,1,161,battery,0.19370344792509758,0.0,0.19370344792509758,0.052911191338007396
484,pltd_kup162,1,162,diesel,0.004650997653333335,0.1165,-0.11184900234666667,0.0014473477536000035
485,plts_kup162,1,162,solar,0.31624275635476395,0.0,0.31624275635476395,0.07729595586828056
486,batt_kup162,1,162,battery,0.13662142201621083,0.0,0.13662142201621083,0.03731738267682103
487,pltd_kup163,1,163,diesel,0.003949587093333318,0.0989,-0.09495041290666668,0.0012291986447999933
488,plts_kup163,1,163,solar,0.27023260339480015,0.0,0.27023260339480015,0.06563980628324315
489,batt_kup163,1,163,battery,0.11602609819227398,0.0,0.11602609819227398,0.03168776636390442
490,pltd_kup164,1,164,diesel,0.003519007039999989,0.0881,-0.08458099296,0.0010951017391999972
491,plts_kup164,1,164,solar,0.24545692603716243,0.0,0.24545692603716243,0.058482888746789606
492,batt_kup164,1,164,battery,0.10337501213149575,0.0,0.10337501213149575,0.028233581282171957
493,pltd_kup165,1,165,diesel,0.00398642432000002,0.0998,-0.09581357567999998,0.0012405915536000006
494,plts_kup165,1,165,solar,0.2770551645637923,0.0,0.2770551645637923,0.066253404100745
495,batt_kup165,1,165,battery,0.11709420824979277,0.0,0.11709420824979277,0.03198456140779686
496,pltd_kup166,1,166,diesel,0.0038758407466666918,0.097,-0.09312415925333331,0.0012062442783999962
497,plts_kup166,1,166,solar,0.26410702230200883,0.0,0.26410702230200883,0.06441290843105392
498,batt_kup166,1,166,battery,0.11384288826364668,0.0,0.11384288826364668,0.03109662419063664
499,pltd_kup167,1,167,diesel,0.0023255321599999577,0.0582,-0.055874467840000046,0.000723659876799992
500,plts_kup167,1,167,solar,0.15286670776747582,0.0,0.15286670776747582,0.03864779256036273
501,batt_kup167,1,167,battery,0.06830696686759904,0.0,0.06830696686759904,0.018657766283948825
502,pltd_kup168,1,168,diesel,0.004269680960000021,0.1069,-0.10263031903999997,0.0013288185008000072
503,plts_kup168,1,168,solar,0.29805782674240594,0.0,0.29805782674240594,0.07095655248131782
504,batt_kup168,1,168,battery,0.12539759235995085,0.0,0.12539759235995085,0.03425570348479511
505,pltd_kup169,1,169,diesel,0.013842106773333283,0.3466,-0.3327578932266667,0.0043077412111999815
506,plts_kup169,1,169,solar,0.9205195287381689,0.0,0.9205195287381689,0.23004644451041836
507,batt_kup169,1,169,battery,0.4066147194706048,0.0,0.4066147194706048,0.11105823091391778
508,pltd_kup170,1,170,diesel,0.010212346880000004,0.2557,-0.24548765311999998,0.003178246422400008
509,plts_kup170,1,170,solar,0.6885871207657482,0.0,0.6885871207657482,0.16972269806905083
510,batt_kup170,1,170,battery,0.29996857206401134,0.0,0.29996857206401134,0.08193392524976598
511,pltd_kup171,1,171,diesel,0.009006712533333317,0.2255,-0.21649328746666668,0.0028030218159999978
512,plts_kup171,1,171,solar,0.606430160236712,0.0,0.606430160236712,0.14968381183587248
513,batt_kup171,1,171,battery,0.2645517282630696,0.0,0.2645517282630696,0.07226351959208906
514,pltd_kup172,1,172,diesel,0.003839003519999999,0.0961,-0.09226099648000001,0.0011946623696000036
515,plts_kup172,1,172,solar,0.25902859833294545,0.0,0.25902859833294545,0.06379949318096141
516,batt_kup172,1,172,battery,0.11277431427825296,0.0,0.11277431427825296,0.03079990941923944
517,pltd_kup173,1,173,diesel,0.007296377493333418,0.1827,-0.17540362250666658,0.0022707276368000126
518,plts_kup173,1,173,solar,0.4798728203028224,0.0,0.4798728203028224,0.12126037270897717
519,batt_kup173,1,173,battery,0.21433290078586417,0.0,0.21433290078586417,0.058542194676209636
520,pltd_kup174,1,174,diesel,0.007234867520000031,0.1811,-0.17386513248,0.002251557089600012
521,plts_kup174,1,174,solar,0.4815720052948909,0.0,0.4815720052948909,0.12023755292592875
522,batt_kup174,1,174,battery,0.21252388661838156,0.0,0.21252388661838156,0.05804623331473669
523,pltd_kup175,1,175,diesel,0.006016925119999968,0.1506,-0.14458307488000005,0.0018724361376000025
524,plts_kup175,1,175,solar,0.39771842110646083,0.0,0.39771842110646083,0.09999332985135866
525,batt_kup175,1,175,battery,0.1767417455613102,0.0,0.1767417455613102,0.04827212609540776
526,pltd_kup176,1,176,diesel,0.003875840746666613,0.097,-0.0931241592533334,0.0012062442783999888
527,plts_kup176,1,176,solar,0.25583449396070995,0.0,0.25583449396070995,0.06441300254366908
528,batt_kup176,1,176,battery,0.11384525556842216,0.0,0.11384525556842216,0.031097142790359786
529,pltd_kup177,1,177,diesel,0.01273479914666674,0.3189,-0.30616520085333326,0.003963175910400014
530,plts_kup177,1,177,solar,0.8415958817277437,0.0,0.8415958817277437,0.2116427244444957
531,batt_kup177,1,177,battery,0.374038642299379,0.0,0.374038642299379,0.10217351960145646
532,pltd_kup178,1,178,diesel,0.0048479279999999745,0.1214,-0.11655207200000002,0.0015087164399999904
533,plts_kup178,1,178,solar,0.3307106706616111,0.0,0.3307106706616111,0.08056734754454692
534,batt_kup178,1,178,battery,0.14239365144974886,0.0,0.14239365144974886,0.03889480757109729
535,pltd_kup179,1,179,diesel,0.004158897386666727,0.1041,-0.09994110261333328,0.0012943102256000047
536,plts_kup179,1,179,solar,0.2861721567629941,0.0,0.2861721567629941,0.06911637907508722
537,batt_kup179,1,179,battery,0.12216351189848984,0.0,0.12216351189848984,0.03336857775066206
538,pltd_kup180,1,180,diesel,0.005315211946663124,0.1331,-0.12778478805333687,0.0016541362543996282
539,plts_kup180,1,180,solar,0.36233530248540186,0.0,0.36233530248540186,0.08833771493960625
540,batt_kup180,1,180,battery,0.15613717468679733,0.0,0.15613717468679733,0.04264539668363425
541,pltd_kup181,1,181,diesel,0.005007728746666706,0.1254,-0.12039227125333331,0.0015584445184000022
542,plts_kup181,1,181,solar,0.34189423455739054,0.0,0.34189423455739054,0.08322569593277547
543,batt_kup181,1,181,battery,0.14709223123042153,0.0,0.14709223123042153,0.04017863252783154
544,pltd_kup182,1,182,diesel,0.008834342080000186,0.2212,-0.2123656579199998,0.0027492789184000196
545,plts_kup182,1,182,solar,0.6133729383124005,0.0,0.6133729383124005,0.14682072535550833
546,batt_kup182,1,182,battery,0.2594865115215446,0.0,0.2594865115215446,0.07087956534268236
547,pltd_kup183,1,183,diesel,0.006361209599999912,0.1593,-0.15293879040000008,0.001979671007999984
548,plts_kup183,1,183,solar,0.4234320398736907,0.0,0.4234320398736907,0.10571903383741167
549,batt_kup183,1,183,battery,0.18682538173846733,0.0,0.18682538173846733,0.051037109116903935
550,pltd_kup184,1,184,diesel,0.0035927533866666143,0.09,-0.08640724661333338,0.001118056105599991
551,plts_kup184,1,184,solar,0.2455743708544872,0.0,0.2455743708544872,0.059709900870616485
552,batt_kup184,1,184,battery,0.10553760695621613,0.0,0.10553760695621613,0.028825353139776282
553,pltd_kup185,1,185,diesel,0.007776231146666629,0.1947,-0.1869237688533334,0.0024200712704000047
554,plts_kup185,1,185,solar,0.540217323582981,0.0,0.540217323582981,0.12923524460499128
555,batt_kup185,1,185,battery,0.22843743636843208,0.0,0.22843743636843208,0.06239201162585394
556,pltd_kup186,1,186,diesel,0.00542607754666666,0.1115,-0.10607392245333334,0.002100484142400011
557,plts_kup186,1,186,solar,0.3154109571574958,0.0,0.3154109571574958,0.07318825295951917
558,batt_kup186,1,186,battery,0.1283957044330557,0.0,0.1283957044330557,0.03506798364495046
559,pltd_kup187,1,187,diesel,0.0027437527466666846,0.0687,-0.06595624725333331,0.0008539460384000046
560,plts_kup187,1,187,solar,0.190782308242521,0.0,0.190782308242521,0.045600448236448696
561,batt_kup187,1,187,battery,0.08059346649387797,0.0,0.08059346649387797,0.02201503082703089
562,pltd_kup188,1,188,diesel,0.042818003840000174,1.0721,-1.02928199616,0.013325487403199972
563,plts_kup188,1,188,solar,2.850118165670076,0.0,2.850118165670076,0.7116100318494794
564,batt_kup188,1,188,battery,1.257792287756601,0.0,1.257792287756601,0.34353888326736765
565,pltd_kup189,1,189,diesel,0.03947144938666652,0.9883,-0.9488285506133335,0.012283850185600034
566,plts_kup189,1,189,solar,2.627350339758265,0.0,2.627350339758265,0.6559899793156271
567,batt_kup189,1,189,battery,1.1594823793479359,0.0,1.1594823793479359,0.316687616095304
568,pltd_kup190,1,190,diesel,0.1257480090666671,3.1485,-3.0227519909333327,0.039134053952000106
569,plts_kup190,1,190,solar,8.370174621574442,0.0,8.370174621574442,2.0898433206560076
570,batt_kup190,1,190,battery,3.6938627356884597,0.0,3.6938627356884597,1.0088987413295398
571,pltd_kup191,1,191,diesel,0.02351316693333308,0.5887,-0.565186833066667,0.007317530527999974
572,plts_kup191,1,191,solar,1.5651079857697734,0.0,1.5651079857697734,0.3907721077232178
573,batt_kup191,1,191,battery,0.6907017156129653,0.0,0.6907017156129653,0.18865027315514768
574,pltd_kup192,1,192,diesel,0.007246847466666703,0.1815,-0.1742531525333333,0.002255355984000004
575,plts_kup192,1,192,solar,0.48239099470676683,0.0,0.48239099470676683,0.12044207386309128
576,batt_kup192,1,192,battery,0.21288562618268858,0.0,0.21288562618268858,0.05814497905324261
577,pltd_kup193,1,193,diesel,0.005598201919999987,0.1402,-0.13460179808,0.001742209201599997
578,plts_kup193,1,193,solar,0.3726450906215446,0.0,0.3726450906215446,0.09304101846956515
579,batt_kup193,1,193,battery,0.16445267050526918,0.0,0.16445267050526918,0.04491677653173311
580,pltd_kup194,1,194,diesel,0.004183523946666628,0.1047,-0.10051647605333337,0.0013019220143999964
581,plts_kup194,1,194,solar,0.27845956802045013,0.0,0.27845956802045013,0.06952505706526535
582,batt_kup194,1,194,battery,0.1228874971140026,0.0,0.1228874971140026,0.03356410264732246
583,pltd_kup195,1,195,diesel,0.012562572266666645,0.3145,-0.3019374277333334,0.003909581087999998
584,plts_kup195,1,195,solar,0.8361983909764714,0.0,0.8361983909764714,0.2087798037975134
585,batt_kup195,1,195,battery,0.3690246812144099,0.0,0.3690246812144099,0.10079114082746475
586,pltd_kup196,1,196,diesel,0.002460865386666662,0.0616,-0.05913913461333334,0.0007658558655999985
587,plts_kup196,1,196,solar,0.1637997071563916,0.0,0.1637997071563916,0.04089716747470719
588,batt_kup196,1,196,battery,0.07228709094016642,0.0,0.07228709094016642,0.019743642948151133
589,pltd_kup197,1,197,diesel,0.0033096967466666708,0.0829,-0.07959030325333333,0.0010299901583999958
590,plts_kup197,1,197,solar,0.21413511122712378,0.0,0.21413511122712378,0.05500681718139179
591,batt_kup197,1,197,battery,0.09722154087705569,0.0,0.09722154087705569,0.02655553186197763
592,pltd_kup198,1,198,diesel,0.008145434560000024,0.2039,-0.19575456543999997,0.0025349836288000097
593,plts_kup198,1,198,solar,0.5421771861318285,0.0,0.5421771861318285,0.13536940812414128
594,batt_kup198,1,198,battery,0.23926959136670828,0.0,0.23926959136670828,0.0653512920552704
595,pltd_kup199,1,199,diesel,0.013792786986666668,0.3453,-0.3315072130133333,0.0042924336336000015
596,plts_kup199,1,199,solar,0.9180983740673018,0.0,0.9180983740673018,0.22922839551194324
597,batt_kup199,1,199,battery,0.40516831029784967,0.0,0.40516831029784967,0.11066297657283707
598,pltd_kup200,1,200,diesel,0.016807580479999955,0.4208,-0.40399241952000003,0.005230691950400004
599,plts_kup200,1,200,solar,1.1187529661501634,0.0,1.1187529661501634,0.27932735346545545
600,batt_kup200,1,200,battery,0.4937199149465454,0.0,0.4937199149465454,0.13484884704153763
601,pltd_kup201,1,201,diesel,0.007714577599999988,0.1932,-0.18548542240000002,0.002400836647999998
602,plts_kup201,1,201,solar,0.5135130130150873,0.0,0.5135130130150873,0.12821261208235252
603,batt_kup201,1,201,battery,0.2266200012025404,0.0,0.2266200012025404,0.061896266191213356
604,pltd_kup202,1,202,diesel,0.002817596480000016,0.0705,-0.06768240351999998,0.0008769526304000038
605,plts_kup202,1,202,solar,0.18755080045024808,0.0,0.18755080045024808,0.046827179522878015
606,batt_kup202,1,202,battery,0.08276879677068008,0.0,0.08276879677068008,0.02260639154254234
607,pltd_kup203,1,203,diesel,0.017730260799999915,0.4439,-0.4261697392000001,0.005517791383999981
608,plts_kup203,1,203,solar,1.1801780929274912,0.0,1.1801780929274912,0.29466379548985944
609,batt_kup203,1,203,battery,0.5208269767939883,0.0,0.5208269767939883,0.1422527445861623
610,pltd_kup204,1,204,diesel,0.014199140479999924,0.3555,-0.34130085952000006,0.004418904750399974
611,plts_kup204,1,204,solar,0.9451250864108299,0.0,0.9451250864108299,0.2359763750206039
612,batt_kup204,1,204,battery,0.41709575578683156,0.0,0.41709575578683156,0.11392058957146937
613,pltd_kup205,1,205,diesel,0.016868957119999875,0.4224,-0.40553104288000014,0.005249813497599993
614,plts_kup205,1,205,solar,1.1228479733034051,0.0,1.1228479733034051,0.28034977606813233
615,batt_kup205,1,205,battery,0.49552665156467823,0.0,0.49552665156467823,0.1353424269090881
616,pltd_kup206,1,206,diesel,0.01199638207999988,0.3004,-0.28840361792000013,0.0037333921183999707
617,plts_kup206,1,206,solar,0.7985246960908322,0.0,0.7985246960908322,0.19937352000169023
618,batt_kup206,1,206,battery,0.352398543796241,0.0,0.352398543796241,0.09625011795341393
619,pltd_kup207,1,207,diesel,0.014678794133333308,0.3675,-0.3528212058666667,0.004568122383999984
620,plts_kup207,1,207,solar,0.9770663929425769,0.0,0.9770663929425769,0.24395145509591543
621,batt_kup207,1,207,battery,0.43119206328372756,0.0,0.43119206328372756,0.11777074364453406
622,pltd_kup208,1,208,diesel,0.020400067199999986,0.5108,-0.49039993280000005,0.006348720055999996
623,plts_kup208,1,208,solar,1.3579014580843238,0.0,1.3579014580843238,0.33903726034674153
624,batt_kup208,1,208,battery,0.5992591813392392,0.0,0.5992591813392392,0.1636746190317735
625,pltd_kup209,1,209,diesel,0.005807409599999952,0.1454,-0.13959259040000005,0.0018073450079999947
626,plts_kup209,1,209,solar,0.38656735361549543,0.0,0.38656735361549543,0.09651718795552244
627,batt_kup209,1,209,battery,0.17059688349416385,0.0,0.17059688349416385,0.0465949204344102
628,pltd_kup210,1,210,diesel,0.012562572266666605,0.3145,-0.3019374277333334,0.003909581087999986
629,plts_kup210,1,210,solar,0.8361983909764715,0.0,0.8361983909764715,0.2087798037975134
630,batt_kup210,1,210,battery,0.36902468121440973,0.0,0.36902468121440973,0.10079114082746478
631,pltd_kup211,1,211,diesel,0.004380141440000003,0.1097,-0.10531985856000001,0.0013632088511999988
632,plts_kup211,1,211,solar,0.2936752666688624,0.0,0.2936752666688624,0.07279693129815704
633,batt_kup211,1,211,battery,0.12865347840807392,0.0,0.12865347840807392,0.03514361988551947
634,pltd_kup212,1,212,diesel,0.008858978879999993,0.2218,-0.21294102112000002,0.002756919782400011
635,plts_kup212,1,212,solar,0.5912099760783174,0.0,0.5912099760783174,0.14722979606703887
636,batt_kup212,1,212,battery,0.2602161035968287,0.0,0.2602161035968287,0.07107780024326225
637,pltd_kup213,1,213,diesel,0.005056915200000013,0.1266,-0.12154308479999998,0.001573780095999995
638,plts_kup213,1,213,solar,0.3301874971415516,0.0,0.3301874971415516,0.08404332298278146
639,batt_kup213,1,213,battery,0.1485313918688551,0.0,0.1485313918688551,0.04057187034036862
640,pltd_kup214,1,214,diesel,0.003851327040000043,0.0964,-0.09254867295999995,0.0011985253391999984
641,plts_kup214,1,214,solar,0.24574662870247968,0.0,0.24574662870247968,0.06400397716113382
642,batt_kup214,1,214,battery,0.1131177797682498,0.0,0.1131177797682498,0.030898881736214447
643,pltd_kup215,1,215,diesel,0.004724841386666662,0.1183,-0.11357515861333334,0.001470354345600007
644,plts_kup215,1,215,solar,0.3184762873516719,0.0,0.3184762873516719,0.07852256182877773
645,batt_kup215,1,215,battery,0.13878063318669082,0.0,0.13878063318669082,0.03790805279422739
646,pltd_kup216,1,216,diesel,0.004232777066666656,0.106,-0.10176722293333335,0.0013172505920000046
647,plts_kup216,1,216,solar,0.28313966912449484,0.0,0.28313966912449484,0.07034330500256167
648,batt_kup216,1,216,battery,0.12433392344557552,0.0,0.12433392344557552,0.03396053037003266
649,pltd_kup217,1,217,diesel,0.0062381794133333215,0.1562,-0.14996182058666668,0.0019414548383999905
650,plts_kup217,1,217,solar,0.4152327024997389,0.0,0.4152327024997389,0.1036741766602558
651,batt_kup217,1,217,battery,0.18324723273383142,0.0,0.18324723273383142,0.05005003177905128
652,pltd_kup218,1,218,diesel,0.002571213013333327,0.0644,-0.06182878698666667,0.0008002553663999992
653,plts_kup218,1,218,solar,0.1683635039758688,0.0,0.1683635039758688,0.04273772584596308
654,batt_kup218,1,218,battery,0.07554580400976033,0.0,0.07554580400976033,0.020633177784792345
655,pltd_kup219,1,219,diesel,0.003346390400000004,0.0838,-0.08045360959999999,0.0010414169920000022
656,plts_kup219,1,219,solar,0.22347612067849068,0.0,0.22347612067849068,0.055620432348396226
657,batt_kup219,1,219,battery,0.09829788365660863,0.0,0.09829788365660863,0.026852570875725
658,pltd_kup220,1,220,diesel,0.006324192853333335,0.1583,-0.15197580714666667,0.0019681332495999947
659,plts_kup220,1,220,solar,0.41290903287443653,0.0,0.41290903287443653,0.10510538355788557
660,batt_kup220,1,220,battery,0.1857787254379541,0.0,0.1857787254379541,0.05073988254333196
661,pltd_kup221,1,221,diesel,0.006200303359999928,0.1045,-0.09829969664000007,0.0019277478527999841
662,plts_kup221,1,221,solar,0.4203144861710551,0.0,0.4203144861710551,0.1083456799524918
663,batt_kup221,1,221,battery,0.18591498241641347,0.0,0.18591498241641347,0.04939330752082659
664,pltd_kup222,1,222,diesel,0.005745958186666645,0.0968,-0.09105404181333335,0.0017865006096000027
665,plts_kup222,1,222,solar,0.39280148574530804,0.0,0.39280148574530804,0.10040464095305372
666,batt_kup222,1,222,battery,0.17228886371196844,0.0,0.17228886371196844,0.045774461267123215
667,pltd_kup223,1,223,diesel,0.016142976426666795,0.4042,-0.3880570235733332,0.005023834524800014
668,plts_kup223,1,223,solar,1.0426317370512912,0.0,1.0426317370512912,0.26828534541031784
669,batt_kup223,1,223,battery,0.47414989466022395,0.0,0.47414989466022395,0.1295190426528893
670,pltd_kup224,1,224,diesel,0.02864396181333322,0.7172,-0.6885560381866668,0.008914355990400013
671,plts_kup224,1,224,solar,1.85058691134376,0.0,1.85058691134376,0.4760415585405591
672,batt_kup224,1,224,battery,0.841324354734735,0.0,0.841324354734735,0.22981019973830646
673,pltd_kup225,1,225,diesel,0.014789644373333355,0.3703,-0.35551035562666666,0.004602679659200012
674,plts_kup225,1,225,solar,0.9555818113567423,0.0,0.9555818113567423,0.24579109353501086
675,batt_kup225,1,225,battery,0.4344494627333693,0.0,0.4344494627333693,0.11865526864309953
676,pltd_kup226,1,226,diesel,0.008145434560000005,0.2039,-0.19575456544,0.00253498362879999
677,plts_kup226,1,226,solar,0.5339688130195468,0.0,0.5339688130195468,0.13536954360711717
678,batt_kup226,1,226,battery,0.2392565569343129,0.0,0.2392565569343129,0.06535203862291883
679,pltd_kup227,1,227,diesel,0.005044735253333372,0.1263,-0.12125526474666662,0.0015699672015999997
680,plts_kup227,1,227,solar,0.3303542357907249,0.0,0.3303542357907249,0.08383938464511778
681,batt_kup227,1,227,battery,0.14818044952587364,0.0,0.14818044952587364,0.04047564065535087
682,pltd_kup228,1,228,diesel,0.014887924906666563,0.3728,-0.35791207509333345,0.004633271115199967
683,plts_kup228,1,228,solar,0.9737979573284389,0.0,0.9737979573284389,0.24742705838892637
684,batt_kup228,1,228,battery,0.43733825796478437,0.0,0.43733825796478437,0.119445298788363
685,pltd_kup229,1,229,diesel,0.014223520853333354,0.3561,-0.3418764791466667,0.004426427689599988
686,plts_kup229,1,229,solar,0.9172804206345456,0.0,0.9172804206345456,0.2363851604791944
687,batt_kup229,1,229,battery,0.41777194426879777,0.0,0.41777194426879777,0.11411617849262708
688,pltd_kup230,1,230,diesel,0.017926919253333236,0.4489,-0.4309730807466668,0.005579089521599944
689,plts_kup230,1,230,solar,1.1587830318718864,0.0,1.1587830318718864,0.29793598938241717
690,batt_kup230,1,230,battery,0.52658595958843,0.0,0.52658595958843,0.14383439413776106
691,pltd_kup231,1,231,diesel,0.012390299199999804,0.3102,-0.2978097008000002,0.0038560374159999676
692,plts_kup231,1,231,solar,0.8032667139264397,0.0,0.8032667139264397,0.20591659957238032
693,batt_kup231,1,231,battery,0.3639221779904437,0.0,0.3639221779904437,0.09940697983180334
694,pltd_kup232,1,232,diesel,0.01277182613333338,0.3198,-0.3070281738666666,0.00397475674399999
695,plts_kup232,1,232,solar,0.829821476668844,0.0,0.829821476668844,0.212256478960291
696,batt_kup232,1,232,battery,0.3751749246687738,0.0,0.3751749246687738,0.10247167364135354
697,pltd_kup233,1,233,diesel,0.00873608202666669,0.2187,-0.2099639179733333,0.002718724612799984
698,plts_kup233,1,233,solar,0.565187336252985,0.0,0.565187336252985,0.14518489165059673
699,batt_kup233,1,233,battery,0.2566064287392325,0.0,0.2566064287392325,0.07009061688892569
700,pltd_kup234,1,234,diesel,0.02686005994666679,0.6725,-0.6456399400533332,0.008359112294400062
701,plts_kup234,1,234,solar,1.745221073368532,0.0,1.745221073368532,0.4463929086946767
702,batt_kup234,1,234,battery,0.7888736958186102,0.0,0.7888736958186102,0.2155059375648088
703,pltd_kup235,1,235,diesel,0.009621976320000098,0.2409,-0.23127802367999992,0.002994464513599995
704,plts_kup235,1,235,solar,0.6323322820200551,0.0,0.6323322820200551,0.15990811025266474
705,batt_kup235,1,235,battery,0.2826450792129142,0.0,0.2826450792129142,0.07719969636827143
706,pltd_kup236,1,236,diesel,0.00808374506666661,0.2024,-0.19431625493333338,0.0025157592319999937
707,plts_kup236,1,236,solar,0.5277058060005873,0.0,0.5277058060005873,0.13434710925699994
708,batt_kup236,1,236,battery,0.23746473209018656,0.0,0.23746473209018656,0.06485728725709333
709,pltd_kup237,1,237,diesel,0.003912580586666677,0.098,-0.09408741941333333,0.001217605961600004
710,plts_kup237,1,237,solar,0.2645928189092202,0.0,0.2645928189092202,0.0650267907467207
711,batt_kup237,1,237,battery,0.11494373641680942,0.0,0.11494373641680942,0.03139396626772554
712,pltd_kup238,1,238,diesel,0.01649973322666677,0.4131,-0.39660026677333327,0.005134996988800029
713,plts_kup238,1,238,solar,1.071983751311903,0.0,1.071983751311903,0.27421588891784987
714,batt_kup238,1,238,battery,0.48475225149282375,0.0,0.48475225149282375,0.1323847732564349
715,pltd_kup239,1,239,diesel,0.0037775602133333086,0.0946,-0.0908224397866667,0.0011756458223999991
716,plts_kup239,1,239,solar,0.25143273631807805,0.0,0.25143273631807805,0.06277698242043218
717,batt_kup239,1,239,battery,0.1109599745669512,0.0,0.1109599745669512,0.030306345213106614
718,pltd_kup240,1,240,diesel,0.007972971733333277,0.1996,-0.19162702826666672,0.002481336031999987
719,plts_kup240,1,240,solar,0.5168434003433193,0.0,0.5168434003433193,0.1325065448931716
720,batt_kup240,1,240,battery,0.2341974900875864,0.0,0.2341974900875864,0.06396866884808114
721,pltd_kup241,1,241,diesel,0.004146563626666586,0.1038,-0.09965343637333342,0.0012904671807999891
722,plts_kup241,1,241,solar,0.26881908411626004,0.0,0.26881908411626004,0.06891148247551489
723,batt_kup241,1,241,battery,0.12178928895225703,0.0,0.12178928895225703,0.0332672486582352
724,pltd_kup242,1,242,diesel,0.008920263146666656,0.2234,-0.21447973685333332,0.0027761646304000124
725,plts_kup242,1,242,solar,0.5764608356329965,0.0,0.5764608356329965,0.1482525989509034
726,batt_kup242,1,242,battery,0.26204545569594256,0.0,0.26204545569594256,0.07157353789072425
727,pltd_kup243,1,243,diesel,0.00673054634666675,0.1685,-0.16176945365333326,0.0020946043664000226
728,plts_kup243,1,243,solar,0.43862875741868806,0.0,0.43862875741868806,0.11185338927165717
729,batt_kup243,1,243,battery,0.19766893976614128,0.0,0.19766893976614128,0.053997639943044344
730,pltd_kup244,1,244,diesel,0.02752427423999987,0.6892,-0.6616757257600001,0.008565816795200014
731,plts_kup244,1,244,solar,1.832101920434068,0.0,1.832101920434068,0.4574344297445676
732,batt_kup244,1,244,battery,0.8085289998322343,0.0,0.8085289998322343,0.22083236996392822
733,pltd_kup245,1,245,diesel,0.018529941653333264,0.464,-0.44547005834666675,0.005766656873599998
734,plts_kup245,1,245,solar,1.233413863115299,0.0,1.233413863115299,0.3079555569009784
735,batt_kup245,1,245,battery,0.5443209900272367,0.0,0.5443209900272367,0.14866951403908304
736,pltd_kup246,1,246,diesel,0.02901310880000005,0.7264,-0.6973868912,0.009029136423999993
737,plts_kup246,1,246,solar,1.931200702310754,0.0,1.931200702310754,0.4821771734923085
738,batt_kup246,1,246,battery,0.8522631734118228,0.0,0.8522631734118228,0.23277725265340915
739,pltd_kup247,1,247,diesel,0.035263488639999944,0.8829,-0.8476365113600001,0.01097430130719998
740,plts_kup247,1,247,solar,2.3472524340086505,0.0,2.3472524340086505,0.5860559231622127
741,batt_kup247,1,247,battery,1.035872171395984,0.0,1.035872171395984,0.2829260975241609
742,pltd_kup248,1,248,diesel,0.017828787519999906,0.4464,-0.42857121248000013,0.0055484856895999446
743,plts_kup248,1,248,solar,1.1867297297185289,0.0,1.1867297297185289,0.296299666534578
744,batt_kup248,1,248,battery,0.5237187135062819,0.0,0.5237187135062819,0.1430424388186479
745,pltd_kup249,1,249,diesel,0.025247949013333267,0.6322,-0.6069520509866667,0.007857459646399995
746,plts_kup249,1,249,solar,1.6805867962594263,0.0,1.6805867962594263,0.419604482719095
747,batt_kup249,1,249,battery,0.7416638356650855,0.0,0.7416638356650855,0.20256944301403038
748,pltd_kup250,1,250,diesel,0.026995259839999775,0.6759,-0.6489047401600002,0.008401182283199958
749,plts_kup250,1,250,solar,1.7968846757335182,0.0,1.7968846757335182,0.4486415394190353
750,batt_kup250,1,250,battery,0.7929877466535589,0.0,0.7929877466535589,0.2165874819946081
751,pltd_kup251,1,251,diesel,0.025863023039999936,0.6476,-0.62173697696,0.008048875419199993
752,plts_kup251,1,251,solar,1.7215375052012276,0.0,1.7215375052012276,0.4298289121419472
753,batt_kup251,1,251,battery,0.7597366133579124,0.0,0.7597366133579124,0.20750546043590531
754,pltd_kup252,1,252,diesel,0.05138176160000012,1.2865,-1.2351182384,0.01599050196800004
755,plts_kup252,1,252,solar,3.4201421294446663,0.0,3.4201421294446663,0.8539321281743232
756,batt_kup252,1,252,battery,1.5093517587694756,0.0,1.5093517587694756,0.4122467527113447
757,pltd_kup253,1,253,diesel,0.003235817066666676,0.081,-0.07776418293333333,0.0010070497920000015
758,plts_kup253,1,253,solar,0.2153970202561905,0.0,0.2153970202561905,0.05377975958021943
759,batt_kup253,1,253,battery,0.09505731627739653,0.0,0.09505731627739653,0.025962853665667564
760,pltd_kup254,1,254,diesel,0.003961843946666662,0.0992,-0.09523815605333333,0.0012329286143999921
761,plts_kup254,1,254,solar,0.2574484783120675,0.0,0.2574484783120675,0.06584455306232823
762,batt_kup254,1,254,battery,0.11637667870777034,0.0,0.11637667870777034,0.031787646791554436
763,pltd_kup255,1,255,diesel,0.004614314240000007,0.1155,-0.11088568575999999,0.0014360059952000014
764,plts_kup255,1,255,solar,0.3104068057331913,0.0,0.3104068057331913,0.07668214883162228
765,batt_kup255,1,255,battery,0.13554586750236258,0.0,0.13554586750236258,0.03701994804571866
766,pltd_kup256,1,256,diesel,0.005364675306666664,0.1343,-0.12893532469333335,0.0016695919072000013
767,plts_kup256,1,256,solar,0.3637118581205668,0.0,0.3637118581205668,0.08915542105879536
768,batt_kup256,1,256,battery,0.15757257567681526,0.0,0.15757257567681526,0.043039770437620306
769,pltd_kup257,1,257,diesel,0.0031742866133333543,0.0795,-0.07632571338666665,0.0009878700944000037
770,plts_kup257,1,257,solar,0.2144464513976606,0.0,0.2144464513976606,0.052757186014465114
771,batt_kup257,1,257,battery,0.09324338773405194,0.0,0.09324338773405194,0.02546850722489212
772,pltd_kup258,1,258,diesel,0.0020425883733333513,0.0511,-0.04905741162666665,0.0006356967792000046
773,plts_kup258,1,258,solar,0.13602311954842977,0.0,0.13602311954842977,0.033944651520400514
774,batt_kup258,1,258,battery,0.06000171904460169,0.0,0.06000171904460169,0.016387771421757093
775,pltd_kup259,1,259,diesel,0.0017963484800000088,0.045,-0.04320365151999999,0.0005590425904000027
776,plts_kup259,1,259,solar,0.1170369578907111,0.0,0.1170369578907111,0.029854981372311493
777,batt_kup259,1,259,battery,0.05277057742471303,0.0,0.05277057742471303,0.014413062159108151
778,pltd_kup260,1,260,diesel,0.0026206661333333507,0.0656,-0.06297933386666665,0.0008155839440000013
779,plts_kup260,1,260,solar,0.1736973346508186,0.0,0.1736973346508186,0.043555353660211106
780,batt_kup260,1,260,battery,0.07697098205412563,0.0,0.07697098205412563,0.021026574100288218
781,pltd_kup261,1,261,diesel,0.0018084822400000003,0.0453,-0.04349151776,0.0005627736351999995
782,plts_kup261,1,261,solar,0.11665432419177416,0.0,0.11665432419177416,0.030059439117624487
783,batt_kup261,1,261,battery,0.053131776208979103,0.0,0.053131776208979103,0.01451127866920995
784,pltd_kup262,1,262,diesel,0.005672245653333284,0.142,-0.1363277543466667,0.0017652577935999907
785,plts_kup262,1,262,solar,0.38410102360483045,0.0,0.38410102360483045,0.09426786442053875
786,batt_kup262,1,262,battery,0.1666195095796254,0.0,0.1666195095796254,0.045509116252910375
787,pltd_kup263,1,263,diesel,0.0027314958933333084,0.0684,-0.06566850410666669,0.0008500270687999995
788,plts_kup263,1,263,solar,0.1818184120963557,0.0,0.1818184120963557,0.045395921721080895
789,batt_kup263,1,263,battery,0.08023896684940723,0.0,0.08023896684940723,0.021915476967156188
790,pltd_kup264,1,264,diesel,0.03681385365333315,0.9218,-0.8849861463466668,0.011456800633599972
791,plts_kup264,1,264,solar,2.4504470999945296,0.0,2.4504470999945296,0.611821164527009
792,batt_kup264,1,264,battery,1.0814126477564676,0.0,1.0814126477564676,0.29536456098918823
793,pltd_kup265,1,265,diesel,0.013940387306666734,0.349,-0.33505961269333323,0.004338409667200018
794,plts_kup265,1,265,solar,0.9279263274112559,0.0,0.9279263274112559,0.23168224833009995
795,batt_kup265,1,265,battery,0.40950523697670677,0.0,0.40950523697670677,0.11184760513095525
796,pltd_kup266,1,266,diesel,0.04340886677333339,1.0869,-1.0434911332266665,0.013509237011200015
797,plts_kup266,1,266,solar,2.8894302778574423,0.0,2.8894302778574423,0.7214253857971379
798,batt_kup266,1,266,battery,1.2751411873847647,0.0,1.2751411873847647,0.3482773872980282
799,pltd_kup267,1,267,diesel,0.035276012159999946,0.8832,-0.84792398784,0.01097833927680002
800,plts_kup267,1,267,solar,2.348070746224862,0.0,2.348070746224862,0.5862601027385558
801,batt_kup267,1,267,battery,1.0362324737627706,0.0,1.0362324737627706,0.2830245496367016
802,pltd_kup268,1,268,diesel,0.05124674122666691,1.2831,-1.231853258773333,0.015948499828800044
803,plts_kup268,1,268,solar,3.411132607675768,0.0,3.411132607675768,0.8516826569609316
804,batt_kup268,1,268,battery,1.5053752115154757,0.0,1.5053752115154757,0.41116075785175094
805,pltd_kup269,1,269,diesel,0.013608390400000147,0.3407,-0.32709160959999983,0.004235152992000006
806,plts_kup269,1,269,solar,0.9058125357454873,0.0,0.9058125357454873,0.22616097306575625
807,batt_kup269,1,269,battery,0.39974657307728656,0.0,0.39974657307728656,0.10918207916201071
808,pltd_kup270,1,270,diesel,0.02148293802666633,0.5379,-0.5164170619733337,0.006685679492799965
809,plts_kup270,1,270,solar,1.4299732288059308,0.0,1.4299732288059308,0.35703198074821935
810,batt_kup270,1,270,battery,0.6310647165171088,0.0,0.6310647165171088,0.1723617955260342
811,pltd_kup271,1,271,diesel,0.001316417920000018,0.033,-0.03168358207999998,0.00040974688160000204
812,plts_kup271,1,271,solar,0.08547565727627884,0.0,0.08547565727627884,0.021879991124205394
813,batt_kup271,1,271,battery,0.03867433755116902,0.0,0.03867433755116902,0.010562934271573482
814,pltd_kup272,1,272,diesel,0.004060303999999961,0.1017,-0.09763969600000004,0.0012636019200000003
815,plts_kup272,1,272,solar,0.26344603832269653,0.0,0.26344603832269653,0.06748023723213155
816,batt_kup272,1,272,battery,0.11926731118112215,0.0,0.11926731118112215,0.03257658127580817
817,pltd_kup273,1,273,diesel,0.005155308586666726,0.1291,-0.12394469141333327,0.0016044254016000063
818,plts_kup273,1,273,solar,0.3379797586663597,0.0,0.3379797586663597,0.08567950118128181
819,batt_kup273,1,273,battery,0.15144273180579879,0.0,0.15144273180579879,0.04136314139942149
820,pltd_kup274,1,274,diesel,0.002891599253333349,0.0724,-0.06950840074666666,0.000899884921600003
821,plts_kup274,1,274,solar,0.18951368763415846,0.0,0.18951368763415846,0.04805421799761069
822,batt_kup274,1,274,battery,0.0849271736129543,0.0,0.0849271736129543,0.023199421294400578
823,pltd_kup275,1,275,diesel,0.001710458133333317,0.0428,-0.04108954186666668,0.0005323071039999976
824,plts_kup275,1,275,solar,0.11084907381176638,0.0,0.11084907381176638,0.028423425026007938
825,batt_kup275,1,275,battery,0.05023693593720112,0.0,0.05023693593720112,0.013721819883064604
826,pltd_kup276,1,276,diesel,0.003248309866666682,0.0813,-0.07805169013333331,0.001010867536000004
827,plts_kup276,1,276,solar,0.2108934858416554,0.0,0.2108934858416554,0.05398427958418586
828,batt_kup276,1,276,battery,0.09542039827859171,0.0,0.09542039827859171,0.026061852422690886
829,pltd_kup277,1,277,diesel,0.003482169813333386,0.0872,-0.08371783018666662,0.0010837088304000073
830,plts_kup277,1,277,solar,0.22519726383395772,0.0,0.22519726383395772,0.057869613955778595
831,batt_kup277,1,277,battery,0.1022945818176649,0.0,0.1022945818176649,0.02793856624883838
832,pltd_kup278,1,278,diesel,0.00314984981333331,0.0789,-0.07575015018666668,0.000980215230399998
833,plts_kup278,1,278,solar,0.20588046227063508,0.0,0.20588046227063508,0.05234853736064299
834,batt_kup278,1,278,battery,0.09253440394294249,0.0,0.09253440394294249,0.025272945194393118
835,pltd_kup279,1,279,diesel,0.005493778986666678,0.1039,-0.09840622101333332,0.0014937417936000002
836,plts_kup279,1,279,solar,0.41769750843000053,0.0,0.41769750843000053,0.10822858889067263
837,batt_kup279,1,279,battery,0.18653949541580336,0.0,0.18653949541580336,0.04950377417687743
838,pltd_kup280,1,280,diesel,0.00228827946666668,0.0573,-0.055011720533333315,0.0007121883439999989
839,plts_kup280,1,280,solar,0.14514262585865667,0.0,0.14514262585865667,0.038034390968436936
840,batt_kup280,1,280,battery,0.06722864328182576,0.0,0.06722864328182576,0.018361889284157783
841,pltd_kup281,1,281,diesel,0.002005715199999994,0.0502,-0.04819428480000001,0.0006241810960000004
842,plts_kup281,1,281,solar,0.13002760019172754,0.0,0.13002760019172754,0.03333103767858089
843,batt_kup281,1,281,battery,0.058910293407077,0.0,0.058910293407077,0.016090597268263434
844,pltd_kup282,1,282,diesel,0.0031742866133333252,0.0795,-0.07632571338666667,0.0009878700943999948
845,plts_kup282,1,282,solar,0.20489321902425395,0.0,0.20489321902425395,0.05275726710156897
846,batt_kup282,1,282,battery,0.09325190522634827,0.0,0.09325190522634827,0.02546895404862069
847,pltd_kup283,1,283,diesel,0.005856719146666716,0.1466,-0.1407432808533333,0.0018226655103999977
848,plts_kup283,1,283,solar,0.37743608829715036,0.0,0.37743608829715036,0.09733492089841246
849,batt_kup283,1,283,battery,0.17203438367653984,0.0,0.17203438367653984,0.04698823438814378
850,pltd_kup284,1,284,diesel,0.002583962240000019,0.0647,-0.06211603775999997,0.0008040790352000039
851,plts_kup284,1,284,solar,0.17199023951341377,0.0,0.17199023951341377,0.042942122210293664
852,batt_kup284,1,284,battery,0.0759018986298599,0.0,0.0759018986298599,0.020730872144439038
853,pltd_kup285,1,285,diesel,0.006779753280000081,0.1697,-0.1629202467199999,0.0021099840944000152
854,plts_kup285,1,285,solar,0.4628582546968897,0.0,0.4628582546968897,0.11267148245886804
855,batt_kup285,1,285,battery,0.19913398550622233,0.0,0.19913398550622233,0.05439407538207078
856,pltd_kup286,1,286,diesel,0.009166462080000019,0.2295,-0.22033353792,0.0028526885183999947
857,plts_kup286,1,286,solar,0.6207552341192881,0.0,0.6207552341192881,0.15234184240385837
858,batt_kup286,1,286,battery,0.2692842715721003,0.0,0.2692842715721003,0.07354486929036107
859,pltd_kup287,1,287,diesel,0.0023623848533333137,0.0591,-0.056737615146666684,0.0007351664095999983
860,plts_kup287,1,287,solar,0.15904633677626756,0.0,0.15904633677626756,0.03926143610764966
861,batt_kup287,1,287,battery,0.06939527676429158,0.0,0.06939527676429158,0.018954629402344495
862,pltd_kup288,1,288,diesel,0.003186876799999995,0.0798,-0.0766131232,0.0009918520639999964
863,plts_kup288,1,288,solar,0.21095413868466506,0.0,0.21095413868466506,0.05296172694195954
864,batt_kup288,1,288,battery,0.09361742683408454,0.0,0.09361742683408454,0.025568256220339564
865,pltd_kup289,1,289,diesel,0.012230442026666587,0.3062,-0.29396955797333346,0.003806275412799964
866,plts_kup289,1,289,solar,0.8263714593855629,0.0,0.8263714593855629,0.20325935847133253
867,batt_kup289,1,289,battery,0.359265248169218,0.0,0.359265248169218,0.09812972528860525
868,pltd_kup290,1,290,diesel,0.0032358170666666936,0.081,-0.07776418293333331,0.0010070497920000058
869,plts_kup290,1,290,solar,0.21688486489017372,0.0,0.21688486489017372,0.05377991734396354
870,batt_kup290,1,290,battery,0.09506357536757933,0.0,0.09506357536757933,0.02596372300963243
871,pltd_kup291,1,291,diesel,0.01742256352000006,0.2935,-0.27607743647999994,0.005416862169599985
872,plts_kup291,1,291,solar,1.1886668580301223,0.0,1.1886668580301223,0.30443349633915257
873,batt_kup291,1,291,battery,0.5223885936171832,0.0,0.5223885936171832,0.1387819570430217
874,pltd_kup292,1,292,diesel,0.006865520533333308,0.1719,-0.1650344794666667,0.002136636655999993
875,plts_kup292,1,292,solar,0.4594412767270169,0.0,0.4594412767270169,0.11410308119679305
876,batt_kup292,1,292,battery,0.20169318791409024,0.0,0.20169318791409024,0.055085132876328415
877,pltd_kup293,1,293,diesel,0.010889043733333192,0.2726,-0.2617109562666668,0.0033887115919999642
878,plts_kup293,1,293,solar,0.7224950635974555,0.0,0.7224950635974555,0.18096927139304195
879,batt_kup293,1,293,battery,0.31988905269207196,0.0,0.31988905269207196,0.08736212921965816
880,pltd_kup294,1,294,diesel,0.007419330773333315,0.1858,-0.17838066922666668,0.0023089707311999934
881,plts_kup294,1,294,solar,0.4982332686805407,0.0,0.4982332686805407,0.12330514486167146
882,batt_kup294,1,294,battery,0.217930468628678,0.0,0.217930468628678,0.05952825754821885
883,pltd_kup295,1,295,diesel,0.005167744959999965,0.1294,-0.12423225504000002,0.001608202220799998
884,plts_kup295,1,295,solar,0.343009200069694,0.0,0.343009200069694,0.08588412877227035
885,batt_kup295,1,295,battery,0.15179315612511987,0.0,0.15179315612511987,0.0414622374826481
886,pltd_kup296,1,296,diesel,0.008342005866666611,0.2089,-0.2005579941333334,0.0025961256159999875
887,plts_kup296,1,296,solar,0.5546575669051753,0.0,0.5546575669051753,0.138641572529737
888,batt_kup296,1,296,battery,0.2450381854908148,0.0,0.2450381854908148,0.06693245868848817
889,pltd_kup297,1,297,diesel,0.0018703922133333317,0.0468,-0.04492960778666667,0.0005820911823999995
890,plts_kup297,1,297,solar,0.12615382541292025,0.0,0.12615382541292025,0.03108184560340399
891,batt_kup297,1,297,battery,0.0549416021705715,0.0,0.0549416021705715,0.015005502611357448
892,pltd_kup298,1,298,diesel,0.004565127786666654,0.1143,-0.10973487221333335,0.0014207264176000008
893,plts_kup298,1,298,solar,0.3076123349736581,0.0,0.3076123349736581,0.07586432005137987
894,batt_kup298,1,298,battery,0.13409138601270176,0.0,0.13409138601270176,0.03662559861552452
895,pltd_kup299,1,299,diesel,0.011713458773333326,0.2933,-0.28158654122666665,0.003645403171200002
896,plts_kup299,1,299,solar,0.7796874800032492,0.0,0.7796874800032492,0.19467028254622218
897,batt_kup299,1,299,battery,0.34408623709009745,0.0,0.34408623709009745,0.09397956507829548
898,pltd_kup300,1,300,diesel,0.007222610666666779,0.1808,-0.17357738933333322,0.00224776412000001
899,plts_kup300,1,300,solar,0.47973502784605243,0.0,0.47973502784605243,0.1200333225316349
900,batt_kup300,1,300,battery,0.2121765630163959,0.0,0.2121765630163959,0.05794942981994661
901,pltd_kup301,1,301,diesel,0.005364675306666657,0.1343,-0.12893532469333335,0.0016695919071999933
902,plts_kup301,1,301,solar,0.35810474834625605,0.0,0.35810474834625605,0.08915551536211015
903,batt_kup301,1,301,battery,0.15756402651048507,0.0,0.15756402651048507,0.04304029008817788
904,pltd_kup302,1,302,diesel,0.007321050240000064,0.1833,-0.17597894975999992,0.002278379275200008
905,plts_kup302,1,302,solar,0.48565997821204526,0.0,0.48565997821204526,0.12166877901061383
906,batt_kup302,1,302,battery,0.21501196788794172,0.0,0.21501196788794172,0.058736017741620045
907,pltd_kup303,1,303,diesel,0.007776231146666691,0.1947,-0.1869237688533333,0.0024200712704000277
908,plts_kup303,1,303,solar,0.5170022104015667,0.0,0.5170022104015667,0.12923515196231466
909,batt_kup303,1,303,battery,0.22839752858253257,0.0,0.22839752858253257,0.06239150112610521
910,pltd_kup304,1,304,diesel,0.00711181685333334,0.1781,-0.17098818314666667,0.0022132197695999946
911,plts_kup304,1,304,solar,0.469992725151021,0.0,0.469992725151021,0.11819276444270618
912,batt_kup304,1,304,battery,0.20888326989319383,0.0,0.20888326989319383,0.057059252649062205
913,pltd_kup305,1,305,diesel,0.008133321279999996,0.2036,-0.19546667872,0.0025311567344000036
914,plts_kup305,1,305,solar,0.5458973738530729,0.0,0.5458973738530729,0.13516465773670064
915,batt_kup305,1,305,battery,0.23889049874073726,0.0,0.23889049874073726,0.06525097336679436
916,pltd_kup306,1,306,diesel,0.006090522666666652,0.1525,-0.14640947733333334,0.0018954518800000017
917,plts_kup306,1,306,solar,0.4057012784601856,0.0,0.4057012784601856,0.10122052602788231
918,batt_kup306,1,306,battery,0.17889889473466572,0.0,0.17889889473466572,0.0488662532632267
919,pltd_kup307,1,307,diesel,0.010814984533333332,0.2708,-0.25998501546666664,0.0033657173759999966
920,plts_kup307,1,307,solar,0.7164327324261742,0.0,0.7164327324261742,0.17974358087467052
921,batt_kup307,1,307,battery,0.3176829135248593,0.0,0.3176829135248593,0.08677641747504924
922,pltd_kup308,1,308,diesel,0.007296377493333422,0.1827,-0.17540362250666658,0.0022707276368000126
923,plts_kup308,1,308,solar,0.49577908585294617,0.0,0.49577908585294617,0.12126021353428729
924,batt_kup308,1,308,battery,0.21431469389340316,0.0,0.21431469389340316,0.058541317557345665
925,pltd_kup309,1,309,diesel,0.006939477120000026,0.1738,-0.16686052287999997,0.0021595990976000057
926,plts_kup309,1,309,solar,0.4599016580493807,0.0,0.4599016580493807,0.11532988988846854
927,batt_kup309,1,309,battery,0.20383623507921844,0.0,0.20383623507921844,0.05567644540239871
928,pltd_tim310,1,310,diesel,0.0050199548800000625,0.1257,-0.12068004511999994,0.0015622342624000037
929,plts_tim310,1,310,solar,0.34536630885797115,0.0,0.34536630885797115,0.08343007323630199
930,batt_tim310,1,310,battery,0.14745279651268878,0.0,0.14745279651268878,0.040276382070972394
931,pltd_tim311,1,311,diesel,0.0028053858133333352,0.0702,-0.06739461418666666,0.0008730385103999968
932,plts_tim311,1,311,solar,0.19420247670623167,0.0,0.19420247670623167,0.04662284541462323
933,batt_tim311,1,311,battery,0.08239447729155801,0.0,0.08239447729155801,0.02250807894101341
934,pltd_tim312,1,312,diesel,0.004466344640000012,0.1118,-0.10733365535999999,0.0013899981872000063
935,plts_tim312,1,312,solar,0.3136346978830743,0.0,0.3136346978830743,0.07422819733896964
936,batt_tim312,1,312,battery,0.13117907163465314,0.0,0.13117907163465314,0.03583452351399731
937,pltd_tim313,1,313,diesel,0.006681359893333341,0.1673,-0.16061864010666665,0.0020792267887999954
938,plts_tim313,1,313,solar,0.4669983097953576,0.0,0.4669983097953576,0.11103563605815465
939,batt_tim313,1,313,battery,0.1962138610312062,0.0,0.1962138610312062,0.05360316689623981
940,pltd_tim314,1,314,diesel,0.005130682026666668,0.1285,-0.12336931797333334,0.0015967016127999998
941,plts_tim314,1,314,solar,0.3559469494217825,0.0,0.3559469494217825,0.08527041054053015
942,batt_tim314,1,314,battery,0.15070454047185208,0.0,0.15070454047185208,0.04116487975116288
943,pltd_tim315,1,315,diesel,0.006643820053333381,0.1664,-0.1597561799466666,0.0020675991056000077
944,plts_tim315,1,315,solar,0.46355711967583524,0.0,0.46355711967583524,0.11042223116101094
945,batt_tim315,1,315,battery,0.19515683000834694,0.0,0.19515683000834694,0.05330695125038737
946,pltd_tim316,1,316,diesel,0.0032973168000000595,0.0826,-0.07930268319999995,0.0010262122640000038
947,plts_tim316,1,316,solar,0.2311387434772047,0.0,0.2311387434772047,0.05480211919309655
948,batt_tim316,1,316,battery,0.0968490497515265,0.0,0.0968490497515265,0.026456119081292515
949,pltd_tim317,1,317,diesel,0.00461431424,0.1155,-0.11088568576,0.001436005995199995
950,plts_tim317,1,317,solar,0.31974928943290853,0.0,0.31974928943290853,0.07668201988937969
951,batt_tim317,1,317,battery,0.13553453437734658,0.0,0.13553453437734658,0.037019237520236024
952,pltd_tim318,1,318,diesel,0.003986424319999972,0.0998,-0.09581357568000003,0.0012405915535999967
953,plts_tim318,1,318,solar,0.27611916859715996,0.0,0.27611916859715996,0.06625375033992258
954,batt_tim318,1,318,battery,0.11709533219767804,0.0,0.11709533219767804,0.031986469329931634
955,pltd_tim319,1,319,diesel,0.008329861866666741,0.2086,-0.20027013813333328,0.002592365496000009
956,plts_tim319,1,319,solar,0.5701147901225402,0.0,0.5701147901225402,0.13843726176107005
957,batt_tim319,1,319,battery,0.244705076717943,0.0,0.244705076717943,0.06683477614572962
958,pltd_tim320,1,320,diesel,0.006471793173333324,0.162,-0.15552820682666668,0.0020141092831999978
959,plts_tim320,1,320,solar,0.44282122668460683,0.0,0.44282122668460683,0.1075592257899858
960,batt_tim320,1,320,battery,0.1900857303579331,0.0,0.1900857303579331,0.05192445276786753
961,pltd_tim321,1,321,diesel,0.004724841386666622,0.1183,-0.11357515861333338,0.0014703543455999908
962,plts_tim321,1,321,solar,0.3320274996982044,0.0,0.3320274996982044,0.07852263277146
963,batt_tim321,1,321,battery,0.13878681606545198,0.0,0.13878681606545198,0.03790844371796603
964,pltd_tim322,1,322,diesel,0.004035810773333374,0.101,-0.09696418922666664,0.0012559831312000049
965,plts_tim322,1,322,solar,0.2762151079418433,0.0,0.2762151079418433,0.06707149964038568
966,batt_tim322,1,322,battery,0.11855746627668358,0.0,0.11855746627668358,0.032380805095508614
967,pltd_tim323,1,323,diesel,0.007653200960000021,0.1916,-0.18394679903999997,0.0023817991008000076
968,plts_tim323,1,323,solar,0.5237979182986932,0.0,0.5237979182986932,0.12719041793372327
969,batt_tim323,1,323,battery,0.22482471289974942,0.0,0.22482471289974942,0.061404986669404166
970,pltd_tim324,1,324,diesel,0.007640810773333409,0.1913,-0.18365918922666657,0.0023778731312000022
971,plts_tim324,1,324,solar,0.5229559730712051,0.0,0.5229559730712051,0.12698608995271726
972,batt_tim324,1,324,battery,0.2244640554914097,0.0,0.2244640554914097,0.061306411097835516
973,pltd_tim325,1,325,diesel,0.006324192853333308,0.1583,-0.1519758071466667,0.0019681332496000008
974,plts_tim325,1,325,solar,0.4282887239628517,0.0,0.4282887239628517,0.10510556345288219
975,batt_tim325,1,325,battery,0.18575119535442935,0.0,0.18575119535442935,0.050740873839719584
976,pltd_tim326,1,326,diesel,0.004454277546666699,0.1115,-0.1070457224533333,0.0013862111424000024
977,plts_tim326,1,326,solar,0.3032732340429086,0.0,0.3032732340429086,0.07402375476526737
978,batt_tim326,1,326,battery,0.1308287380044796,0.0,0.1308287380044796,0.03573600487662544
979,pltd_tim327,1,327,diesel,0.005918126506666673,0.1482,-0.14228187349333332,0.0018418812832000032
980,plts_tim327,1,327,solar,0.40043096454093047,0.0,0.40043096454093047,0.09835746590380043
981,batt_tim327,1,327,battery,0.1738367055799449,0.0,0.1738367055799449,0.047483046540867165
982,pltd_tim328,1,328,diesel,0.008022291520000032,0.2009,-0.19287770847999997,0.0024966856096000005
983,plts_tim328,1,328,solar,0.5454766873163475,0.0,0.5454766873163475,0.13332516557602875
984,batt_tim328,1,328,battery,0.2356542663839316,0.0,0.2356542663839316,0.06436738199164202
985,pltd_tim329,1,329,diesel,0.0098556362666667,0.2468,-0.2369443637333333,0.003067123808000015
986,plts_tim329,1,329,solar,0.6787947141518643,0.0,0.6787947141518643,0.16379261735622183
987,batt_tim329,1,329,battery,0.2894840221593482,0.0,0.2894840221593482,0.07907038583201452
988,pltd_tim330,1,330,diesel,0.00314984981333333,0.0789,-0.07575015018666667,0.0009802152303999996
989,plts_tim330,1,330,solar,0.21348930922128453,0.0,0.21348930922128453,0.0523483567512844
990,batt_tim330,1,330,battery,0.09252022204629443,0.0,0.09252022204629443,0.02527194996157344
991,pltd_tim331,1,331,diesel,0.008329861866666604,0.2086,-0.20027013813333341,0.002592365495999992
992,plts_tim331,1,331,solar,0.568187722468142,0.0,0.568187722468142,0.1384368842487562
993,batt_tim331,1,331,battery,0.24468826515492947,0.0,0.24468826515492947,0.06683269589558385
994,pltd_tim332,1,332,diesel,0.004712661439999981,0.118,-0.11328733856,0.0014666324511999934
995,plts_tim332,1,332,solar,0.32253140618155796,0.0,0.32253140618155796,0.07831816851292195
996,batt_tim332,1,332,battery,0.13843746994140027,0.0,0.13843746994140027,0.03781043460438018
997,pltd_tim333,1,333,diesel,0.02394390079999992,0.5995,-0.5755560992000001,0.0074516225839999905
998,plts_tim333,1,333,solar,1.6472601826755344,0.0,1.6472601826755344,0.3979284678298886
999,batt_tim333,1,333,battery,0.7032907100991388,0.0,0.7032907100991388,0.1921021698744487
1000,pltd_tim334,1,334,diesel,0.007038126933333325,0.1762,-0.16916187306666666,0.0021903133280000023
1001,plts_tim334,1,334,solar,0.4816702843591979,0.0,0.4816702843591979,0.11696623498186827
1002,batt_tim334,1,334,battery,0.20673877154914033,0.0,0.20673877154914033,0.05646920879083666
1003,pltd_tim335,1,335,diesel,0.015023309333333278,0.3762,-0.3611766906666667,0.004675437479999978
1004,plts_tim335,1,335,solar,1.0282276591217625,0.0,1.0282276591217625,0.24967775522390923
1005,batt_tim335,1,335,battery,0.4413371471625547,0.0,0.4413371471625547,0.12053949230591668
1006,pltd_tim336,1,336,diesel,0.007862167679999954,0.1969,-0.18903783232000004,0.0024467346064000087
1007,plts_tim336,1,336,solar,0.5419453082270442,0.0,0.5419453082270442,0.13066621197418424
1008,batt_tim336,1,336,battery,0.23093670514873932,0.0,0.23093670514873932,0.06307949509509424
1009,pltd_tim337,1,337,diesel,0.007271663786666781,0.1821,-0.17482833621333324,0.0022630086976000254
1010,plts_tim337,1,337,solar,0.49808954684479173,0.0,0.49808954684479173,0.1208515991134396
1011,batt_tim337,1,337,battery,0.21362038169042236,0.0,0.21362038169042236,0.058345513937916045
1012,pltd_tim338,1,338,diesel,0.007726988266666615,0.1935,-0.18577301173333338,0.0024047787680000106
1013,plts_tim338,1,338,solar,0.5288508587078614,0.0,0.5288508587078614,0.12841736397906398
1014,batt_tim338,1,338,battery,0.2269934541826662,0.0,0.2269934541826662,0.061997343856217114
1015,pltd_tim339,1,339,diesel,0.01002781695999998,0.2511,-0.24107218304,0.0031207487808000032
1016,plts_tim339,1,339,solar,0.682784900935606,0.0,0.682784900935606,0.16665589667399958
1017,batt_tim339,1,339,battery,0.2945465509804609,0.0,0.2945465509804609,0.0804555243394686
1018,pltd_tim340,1,340,diesel,0.008293368213333431,0.2076,-0.19930663178666658,0.0025810016624000153
1019,plts_tim340,1,340,solar,0.5412191977552983,0.0,0.5412191977552983,0.13782340174801416
1020,batt_tim340,1,340,battery,0.24362484172186388,0.0,0.24362484172186388,0.06653708224071977
1021,pltd_tim341,1,341,diesel,0.011615157760000099,0.2908,-0.2791848422399999,0.0036147675648000384
1022,plts_tim341,1,341,solar,0.7455149471881057,0.0,0.7455149471881057,0.19303481189932847
1023,batt_tim341,1,341,battery,0.3411802571424368,0.0,0.3411802571424368,0.09319209207837462
1024,pltd_tim342,1,342,diesel,0.004614314240000046,0.1155,-0.11088568575999996,0.0014360059952000085
1025,plts_tim342,1,342,solar,0.3157941044329658,0.0,0.3157941044329658,0.07668227745891022
1026,batt_tim342,1,342,battery,0.1355451181734592,0.0,0.1355451181734592,0.037020656835669886
1027,pltd_tim343,1,343,diesel,0.006398293013333375,0.1602,-0.15380170698666662,0.001991229766400003
1028,plts_tim343,1,343,solar,0.42185647409373545,0.0,0.42185647409373545,0.10633220068986052
1029,batt_tim343,1,343,battery,0.18792186416688736,0.0,0.18792186416688736,0.05133159466001893
1030,pltd_tim344,1,344,diesel,0.008662002346666624,0.2169,-0.2082379976533334,0.0026957772463999815
1031,plts_tim344,1,344,solar,0.5676747288403899,0.0,0.5676747288403899,0.14395839105441205
1032,batt_tim344,1,344,battery,0.25443731970064365,0.0,0.25443731970064365,0.06950042942843303
1033,pltd_tim345,1,345,diesel,0.006435176426666609,0.1611,-0.1546648235733334,0.0020026975247999885
1034,plts_tim345,1,345,solar,0.428167526305136,0.0,0.428167526305136,0.10694629567135809
1035,batt_tim345,1,345,battery,0.18900658848785687,0.0,0.18900658848785687,0.0516316188829961
1036,pltd_tim346,1,346,diesel,0.008674382293333333,0.2172,-0.20852561770666667,0.002699534140799975
1037,plts_tim346,1,346,solar,0.5695842705862441,0.0,0.5695842705862441,0.1441627067585406
1038,batt_tim346,1,346,battery,0.2547809466716381,0.0,0.2547809466716381,0.0695980056744911
1039,pltd_tim347,1,347,diesel,0.011885931840000174,0.2976,-0.2857140681599998,0.003699072843200019
1040,plts_tim347,1,347,solar,0.7617982876521817,0.0,0.7617982876521817,0.19753292847760232
1041,batt_tim347,1,347,battery,0.34908657204202265,0.0,0.34908657204202265,0.09536095822608795
1042,pltd_tim348,1,348,diesel,0.004737098240000023,0.1186,-0.11386290175999997,0.0014742733152000049
1043,plts_tim348,1,348,solar,0.3091732515350786,0.0,0.3091732515350786,0.07872694877516559
1044,batt_tim348,1,348,battery,0.13914466881069573,0.0,0.13914466881069573,0.038006837570868875
1045,pltd_tim349,1,349,diesel,0.014223520853333343,0.3561,-0.3418764791466667,0.004426427689599996
1046,plts_tim349,1,349,solar,0.9283244933210436,0.0,0.9283244933210436,0.23638576181745066
1047,batt_tim349,1,349,battery,0.4177968464025751,0.0,0.4177968464025751,0.11411949211697771
1048,pltd_tim350,1,350,diesel,0.0030759958400000675,0.077,-0.07392400415999993,0.0009572355632000074
1049,plts_tim350,1,350,solar,0.2087154758224771,0.0,0.2087154758224771,0.05112139090282131
1050,batt_tim350,1,350,battery,0.09035151083837475,0.0,0.09035151083837475,0.024679175067971557
1051,pltd_tim351,1,351,diesel,0.0033710836266666678,0.0844,-0.08102891637333333,0.0010491197807999965
1052,plts_tim351,1,351,solar,0.23100291482402374,0.0,0.23100291482402374,0.05602921852096725
1053,batt_tim351,1,351,battery,0.0990189278861452,0.0,0.0990189278861452,0.027049270496196556
1054,pltd_tim352,1,352,diesel,0.006484296213333362,0.1624,-0.15591570378666664,0.002017949102400004
1055,plts_tim352,1,352,solar,0.4437969556489493,0.0,0.4437969556489493,0.10776434508296598
1056,batt_tim352,1,352,battery,0.19048710845197525,0.0,0.19048710845197525,0.0520265283443605
1057,pltd_tim353,1,353,diesel,0.002977433173333339,0.0746,-0.07162256682666666,0.0009265794832000022
1058,plts_tim353,1,353,solar,0.20187758599029837,0.0,0.20187758599029837,0.04948549065629544
1059,batt_tim353,1,353,battery,0.08746101400065104,0.0,0.08746101400065104,0.023889144831178072
1060,pltd_tim354,1,354,diesel,0.009449682773333343,0.2366,-0.22715031722666668,0.0029408486912000137
1061,plts_tim354,1,354,solar,0.6467472964307937,0.0,0.6467472964307937,0.15704544017079103
1062,batt_tim354,1,354,battery,0.2775976274288954,0.0,0.2775976274288954,0.07581842830201305
1063,pltd_tim355,1,355,diesel,0.012082908373333234,0.3025,-0.29041709162666673,0.003760306379199984
1064,plts_tim355,1,355,solar,0.82696047072081,0.0,0.82696047072081,0.2008055002917526
1065,batt_tim355,1,355,battery,0.3549484795655966,0.0,0.3549484795655966,0.09694491289514488
1066,pltd_tim356,1,356,diesel,0.002719315946666657,0.0681,-0.06538068405333333,0.0008462631743999993
1067,plts_tim356,1,356,solar,0.1853612199818412,0.0,0.1853612199818412,0.04519126930152697
1068,batt_tim356,1,356,battery,0.07987571307655275,0.0,0.07987571307655275,0.021816238143389278
1069,pltd_tim357,1,357,diesel,0.0030512564266667085,0.0764,-0.07334874357333329,0.0009495279248000027
1070,plts_tim357,1,357,solar,0.2088459636403058,0.0,0.2088459636403058,0.05071271546681502
1071,batt_tim357,1,357,battery,0.08964138056974814,0.0,0.08964138056974814,0.024483136074628542
1072,pltd_tim358,1,358,diesel,0.00521695189333333,0.1306,-0.12538304810666667,0.0016235959487999982
1073,plts_tim358,1,358,solar,0.3549336187012723,0.0,0.3549336187012723,0.08670177687099798
1074,batt_tim358,1,358,battery,0.15323607357172364,0.0,0.15323607357172364,0.04185602743409487
1075,pltd_tim359,1,359,diesel,0.003432783359999966,0.086,-0.08256721664000002,0.0010683172527999963
1076,plts_tim359,1,359,solar,0.23190118653865105,0.0,0.23190118653865105,0.05705136691298399
1077,batt_tim359,1,359,battery,0.10083234475723593,0.0,0.10083234475723593,0.02754148771562229
1078,pltd_tim360,1,360,diesel,0.005106209280000016,0.1279,-0.12279379072,0.0015891339744000098
1079,plts_tim360,1,360,solar,0.3482041371042358,0.0,0.3482041371042358,0.08486175676769539
1080,batt_tim360,1,360,battery,0.1500042472030894,0.0,0.1500042472030894,0.04096946157883818
1081,pltd_tim361,1,361,diesel,0.007788477760000058,0.195,-0.18721152223999996,0.0024238001648000077
1082,plts_tim361,1,361,solar,0.5248834282724801,0.0,0.5248834282724801,0.1294398247971901
1083,batt_tim361,1,361,battery,0.22875767386653328,0.0,0.22875767386653328,0.06249035099888303
1084,pltd_tim362,1,362,diesel,0.007468594133333254,0.187,-0.17953140586666674,0.002324300383999988
1085,plts_tim362,1,362,solar,0.5060105376864176,0.0,0.5060105376864176,0.12412325869952408
1086,batt_tim362,1,362,battery,0.2194044840544947,0.0,0.2194044840544947,0.059924453699835865
1087,pltd_tim363,1,363,diesel,0.011073501760000076,0.2773,-0.2662264982399999,0.0034461666848000084
1088,plts_tim363,1,363,solar,0.7473976937674753,0.0,0.7473976937674753,0.18403664898039257
1089,batt_tim363,1,363,battery,0.32528811162175153,0.0,0.32528811162175153,0.08884339358215487
1090,pltd_tim364,1,364,diesel,0.004404814186666625,0.1103,-0.10589518581333338,0.0013708114895999897
1091,plts_tim364,1,364,solar,0.29767330648457824,0.0,0.29767330648457824,0.07320602708690348
1092,batt_tim364,1,364,battery,0.1293934555935433,0.0,0.1293934555935433,0.03534197519760789
1093,pltd_tim365,1,365,diesel,0.009092525973333447,0.2277,-0.21860747402666655,0.002829644227200001
1094,plts_tim365,1,365,solar,0.6223269366486552,0.0,0.6223269366486552,0.15111555751638134
1095,batt_tim365,1,365,battery,0.26711608352169064,0.0,0.26711608352169064,0.07295564496202647
1096,pltd_tim366,1,366,diesel,0.006176669439999962,0.1547,-0.14852333056000006,0.0019221372911999957
1097,plts_tim366,1,366,solar,0.41475386701565065,0.0,0.41475386701565065,0.10265218450278257
1098,batt_tim366,1,366,battery,0.18145247489001642,0.0,0.18145247489001642,0.04955789809392489
1099,pltd_tim367,1,367,diesel,0.006558227093333384,0.1642,-0.15764177290666662,0.0020410838448000073
1100,plts_tim367,1,367,solar,0.4475665803465148,0.0,0.4475665803465148,0.10899118016505328
1101,batt_tim367,1,367,battery,0.19265567564420039,0.0,0.19265567564420039,0.05261924432512926
1102,pltd_tim368,1,368,diesel,0.0018826285866666642,0.0471,-0.04521737141333334,0.0005858960016000018
1103,plts_tim368,1,368,solar,0.12670808950891027,0.0,0.12670808950891027,0.03128625730869629
1104,batt_tim368,1,368,battery,0.05529144434248829,0.0,0.05529144434248829,0.015103409074445224
1105,pltd_tim369,1,369,diesel,0.003519007039999931,0.0881,-0.08458099296000007,0.0010951017391999914
1106,plts_tim369,1,369,solar,0.23836719085557573,0.0,0.23836719085557573,0.05848270305302331
1107,batt_tim369,1,369,battery,0.10336914587877724,0.0,0.10336914587877724,0.028232558032147224
1108,pltd_tim370,1,370,diesel,0.0028791166933333627,0.0721,-0.06922088330666663,0.0008960192528000044
1109,plts_tim370,1,370,solar,0.1929442968221399,0.0,0.1929442968221399,0.04784982097734377
1110,batt_tim370,1,370,battery,0.08456488312235598,0.0,0.08456488312235598,0.02310110615360478
1111,pltd_tim371,1,371,diesel,0.007345733226666719,0.1839,-0.1765542667733333,0.002286024988800007
1112,plts_tim371,1,371,solar,0.4976742651720482,0.0,0.4976742651720482,0.1220784935941686
1113,batt_tim371,1,371,battery,0.21578978639863017,0.0,0.21578978639863017,0.05893724877489993
1114,pltd_tim372,1,372,diesel,0.0070750205866665986,0.1771,-0.17002497941333342,0.0022018661615999914
1115,plts_tim372,1,372,solar,0.47613676416034506,0.0,0.47613676416034506,0.1175789135402545
1116,batt_tim372,1,372,battery,0.2078093239163803,0.0,0.2078093239163803,0.05676174244042736
1117,pltd_tim373,1,373,diesel,0.009535552639999932,0.2388,-0.22926444736000007,0.002967463027199992
1118,plts_tim373,1,373,solar,0.6457525200190716,0.0,0.6457525200190716,0.1584766107449351
1119,batt_tim373,1,373,battery,0.28012854920410285,0.0,0.28012854920410285,0.07650653006728612
1120,pltd_tim374,1,374,diesel,0.010901377493333295,0.273,-0.2620986225066667,0.0033926176367999653
1121,plts_tim374,1,374,solar,0.7229161735746618,0.0,0.7229161735746618,0.18117459054958962
1122,batt_tim374,1,374,battery,0.3202116804763808,0.0,0.3202116804763808,0.08746574820416754
1123,pltd_tim375,1,375,diesel,0.0036295906133333644,0.0909,-0.08727040938666664,0.0011296380144000025
1124,plts_tim375,1,375,solar,0.24842514464994936,0.0,0.24842514464994936,0.06032347825724683
1125,batt_tim375,1,375,battery,0.10662914832570328,0.0,0.10662914832570328,0.029122961351053973
1126,pltd_tim376,1,376,diesel,0.004257347200000006,0.1066,-0.10234265279999999,0.0013248844560000007
1127,plts_tim376,1,376,solar,0.2852344796978047,0.0,0.2852344796978047,0.07075194898749303
1128,batt_tim376,1,376,battery,0.12503087183020214,0.0,0.12503087183020214,0.034155642370914736
1129,pltd_tim377,1,377,diesel,0.004811034346666687,0.1205,-0.11568896565333331,0.0014972476064000063
1130,plts_tim377,1,377,solar,0.3292682979836898,0.0,0.3292682979836898,0.07995408909124121
1131,batt_tim377,1,377,battery,0.1413285643039588,0.0,0.1413285643039588,0.03860023564637703
1132,pltd_tim378,1,378,diesel,0.007087133866666647,0.1774,-0.17031286613333335,0.002205546055999999
1133,plts_tim378,1,378,solar,0.46218498648141704,0.0,0.46218498648141704,0.11778376006953213
1134,batt_tim378,1,378,battery,0.2081626875926054,0.0,0.2081626875926054,0.05686181945215104
1135,pltd_tim379,1,379,diesel,0.006840893973333284,0.1713,-0.16445910602666672,0.0021289688672000004
1136,plts_tim379,1,379,solar,0.4488997098466925,0.0,0.4488997098466925,0.11369403273937483
1137,batt_tim379,1,379,battery,0.2009594199785988,0.0,0.2009594199785988,0.054887489404980255
1138,pltd_tim380,1,380,diesel,0.004995338559999984,0.1251,-0.12010466144000001,0.001554588548800001
1139,plts_tim380,1,380,solar,0.32521224547949773,0.0,0.32521224547949773,0.0830211691927774
1140,batt_tim380,1,380,battery,0.14674460324101646,0.0,0.14674460324101646,0.040079578878067144
1141,pltd_tim381,1,381,diesel,0.002214369066666682,0.0555,-0.05328563093333332,0.0006890697520000062
1142,plts_tim381,1,381,solar,0.15117658586291566,0.0,0.15117658586291566,0.036807747170661397
1143,batt_tim381,1,381,battery,0.06504966080070541,0.0,0.06504966080070541,0.017769969198832176
1144,pltd_tim382,1,382,diesel,0.006275185919999941,0.1571,-0.15082481408000004,0.0019528235215999965
1145,plts_tim382,1,382,solar,0.4132741670049996,0.0,0.4132741670049996,0.10428764713082495
1146,batt_tim382,1,382,battery,0.18433239397076223,0.0,0.18433239397076223,0.050345837303466555
1147,pltd_tim383,1,383,diesel,0.003777560213333338,0.0946,-0.09082243978666667,0.0011756458224000072
1148,plts_tim383,1,383,solar,0.2541369780129302,0.0,0.2541369780129302,0.06277705786428549
1149,batt_tim383,1,383,battery,0.11095228785685848,0.0,0.11095228785685848,0.030306760940173205
1150,pltd_tim384,1,384,diesel,0.006385902826666671,0.1599,-0.1535140971733333,0.001987268796799992
1151,plts_tim384,1,384,solar,0.44125409551091777,0.0,0.44125409551091777,0.10612823999253618
1152,batt_tim384,1,384,battery,0.18758092199823978,0.0,0.18758092199823978,0.05123531298498799
1153,pltd_tim385,1,385,diesel,0.0015132918400000118,0.0379,-0.03638670815999999,0.00047094864320000265
1154,plts_tim385,1,385,solar,0.10138093055930296,0.0,0.10138093055930296,0.025151786675563587
1155,batt_tim385,1,385,battery,0.04445686695379288,0.0,0.04445686695379288,0.012142282027353533
1156,pltd_tim386,1,386,diesel,0.0018703922133333334,0.0468,-0.044929607786666666,0.0005820911823999998
1157,plts_tim386,1,386,solar,0.12800178586655456,0.0,0.12800178586655456,0.0310818804001185
1158,batt_tim386,1,386,battery,0.05494132134560974,0.0,0.05494132134560974,0.01500569435575304
1159,pltd_tim387,1,387,diesel,0.008170071360000012,0.2046,-0.19642992864,0.002542610492800004
1160,plts_tim387,1,387,solar,0.5503150486299704,0.0,0.5503150486299704,0.13577828189781485
1161,batt_tim387,1,387,battery,0.24000600102592112,0.0,0.24000600102592112,0.0655478245795341
1162,pltd_tim388,1,388,diesel,0.0026329896533332743,0.0659,-0.06326701034666672,0.0008194469135999891
1163,plts_tim388,1,388,solar,0.17728974999853273,0.0,0.17728974999853273,0.04375998546870045
1164,batt_tim388,1,388,battery,0.07734131844906357,0.0,0.07734131844906357,0.021126206721218104
1165,pltd_tim389,1,389,diesel,0.0017104581333333441,0.0428,-0.041089541866666655,0.0005323071039999986
1166,plts_tim389,1,389,solar,0.11462931081070649,0.0,0.11462931081070649,0.02842348868980729
1167,batt_tim389,1,389,battery,0.05023285116074393,0.0,0.05023285116074393,0.013722170697125618
1168,pltd_tim390,1,390,diesel,0.002571213013333319,0.0644,-0.06182878698666668,0.0008002553663999925
1169,plts_tim390,1,390,solar,0.17268372936386875,0.0,0.17268372936386875,0.04273761334484598
1170,batt_tim390,1,390,battery,0.07554958679287606,0.0,0.07554958679287606,0.02063255785676164
1171,pltd_tim391,1,391,diesel,0.0037034702933333263,0.0927,-0.08899652970666667,0.001152564380799995
1172,plts_tim391,1,391,solar,0.24983509473871668,0.0,0.24983509473871668,0.06155032876832606
1173,batt_tim391,1,391,battery,0.10878395534856256,0.0,0.10878395534856256,0.02971476840508009
1174,pltd_tim392,1,392,diesel,0.00821388010666666,0.1688,-0.16058611989333335,0.003179751411199994
1175,plts_tim392,1,392,solar,0.504710058514609,0.0,0.504710058514609,0.11079341706936335
1176,batt_tim392,1,392,battery,0.19433219016022876,0.0,0.19433219016022876,0.053087450491854385
1177,pltd_tim393,1,393,diesel,0.0062055781333334266,0.1275,-0.12129442186666657,0.0024023067040000114
1178,plts_tim393,1,393,solar,0.3701518804380004,0.0,0.3701518804380004,0.08370183208703234
1179,batt_tim393,1,393,battery,0.14682766779970463,0.0,0.14682766779970463,0.040107974327668036
1180,pltd_tim394,1,394,diesel,0.0024733981866664747,0.0508,-0.04832660181333352,0.0009575158095998579
1181,plts_tim394,1,394,solar,0.15224878281865908,0.0,0.15224878281865908,0.033359209975622604
1182,batt_tim394,1,394,battery,0.05852113644051544,0.0,0.05852113644051544,0.015984516295652836
1183,pltd_tim395,1,395,diesel,0.005125981226666657,0.1054,-0.10027401877333333,0.001984428028800007
1184,plts_tim395,1,395,solar,0.31180986418316115,0.0,0.31180986418316115,0.0691448471542947
1185,batt_tim395,1,395,battery,0.12129114724485979,0.0,0.12129114724485979,0.033131127738094804
1186,pltd_tim396,1,396,diesel,0.007434446186681231,0.1528,-0.14536555381331875,0.0028780478496020926
1187,plts_tim396,1,396,solar,0.4548818953749449,0.0,0.4548818953749449,0.10028037648079621
1188,batt_tim396,1,396,battery,0.17593277484741865,0.0,0.17593277484741865,0.04805081311230611
1189,pltd_tim397,1,397,diesel,0.0026084861866666788,0.0653,-0.06269151381333332,0.0008117430496000025
1190,plts_tim397,1,397,solar,0.17852926380647047,0.0,0.17852926380647047,0.04335112811986082
1191,batt_tim397,1,397,battery,0.076628524744083,0.0,0.076628524744083,0.020929070392133035
1192,pltd_tim398,1,398,diesel,0.003457240640000014,0.0866,-0.08314275935999998,0.0010759742672000006
1193,plts_tim398,1,398,solar,0.23504177428801237,0.0,0.23504177428801237,0.05746042795076656
1194,batt_tim398,1,398,battery,0.1015559055274526,0.0,0.1015559055274526,0.02773921828441992
1195,pltd_tim399,1,399,diesel,0.004503171626666661,0.1128,-0.10829682837333333,0.0014014600207999902
1196,plts_tim399,1,399,solar,0.3096668321449084,0.0,0.3096668321449084,0.07484193808582205
1197,batt_tim399,1,399,battery,0.1322748034073533,0.0,0.1322748034073533,0.03613198451461524
1198,pltd_tim400,1,400,diesel,0.003937294293333291,0.0986,-0.0946627057066667,0.0012253739007999941
1199,plts_tim400,1,400,solar,0.2694777652838331,0.0,0.2694777652838331,0.06543557051385346
1200,batt_tim400,1,400,battery,0.11566508882171894,0.0,0.11566508882171894,0.03159098959741322
1201,pltd_tim401,1,401,diesel,0.004257347200000028,0.1066,-0.10234265279999998,0.001324884456000012
1202,plts_tim401,1,401,solar,0.2924905424552908,0.0,0.2924905424552908,0.070752268648551
1203,batt_tim401,1,401,battery,0.12506283430578438,0.0,0.12506283430578438,0.03415740383653628
1204,pltd_tim402,1,402,diesel,0.002719315946666645,0.0681,-0.06538068405333335,0.0008462631743999951
1205,plts_tim402,1,402,solar,0.1850217174367134,0.0,0.1850217174367134,0.04519126795058437
1206,batt_tim402,1,402,battery,0.07986521456128434,0.0,0.07986521456128434,0.02181623069913261
1207,pltd_tim403,1,403,diesel,0.005155308586666686,0.1291,-0.12394469141333331,0.0016044254016000033
1208,plts_tim403,1,403,solar,0.35398148603366186,0.0,0.35398148603366186,0.08567940992573522
1209,batt_tim403,1,403,battery,0.15141861395986558,0.0,0.15141861395986558,0.04136263854333682
1210,pltd_tim404,1,404,diesel,0.008686685333333383,0.2175,-0.2088133146666666,0.0027033529600000183
1211,plts_tim404,1,404,solar,0.6058899675911612,0.0,0.6058899675911612,0.14436705129409694
1212,batt_tim404,1,404,battery,0.25516680903291444,0.0,0.25516680903291444,0.06969577344184666
1213,pltd_tim405,1,405,diesel,0.008009911573333365,0.2006,-0.19259008842666664,0.0024926977152000002
1214,plts_tim405,1,405,solar,0.5444170606715463,0.0,0.5444170606715463,0.13312025965031238
1215,batt_tim405,1,405,battery,0.23526046575655157,0.0,0.23526046575655157,0.06426547333704223
1216,pltd_tim406,1,406,diesel,0.004946254720000007,0.1238,-0.11885374527999999,0.0015393057456000072
1217,plts_tim406,1,406,solar,0.3385316599904058,0.0,0.3385316599904058,0.08220349986803423
1218,batt_tim406,1,406,battery,0.14530502930797592,0.0,0.14530502930797592,0.03968624463138036
1219,pltd_tim407,1,407,diesel,0.008145434560000038,0.2039,-0.19575456543999997,0.0025349836287999993
1220,plts_tim407,1,407,solar,0.5574824390996195,0.0,0.5574824390996195,0.1353698794719149
1221,batt_tim407,1,407,battery,0.23928322351065104,0.0,0.23928322351065104,0.06535388937789728
1222,pltd_tim408,1,408,diesel,0.006533313386666727,0.1636,-0.15706668661333326,0.002033203905600007
1223,plts_tim408,1,408,solar,0.4471652683813366,0.0,0.4471652683813366,0.1085822868949369
1224,batt_tim408,1,408,battery,0.19193307201664125,0.0,0.19193307201664125,0.05242144125504172
1225,pltd_tim409,1,409,diesel,0.002362384853333325,0.0591,-0.05673761514666668,0.0007351664096000011
1226,plts_tim409,1,409,solar,0.15999780174265762,0.0,0.15999780174265762,0.03926125810794913
1227,batt_tim409,1,409,battery,0.06939460520571625,0.0,0.06939460520571625,0.018953648549828044
1228,pltd_tim410,1,410,diesel,0.003039399573333365,0.0761,-0.07306060042666664,0.0009458959552000022
1229,plts_tim410,1,410,solar,0.20800283033513461,0.0,0.20800283033513461,0.05050801158495276
1230,batt_tim410,1,410,battery,0.0892789771674311,0.0,0.0892789771674311,0.02438422491396695
1231,pltd_tim411,1,411,diesel,0.006336526613333328,0.1587,-0.15236347338666667,0.0019719342943999873
1232,plts_tim411,1,411,solar,0.4334439696836818,0.0,0.4334439696836818,0.10531020883454628
1233,batt_tim411,1,411,battery,0.18612450175528888,0.0,0.18612450175528888,0.05084004715846437
1234,pltd_tim412,1,412,diesel,0.0058689862399999545,0.147,-0.14113101376000003,0.001826508555199999
1235,plts_tim412,1,412,solar,0.4030462222071335,0.0,0.4030462222071335,0.09753955135734124
1236,batt_tim412,1,412,battery,0.17237802123500345,0.0,0.17237802123500345,0.04708751834098251
1237,pltd_tim413,1,413,diesel,0.007653200960000008,0.1916,-0.18394679904,0.0023817991007999925
1238,plts_tim413,1,413,solar,0.5210940403657874,0.0,0.5210940403657874,0.12719001495843632
1239,batt_tim413,1,413,battery,0.2247944488748484,0.0,0.2247944488748484,0.06140276610766658
1240,pltd_tim414,1,414,diesel,0.006865520533333327,0.1719,-0.16503447946666666,0.0021366366560000008
1241,plts_tim414,1,414,solar,0.4744874390558858,0.0,0.4744874390558858,0.11410295093805405
1242,batt_tim414,1,414,battery,0.20167628960494982,0.0,0.20167628960494982,0.05508441509640198
1243,pltd_tim415,1,415,diesel,0.005770726186666679,0.1445,-0.1387292738133333,0.0017959122495999932
1244,plts_tim415,1,415,solar,0.39495357271109993,0.0,0.39495357271109993,0.09590404360655311
1245,batt_tim415,1,415,battery,0.16952234830529966,0.0,0.16952234830529966,0.04630055889484345
1246,pltd_tim416,1,416,diesel,0.007776231146666656,0.1947,-0.18692376885333337,0.0024200712703999934
1247,plts_tim416,1,416,solar,0.5322187205843705,0.0,0.5322187205843705,0.12923528324282188
1248,batt_tim416,1,416,battery,0.22843913465492618,0.0,0.22843913465492618,0.06239222453639984
1249,pltd_tim417,1,417,diesel,0.0013780714666666771,0.0345,-0.033121928533333324,0.0004288485040000012
1250,plts_tim417,1,417,solar,0.09431757231240356,0.0,0.09431757231240356,0.0229024970513959
1251,batt_tim417,1,417,battery,0.04048300365495824,0.0,0.04048300365495824,0.011056902070879471
1252,pltd_tim418,1,418,diesel,0.002263899093333343,0.0567,-0.05443610090666666,0.0007045254048000018
1253,plts_tim418,1,418,solar,0.1549499475400634,0.0,0.1549499475400634,0.03762552197195942
1254,batt_tim418,1,418,battery,0.0665080720604059,0.0,0.0665080720604059,0.018164875711518043
1255,pltd_tim419,1,419,diesel,0.002510128746666684,0.0628,-0.06028987125333331,0.0007810805184000063
1256,plts_tim419,1,419,solar,0.17208621761242215,0.0,0.17208621761242215,0.04171531877434365
1257,batt_tim419,1,419,battery,0.07373164119946622,0.0,0.07373164119946622,0.020139621227722868
1258,pltd_tim420,1,420,diesel,0.003285070186666624,0.0823,-0.07901492981333337,0.0010223783695999962
1259,plts_tim420,1,420,solar,0.22680051546879204,0.0,0.22680051546879204,0.054597770366946664
1260,batt_tim420,1,420,battery,0.09648864082777615,0.0,0.09648864082777615,0.026357974589928994
1261,pltd_tim421,1,421,diesel,0.0014885421866666557,0.0373,-0.03581145781333334,0.0004632819295999968
1262,plts_tim421,1,421,solar,0.10231986201804726,0.0,0.10231986201804726,0.024742780881706034
1263,batt_tim421,1,421,battery,0.043735609719884945,0.0,0.043735609719884945,0.011944841001884306
1264,pltd_tim422,1,422,diesel,0.004761847893333302,0.1192,-0.1144381521066667,0.001481975028799984
1265,plts_tim422,1,422,solar,0.3276412089882102,0.0,0.3276412089882102,0.07913560534124645
1266,batt_tim422,1,422,battery,0.13986293501313726,0.0,0.13986293501313726,0.03820254707035997
1267,pltd_tim423,1,423,diesel,0.007800980799999961,0.1953,-0.18749901920000003,0.0024277099839999923
1268,plts_tim423,1,423,solar,0.5312307414094148,0.0,0.5312307414094148,0.12964375629252373
1269,batt_tim423,1,423,battery,0.22913159782934076,0.0,0.22913159782934076,0.06258645990917766
1270,pltd_tim424,1,424,diesel,0.004134024639999998,0.1035,-0.09936597536,0.0012865605871999987
1271,plts_tim424,1,424,solar,0.2851826290008485,0.0,0.2851826290008485,0.06870715296048328
1272,batt_tim424,1,424,battery,0.12142325960462858,0.0,0.12142325960462858,0.03316911855962978
1273,pltd_tim425,1,425,diesel,0.007197773866666762,0.1802,-0.17300222613333324,0.0022400322560000145
1274,plts_tim425,1,425,solar,0.4718816821947181,0.0,0.4718816821947181,0.11962420381684138
1275,batt_tim425,1,425,battery,0.21144144267863774,0.0,0.21144144267863774,0.05775050609930305
1276,pltd_tim426,1,426,diesel,0.001993560959999999,0.0499,-0.04790643904,0.0006203149007999998
1277,plts_tim426,1,426,solar,0.1292781552536117,0.0,0.1292781552536117,0.033126789870887935
1278,batt_tim426,1,426,battery,0.058542777855517744,0.0,0.058542777855517744,0.015992792866905366
1279,pltd_tim427,1,427,diesel,0.008329861866666694,0.2086,-0.2002701381333333,0.0025923654960000138
1280,plts_tim427,1,427,solar,0.5592274969188032,0.0,0.5592274969188032,0.13843735761668327
1281,batt_tim427,1,427,battery,0.24469152077772593,0.0,0.24469152077772593,0.06683530435009837
1282,pltd_tim428,1,428,diesel,0.008662002346666682,0.2169,-0.20823799765333334,0.002695777246399977
1283,plts_tim428,1,428,solar,0.5890732553214525,0.0,0.5890732553214525,0.14395828997751878
1284,batt_tim428,1,428,battery,0.25444839003762587,0.0,0.25444839003762587,0.06949987245263574
1285,pltd_tim429,1,429,diesel,0.0049707324799999975,0.1245,-0.11952926752,0.001546971910400001
1286,plts_tim429,1,429,solar,0.33000724151632943,0.0,0.33000724151632943,0.08261218126455665
1287,batt_tim429,1,429,battery,0.14601968743352,0.0,0.14601968743352,0.03988185649533412
1288,pltd_tim430,1,430,diesel,0.006299822720000011,0.1577,-0.15140017728,0.0019605553856000125
1289,plts_tim430,1,430,solar,0.4281258726386841,0.0,0.4281258726386841,0.10469674758479607
1290,batt_tim430,1,430,battery,0.18504098926943996,0.0,0.18504098926943996,0.05054415895145338
1291,pltd_tim431,1,431,diesel,0.005340115413333284,0.1337,-0.12835988458666672,0.0016619521183999944
1292,plts_tim431,1,431,solar,0.364097126839107,0.0,0.364097126839107,0.08874715686038745
1293,batt_tim431,1,431,battery,0.15684100933400524,0.0,0.15684100933400524,0.042845792820609976
1294,pltd_tim432,1,432,diesel,0.005377157866666715,0.1346,-0.1292228421333333,0.0016733595760000072
1295,plts_tim432,1,432,solar,0.35733248047617217,0.0,0.35733248047617217,0.0893600247534274
1296,batt_tim432,1,432,battery,0.15793618187589292,0.0,0.15793618187589292,0.04313887728403222
1297,pltd_tim433,1,433,diesel,0.0068782030933332945,0.1722,-0.1653217969066667,0.002140572324799991
1298,plts_tim433,1,433,solar,0.4707440519730293,0.0,0.4707440519730293,0.11430775043086962
1299,batt_tim433,1,433,battery,0.20205319023386512,0.0,0.20205319023386512,0.05518552662238795
1300,pltd_tim434,1,434,diesel,0.003346390400000007,0.0838,-0.08045360959999999,0.0010414169919999985
1301,plts_tim434,1,434,solar,0.2235301991301421,0.0,0.2235301991301421,0.05562031034250238
1302,batt_tim434,1,434,battery,0.09831033012033344,0.0,0.09831033012033344,0.026851898572414074
1303,pltd_tim435,1,435,diesel,0.0034698001066667244,0.0869,-0.08343019989333328,0.0010798480112000118
1304,plts_tim435,1,435,solar,0.24194631193876664,0.0,0.24194631193876664,0.05766519954424167
1305,batt_tim435,1,435,battery,0.10192951204786185,0.0,0.10192951204786185,0.02783964197738181
1306,pltd_tim436,1,436,diesel,0.004601867626666621,0.1152,-0.11059813237333338,0.0014321301007999955
1307,plts_tim436,1,436,solar,0.31766832129515854,0.0,0.31766832129515854,0.07647773072304966
1308,batt_tim436,1,436,battery,0.1351745300062362,0.0,0.1351745300062362,0.03692111319600481
1309,pltd_tim437,1,437,diesel,0.008145434559999843,0.2039,-0.19575456544000017,0.0025349836287999754
1310,plts_tim437,1,437,solar,0.5422604053675456,0.0,0.5422604053675456,0.13536921969741741
1311,batt_tim437,1,437,battery,0.23926909166475066,0.0,0.23926909166475066,0.06535025374551023
1312,pltd_tim438,1,438,diesel,0.00820664191999993,0.2055,-0.19729335808000006,0.0025539964015999957
1313,plts_tim438,1,438,solar,0.5616938442277599,0.0,0.5616938442277599,0.13639247182290598
1314,batt_tim438,1,438,battery,0.24109056479061047,0.0,0.24109056479061047,0.06584765094545497
1315,pltd_tim439,1,439,diesel,0.003839003519999965,0.0961,-0.09226099648000004,0.0011946623695999927
1316,plts_tim439,1,439,solar,0.2572000041715248,0.0,0.2572000041715248,0.06379939567099217
1317,batt_tim439,1,439,battery,0.11276708267561586,0.0,0.11276708267561586,0.030799372098679775
1318,pltd_tim440,1,440,diesel,0.0034452299733332835,0.0863,-0.08285477002666672,0.0010721791471999952
1319,plts_tim440,1,440,solar,0.24009059073070851,0.0,0.24009059073070851,0.05725603841974387
1320,batt_tim440,1,440,battery,0.1011928582445549,0.0,0.1011928582445549,0.0276411403011803
1321,pltd_tim441,1,441,diesel,0.0044291945599999934,0.1109,-0.10647080544000001,0.0013784044288000002
1322,plts_tim441,1,441,solar,0.3031635359527094,0.0,0.3031635359527094,0.07361521124788956
1323,batt_tim441,1,441,battery,0.13012438422470624,0.0,0.13012438422470624,0.03554003114550801
1324,pltd_tim442,1,442,diesel,0.0027930725333333603,0.0699,-0.06710692746666665,0.0008691906160000064
1325,plts_tim442,1,442,solar,0.19116089763615574,0.0,0.19116089763615574,0.0464183758251401
1326,batt_tim442,1,442,battery,0.08204992762574227,0.0,0.08204992762574227,0.02240988616003247
1327,pltd_tim443,1,443,diesel,0.008994199253333317,0.2252,-0.2162058007466667,0.002799110921599994
1328,plts_tim443,1,443,solar,0.6154319085874571,0.0,0.6154319085874571,0.14947862153362051
1329,batt_tim443,1,443,battery,0.26418623859292306,0.0,0.26418623859292306,0.07216081536262141
1330,pltd_tim444,1,444,diesel,0.003900523733333366,0.0977,-0.09379947626666663,0.001213882992000005
1331,plts_tim444,1,444,solar,0.2679749370733998,0.0,0.2679749370733998,0.06482197898322062
1332,batt_tim444,1,444,battery,0.11458032313941159,0.0,0.11458032313941159,0.03129438348845537
1333,pltd_tim445,1,445,diesel,0.011947457280000098,0.2991,-0.2871525427199999,0.003718112014400021
1334,plts_tim445,1,445,solar,0.8176974977797051,0.0,0.8176974977797051,0.19855625595722
1335,batt_tim445,1,445,battery,0.3509732588558768,0.0,0.3509732588558768,0.09585907041653129
1336,pltd_tim446,1,446,diesel,0.005389112106666658,0.1349,-0.12951088789333334,0.0016770997711999989
1337,plts_tim446,1,446,solar,0.3718313602001803,0.0,0.3718313602001803,0.08956455174598528
1338,batt_tim446,1,446,battery,0.1582945711326723,0.0,0.1582945711326723,0.043237448651989835
1339,pltd_tim447,1,447,diesel,0.005426005760000027,0.1359,-0.13047399423999997,0.001688603604800001
1340,plts_tim447,1,447,solar,0.3732413833332355,0.0,0.3732413833332355,0.09017825674306623
1341,batt_tim447,1,447,battery,0.15937989216827225,0.0,0.15937989216827225,0.04353475122938785
1342,pltd_tim448,1,448,diesel,0.004380141439999959,0.1097,-0.10531985856000005,0.001363208851199994
1343,plts_tim448,1,448,solar,0.30075124093471384,0.0,0.30075124093471384,0.07279691809642108
1344,batt_tim448,1,448,battery,0.12867720170103736,0.0,0.12867720170103736,0.0351435471384537
1345,pltd_tim449,1,449,diesel,0.0056105561599999855,0.1405,-0.13488944384000004,0.0017460893967999947
1346,plts_tim449,1,449,solar,0.3863687447760852,0.0,0.3863687447760852,0.09324532943986623
1347,batt_tim449,1,449,battery,0.16480009674027712,0.0,0.16480009674027712,0.04501454325621296
1348,pltd_tim450,1,450,diesel,0.010618443946666627,0.2659,-0.2552815560533334,0.0033045156143999893
1349,plts_tim450,1,450,solar,0.7302359406860257,0.0,0.7302359406860257,0.17647149042772622
1350,batt_tim450,1,450,battery,0.31193443933469756,0.0,0.31193443933469756,0.08519571473213321
1351,pltd_tim451,1,451,diesel,0.03047745013333343,0.7631,-0.7326225498666665,0.009484865263999965
1352,plts_tim451,1,451,solar,2.1008729920971034,0.0,2.1008729920971034,0.5065097110249027
1353,batt_tim451,1,451,battery,0.895254223273334,0.0,0.895254223273334,0.24451784213363942
1354,pltd_tim452,1,452,diesel,0.009621976320000118,0.2409,-0.2312780236799999,0.0029944645136000176
1355,plts_tim452,1,452,solar,0.6630740486982141,0.0,0.6630740486982141,0.15990771012728822
1356,batt_tim452,1,452,battery,0.2826559767682063,0.0,0.2826559767682063,0.07719749151072806
1357,pltd_tim453,1,453,diesel,0.009621976320000093,0.2409,-0.23127802367999992,0.0029944645136000085
1358,plts_tim453,1,453,solar,0.6585368623047368,0.0,0.6585368623047368,0.15990826348846673
1359,batt_tim453,1,453,battery,0.2826582958411442,0.0,0.2826582958411442,0.07720054076138845
1360,pltd_tim454,1,454,diesel,0.011295417706666611,0.2828,-0.2715045822933334,0.0035152758592000015
1361,plts_tim454,1,454,solar,0.7730644546205675,0.0,0.7730644546205675,0.18771822152657558
1362,batt_tim454,1,454,battery,0.33181517105625435,0.0,0.33181517105625435,0.09062664553203435
1363,pltd_tim455,1,455,diesel,0.0072102000000000815,0.1805,-0.1732897999999999,0.0022438220000000025
1364,plts_tim455,1,455,solar,0.49638203022507155,0.0,0.49638203022507155,0.11982875124625116
1365,batt_tim455,1,455,battery,0.21179766326648963,0.0,0.21179766326648963,0.05784934739861309
1366,pltd_tim456,1,456,diesel,0.00960939637333341,0.2406,-0.2309906036266666,0.0029905116192000107
1367,plts_tim456,1,456,solar,0.6212649919820965,0.0,0.6212649919820965,0.15970327773170528
1368,batt_tim456,1,456,battery,0.28228484017049954,0.0,0.28228484017049954,0.07709850078780119
1369,pltd_tim457,1,457,diesel,0.007800980800000101,0.1953,-0.1874990191999999,0.0024277099840000053
1370,plts_tim457,1,457,solar,0.5113842858314294,0.0,0.5113842858314294,0.1296440299708006
1371,batt_tim457,1,457,battery,0.2291373993625019,0.0,0.2291373993625019,0.06258796799051611
1372,pltd_tim458,1,458,diesel,0.01240267914666657,0.3105,-0.2980973208533334,0.0038598573103999756
1373,plts_tim458,1,458,solar,0.8285931171184032,0.0,0.8285931171184032,0.20612131518965304
1374,batt_tim458,1,458,battery,0.364301092930557,0.0,0.364301092930557,0.09950691405758402
1375,pltd_tim459,1,459,diesel,0.003863686506666662,0.0967,-0.09283631349333334,0.0012024340831999995
1376,plts_tim459,1,459,solar,0.2591725701592203,0.0,0.2591725701592203,0.06420859870904369
1377,batt_tim459,1,459,battery,0.11348994844399647,0.0,0.11348994844399647,0.030998517188509486
1378,pltd_tim460,1,460,diesel,0.006840893973333334,0.1713,-0.16445910602666666,0.0021289688671999995
1379,plts_tim460,1,460,solar,0.44608891477900087,0.0,0.44608891477900087,0.1136941416334013
1380,batt_tim460,1,460,battery,0.20094759483936156,0.0,0.20094759483936156,0.05488808945643829
1381,pltd_tim461,1,461,diesel,0.010618443946666662,0.2659,-0.25528155605333336,0.00330451561439999
1382,plts_tim461,1,461,solar,0.6810084271493506,0.0,0.6810084271493506,0.1764713859611212
1383,batt_tim461,1,461,battery,0.311885646190065,0.0,0.311885646190065,0.08519513907761195
1384,pltd_tim462,1,462,diesel,0.01065547093333328,0.2668,-0.2561445290666667,0.0033161524479999945
1385,plts_tim462,1,462,solar,0.6845859107210355,0.0,0.6845859107210355,0.17708464422500345
1386,batt_tim462,1,462,battery,0.31302751568130066,0.0,0.31302751568130066,0.08549082857311277
1387,pltd_tim463,1,463,diesel,0.008354355093333276,0.2092,-0.20084564490666673,0.0025999352847999864
1388,plts_tim463,1,463,solar,0.541407267734121,0.0,0.541407267734121,0.13884606552392764
1389,batt_tim463,1,463,battery,0.24540315923449563,0.0,0.24540315923449563,0.06703103267517627
1390,pltd_tim464,1,464,diesel,0.011701371200000008,0.293,-0.28129862879999995,0.003641550976000005
1391,plts_tim464,1,464,solar,0.7827497697556177,0.0,0.7827497697556177,0.19446657902059564
1392,batt_tim464,1,464,battery,0.34372545209100885,0.0,0.34372545209100885,0.09388506848124069
1393,pltd_tim465,1,465,diesel,0.006102846186666658,0.1528,-0.14669715381333334,0.001899321849600003
1394,plts_tim465,1,465,solar,0.4137363802976273,0.0,0.4137363802976273,0.1014246561898506
1395,batt_tim465,1,465,battery,0.17928149147066597,0.0,0.17928149147066597,0.048963083029889234
1396,pltd_tim466,1,466,diesel,0.01916996533333343,0.48,-0.46083003466666655,0.005965851360000009
1397,plts_tim466,1,466,solar,1.2987300448848909,0.0,1.2987300448848909,0.31858994260601003
1398,batt_tim466,1,466,battery,0.5631134674704863,0.0,0.5631134674704863,0.15381010014603436
1399,pltd_tim467,1,467,diesel,0.002066958506666659,0.0518,-0.04973304149333334,0.0006431626431999996
1400,plts_tim467,1,467,solar,0.14196675375056203,0.0,0.14196675375056203,0.0343537573026026
1401,batt_tim467,1,467,battery,0.06072059782172668,0.0,0.06072059782172668,0.016584309503433203
1402,pltd_tim468,1,468,diesel,0.009695609813333353,0.2428,-0.23310439018666662,0.003017365030399991
1403,plts_tim468,1,468,solar,0.6532933504053055,0.0,0.6532933504053055,0.1611353615739294
1404,batt_tim468,1,468,battery,0.28482949888850373,0.0,0.28482949888850373,0.07779345389260667
1405,pltd_tim469,1,469,diesel,0.005266205013333294,0.1319,-0.1266337949866667,0.0016388755263999826
1406,plts_tim469,1,469,solar,0.3518931195202845,0.0,0.3518931195202845,0.08751965616797712
1407,batt_tim469,1,469,battery,0.15469346516349497,0.0,0.15469346516349497,0.042250115211723845
1408,pltd_tim470,1,470,diesel,0.003334569493333318,0.0835,-0.08016543050666669,0.0010377397967999988
1409,plts_tim470,1,470,solar,0.22448664859582065,0.0,0.22448664859582065,0.055415789483796184
1410,batt_tim470,1,470,battery,0.09794882779871233,0.0,0.09794882779871233,0.026753592442035214
1411,pltd_tim471,1,471,diesel,0.006951790400000022,0.1741,-0.1671482096,0.0021633979920000074
1412,plts_tim471,1,471,solar,0.4690326477234532,0.0,0.4690326477234532,0.11553447824534467
1413,batt_tim471,1,471,battery,0.20419589333506735,0.0,0.20419589333506735,0.05577598695370155
1414,pltd_tim472,1,472,diesel,0.002522339413333339,0.0632,-0.06067766058666667,0.0007849946384000019
1415,plts_tim472,1,472,solar,0.1685930530632584,0.0,0.1685930530632584,0.041919710141824454
1416,batt_tim472,1,472,battery,0.07408947381436881,0.0,0.07408947381436881,0.020237940768111876
1417,pltd_tim473,1,473,diesel,0.0016734516266666765,0.0419,-0.04022654837333332,0.0005207704208000019
1418,plts_tim473,1,473,solar,0.11298353305345273,0.0,0.11298353305345273,0.027810071286534024
1419,batt_tim473,1,473,battery,0.04914872043521742,0.0,0.04914872043521742,0.013425963283121858
1420,pltd_tim474,1,474,diesel,0.0024116789333333264,0.0604,-0.057988321066666675,0.0007505202879999976
1421,plts_tim474,1,474,solar,0.1613918289264472,0.0,0.1613918289264472,0.040079245444492304
1422,batt_tim474,1,474,battery,0.07083669335367175,0.0,0.07083669335367175,0.019348779671754364
1423,pltd_tim475,1,475,diesel,0.004466344639999993,0.1118,-0.10733365536,0.001389998187200002
1424,plts_tim475,1,475,solar,0.299116802151738,0.0,0.299116802151738,0.07422835169009331
1425,batt_tim475,1,475,battery,0.13120925194077032,0.0,0.13120925194077032,0.035835374053001884
1426,pltd_tim476,1,476,diesel,0.002263899093333316,0.0567,-0.05443610090666669,0.0007045254047999976
1427,plts_tim476,1,476,solar,0.15419849982424289,0.0,0.15419849982424289,0.03762529560450849
1428,batt_tim476,1,476,battery,0.06649883353911483,0.0,0.06649883353911483,0.018163628332543674
1429,pltd_tim477,1,477,diesel,0.004909371306666688,0.1229,-0.11799062869333331,0.0015278519872000116
1430,plts_tim477,1,477,solar,0.3399078864837437,0.0,0.3399078864837437,0.08158972022556676
1431,batt_tim477,1,477,battery,0.14418983435181137,0.0,0.14418983435181137,0.03938842093285018
1432,pltd_tim478,1,478,diesel,0.007271663786666682,0.1821,-0.17482833621333332,0.002263008697600016
1433,plts_tim478,1,478,solar,0.4952010991098405,0.0,0.4952010991098405,0.12085090580812889
1434,batt_tim478,1,478,battery,0.2135908935383094,0.0,0.2135908935383094,0.05834169353677709
1435,pltd_tim479,1,479,diesel,0.007099313813333217,0.1778,-0.17070068618666678,0.0022093939503999866
1436,plts_tim479,1,479,solar,0.4855489067071874,0.0,0.4855489067071874,0.11798848327034242
1437,batt_tim479,1,479,battery,0.20853137808412586,0.0,0.20853137808412586,0.05696148688304939
1438,pltd_tim480,1,480,diesel,0.0032483098666667054,0.0813,-0.0780516901333333,0.001010867536000005
1439,plts_tim480,1,480,solar,0.22231962451631535,0.0,0.22231962451631535,0.053984418216855984
1440,batt_tim480,1,480,battery,0.09542449223379462,0.0,0.09542449223379462,0.026062616346466894
1441,pltd_tim481,1,481,diesel,0.006865520533333387,0.1719,-0.1650344794666666,0.002136636656000009
1442,plts_tim481,1,481,solar,0.46990270121052236,0.0,0.46990270121052236,0.11410339889746328
1443,batt_tim481,1,481,battery,0.20169190609008703,0.0,0.20169190609008703,0.05508688353939684
1444,pltd_tim482,1,482,diesel,0.006582833173333376,0.1648,-0.15821716682666662,0.00204866548320002
1445,plts_tim482,1,482,solar,0.4493173605650588,0.0,0.4493173605650588,0.109400091080676
1446,batt_tim482,1,482,battery,0.19337821021176105,0.0,0.19337821021176105,0.05281588659677506
1447,pltd_tim483,1,483,diesel,0.014174447253333318,0.3549,-0.34072555274666666,0.00441122996159999
1448,plts_tim483,1,483,solar,0.9746208117155943,0.0,0.9746208117155943,0.2355682325824128
1449,batt_tim483,1,483,battery,0.41639500732224644,0.0,0.41639500732224644,0.11372770720607062
1450,pltd_tim484,1,484,diesel,0.004724841386666668,0.1183,-0.11357515861333334,0.0014703543456000014
1451,plts_tim484,1,484,solar,0.318705277778326,0.0,0.318705277778326,0.07852269763285569
1452,batt_tim484,1,484,battery,0.1387991324725715,0.0,0.1387991324725715,0.03790880113128213
1453,pltd_tim485,1,485,diesel,0.005561764693333389,0.1392,-0.1336382353066666,0.0017308302928
1454,plts_tim485,1,485,solar,0.3789475125983603,0.0,0.3789475125983603,0.0924275971933577
1455,batt_tim485,1,485,battery,0.16337719619578586,0.0,0.16337719619578586,0.04462153289768143
1456,pltd_tim486,1,486,diesel,0.004552301653333361,0.114,-0.10944769834666665,0.0014167196736000144
1457,plts_tim486,1,486,solar,0.30696090724993813,0.0,0.30696090724993813,0.07565956658748078
1458,batt_tim486,1,486,battery,0.1337211861903856,0.0,0.1337211861903856,0.03652481194908075
1459,pltd_tim487,1,487,diesel,0.007038126933333322,0.1762,-0.16916187306666666,0.0021903133279999906
1460,plts_tim487,1,487,solar,0.46777295950998377,0.0,0.46777295950998377,0.11696545103128793
1461,batt_tim487,1,487,battery,0.2067132183232045,0.0,0.2067132183232045,0.056464888896492815
1462,pltd_tim488,1,488,diesel,0.005967605333333338,0.1494,-0.14343239466666666,0.0018571355600000023
1463,plts_tim488,1,488,solar,0.40842784808066,0.0,0.40842784808066,0.09917590530263969
1464,batt_tim488,1,488,battery,0.17530584580984643,0.0,0.17530584580984643,0.04788019701392082
1465,pltd_tim489,1,489,diesel,0.004491160959999954,0.1124,-0.10790883904000005,0.0013977209007999965
1466,plts_tim489,1,489,solar,0.3002825752741202,0.0,0.3002825752741202,0.07463717469782111
1467,batt_tim489,1,489,battery,0.1319226111286771,0.0,0.1319226111286771,0.03603203928823521
1468,pltd_tim490,1,490,diesel,0.003211246933333392,0.0804,-0.0771887530666666,0.0009994159280000017
1469,plts_tim490,1,490,solar,0.21899114214015242,0.0,0.21899114214015242,0.05337085765587219
1470,batt_tim490,1,490,battery,0.09434021777672391,0.0,0.09434021777672391,0.02576632031112893
1471,pltd_tim491,1,491,diesel,0.006275185919999903,0.1571,-0.1508248140800001,0.0019528235215999852
1472,plts_tim491,1,491,solar,0.4259353470723999,0.0,0.4259353470723999,0.10428810508278244
1473,batt_tim491,1,491,battery,0.18433066823153638,0.0,0.18433066823153638,0.050348360809565736
1474,pltd_tim492,1,492,diesel,0.002423858879999992,0.0607,-0.058276141120000007,0.0007543331824000028
1475,plts_tim492,1,492,solar,0.16431921191057047,0.0,0.16431921191057047,0.04028356778599056
1476,batt_tim492,1,492,battery,0.07120194843011064,0.0,0.07120194843011064,0.019447125377902153
1477,pltd_tim493,1,493,diesel,0.01905939200000002,0.4772,-0.458140608,0.005931484160000013
1478,plts_tim493,1,493,solar,1.2995074158617974,0.0,1.2995074158617974,0.3167495541757428
1479,batt_tim493,1,493,battery,0.5597845734761048,0.0,0.5597845734761048,0.1529219497563321
1480,pltd_tim494,1,494,diesel,0.006742613440000036,0.1688,-0.16205738655999996,0.0020983704111999955
1481,plts_tim494,1,494,solar,0.46148099721308844,0.0,0.46148099721308844,0.11205848530290284
1482,batt_tim494,1,494,battery,0.1980769181500982,0.0,0.1980769181500982,0.05409964368500412
1483,pltd_tim495,1,495,diesel,0.01211959178666667,0.3035,-0.29138040821333333,0.0037716481375999946
1484,plts_tim495,1,495,solar,0.8375806427044302,0.0,0.8375806427044302,0.20141831234092733
1485,batt_tim495,1,495,battery,0.35600564363361475,0.0,0.35600564363361475,0.09723686473063527
1486,pltd_tim496,1,496,diesel,0.005906049173333319,0.1479,-0.1419939508266667,0.0018379041631999963
1487,plts_tim496,1,496,solar,0.39612741219786646,0.0,0.39612741219786646,0.09815362769768876
1488,batt_tim496,1,496,battery,0.17348983299517307,0.0,0.17348983299517307,0.047387157983439204
1489,pltd_tim497,1,497,diesel,0.003383586666666671,0.0847,-0.08131641333333332,0.0010529526000000026
1490,plts_tim497,1,497,solar,0.23404176723922415,0.0,0.23404176723922415,0.05623366331924125
1491,batt_tim497,1,497,battery,0.09939914998572996,0.0,0.09939914998572996,0.027147629325818975
1492,pltd_tim498,1,498,diesel,0.004970732480000026,0.1245,-0.11952926751999997,0.0015469719104000018
1493,plts_tim498,1,498,solar,0.34680910992187575,0.0,0.34680910992187575,0.08261209997400332
1494,batt_tim498,1,498,battery,0.14600573080088325,0.0,0.14600573080088325,0.03988140855051411
1495,pltd_tim499,1,499,diesel,0.0025345091200000016,0.0635,-0.06096549088,0.0007887434575999994
1496,plts_tim499,1,499,solar,0.17347685607201657,0.0,0.17347685607201657,0.04212426168648872
1497,batt_tim499,1,499,battery,0.07446011792761927,0.0,0.07446011792761927,0.020336810668988868
1498,pltd_tim500,1,500,diesel,0.005770726186666718,0.1445,-0.13872927381333328,0.0017959122496000082
1499,plts_tim500,1,500,solar,0.40497229936203166,0.0,0.40497229936203166,0.09590339116710456
1500,batt_tim500,1,500,battery,0.16949553889937208,0.0,0.16949553889937208,0.04629696368163252
1501,pltd_tim501,1,501,diesel,0.004380141439999998,0.1097,-0.10531985856000001,0.0013632088511999956
1502,plts_tim501,1,501,solar,0.2997946905456076,0.0,0.2997946905456076,0.07279718982395005
1503,batt_tim501,1,501,battery,0.128678086193587,0.0,0.128678086193587,0.035145044470358
1504,pltd_tim502,1,502,diesel,0.004601867626666677,0.1152,-0.11059813237333332,0.0014321301008000046
1505,plts_tim502,1,502,solar,0.3163175253660347,0.0,0.3163175253660347,0.07647746480353085
1506,batt_tim502,1,502,battery,0.13515608510630828,0.0,0.13515608510630828,0.036919647868656535
1507,pltd_tim503,1,503,diesel,0.0075245361066666756,0.1547,-0.14717546389333333,0.002912819291200006
1508,plts_tim503,1,503,solar,0.43557727709058397,0.0,0.43557727709058397,0.10149342436392388
1509,batt_tim503,1,503,battery,0.1780532898976953,0.0,0.1780532898976953,0.04863171751625569
1510,pltd_tim504,1,504,diesel,0.006565178773333353,0.1349,-0.12833482122666665,0.0025415087712000006
1511,plts_tim504,1,504,solar,0.3821592950170968,0.0,0.3821592950170968,0.08855410852255112
1512,batt_tim504,1,504,battery,0.15536390620872903,0.0,0.15536390620872903,0.042432739233274376
1513,pltd_tim505,1,505,diesel,0.005635285333333359,0.1411,-0.13546471466666665,0.0017536979600000025
1514,plts_tim505,1,505,solar,0.39829083970365936,0.0,0.39829083970365936,0.09365462254238001
1515,batt_tim505,1,505,battery,0.16553183053982487,0.0,0.16553183053982487,0.04521355562248965
1516,pltd_tim506,1,506,diesel,0.005832169493333386,0.146,-0.1401678305066666,0.0018149847968000057
1517,plts_tim506,1,506,solar,0.39916471150188315,0.0,0.39916471150188315,0.09692657484059586
1518,batt_tim506,1,506,battery,0.17132952235203247,0.0,0.17132952235203247,0.046794235918566754
1519,pltd_tim507,1,507,diesel,0.00872355712000004,0.1793,-0.17057644287999996,0.0033770404975999994
1520,plts_tim507,1,507,solar,0.5013253472177458,0.0,0.5013253472177458,0.11766724863338067
1521,batt_tim507,1,507,battery,0.20642816041395395,0.0,0.20642816041395395,0.05637953679467466
1522,pltd_tim508,1,508,diesel,0.0018949316266666572,0.0474,-0.04550506837333334,0.0005897778208
1523,plts_tim508,1,508,solar,0.12968569635010005,0.0,0.12968569635010005,0.03149081940121923
1524,batt_tim508,1,508,battery,0.055663648738227885,0.0,0.055663648738227885,0.015203108556751825
1525,pltd_tim509,1,509,diesel,0.0024238588800000074,0.0607,-0.05827614111999999,0.0007543331824000013
1526,plts_tim509,1,509,solar,0.16589717912090685,0.0,0.16589717912090685,0.04028376813668989
1527,batt_tim509,1,509,battery,0.07120683877001752,0.0,0.07120683877001752,0.01944822939373505
1528,pltd_tim510,1,510,diesel,0.002017761813333341,0.0505,-0.048482238186666665,0.0006279519904000023
1529,plts_tim510,1,510,solar,0.13810748216637014,0.0,0.13810748216637014,0.03353578687049945
1530,batt_tim510,1,510,battery,0.0592786880522639,0.0,0.0592786880522639,0.01619044649391479
1531,pltd_tim511,1,511,diesel,0.005044735253333335,0.1263,-0.12125526474666666,0.0015699672015999982
1532,plts_tim511,1,511,solar,0.35504893186270003,0.0,0.35504893186270003,0.08383957665604849
1533,batt_tim511,1,511,battery,0.14819487779536453,0.0,0.14819487779536453,0.04047669871558406
1534,pltd_tim512,1,512,diesel,0.002781015679999985,0.0696,-0.06681898432000001,0.0008654186463999983
1535,plts_tim512,1,512,solar,0.19380471656618234,0.0,0.19380471656618234,0.046213681753398704
1536,batt_tim512,1,512,battery,0.08168798823470803,0.0,0.08168798823470803,0.022310103307224126
1537,pltd_tim513,1,513,diesel,0.003814253866666626,0.0955,-0.09168574613333337,0.0011870096559999943
1538,plts_tim513,1,513,solar,0.26741757163164775,0.0,0.26741757163164775,0.06339033629366085
1539,batt_tim513,1,513,battery,0.11203322965303701,0.0,0.11203322965303701,0.03060152008719363
1540,pltd_tim514,1,514,diesel,0.006505315413333293,0.1337,-0.12719468458666672,0.002518374118399986
1541,plts_tim514,1,514,solar,0.3748653744259667,0.0,0.3748653744259667,0.08774504981595871
1542,batt_tim514,1,514,battery,0.15395563230305426,0.0,0.15395563230305426,0.04204300752370564
1543,pltd_tim515,1,515,diesel,0.004527787946666697,0.1134,-0.1088722120533333,0.0014090917344000168
1544,plts_tim515,1,515,solar,0.3099000795986478,0.0,0.3099000795986478,0.07525099137518342
1545,batt_tim515,1,515,battery,0.13301525997999097,0.0,0.13301525997999097,0.03632968726010023
1546,pltd_tim516,1,516,diesel,0.00655049120000002,0.1346,-0.1280495088,0.00253575957600001
1547,plts_tim516,1,516,solar,0.37886162929098594,0.0,0.37886162929098594,0.0883515801044567
1548,batt_tim516,1,516,battery,0.1549975869961026,0.0,0.1549975869961026,0.04233411041626664
1549,pltd_tim517,1,517,diesel,0.004220284266666671,0.1057,-0.10147971573333334,0.001313432847999998
1550,plts_tim517,1,517,solar,0.29776500614444734,0.0,0.29776500614444734,0.0701385403889009
1551,batt_tim517,1,517,battery,0.12395088874196857,0.0,0.12395088874196857,0.03386018371167249
1552,pltd_tim518,1,518,diesel,0.002694592000000008,0.0675,-0.064805408,0.0008385571599999981
1553,plts_tim518,1,518,solar,0.18442453850873833,0.0,0.18442453850873833,0.044782606129110815
1554,batt_tim518,1,518,battery,0.0791591677296369,0.0,0.0791591677296369,0.02162015995770441
1555,pltd_tim519,1,519,diesel,0.0022143690666666773,0.0555,-0.05328563093333332,0.0006890697519999994
1556,plts_tim519,1,519,solar,0.1515824338197477,0.0,0.1515824338197477,0.0368077756185842
1557,batt_tim519,1,519,battery,0.0650626101954197,0.0,0.0650626101954197,0.017770125958739984
1558,pltd_tim520,1,520,diesel,0.007764645973333298,0.1596,-0.1518353540266667,0.003005923827199994
1559,plts_tim520,1,520,solar,0.459280411358673,0.0,0.459280411358673,0.10472769870687042
1560,batt_tim520,1,520,battery,0.1837113781668508,0.0,0.1837113781668508,0.050180452515867384
1561,pltd_tim521,1,521,diesel,0.005118491839999995,0.1282,-0.12308150816000002,0.0015929156432
1562,plts_tim521,1,521,solar,0.3485132941016421,0.0,0.3485132941016421,0.08506608449004179
1563,batt_tim521,1,521,battery,0.15034473990754632,0.0,0.15034473990754632,0.0410668934113011
1564,pltd_tim522,1,522,diesel,0.004331103786666717,0.1084,-0.10406889621333328,0.0013478328976000056
1565,plts_tim522,1,522,solar,0.29951127354333074,0.0,0.29951127354333074,0.07197914430274409
1566,batt_tim522,1,522,battery,0.12722230537982568,0.0,0.12722230537982568,0.03474966394772936
1567,pltd_tim523,1,523,diesel,0.0018084822400000141,0.0453,-0.04349151775999999,0.0005627736352000006
1568,plts_tim523,1,523,solar,0.12379220419049655,0.0,0.12379220419049655,0.03005961292946104
1569,batt_tim523,1,523,battery,0.053134125011212854,0.0,0.053134125011212854,0.014512236444850956
1570,pltd_tim524,1,524,diesel,0.004244864639999974,0.1063,-0.10205513536000003,0.0013211027871999992
1571,plts_tim524,1,524,solar,0.2901796572873262,0.0,0.2901796572873262,0.07054733156190136
1572,batt_tim524,1,524,battery,0.12468493257077126,0.0,0.12468493257077126,0.034056807017444415
1573,pltd_tim525,1,525,diesel,0.003912580586666674,0.098,-0.09408741941333333,0.0012176059615999978
1574,plts_tim525,1,525,solar,0.27055085131229856,0.0,0.27055085131229856,0.06502671598458448
1575,batt_tim525,1,525,battery,0.11494235409059353,0.0,0.11494235409059353,0.03139355429720402
1576,pltd_tim526,1,526,diesel,0.0032483098666666412,0.0813,-0.07805169013333335,0.001010867535999993
1577,plts_tim526,1,526,solar,0.22099177976606482,0.0,0.22099177976606482,0.05398419690331027
1578,batt_tim526,1,526,battery,0.09543050727822316,0.0,0.09543050727822316,0.026061396816615887
1579,pltd_tim527,1,527,diesel,0.0031742866133333304,0.0795,-0.07632571338666667,0.0009878700943999955
1580,plts_tim527,1,527,solar,0.2102702793768779,0.0,0.2102702793768779,0.05275753105612863
1581,batt_tim527,1,527,battery,0.09325735725971836,0.0,0.09325735725971836,0.025470408548225472
1582,pltd_tim528,1,528,diesel,0.0030759958400000055,0.077,-0.07392400415999999,0.000957235563199998
1583,plts_tim528,1,528,solar,0.20250190660391193,0.0,0.20250190660391193,0.051121612179058466
1584,batt_tim528,1,528,battery,0.09036524463103371,0.0,0.09036524463103371,0.024680394392236744
1585,pltd_tim529,1,529,diesel,0.009486355946666676,0.2375,-0.22801364405333333,0.002952252374399998
1586,plts_tim529,1,529,solar,0.6492738484542141,0.0,0.6492738484542141,0.1576590097033418
1587,batt_tim529,1,529,battery,0.278682049444401,0.0,0.278682049444401,0.07611470255338976
1588,pltd_tim530,1,530,diesel,0.005893725653333377,0.1476,-0.14170627434666663,0.0018341461935999998
1589,plts_tim530,1,530,solar,0.39670493152483016,0.0,0.39670493152483016,0.0979483799756185
1590,batt_tim530,1,530,battery,0.1731144282854516,0.0,0.1731144282854516,0.04728436285954795
1591,pltd_tim531,1,531,diesel,0.007296377493333501,0.1827,-0.1754036225066665,0.002270727636800026
1592,plts_tim531,1,531,solar,0.49096641660728557,0.0,0.49096641660728557,0.121259908640015
1593,batt_tim531,1,531,battery,0.2143151536454124,0.0,0.2143151536454124,0.058539637462866195
1594,pltd_tim532,1,532,diesel,0.00887129215999996,0.2221,-0.21322870784000003,0.0027608656768000105
1595,plts_tim532,1,532,solar,0.6040607041493081,0.0,0.6040607041493081,0.14743413499007305
1596,batt_tim532,1,532,battery,0.2605917103886284,0.0,0.2605917103886284,0.0711756587268317
1597,pltd_tim533,1,533,diesel,0.0022270156800000204,0.0558,-0.05357298431999998,0.0006930646464000063
1598,plts_tim533,1,533,solar,0.15242370276341835,0.0,0.15242370276341835,0.03701204654759214
1599,batt_tim533,1,533,battery,0.06542384296515048,0.0,0.06542384296515048,0.01786868980856083
1600,pltd_tim534,1,534,diesel,0.003211246933333375,0.0804,-0.07718875306666663,0.0009994159280000117
1601,plts_tim534,1,534,solar,0.21979311340231308,0.0,0.21979311340231308,0.05337087275682575
1602,batt_tim534,1,534,battery,0.09434009590531259,0.0,0.09434009590531259,0.025766403523675294
1603,pltd_tim535,1,535,diesel,0.004478863146666587,0.1121,-0.10762113685333342,0.0013938116303999957
1604,plts_tim535,1,535,solar,0.3165082620454823,0.0,0.3165082620454823,0.07443294379237142
1605,batt_tim535,1,535,battery,0.13156767414985782,0.0,0.13156767414985782,0.03593432210048004
1606,pltd_tim536,1,536,diesel,0.004106883626666687,0.0844,-0.08029311637333332,0.0015899327807999972
1607,plts_tim536,1,536,solar,0.23690604445539182,0.0,0.23690604445539182,0.05539654031206736
1608,batt_tim536,1,536,battery,0.09717717903772005,0.0,0.09717717903772005,0.026543054917987804
1609,pltd_tim537,1,537,diesel,0.003986424320000001,0.0998,-0.09581357568,0.001240591553599998
1610,plts_tim537,1,537,solar,0.27284683611887406,0.0,0.27284683611887406,0.06625365763061399
1611,batt_tim537,1,537,battery,0.1171115283990413,0.0,0.1171115283990413,0.03198595846301251
1612,pltd_tim538,1,538,diesel,0.003162629333333342,0.065,-0.06183737066666666,0.0012242470800000042
1613,plts_tim538,1,538,solar,0.18188121553381206,0.0,0.18188121553381206,0.04265963702519028
1614,batt_tim538,1,538,battery,0.07484426412727659,0.0,0.07484426412727659,0.020440610173392257
1615,pltd_tim539,1,539,diesel,0.0034942830933332404,0.0875,-0.08400571690666675,0.001087381724799988
1616,plts_tim539,1,539,solar,0.24345358032861522,0.0,0.24345358032861522,0.05807422995632936
1617,batt_tim539,1,539,battery,0.10264616834668985,0.0,0.10264616834668985,0.028036948649139973
1618,pltd_tim540,1,540,diesel,0.004934085013333305,0.1235,-0.11856591498666669,0.001535556926399995
1619,plts_tim540,1,540,solar,0.3479783433054629,0.0,0.3479783433054629,0.08199894590402104
1620,batt_tim540,1,540,battery,0.14493120457601857,0.0,0.14493120457601857,0.03958736139888275
1621,pltd_tim541,1,541,diesel,0.006976181013333347,0.1747,-0.16772381898666663,0.002171069006400018
1622,plts_tim541,1,541,solar,0.4774820709148568,0.0,0.4774820709148568,0.11594377352811451
1623,batt_tim541,1,541,battery,0.20494499232743862,0.0,0.20494499232743862,0.05597535546623113
1624,pltd_tim542,1,542,diesel,0.006816446933333372,0.1707,-0.16388355306666663,0.002121382927999999
1625,plts_tim542,1,542,solar,0.4622859018292919,0.0,0.4622859018292919,0.11328534480113418
1626,batt_tim542,1,542,battery,0.20026057598922237,0.0,0.20026057598922237,0.054691704976166544
1627,pltd_tim543,1,543,diesel,0.005561764693333415,0.1392,-0.13363823530666658,0.0017308302928000126
1628,plts_tim543,1,543,solar,0.3675129927601463,0.0,0.3675129927601463,0.09242748604700711
1629,batt_tim543,1,543,battery,0.16336869919192315,0.0,0.16336869919192315,0.04462092043497889
1630,pltd_tim544,1,544,diesel,0.00600431946666663,0.1503,-0.14429568053333336,0.001868613543999994
1631,plts_tim544,1,544,solar,0.4076071761755355,0.0,0.4076071761755355,0.09978925044514225
1632,batt_tim544,1,544,battery,0.17636734251911396,0.0,0.17636734251911396,0.04817587564850274
1633,pltd_tim545,1,545,diesel,0.005278338773333301,0.1322,-0.1269216612266667,0.0016426415711999869
1634,plts_tim545,1,545,solar,0.3709548630641953,0.0,0.3709548630641953,0.08772456802353727
1635,batt_tim545,1,545,battery,0.15506189876375542,0.0,0.15506189876375542,0.04235067976683348
1636,pltd_tim546,1,546,diesel,0.0040233641600000555,0.1007,-0.09667663583999994,0.0012521212368000083
1637,plts_tim546,1,546,solar,0.2706328852356429,0.0,0.2706328852356429,0.0668669798336818
1638,batt_tim546,1,546,battery,0.11819635037705242,0.0,0.11819635037705242,0.032281988440467584
1639,pltd_tim547,1,547,diesel,0.00684089397333328,0.1713,-0.16445910602666672,0.002128968867199997
1640,plts_tim547,1,547,solar,0.465255011836707,0.0,0.465255011836707,0.11369429434269893
1641,batt_tim547,1,547,battery,0.20096964197961512,0.0,0.20096964197961512,0.054888930948297485
1642,pltd_tim548,1,548,diesel,0.004158897386666703,0.1041,-0.09994110261333329,0.0012943102255999989
1643,plts_tim548,1,548,solar,0.28021904201735665,0.0,0.28021904201735665,0.06911631091800607
1644,batt_tim548,1,548,battery,0.12217270499867007,0.0,0.12217270499867007,0.033368202176746166
1645,pltd_tim549,1,549,diesel,0.010950763946666643,0.2742,-0.26324923605333334,0.0034080092143999713
1646,plts_tim549,1,549,solar,0.7487371108159591,0.0,0.7487371108159591,0.1819929144528555
1647,batt_tim549,1,549,battery,0.3216742741478302,0.0,0.3216742741478302,0.08786325027060564
1648,pltd_tim550,1,550,diesel,0.005290682773333327,0.1325,-0.12720931722666667,0.001646590691200005
1649,plts_tim550,1,550,solar,0.3562369790378419,0.0,0.3562369790378419,0.08792901056172493
1650,batt_tim550,1,550,battery,0.1554064400219505,0.0,0.1554064400219505,0.04244985987288855
1651,pltd_tim551,1,551,diesel,0.0033590267733333455,0.0841,-0.08074097322666665,0.001045368811199999
1652,plts_tim551,1,551,solar,0.22730668622117028,0.0,0.22730668622117028,0.05582443447574404
1653,batt_tim551,1,551,battery,0.09866374575044305,0.0,0.09866374575044305,0.02694941615409789
1654,pltd_tim552,1,552,diesel,0.005524522240000029,0.1383,-0.13277547775999998,0.0017193458352000005
1655,plts_tim552,1,552,solar,0.3781113736747639,0.0,0.3781113736747639,0.09181437281107742
1656,batt_tim552,1,552,battery,0.16229313153038427,0.0,0.16229313153038427,0.044326175446674575
1657,pltd_tim553,1,553,diesel,0.004048144533333375,0.1014,-0.09735185546666662,0.001259889176000003
1658,plts_tim553,1,553,solar,0.27352938961534534,0.0,0.27352938961534534,0.06727590421117823
1659,batt_tim553,1,553,battery,0.11891969179535965,0.0,0.11891969179535965,0.03247938433143001
1660,pltd_tim554,1,554,diesel,0.007985397866666714,0.1999,-0.19191460213333328,0.002485202776000005
1661,plts_tim554,1,554,solar,0.5423627558986424,0.0,0.5423627558986424,0.13271086852140776
1662,batt_tim554,1,554,battery,0.23456791565707102,0.0,0.23456791565707102,0.06406646977425726
1663,pltd_tim555,1,555,diesel,0.0022270156799999983,0.0558,-0.05357298432,0.0006930646464000005
1664,plts_tim555,1,555,solar,0.15215709934780228,0.0,0.15215709934780228,0.037012014875534294
1665,batt_tim555,1,555,battery,0.06542381548976765,0.0,0.06542381548976765,0.017868515282325505
1666,pltd_tim556,1,556,diesel,0.007644585919999955,0.1571,-0.14945541408000004,0.0029593325215999987
1667,plts_tim556,1,556,solar,0.43971938150948786,0.0,0.43971938150948786,0.10311035223146697
1668,batt_tim556,1,556,battery,0.18087711356584418,0.0,0.18087711356584418,0.04940473583721296
1669,pltd_tim557,1,557,diesel,0.00720945983999996,0.1482,-0.14099054016000004,0.0027910112831999916
1670,plts_tim557,1,557,solar,0.42433588209926887,0.0,0.42433588209926887,0.09724752673878592
1671,batt_tim557,1,557,battery,0.1706025414381374,0.0,0.1706025414381374,0.046596921037818456
1672,pltd_tim558,1,558,diesel,0.0070134132266667,0.1756,-0.1685865867733333,0.002182573388800003
1673,plts_tim558,1,558,solar,0.4766676079464779,0.0,0.4766676079464779,0.11655697594676391
1674,batt_tim558,1,558,battery,0.20602992850455798,0.0,0.20602992850455798,0.05626942877618038
1675,pltd_tim559,1,559,diesel,0.0039743110399999846,0.0995,-0.09552568896000002,0.0012369186591999972
1676,plts_tim559,1,559,solar,0.27660274097382237,0.0,0.27660274097382237,0.06604894540934549
1677,batt_tim559,1,559,battery,0.1167325322772379,0.0,0.1167325322772379,0.03188704584646425
1678,pltd_tim560,1,560,diesel,0.0063490296533313985,0.159,-0.1526509703466686,0.001975823113599797
1679,plts_tim560,1,560,solar,0.4338716800811028,0.0,0.4338716800811028,0.10551472305102283
1680,batt_tim560,1,560,battery,0.18648551243499745,0.0,0.18648551243499745,0.05093890423005465
1681,pltd_tim561,1,561,diesel,0.004823311679999981,0.1208,-0.11597668832000002,0.0015010707264000037
1682,plts_tim561,1,561,solar,0.3301110831326676,0.0,0.3301110831326676,0.080158652522078
1683,batt_tim561,1,561,battery,0.141690749099002,0.0,0.141690749099002,0.03869900187963399
1684,pltd_tim562,1,562,diesel,0.0031374903466666808,0.0786,-0.07546250965333333,0.0009764674864000026
1685,plts_tim562,1,562,solar,0.2202101240332225,0.0,0.2202101240332225,0.05214402812064138
1686,batt_tim562,1,562,battery,0.09217065894554213,0.0,0.09217065894554213,0.025174314334634268
1687,pltd_tim563,1,563,diesel,0.0056232951466666506,0.1408,-0.13517670485333336,0.0017500239903999995
1688,plts_tim563,1,563,solar,0.3818925766744487,0.0,0.3818925766744487,0.09344967434575259
1689,batt_tim563,1,563,battery,0.1651624332619237,0.0,0.1651624332619237,0.04511322103984083
1690,pltd_tim564,1,564,diesel,0.0028175964800000036,0.0705,-0.06768240351999999,0.0008769526304000038
1691,plts_tim564,1,564,solar,0.19442261393558793,0.0,0.19442261393558793,0.04682703172194459
1692,batt_tim564,1,564,battery,0.08277240395908417,0.0,0.08277240395908417,0.022605577097815514
1693,pltd_tim565,1,565,diesel,0.003357466026666665,0.069,-0.06564253397333335,0.0012997949327999997
1694,plts_tim565,1,565,solar,0.1956151046106873,0.0,0.1956151046106873,0.045288002473247234
1695,batt_tim565,1,565,battery,0.07946070953626887,0.0,0.07946070953626887,0.02170095433123947
1696,pltd_tim566,1,566,diesel,0.008046907840000122,0.2015,-0.1934530921599999,0.002504261323200022
1697,plts_tim566,1,566,solar,0.5427228798607976,0.0,0.5427228798607976,0.133734154157224
1698,batt_tim566,1,566,battery,0.23634674675931416,0.0,0.23634674675931416,0.06456426529316939
1699,pltd_tim567,1,567,diesel,0.002263899093333325,0.0567,-0.05443610090666667,0.0007045254047999972
1700,plts_tim567,1,567,solar,0.15514707405230854,0.0,0.15514707405230854,0.037625403393174356
1701,batt_tim567,1,567,battery,0.06650773013820271,0.0,0.06650773013820271,0.018164222293004507
1702,pltd_tim568,1,568,diesel,0.003396023039999955,0.085,-0.08160397696000005,0.00105685541919999
1703,plts_tim568,1,568,solar,0.23449330099500423,0.0,0.23449330099500423,0.05643800233681508
1704,batt_tim568,1,568,battery,0.09974718120919113,0.0,0.09974718120919113,0.027245829561791304
1705,pltd_tim569,1,569,diesel,0.010212346879999954,0.2557,-0.24548765312000004,0.0031782464223999857
1706,plts_tim569,1,569,solar,0.694659721610179,0.0,0.694659721610179,0.16972324021433638
1707,batt_tim569,1,569,battery,0.29994854614115013,0.0,0.29994854614115013,0.08193691269618296
1708,pltd_tim570,1,570,diesel,0.003235817066666769,0.081,-0.07776418293333323,0.0010070497920000067
1709,plts_tim570,1,570,solar,0.22259054049059368,0.0,0.22259054049059368,0.05377975892558025
1710,batt_tim570,1,570,battery,0.09504931064447392,0.0,0.09504931064447392,0.02596285005833277
1711,pltd_tim571,1,571,diesel,0.003732179946666623,0.0767,-0.07296782005333338,0.001444762894399993
1712,plts_tim571,1,571,solar,0.22117245707586633,0.0,0.22117245707586633,0.050342411705841514
1713,batt_tim571,1,571,battery,0.08832205302348664,0.0,0.08832205302348664,0.024122105745080807
1714,pltd_tim572,1,572,diesel,0.010432008960008525,0.2144,-0.20396799103999147,0.00403838494080119
1715,plts_tim572,1,572,solar,0.6479782719726113,0.0,0.6479782719726113,0.1407166579977859
1716,batt_tim572,1,572,battery,0.24687241709509,0.0,0.24687241709509,0.06742873118242665
1717,pltd_tim573,1,573,diesel,0.0023684052266666664,0.0487,-0.04633159477333333,0.0009168395488000003
1718,plts_tim573,1,573,solar,0.13801100792530505,0.0,0.13801100792530505,0.03194404309408574
1719,batt_tim573,1,573,battery,0.056040378336162294,0.0,0.056040378336162294,0.015306458740484918
1720,pltd_tim574,1,574,diesel,0.003402672533333344,0.0699,-0.06649732746666666,0.0013172466160000012
1721,plts_tim574,1,574,solar,0.20719786415195363,0.0,0.20719786415195363,0.045894137047882394
1722,batt_tim574,1,574,battery,0.08051645850850228,0.0,0.08051645850850228,0.02199008731451864
1723,pltd_tim575,1,575,diesel,0.0017985879466666675,0.037,-0.03520141205333333,0.0006962887343999985
1724,plts_tim575,1,575,solar,0.11122406009579593,0.0,0.11122406009579593,0.024261395099524803
1725,batt_tim575,1,575,battery,0.04256439064595232,0.0,0.04256439064595232,0.011624812657773131
1726,pltd_tim576,1,576,diesel,0.009758111573328492,0.2006,-0.19084188842667152,0.0037776247151994928
1727,plts_tim576,1,576,solar,0.5673816411568153,0.0,0.5673816411568153,0.13161811410584112
1728,batt_tim576,1,576,battery,0.23088486488881665,0.0,0.23088486488881665,0.06306850864927262
1729,pltd_tim577,1,577,diesel,0.005276303786666684,0.1084,-0.10312369621333331,0.0020425548975999993
1730,plts_tim577,1,577,solar,0.3177551696795726,0.0,0.3177551696795726,0.07116638948067566
1731,batt_tim577,1,577,battery,0.12486381462569685,0.0,0.12486381462569685,0.03409925391778962
1732,pltd_tim578,1,578,diesel,0.006280308586666674,0.1291,-0.12281969141333332,0.002431300401600006
1733,plts_tim578,1,578,solar,0.3809183383422713,0.0,0.3809183383422713,0.08471225446916984
1734,batt_tim578,1,578,battery,0.1486203098761322,0.0,0.1486203098761322,0.04058963477747146
1735,pltd_tim579,1,579,diesel,0.005290682773333333,0.1325,-0.12720931722666667,0.0016465906911999916
1736,plts_tim579,1,579,solar,0.3617661324892804,0.0,0.3617661324892804,0.08792913744406937
1737,batt_tim579,1,579,battery,0.15542601426951275,0.0,0.15542601426951275,0.04245055904747414
1738,pltd_tim580,1,580,diesel,0.004749278186666711,0.1189,-0.1141507218133333,0.001478037209599995
1739,plts_tim580,1,580,solar,0.3176576313320105,0.0,0.3176576313320105,0.07893121746484712
1740,batt_tim580,1,580,battery,0.13951302813081676,0.0,0.13951302813081676,0.03810396188315137
1741,pltd_tim581,1,581,diesel,0.004650997653333338,0.1165,-0.11184900234666667,0.0014473477535999972
1742,plts_tim581,1,581,solar,0.3183211482216825,0.0,0.3183211482216825,0.07729588026058774
1743,batt_tim581,1,581,battery,0.13662984896839447,0.0,0.13662984896839447,0.03731696604693029
1744,pltd_tim582,1,582,diesel,0.0022270156799999957,0.0558,-0.05357298432000001,0.0006930646463999994
1745,plts_tim582,1,582,solar,0.14829547754152356,0.0,0.14829547754152356,0.03701209127019888
1746,batt_tim582,1,582,battery,0.06541207165754515,0.0,0.06541207165754515,0.01786893624875838
1747,pltd_tim583,1,583,diesel,0.004331103786666681,0.1084,-0.10406889621333332,0.001347832897599997
1748,plts_tim583,1,583,solar,0.2902853419238476,0.0,0.2902853419238476,0.07197918596333086
1749,batt_tim583,1,583,battery,0.12720793270737868,0.0,0.12720793270737868,0.03474989351492093
1750,pltd_tim584,1,584,diesel,0.007394704213333347,0.1852,-0.17780529578666665,0.0023013519424000092
1751,plts_tim584,1,584,solar,0.506114143071911,0.0,0.506114143071911,0.12289639610105618
1752,batt_tim584,1,584,battery,0.217235070434853,0.0,0.217235070434853,0.05933195694779494
1753,pltd_tim585,1,585,diesel,0.009572512960000027,0.2397,-0.23012748703999997,0.0029790088608000085
1754,plts_tim585,1,585,solar,0.6222466219436249,0.0,0.6222466219436249,0.1590896062797927
1755,batt_tim585,1,585,battery,0.28119924176693045,0.0,0.28119924176693045,0.07680092610805804
1756,pltd_tim586,1,586,diesel,0.008526535786666676,0.2135,-0.20497346421333332,0.002653588257600002
1757,plts_tim586,1,586,solar,0.5579535095598598,0.0,0.5579535095598598,0.14170880710761544
1758,batt_tim586,1,586,battery,0.2504610697279599,0.0,0.2504610697279599,0.0684128608874892
1759,pltd_tim587,1,587,diesel,0.007222610666666811,0.1808,-0.17357738933333317,0.002247764120000019
1760,plts_tim587,1,587,solar,0.4860738052226879,0.0,0.4860738052226879,0.12003277569938803
1761,batt_tim587,1,587,battery,0.21214612463468627,0.0,0.21214612463468627,0.05794641654641949
1762,pltd_tim588,1,588,diesel,0.005303232000000025,0.1328,-0.12749676799999998,0.0016504563600000042
1763,plts_tim588,1,588,solar,0.3597446279142719,0.0,0.3597446279142719,0.08813332167985025
1764,batt_tim588,1,588,battery,0.15578722178369125,0.0,0.15578722178369125,0.042547778802924645
1765,pltd_tim589,1,589,diesel,0.0042573471999999765,0.1066,-0.10234265280000002,0.0013248844559999957
1766,plts_tim589,1,589,solar,0.278191935429404,0.0,0.278191935429404,0.07075196265068971
1767,batt_tim589,1,589,battery,0.12504901673837607,0.0,0.12504901673837607,0.03415571766082141
1768,pltd_tim590,1,590,diesel,0.00690252704000002,0.1728,-0.16589747296,0.0021481103392
1769,plts_tim590,1,590,solar,0.44452442313070695,0.0,0.44452442313070695,0.11471691404844535
1770,batt_tim590,1,590,battery,0.2027691475551207,0.0,0.2027691475551207,0.05538301241733744
1771,pltd_tim591,1,591,diesel,0.004601867626666594,0.1152,-0.11059813237333341,0.0014321301007999936
1772,plts_tim591,1,591,solar,0.31452178497589844,0.0,0.31452178497589844,0.07647756739096673
1773,batt_tim591,1,591,battery,0.13516584621434735,0.0,0.13516584621434735,0.036920213168172886
1774,pltd_tim592,1,592,diesel,0.004847927999999993,0.1214,-0.116552072,0.0015087164399999985
1775,plts_tim592,1,592,solar,0.3310034269170924,0.0,0.3310034269170924,0.08056737351474728
1776,batt_tim592,1,592,battery,0.14241255690161791,0.0,0.14241255690161791,0.03889495067772202
1777,pltd_tim593,1,593,diesel,0.0033220305066666506,0.0832,-0.07987796949333334,0.001033833203200004
1778,plts_tim593,1,593,solar,0.217384492080334,0.0,0.217384492080334,0.05521126782406909
1779,batt_tim593,1,593,battery,0.09758239594915533,0.0,0.09758239594915533,0.026654403546097386
1780,pltd_tim594,1,594,diesel,0.016339886293333196,0.4091,-0.3927601137066668,0.005085166060799981
1781,plts_tim594,1,594,solar,1.0843246998718892,0.0,1.0843246998718892,0.2715578143088344
1782,batt_tim594,1,594,battery,0.4800196756370354,0.0,0.4800196756370354,0.13110243021392273
1783,pltd_tim595,1,595,diesel,0.0034082901333333847,0.0853,-0.08189170986666662,0.0010606984640000037
1784,plts_tim595,1,595,solar,0.23246767057686787,0.0,0.23246767057686787,0.056642542502396184
1785,batt_tim595,1,595,battery,0.1001096324634268,0.0,0.1001096324634268,0.027345233127328977
1786,pltd_tim596,1,596,diesel,0.004417337706666653,0.1106,-0.10618266229333335,0.001374772459199995
1787,plts_tim596,1,596,solar,0.28287011036582627,0.0,0.28287011036582627,0.07341020128618816
1788,batt_tim596,1,596,battery,0.12974084405546943,0.0,0.12974084405546943,0.03543943335739938
1789,pltd_tim597,1,597,diesel,0.0026699961600000033,0.0669,-0.06423000384,0.0008309345968000017
1790,plts_tim597,1,597,solar,0.1862685801769804,0.0,0.1862685801769804,0.044373365710807376
1791,batt_tim597,1,597,battery,0.07843444538901995,0.0,0.07843444538901995,0.021421592195044938
1792,pltd_tim598,1,598,diesel,0.0027067462400000002,0.0678,-0.06509325376,0.0008423253551999976
1793,plts_tim598,1,598,solar,0.1866338227241887,0.0,0.1866338227241887,0.04498713902144135
1794,batt_tim598,1,598,battery,0.07951986170398685,0.0,0.07951986170398685,0.02171907241920077
1795,pltd_tim599,1,599,diesel,0.002928482666666681,0.0733,-0.07037151733333333,0.0009114086800000061
1796,plts_tim599,1,599,solar,0.20417634927265899,0.0,0.20417634927265899,0.048667740766324255
1797,batt_tim599,1,599,battery,0.08601388405665267,0.0,0.08601388405665267,0.023496022376099424
1798,pltd_tim600,1,600,diesel,0.0016855084800000027,0.0422,-0.04051449152,0.0005245983904000022
1799,plts_tim600,1,600,solar,0.11735278614940908,0.0,0.11735278614940908,0.028014476606453193
1800,batt_tim600,1,600,battery,0.049508139611415286,0.0,0.049508139611415286,0.013524463576409844
1801,pltd_tim601,1,601,diesel,0.004060303999999926,0.1017,-0.09763969600000007,0.0012636019199999936
1802,plts_tim601,1,601,solar,0.2817106193968509,0.0,0.2817106193968509,0.06748017660155801
1803,batt_tim601,1,601,battery,0.11927855765440949,0.0,0.11927855765440949,0.032576247176085385
1804,pltd_tim602,1,602,diesel,0.0032483098666666803,0.0813,-0.07805169013333332,0.0010108675360000028
1805,plts_tim602,1,602,solar,0.21557282698985997,0.0,0.21557282698985997,0.05398437209017336
1806,batt_tim602,1,602,battery,0.0954134054759344,0.0,0.0954134054759344,0.026062362169226055
1807,pltd_tim603,1,603,diesel,0.0031004531199999743,0.0776,-0.07449954688000003,0.0009648995775999963
1808,plts_tim603,1,603,solar,0.2095120772296481,0.0,0.2095120772296481,0.05153056925363943
1809,batt_tim603,1,603,battery,0.09108768111805618,0.0,0.09108768111805618,0.02487789923672565
1810,pltd_tim604,1,604,diesel,0.0015381184000000014,0.0385,-0.036961881599999996,0.0004787214319999997
1811,plts_tim604,1,604,solar,0.10320992414924338,0.0,0.10320992414924338,0.02556066921731188
1812,batt_tim604,1,604,battery,0.045181635425175476,0.0,0.045181635425175476,0.012339705546728962
1813,pltd_tim605,1,605,diesel,0.0064106524799999705,0.1605,-0.15408934752000003,0.00199501251039999
1814,plts_tim605,1,605,solar,0.4137213467684856,0.0,0.4137213467684856,0.1065369458683171
1815,batt_tim605,1,605,battery,0.18828667267845767,0.0,0.18828667267845767,0.05143183422230571
1816,pltd_tim606,1,606,diesel,0.0035190070400000083,0.0881,-0.08458099295999999,0.0010951017391999977
1817,plts_tim606,1,606,solar,0.23061808293833108,0.0,0.23061808293833108,0.058483075048206316
1818,batt_tim606,1,606,battery,0.1033652769826638,0.0,0.1033652769826638,0.028234607880603578
1819,pltd_tim607,1,607,diesel,0.005942989013333325,0.1488,-0.14285701098666667,0.001849489846399993
1820,plts_tim607,1,607,solar,0.38251245702318987,0.0,0.38251245702318987,0.0987666123673958
1821,batt_tim607,1,607,battery,0.17455431630868154,0.0,0.17455431630868154,0.04768101942810401
1822,pltd_tim608,1,608,diesel,0.00179634848000001,0.045,-0.04320365151999999,0.0005590425904000029
1823,plts_tim608,1,608,solar,0.12122553211371208,0.0,0.12122553211371208,0.029854902507279006
1824,batt_tim608,1,608,battery,0.05276941885001185,0.0,0.05276941885001185,0.014412627579918737
1825,pltd_tim609,1,609,diesel,0.0019810886399999994,0.0496,-0.04761891136,0.0006165483071999973
1826,plts_tim609,1,609,solar,0.13555231951761615,0.0,0.13555231951761615,0.03292200480401371
1827,batt_tim609,1,609,battery,0.058189856657062985,0.0,0.058189856657062985,0.015893001092000533
1828,pltd_tim610,1,610,diesel,0.003334569493333314,0.0835,-0.08016543050666669,0.0010377397967999945
1829,plts_tim610,1,610,solar,0.2277788675138707,0.0,0.2277788675138707,0.05541582958296647
1830,batt_tim610,1,610,battery,0.09795468555297604,0.0,0.09795468555297604,0.02675381340517145
1831,pltd_tim611,1,611,diesel,0.0035435464533333035,0.0887,-0.08515645354666669,0.0011027393775999963
1832,plts_tim611,1,611,solar,0.243399895768907,0.0,0.243399895768907,0.05889223637089365
1833,batt_tim611,1,611,battery,0.10408497479302822,0.0,0.10408497479302822,0.028432398562011917
1834,pltd_tim612,1,612,diesel,0.00426968095999997,0.1069,-0.10263031904000003,0.0013288185008000027
1835,plts_tim612,1,612,solar,0.294370829211313,0.0,0.294370829211313,0.07095673290881735
1836,batt_tim612,1,612,battery,0.12542433784741142,0.0,0.12542433784741142,0.03425669771549578
1837,pltd_tim613,1,613,diesel,0.0039987940266666125,0.1001,-0.09610120597333338,0.001244452372799984
1838,plts_tim613,1,613,solar,0.2746695170412192,0.0,0.2746695170412192,0.06645809612620829
1839,batt_tim613,1,613,battery,0.11745724986098682,0.0,0.11745724986098682,0.0320850154476603
1840,pltd_tim614,1,614,diesel,0.0029034663466666537,0.0727,-0.06979653365333335,0.0009035739664000009
1841,plts_tim614,1,614,solar,0.19914315051863413,0.0,0.19914315051863413,0.048258792742177536
1842,batt_tim614,1,614,battery,0.08529809811497607,0.0,0.08529809811497607,0.02329805108164079
1843,pltd_tim615,1,615,diesel,0.003556013546666669,0.089,-0.08544398645333333,0.0011066944223999983
1844,plts_tim615,1,615,solar,0.24151421095158374,0.0,0.24151421095158374,0.05909615958045419
1845,batt_tim615,1,615,battery,0.10445304126906715,0.0,0.10445304126906715,0.02852878817197775
1846,pltd_tim616,1,616,diesel,0.00620110624000005,0.1553,-0.14909889375999993,0.0019298761552000094
1847,plts_tim616,1,616,solar,0.4234158553901353,0.0,0.4234158553901353,0.10306084678771453
1848,batt_tim616,1,616,battery,0.18217293938255114,0.0,0.18217293938255114,0.04975399811251869
1849,pltd_tim617,1,617,diesel,0.00610284618666663,0.1528,-0.14669715381333337,0.001899321849599998
1850,plts_tim617,1,617,solar,0.4121401329640033,0.0,0.4121401329640033,0.10142485483569516
1851,batt_tim617,1,617,battery,0.1792587666049953,0.0,0.1792587666049953,0.048964177651261875
1852,pltd_tim618,1,618,diesel,0.005352172266666675,0.134,-0.12864782773333333,0.0016656820880000015
1853,plts_tim618,1,618,solar,0.3602989683030335,0.0,0.3602989683030335,0.0889515980638146
1854,batt_tim618,1,618,battery,0.1572348613646566,0.0,0.1572348613646566,0.042944452274061636
1855,pltd_tim619,1,619,diesel,0.0064106524800000555,0.1605,-0.15408934751999995,0.0019950125104000074
1856,plts_tim619,1,619,solar,0.4376969795005653,0.0,0.4376969795005653,0.10653700055859755
1857,batt_tim619,1,619,battery,0.18831747889765577,0.0,0.18831747889765577,0.05143213558853871
1858,pltd_tim620,1,620,diesel,0.006853443200000053,0.1716,-0.16474655679999994,0.00213284153600001
1859,plts_tim620,1,620,solar,0.4679405924515146,0.0,0.4679405924515146,0.11389837923751567
1860,batt_tim620,1,620,battery,0.20132980888898322,0.0,0.20132980888898322,0.054985950449893725
1861,pltd_tim621,1,621,diesel,0.004441774506666659,0.1112,-0.10675822549333333,0.001382336323199999
1862,plts_tim621,1,621,solar,0.3025305798093596,0.0,0.3025305798093596,0.07381916192877393
1863,batt_tim621,1,621,battery,0.13046754280172496,0.0,0.13046754280172496,0.035636251700981204
1864,pltd_tim622,1,622,diesel,0.004983204800000017,0.1248,-0.11981679519999998,0.0015508015040000002
1865,plts_tim622,1,622,solar,0.3350517623037069,0.0,0.3350517623037069,0.08281658187093321
1866,batt_tim622,1,622,battery,0.1463705812882991,0.0,0.1463705812882991,0.03998022404520492
1867,pltd_tim623,1,623,diesel,0.0038268235733333253,0.0958,-0.09197317642666666,0.0011909754752000028
1868,plts_tim623,1,623,solar,0.2612732431789002,0.0,0.2612732431789002,0.06359478098620484
1869,batt_tim623,1,623,battery,0.11241137925679988,0.0,0.11241137925679988,0.0307011898133664
1870,pltd_tim624,1,624,diesel,0.003949587093333351,0.0989,-0.09495041290666666,0.0012291986447999983
1871,plts_tim624,1,624,solar,0.2696751609090831,0.0,0.2696751609090831,0.06563993822864223
1872,batt_tim624,1,624,battery,0.11602654627617696,0.0,0.11602654627617696,0.031688493438030645
1873,pltd_tim625,1,625,diesel,0.0024116789333333325,0.0604,-0.05798832106666667,0.0007505202879999999
1874,plts_tim625,1,625,solar,0.16376271923834876,0.0,0.16376271923834876,0.04007923173933502
1875,batt_tim625,1,625,battery,0.0708360487340271,0.0,0.0708360487340271,0.0193487041506273
1876,pltd_tim626,1,626,diesel,0.0030393995733333195,0.0761,-0.07306060042666668,0.0009458959551999966
1877,plts_tim626,1,626,solar,0.20745525018064323,0.0,0.20745525018064323,0.050507951958216
1878,batt_tim626,1,626,battery,0.08926707998871493,0.0,0.08926707998871493,0.0243838963458028
1879,pltd_tim627,1,627,diesel,0.0025839622400000172,0.0647,-0.06211603775999998,0.0008040790352000004
1880,plts_tim627,1,627,solar,0.1772799047100036,0.0,0.1772799047100036,0.04294203592971403
1881,batt_tim627,1,627,battery,0.07589540431987515,0.0,0.07589540431987515,0.020730396702495043
1882,pltd_tim628,1,628,diesel,0.0028791166933333297,0.0721,-0.06922088330666666,0.0008960192528000002
1883,plts_tim628,1,628,solar,0.19746439911322747,0.0,0.19746439911322747,0.04784969369489113
1884,batt_tim628,1,628,battery,0.08458019248434834,0.0,0.08458019248434834,0.023100404774256334
1885,pltd_tim629,1,629,diesel,0.00225164224,0.0564,-0.05414835776,0.0007007044352000034
1886,plts_tim629,1,629,solar,0.1539043593703087,0.0,0.1539043593703087,0.03742089576104626
1887,batt_tim629,1,629,battery,0.06614167073611309,0.0,0.06614167073611309,0.018065196789732008
1888,pltd_tim630,1,630,diesel,0.006705853120000068,0.1679,-0.16119414687999992,0.0020869295776000172
1889,plts_tim630,1,630,solar,0.45785953806126856,0.0,0.45785953806126856,0.11144462886048902
1890,batt_tim630,1,630,battery,0.19699179325576238,0.0,0.19699179325576238,0.05380135228905315
1891,pltd_tim631,1,631,diesel,0.003937294293333275,0.0986,-0.09466270570666671,0.0012253739007999918
1892,plts_tim631,1,631,solar,0.2780846936351498,0.0,0.2780846936351498,0.06543527679824888
1893,batt_tim631,1,631,battery,0.11564672760762518,0.0,0.11564672760762518,0.031589371102050644
1894,pltd_tim632,1,632,diesel,0.003839003520000007,0.0961,-0.09226099648,0.0011946623696000023
1895,plts_tim632,1,632,solar,0.2582761489562301,0.0,0.2582761489562301,0.06379959910222265
1896,batt_tim632,1,632,battery,0.11275997633834406,0.0,0.11275997633834406,0.030800493089522624
1897,pltd_tim633,1,633,diesel,0.0026206661333423847,0.0656,-0.06297933386665762,0.00081558394400095
1898,plts_tim633,1,633,solar,0.1782400931018677,0.0,0.1782400931018677,0.043555527675928914
1899,batt_tim633,1,633,battery,0.07697509082192053,0.0,0.07697509082192053,0.021027532999411448
1900,pltd_tim634,1,634,diesel,0.0023684052266666642,0.0487,-0.04633159477333334,0.0009168395487999969
1901,plts_tim634,1,634,solar,0.13719807308991394,0.0,0.13719807308991394,0.0319440734748409
1902,batt_tim634,1,634,battery,0.056048481541656245,0.0,0.056048481541656245,0.015306626151104508
1903,pltd_tim635,1,635,diesel,0.0016486250666666719,0.0413,-0.03965137493333333,0.0005130746320000027
1904,plts_tim635,1,635,solar,0.11307292399244476,0.0,0.11307292399244476,0.02740116812568112
1905,batt_tim635,1,635,battery,0.04843149417366588,0.0,0.04843149417366588,0.013228541862638672
1906,pltd_tim636,1,636,diesel,0.00239834464,0.0493,-0.046901655359999996,0.0009283481872000001
1907,plts_tim636,1,636,solar,0.1399219410840196,0.0,0.1399219410840196,0.03234846840607722
1908,batt_tim636,1,636,battery,0.056749406633051294,0.0,0.056749406633051294,0.015499984300454753
1909,pltd_tim637,1,637,diesel,0.0032973167999999927,0.0826,-0.07930268320000002,0.0010262122639999927
1910,plts_tim637,1,637,solar,0.22389505426365439,0.0,0.22389505426365439,0.05480222364672977
1911,batt_tim637,1,637,battery,0.09686417984346693,0.0,0.09686417984346693,0.026456694664333813
1912,pltd_tim638,1,638,diesel,0.0013411316266666723,0.0336,-0.032258868373333326,0.000417346820800002
1913,plts_tim638,1,638,solar,0.08988966761695646,0.0,0.08988966761695646,0.022288987627773794
1914,batt_tim638,1,638,battery,0.03939126590923082,0.0,0.03939126590923082,0.010760611888495234
1915,pltd_tim639,1,639,diesel,0.0023132855466666664,0.0579,-0.05558671445333333,0.0007198749824000006
1916,plts_tim639,1,639,solar,0.15419438144967215,0.0,0.15419438144967215,0.0384434653829577
1917,batt_tim639,1,639,battery,0.06795411772060361,0.0,0.06795411772060361,0.018559702513273203
1918,pltd_tim640,1,640,diesel,0.0014149548800000012,0.0354,-0.03398504512,0.00044041426240000025
1919,plts_tim640,1,640,solar,0.09438904651942663,0.0,0.09438904651942663,0.023515704247007052
1920,batt_tim640,1,640,battery,0.041564423767814634,0.0,0.041564423767814634,0.011352072796628452
1921,pltd_tim641,1,641,diesel,0.0016611845333333562,0.0416,-0.03993881546666664,0.0005169553760000043
1922,plts_tim641,1,641,solar,0.11073703943622286,0.0,0.11073703943622286,0.027605664055085754
1923,batt_tim641,1,641,battery,0.048794095620589256,0.0,0.048794095620589256,0.013327292240045505
1924,pltd_tim642,1,642,diesel,0.006053639253333326,0.1516,-0.1455463607466667,0.001883886121600001
1925,plts_tim642,1,642,solar,0.40632654580219024,0.0,0.40632654580219024,0.1006067903804132
1926,batt_tim642,1,642,battery,0.17781325462256217,0.0,0.17781325462256217,0.04856817054755209
1927,pltd_tim643,1,643,diesel,0.0028915992533333,0.0724,-0.06950840074666671,0.0008998849215999972
1928,plts_tim643,1,643,solar,0.19356422638303936,0.0,0.19356422638303936,0.048053955433124004
1929,batt_tim643,1,643,battery,0.08493087691527296,0.0,0.08493087691527296,0.023197974454677035
1930,pltd_tim644,1,644,diesel,0.006336526613333446,0.1587,-0.15236347338666656,0.001971934294400015
1931,plts_tim644,1,644,solar,0.4285549536928917,0.0,0.4285549536928917,0.10531052800815348
1932,batt_tim644,1,644,battery,0.1861388175764634,0.0,0.1861388175764634,0.050841805938029
1933,pltd_tim645,1,645,diesel,0.002399309226666649,0.0601,-0.057700690773333355,0.0007466594687999976
1934,plts_tim645,1,645,solar,0.16240386618455255,0.0,0.16240386618455255,0.03987489549824349
1935,batt_tim645,1,645,battery,0.07048421464057242,0.0,0.07048421464057242,0.019250943516312645
1936,pltd_tim646,1,646,diesel,0.004983204800000008,0.1248,-0.11981679519999999,0.0015508015039999927
1937,plts_tim646,1,646,solar,0.33343599054848483,0.0,0.33343599054848483,0.08281681564317997
1938,batt_tim646,1,646,battery,0.14637159313023695,0.0,0.14637159313023695,0.03998151222768954
1939,pltd_tim647,1,647,diesel,0.002866726506666657,0.0718,-0.06893327349333335,0.000892170283199997
1940,plts_tim647,1,647,solar,0.192384617126616,0.0,0.192384617126616,0.04764515145166415
1941,batt_tim647,1,647,battery,0.08421910880788488,0.0,0.08421910880788488,0.023001265695241004
1942,pltd_tim648,1,648,diesel,0.0020549683200000194,0.0514,-0.049345031679999984,0.0006394746736000023
1943,plts_tim648,1,648,solar,0.14029815751660102,0.0,0.14029815751660102,0.03414911177740535
1944,batt_tim648,1,648,battery,0.0603626603409487,0.0,0.0603626603409487,0.016485912776894075
1945,pltd_tim649,1,649,diesel,0.0028421666133333382,0.0712,-0.06835783338666666,0.000884558494400002
1946,plts_tim649,1,649,solar,0.19157046471319278,0.0,0.19157046471319278,0.04723616920789112
1947,batt_tim649,1,649,battery,0.08349632830113171,0.0,0.08349632830113171,0.022804141380333463
1948,pltd_tim650,1,650,diesel,0.002116421866666672,0.053,-0.05088357813333333,0.0006586182960000004
1949,plts_tim650,1,650,solar,0.14229991250564708,0.0,0.14229991250564708,0.03517151746669856
1950,batt_tim650,1,650,battery,0.062165874082359164,0.0,0.062165874082359164,0.01697921250487024
1951,pltd_tim651,1,651,diesel,0.003396023040000005,0.085,-0.08160397696,0.0010568554192000022
1952,plts_tim651,1,651,solar,0.2298154093469896,0.0,0.2298154093469896,0.05643793753340198
1953,batt_tim651,1,651,battery,0.09975478493533833,0.0,0.09975478493533833,0.02724547246798383
1954,pltd_tim652,1,652,diesel,0.003383586666666654,0.0847,-0.08131641333333334,0.0010529525999999957
1955,plts_tim652,1,652,solar,0.22782617616060732,0.0,0.22782617616060732,0.056233777454114786
1956,batt_tim652,1,652,battery,0.0993876656256996,0.0,0.0993876656256996,0.02714825825652832
1957,pltd_tim653,1,653,diesel,0.003974311040000021,0.0995,-0.09552568895999998,0.0012369186591999985
1958,plts_tim653,1,653,solar,0.2678308805079265,0.0,0.2678308805079265,0.0660488802684417
1959,batt_tim653,1,653,battery,0.11672696941185393,0.0,0.11672696941185393,0.03188668689294235
1960,pltd_tim654,1,654,diesel,0.0038758407466666475,0.097,-0.09312415925333335,0.0012062442783999886
1961,plts_tim654,1,654,solar,0.26250716721641015,0.0,0.26250716721641015,0.06441271146450049
1962,batt_tim654,1,654,battery,0.11385779759881216,0.0,0.11385779759881216,0.031095538822857958
1963,pltd_tim655,1,655,diesel,0.002362384853333342,0.0591,-0.056737615146666656,0.0007351664096000015
1964,plts_tim655,1,655,solar,0.15833425390410055,0.0,0.15833425390410055,0.03926142052227553
1965,batt_tim655,1,655,battery,0.06939992360330928,0.0,0.06939992360330928,0.018954543520439123
1966,pltd_tim656,1,656,diesel,0.0012919246933333324,0.0323,-0.03100807530666667,0.00040216309279999705
1967,plts_tim656,1,656,solar,0.0870145534351302,0.0,0.0870145534351302,0.021470838904184022
1968,batt_tim656,1,656,battery,0.037947285091613076,0.0,0.037947285091613076,0.010365259045880726
1969,pltd_tim657,1,657,diesel,0.0024486392533333416,0.0613,-0.05885136074666666,0.0007620661216000049
1970,plts_tim657,1,657,solar,0.1671816780457942,0.0,0.1671816780457942,0.04069259876768424
1971,batt_tim657,1,657,battery,0.0719291481620229,0.0,0.0719291481620229,0.019644838691993387
1972,pltd_tim658,1,658,diesel,0.0015132918400000133,0.0379,-0.03638670815999999,0.00047094864320000417
1973,plts_tim658,1,658,solar,0.10300715516003651,0.0,0.10300715516003651,0.02515189622433767
1974,batt_tim658,1,658,battery,0.044459717768047066,0.0,0.044459717768047066,0.01214288568674406
1975,pltd_tim659,1,659,diesel,0.0019317688533333356,0.0484,-0.046468231146666664,0.0006012127296000031
1976,plts_tim659,1,659,solar,0.13295623138835833,0.0,0.13295623138835833,0.03210429062652571
1977,batt_tim659,1,659,battery,0.05673657525575204,0.0,0.05673657525575204,0.01549920602490106
1978,pltd_tim660,1,660,diesel,0.0031989131733334074,0.0801,-0.0769010868266666,0.0009954818832000087
1979,plts_tim660,1,660,solar,0.21842919617729326,0.0,0.21842919617729326,0.05316634851436939
1980,batt_tim660,1,660,battery,0.09397833607398841,0.0,0.09397833607398841,0.025666779117856343
1981,pltd_tim661,1,661,diesel,0.0023870421333333433,0.0598,-0.057412957866666656,0.0007428234240000045
1982,plts_tim661,1,661,solar,0.16108109410619478,0.0,0.16108109410619478,0.03967029006951057
1983,batt_tim661,1,661,battery,0.0701184407268249,0.0,0.0701184407268249,0.019151064604865667
1984,pltd_tim662,1,662,diesel,0.003703470293333319,0.0927,-0.08899652970666669,0.0011525643807999968
1985,plts_tim662,1,662,solar,0.2491316056755209,0.0,0.2491316056755209,0.061550381084556904
1986,batt_tim662,1,662,battery,0.10878426970552282,0.0,0.10878426970552282,0.029715056689310453
1987,pltd_tim663,1,663,diesel,0.002276402133333339,0.057,-0.05472359786666666,0.0007084282240000019
1988,plts_tim663,1,663,solar,0.15396411674267457,0.0,0.15396411674267457,0.03782997753822192
1989,batt_tim663,1,663,battery,0.06686040336662118,0.0,0.06686040336662118,0.018263332450160315
1990,pltd_tim664,1,664,diesel,0.002165362133333323,0.0542,-0.05203463786666668,0.0006738440239999954
1991,plts_tim664,1,664,solar,0.14570747293334232,0.0,0.14570747293334232,0.035989540709380874
1992,batt_tim664,1,664,battery,0.06361636296252568,0.0,0.06361636296252568,0.017374491062067527
1993,pltd_tim665,1,665,diesel,0.003937294293333314,0.0986,-0.09466270570666668,0.0012253739007999972
1994,plts_tim665,1,665,solar,0.26364320829103743,0.0,0.26364320829103743,0.06543555301029708
1995,batt_tim665,1,665,battery,0.11566621108118781,0.0,0.11566621108118781,0.03159089314552441
1996,pltd_tim666,1,666,diesel,0.004294307520000019,0.1075,-0.10320569247999997,0.0013364302896000156
1997,plts_tim666,1,666,solar,0.2855966885981575,0.0,0.2855966885981575,0.07136540808708407
1998,batt_tim666,1,666,battery,0.1261320205032696,0.0,0.1261320205032696,0.034452284263186195
1999,pltd_tim667,1,667,diesel,0.002473255573333337,0.0619,-0.05942674442666666,0.0007697118351999984
2000,plts_tim667,1,667,solar,0.16622231459409134,0.0,0.16622231459409134,0.041101714645340875
2001,batt_tim667,1,667,battery,0.07265254795146199,0.0,0.07265254795146199,0.019842809179230442
2002,pltd_tim668,1,668,diesel,0.005450832319999971,0.1365,-0.13104916768000005,0.0016963483935999804
2003,plts_tim668,1,668,solar,0.3701942518177068,0.0,0.3701942518177068,0.09058696980220529
2004,batt_tim668,1,668,battery,0.16010290312506315,0.0,0.16010290312506315,0.04373124082896874
2005,pltd_tim669,1,669,diesel,0.0026822427733333544,0.0672,-0.06451775722666664,0.0008346984912000064
2006,plts_tim669,1,669,solar,0.18314447340004925,0.0,0.18314447340004925,0.04457797186493285
2007,batt_tim669,1,669,battery,0.078797131557991,0.0,0.078797131557991,0.02152061464994051
2008,pltd_tim670,1,670,diesel,0.0036172670933333957,0.0906,-0.08698273290666661,0.0011257750448000125
2009,plts_tim670,1,670,solar,0.24577216919660133,0.0,0.24577216919660133,0.06011903867140771
2010,batt_tim670,1,670,battery,0.10626089701685033,0.0,0.10626089701685033,0.029024233665352877
2011,pltd_tim671,1,671,diesel,0.003888154026666657,0.0974,-0.09351184597333334,0.0012099731728000037
2012,plts_tim671,1,671,solar,0.2623091749975762,0.0,0.2623091749975762,0.06461754116327376
2013,batt_tim671,1,671,battery,0.11422094447345607,0.0,0.11422094447345607,0.031195291653989828
2014,pltd_tim672,1,672,diesel,0.0053277918933333345,0.1334,-0.12807220810666667,0.0016580891487999998
2015,plts_tim672,1,672,solar,0.3618212521604921,0.0,0.3618212521604921,0.08854212443351096
2016,batt_tim672,1,672,battery,0.15647830624194342,0.0,0.15647830624194342,0.04274426120877632
2017,pltd_tim673,1,673,diesel,0.0034821698133333384,0.0872,-0.08371783018666666,0.0010837088304000053
2018,plts_tim673,1,673,solar,0.2342331504569257,0.0,0.2342331504569257,0.057869514631994017
2019,batt_tim673,1,673,battery,0.10227913651188421,0.0,0.10227913651188421,0.027938018933400435
2020,pltd_tim674,1,674,diesel,0.00291629248,0.073,-0.07008370752,0.0009075807104000031
2021,plts_tim674,1,674,solar,0.19359282258632207,0.0,0.19359282258632207,0.04846303225108193
2022,batt_tim674,1,674,battery,0.0856596340601263,0.0,0.0856596340601263,0.023396005641916077
2023,pltd_tim675,1,675,diesel,0.0016486250666666623,0.0413,-0.039651374933333344,0.0005130746320000004
2024,plts_tim675,1,675,solar,0.10946994894790787,0.0,0.10946994894790787,0.02740107442243002
2025,batt_tim675,1,675,battery,0.048428950959085976,0.0,0.048428950959085976,0.013228025518682095
2026,pltd_tim676,1,676,diesel,0.006791753706666597,0.1701,-0.1633082462933334,0.002113617139199986
2027,plts_tim676,1,676,solar,0.4666433517522654,0.0,0.4666433517522654,0.112876413127757
2028,batt_tim676,1,676,battery,0.1994827521858668,0.0,0.1994827521858668,0.05449377928354424
2029,pltd_tim677,1,677,diesel,0.007862167680000028,0.1969,-0.18903783231999996,0.002446734606400006
2030,plts_tim677,1,677,solar,0.5368309421577545,0.0,0.5368309421577545,0.1306664858523578
2031,batt_tim677,1,677,battery,0.2309693949940908,0.0,0.2309693949940908,0.06308100427794679
2032,pltd_tim678,1,678,diesel,0.0033463904000000074,0.0838,-0.08045360959999999,0.0010414169919999996
2033,plts_tim678,1,678,solar,0.22288254573278501,0.0,0.22288254573278501,0.0556204124715306
2034,batt_tim678,1,678,battery,0.09831710676136608,0.0,0.09831710676136608,0.02685246134591339
2035,pltd_tim679,1,679,diesel,0.0034572406400000194,0.0866,-0.08314275935999997,0.0010759742672000025
2036,plts_tim679,1,679,solar,0.2292625961425123,0.0,0.2292625961425123,0.05746066167619966
2037,batt_tim679,1,679,battery,0.10157108855996222,0.0,0.10157108855996222,0.02774050620894191
2038,pltd_tim680,1,680,diesel,0.002362384853333287,0.0591,-0.05673761514666671,0.0007351664095999959
2039,plts_tim680,1,680,solar,0.15733900894937725,0.0,0.15733900894937725,0.03926141923743647
2040,batt_tim680,1,680,battery,0.06939112857413819,0.0,0.06939112857413819,0.018954536440440647
2041,pltd_tim681,1,681,diesel,0.003801930346666644,0.0952,-0.09139806965333336,0.0011831956863999887
2042,plts_tim681,1,681,solar,0.25221093344001705,0.0,0.25221093344001705,0.06318590462245822
2043,batt_tim681,1,681,battery,0.11168324268244303,0.0,0.11168324268244303,0.030503298889437494
2044,pltd_tim682,1,682,diesel,0.005819969066666676,0.1457,-0.13988003093333332,0.00181122575200001
2045,plts_tim682,1,682,solar,0.3973718215673436,0.0,0.3973718215673436,0.09672167980104263
2046,batt_tim682,1,682,battery,0.17096782449448605,0.0,0.17096782449448605,0.046693648307912075
2047,pltd_tim683,1,683,diesel,0.003531299840000074,0.0884,-0.08486870015999994,0.0010989264832000128
2048,plts_tim683,1,683,solar,0.24111197231598538,0.0,0.24111197231598538,0.05868745141096278
2049,batt_tim683,1,683,battery,0.1037378753756813,0.0,0.1037378753756813,0.028332159375126197
2050,pltd_tim684,1,684,diesel,0.0029034663466666766,0.0727,-0.06979653365333333,0.0009035739664000018
2051,plts_tim684,1,684,solar,0.19831078596999396,0.0,0.19831078596999396,0.04825860622271571
2052,batt_tim684,1,684,battery,0.0852921465323202,0.0,0.0852921465323202,0.023297023281689772
2053,pltd_tim685,1,685,diesel,0.0037651238400000196,0.0943,-0.09053487615999997,0.0011717360032000052
2054,plts_tim685,1,685,solar,0.2533878705091578,0.0,0.2533878705091578,0.0625724692126931
2055,batt_tim685,1,685,battery,0.11059115532009725,0.0,0.11059115532009725,0.03020714654382776
2056,pltd_tim686,1,686,diesel,0.002214369066666673,0.0555,-0.05328563093333333,0.0006890697519999995
2057,plts_tim686,1,686,solar,0.14749640299045952,0.0,0.14749640299045952,0.03680777618626216
2058,batt_tim686,1,686,battery,0.06506342884974352,0.0,0.06506342884974352,0.01777012908688213
2059,pltd_tim687,1,687,diesel,0.0022882794666666682,0.0573,-0.05501172053333333,0.0007121883440000004
2060,plts_tim687,1,687,solar,0.15686898586779355,0.0,0.15686898586779355,0.038034267974743546
2061,batt_tim687,1,687,battery,0.06722116724051978,0.0,0.06722116724051978,0.018361211537659728
2062,pltd_tim688,1,688,diesel,0.0012674878933333405,0.0317,-0.03043251210666666,0.0003944242287999998
2063,plts_tim688,1,688,solar,0.08573345054063763,0.0,0.08573345054063763,0.021061968920228092
2064,batt_tim688,1,688,battery,0.03722488778341303,0.0,0.03722488778341303,0.010168014519123565
2065,pltd_tim689,1,689,diesel,0.0023379121066666683,0.0585,-0.05616208789333334,0.0007275987711999978
2066,plts_tim689,1,689,solar,0.16138216975294303,0.0,0.16138216975294303,0.03885232740646821
2067,batt_tim689,1,689,battery,0.06867140067120704,0.0,0.06867140067120704,0.018756704385275803
2068,pltd_tim690,1,690,diesel,0.001747444160000013,0.0437,-0.04195255583999999,0.0005437506368000022
2069,plts_tim690,1,690,solar,0.1204900071127038,0.0,0.1204900071127038,0.02903696121016796
2070,batt_tim690,1,690,battery,0.05131932343192573,0.0,0.05131932343192573,0.014018245677563044
2071,pltd_tim691,1,691,diesel,0.0022143690666666773,0.0555,-0.05328563093333332,0.0006890697520000033
2072,plts_tim691,1,691,solar,0.1527008506905354,0.0,0.1527008506905354,0.03680779667814339
2073,batt_tim691,1,691,battery,0.06506244023541076,0.0,0.06506244023541076,0.017770242005685947
2074,pltd_tim692,1,692,diesel,0.004663208320000011,0.1168,-0.11213679167999999,0.0014512618736000139
2075,plts_tim692,1,692,solar,0.31840166435683115,0.0,0.31840166435683115,0.07750000773365803
2076,batt_tim692,1,692,battery,0.1369910075461895,0.0,0.1369910075461895,0.037414140002494975
2077,pltd_tim693,1,693,diesel,0.002534509119999996,0.0635,-0.06096549088000001,0.0007887434576000021
2078,plts_tim693,1,693,solar,0.17276098673227147,0.0,0.17276098673227147,0.04212408177150704
2079,batt_tim693,1,693,battery,0.07445980213469706,0.0,0.07445980213469706,0.020335819262475234
2080,pltd_tim694,1,694,diesel,0.002066958506666688,0.0518,-0.04973304149333331,0.0006431626432000043
2081,plts_tim694,1,694,solar,0.14113927924634176,0.0,0.14113927924634176,0.034353852499040466
2082,batt_tim694,1,694,battery,0.06072506235764755,0.0,0.06072506235764755,0.016584834075470893
2083,pltd_tim695,1,695,diesel,0.00247325557333332,0.0619,-0.05942674442666668,0.0007697118351999952
2084,plts_tim695,1,695,solar,0.170855207358437,0.0,0.170855207358437,0.041101746302768874
2085,batt_tim695,1,695,battery,0.07264193897694782,0.0,0.07264193897694782,0.01984298362484926
2086,pltd_tim696,1,696,diesel,0.0054508323200000135,0.1365,-0.13104916768,0.0016963483935999966
2087,plts_tim696,1,696,solar,0.36993771463087316,0.0,0.36993771463087316,0.09058753918789778
2088,batt_tim696,1,696,battery,0.16012556090426888,0.0,0.16012556090426888,0.04373437838137858
2089,pltd_tim697,1,697,diesel,0.003888154026666682,0.0974,-0.09351184597333331,0.0012099731728000098
2090,plts_tim697,1,697,solar,0.2700269600183723,0.0,0.2700269600183723,0.06461731553392104
2091,batt_tim697,1,697,battery,0.11419568016336695,0.0,0.11419568016336695,0.03119404834224423
2092,pltd_tim698,1,698,diesel,0.003925047679999999,0.0983,-0.09437495232,0.0012215610063999992
2093,plts_tim698,1,698,solar,0.2694259913661459,0.0,0.2694259913661459,0.06523095519472545
2094,batt_tim698,1,698,battery,0.11528867059520734,0.0,0.11528867059520734,0.0314916852020351
2095,pltd_tim699,1,699,diesel,0.0016486250666666522,0.0413,-0.03965137493333335,0.0005130746319999969
2096,plts_tim699,1,699,solar,0.11277973249966697,0.0,0.11277973249966697,0.027401124631516317
2097,batt_tim699,1,699,battery,0.04842822795629074,0.0,0.04842822795629074,0.013228302191668047
2098,pltd_tim700,1,700,diesel,0.006127462506666684,0.1534,-0.14727253749333333,0.0019069535632000143
2099,plts_tim700,1,700,solar,0.41254418111186275,0.0,0.41254418111186275,0.10183416215427567
2100,batt_tim700,1,700,battery,0.180005950803702,0.0,0.180005950803702,0.04916324163067338
2101,pltd_tim701,1,701,diesel,0.00674261343999997,0.1688,-0.16205738656000004,0.002098370411199993
2102,plts_tim701,1,701,solar,0.45095497064760576,0.0,0.45095497064760576,0.11205782444623008
2103,batt_tim701,1,701,battery,0.19805156864108664,0.0,0.19805156864108664,0.05409600208938022
2104,pltd_tim702,1,702,diesel,0.003383586666666648,0.0847,-0.08131641333333335,0.0010529525999999991
2105,plts_tim702,1,702,solar,0.22527466140046087,0.0,0.22527466140046087,0.05623353486776051
2106,batt_tim702,1,702,battery,0.09938126646785742,0.0,0.09938126646785742,0.027146921504638735
2107,pltd_tim703,1,703,diesel,0.01060608448000006,0.2656,-0.25499391551999995,0.0033007678704000025
2108,plts_tim703,1,703,solar,0.7276083360015253,0.0,0.7276083360015253,0.17626641854634928
2109,batt_tim703,1,703,battery,0.31155186167135535,0.0,0.31155186167135535,0.08509398348396234
2110,pltd_tim704,1,704,diesel,0.0014149548800000112,0.0354,-0.03398504511999999,0.00044041426240000323
2111,plts_tim704,1,704,solar,0.0970244481030958,0.0,0.0970244481030958,0.023515861139479982
2112,batt_tim704,1,704,battery,0.04156422162621016,0.0,0.04156422162621016,0.011352937339526192
2113,pltd_tim705,1,705,diesel,0.0024486392533333307,0.0613,-0.05885136074666667,0.0007620661215999966
2114,plts_tim705,1,705,solar,0.16605559680797094,0.0,0.16605559680797094,0.040692721806024755
2115,batt_tim705,1,705,battery,0.07193443169721112,0.0,0.07193443169721112,0.01964551668451555
2116,pltd_tim706,1,706,diesel,0.0068782030933332025,0.1722,-0.1653217969066668,0.0021405723247999737
2117,plts_tim706,1,706,solar,0.45221770702028286,0.0,0.45221770702028286,0.11430716960898397
2118,batt_tim706,1,706,battery,0.2020424933084569,0.0,0.2020424933084569,0.055182326051788584
2119,pltd_tim707,1,707,diesel,0.0036049076266666635,0.0903,-0.08669509237333334,0.0011218663008000008
2120,plts_tim707,1,707,solar,0.24150041252093307,0.0,0.24150041252093307,0.05991435284007267
2121,batt_tim707,1,707,battery,0.10590051463217864,0.0,0.10590051463217864,0.028924243984600466
2122,pltd_tim708,1,708,diesel,0.003937294293333304,0.0986,-0.09466270570666668,0.001225373900799995
2123,plts_tim708,1,708,solar,0.26883483628510446,0.0,0.26883483628510446,0.06543534650558132
2124,batt_tim708,1,708,battery,0.11566464595784477,0.0,0.11566464595784477,0.03158975521849702
2125,pltd_tim709,1,709,diesel,0.0067179868799999995,0.1682,-0.16148201312,0.0020907026224000025
2126,plts_tim709,1,709,solar,0.45870057816737936,0.0,0.45870057816737936,0.11164928389650837
2127,batt_tim709,1,709,battery,0.19735414389854855,0.0,0.19735414389854855,0.05390015450523453
2128,pltd_tim710,1,710,diesel,0.013546803520000074,0.3392,-0.3256531964799999,0.004215981369600018
2129,plts_tim710,1,710,solar,0.9249614617431744,0.0,0.9249614617431744,0.22513872831542237
2130,batt_tim710,1,710,battery,0.39796074402115433,0.0,0.39796074402115433,0.10868866337892541
2131,pltd_tim711,1,711,diesel,0.004527787946666691,0.1134,-0.1088722120533333,0.001409091734400011
2132,plts_tim711,1,711,solar,0.2907415026760681,0.0,0.2907415026760681,0.0752506160726894
2133,batt_tim711,1,711,battery,0.1329932135908247,0.0,0.1329932135908247,0.03632761918698237
2134,pltd_tim712,1,712,diesel,0.008145434560002777,0.2039,-0.19575456543999722,0.0025349836288002876
2135,plts_tim712,1,712,solar,0.5604491094307716,0.0,0.5604491094307716,0.13536904480285022
2136,batt_tim712,1,712,battery,0.2392965137505083,0.0,0.2392965137505083,0.06534929000357637
2137,pltd_tim713,1,713,diesel,0.009621976320000019,0.2409,-0.23127802367999997,0.0029944645135999903
2138,plts_tim713,1,713,solar,0.6503259785205104,0.0,0.6503259785205104,0.15990783223659835
2139,batt_tim713,1,713,battery,0.2826402571433406,0.0,0.2826402571433406,0.0771981643839056
2140,pltd_tim714,1,714,diesel,0.014900227946666742,0.3731,-0.35819977205333325,0.0046370619344000205
2141,plts_tim714,1,714,solar,1.0078849101385587,0.0,1.0078849101385587,0.24763269693100648
2142,batt_tim714,1,714,battery,0.43769528341102637,0.0,0.43769528341102637,0.11955027421666714
2143,pltd_tim715,1,715,diesel,0.021643041386666784,0.5419,-0.5202569586133332,0.006735530345600023
2144,plts_tim715,1,715,solar,1.4670666438197604,0.0,1.4670666438197604,0.35968995847136875
2145,batt_tim715,1,715,battery,0.6356725455173463,0.0,0.6356725455173463,0.17364371448100524
2146,pltd_tim716,1,716,diesel,0.017115099626666644,0.4285,-0.41138490037333336,0.005326310460799981
2147,plts_tim716,1,716,solar,1.1676903741244236,0.0,1.1676903741244236,0.28443920097672765
2148,batt_tim716,1,716,battery,0.502681397623562,0.0,0.502681397623562,0.13731487984845964
2149,pltd_tim717,1,717,diesel,0.009166462080000097,0.2295,-0.2203335379199999,0.0028526885183999973
2150,plts_tim717,1,717,solar,0.6258260410030029,0.0,0.6258260410030029,0.15234200480343094
2151,batt_tim717,1,717,battery,0.26924791020729,0.0,0.26924791020729,0.07354576417967229
2152,pltd_tim718,1,718,diesel,0.01758247071999989,0.4402,-0.42261752928000007,0.005471830425599954
2153,plts_tim718,1,718,solar,1.1883308155002017,0.0,1.1883308155002017,0.2922103458899246
2154,batt_tim718,1,718,battery,0.516452732495028,0.0,0.516452732495028,0.14107007384283837
2155,pltd_tim719,1,719,diesel,0.022996173440000097,0.5758,-0.5528038265599999,0.007156629211200013
2156,plts_tim719,1,719,solar,1.549671328344178,0.0,1.549671328344178,0.3821849751068824
2157,batt_tim719,1,719,battery,0.6755204060850825,0.0,0.6755204060850825,0.18451058402359974
2158,pltd_tim720,1,720,diesel,0.017336497493333287,0.4341,-0.4167635025066667,0.005395260236800004
2159,plts_tim720,1,720,solar,1.1881364242215384,0.0,1.1881364242215384,0.2881202333864735
2160,batt_tim720,1,720,battery,0.5092195379869046,0.0,0.5092195379869046,0.13909335131991368
2161,pltd_tim721,1,721,diesel,0.00945829738666128,0.1944,-0.1849417026133387,0.003661465225599433
2162,plts_tim721,1,721,solar,0.5666478309081979,0.0,0.5666478309081979,0.1275741807598579
2163,batt_tim721,1,721,battery,0.2238193841069355,0.0,0.2238193841069355,0.06112821470111024
2164,pltd_tim722,1,722,diesel,0.006040332053333341,0.1242,-0.11815966794666666,0.0023383918656000023
2165,plts_tim722,1,722,solar,0.3710724378599438,0.0,0.3710724378599438,0.08147789837937071
2166,batt_tim722,1,722,battery,0.142934965022802,0.0,0.142934965022802,0.0390416450790573
2167,pltd_tim723,1,723,diesel,0.007270005333333305,0.1494,-0.1421299946666667,0.0028143995599999964
2168,plts_tim723,1,723,solar,0.4187583430695698,0.0,0.4187583430695698,0.09805622798828253
2169,batt_tim723,1,723,battery,0.17203529421986208,0.0,0.17203529421986208,0.04698523197959851
2170,pltd_tim724,1,724,diesel,0.004646453866662469,0.0955,-0.09085354613333753,0.0017986766559995595
2171,plts_tim724,1,724,solar,0.27047912446354383,0.0,0.27047912446354383,0.0626753773486378
2172,batt_tim724,1,724,battery,0.1099606601665383,0.0,0.1099606601665383,0.030032338431801017
2173,pltd_tim725,1,725,diesel,0.004271883519999979,0.0878,-0.08352811648000003,0.0016537447695999974
2174,plts_tim725,1,725,solar,0.24580815406326093,0.0,0.24580815406326093,0.057620786638851104
2175,batt_tim725,1,725,battery,0.1010790948390855,0.0,0.1010790948390855,0.02761030864656911
2176,pltd_tim726,1,726,diesel,0.0019486078933333337,0.04,-0.038051392106666665,0.0007543068288000008
2177,plts_tim726,1,726,solar,0.11613114189777535,0.0,0.11613114189777535,0.02628313209376439
2178,batt_tim726,1,726,battery,0.046105426210870146,0.0,0.046105426210870146,0.012594145031630876
2179,pltd_tim727,1,727,diesel,0.0035526258133332387,0.073,-0.06944737418666676,0.0013752857103999303
2180,plts_tim727,1,727,solar,0.212355033819166,0.0,0.212355033819166,0.04791619537424549
2181,batt_tim727,1,727,battery,0.08406504270304613,0.0,0.08406504270304613,0.022959956028931548
2182,pltd_tim728,1,728,diesel,0.002325532160000011,0.0582,-0.05587446783999999,0.0007236598768
2183,plts_tim728,1,728,solar,0.15878059823318846,0.0,0.15878059823318846,0.038647788325986254
2184,batt_tim728,1,728,battery,0.06831450852796886,0.0,0.06831450852796886,0.01865774295077008
2185,pltd_tim729,1,729,diesel,0.006699982826666676,0.1377,-0.13100001717333332,0.002593806196800008
2186,plts_tim729,1,729,solar,0.41603810636127553,0.0,0.41603810636127553,0.09037323729970327
2187,batt_tim729,1,729,battery,0.15852617004740324,0.0,0.15852617004740324,0.04330200306927359
2188,pltd_tim730,1,730,diesel,0.0030429949866669016,0.0625,-0.0594570050133331,0.001178001473600172
2189,plts_tim730,1,730,solar,0.1836780197449117,0.0,0.1836780197449117,0.041042159590178255
2190,batt_tim730,1,730,battery,0.07199984959083955,0.0,0.07199984959083955,0.019666539674362514
2191,pltd_tim731,1,731,diesel,0.008738357546666662,0.1796,-0.17086164245333335,0.003382843542400006
2192,plts_tim731,1,731,solar,0.5200291898351982,0.0,0.5200291898351982,0.11786945771689997
2193,batt_tim731,1,731,battery,0.206778081891558,0.0,0.206778081891558,0.05647701126218423
2194,pltd_tim732,1,732,diesel,0.0010826913066666716,0.0271,-0.026017308693333328,0.00033703158720000206
2195,plts_tim732,1,732,solar,0.07392945635261405,0.0,0.07392945635261405,0.017994657923824608
2196,batt_tim732,1,732,battery,0.031808199828335305,0.0,0.031808199828335305,0.008687152649291882
2197,pltd_tim733,1,733,diesel,0.003852363093333327,0.0792,-0.07534763690666668,0.001491318124799999
2198,plts_tim733,1,733,solar,0.22765716908513806,0.0,0.22765716908513806,0.051959505260870044
2199,batt_tim733,1,733,battery,0.09115936974187186,0.0,0.09115936974187186,0.024896345656452646
2200,pltd_tim734,1,734,diesel,0.002829899519999989,0.0709,-0.06807010048000002,0.0008806524496000001
2201,plts_tim734,1,734,solar,0.19491034881244196,0.0,0.19491034881244196,0.047031659093033154
2202,batt_tim734,1,734,battery,0.08312256662408246,0.0,0.08312256662408246,0.022704401958884794
2203,pltd_tim735,1,735,diesel,0.0051677449599999885,0.1294,-0.12423225504,0.0016082022207999959
2204,plts_tim735,1,735,solar,0.3548428439603226,0.0,0.3548428439603226,0.08588394788867254
2205,batt_tim735,1,735,battery,0.1517896517503699,0.0,0.1517896517503699,0.041461240738655945
2206,pltd_tim736,1,736,diesel,0.006053639253333376,0.1516,-0.14554636074666663,0.0018838861216000065
2207,plts_tim736,1,736,solar,0.413334351219678,0.0,0.413334351219678,0.10060701340349243
2208,batt_tim736,1,736,battery,0.1778356406576653,0.0,0.1778356406576653,0.048569399497644807
2209,pltd_tim737,1,737,diesel,0.00220238912,0.0551,-0.05289761088,0.0006854248576000033
2210,plts_tim737,1,737,solar,0.15037966168705835,0.0,0.15037966168705835,0.03660291524291289
2211,batt_tim737,1,737,battery,0.06469995906583456,0.0,0.06469995906583456,0.017670551241367963
2212,pltd_tim738,1,738,diesel,0.0022270156799999957,0.0558,-0.05357298432000001,0.0006930646463999997
2213,plts_tim738,1,738,solar,0.15546794629003424,0.0,0.15546794629003424,0.037011981326514544
2214,batt_tim738,1,738,battery,0.06542306773614508,0.0,0.06542306773614508,0.017868330413247816
2215,pltd_tim739,1,739,diesel,0.002214369066666669,0.0555,-0.053285630933333335,0.0006890697519999982
2216,plts_tim739,1,739,solar,0.15628802871571845,0.0,0.15628802871571845,0.036807582646904785
2217,batt_tim739,1,739,battery,0.06504778068500097,0.0,0.06504778068500097,0.01776906260438154
2218,pltd_tim740,1,740,diesel,0.004232777066666672,0.106,-0.10176722293333332,0.001317250592000005
2219,plts_tim740,1,740,solar,0.2915325520252038,0.0,0.2915325520252038,0.07034336542394563
2220,batt_tim740,1,740,battery,0.12433215920852464,0.0,0.12433215920852464,0.03396086331703386
2221,pltd_tim741,1,741,diesel,0.004700214826666685,0.1177,-0.11299978517333331,0.001462721556799999
2222,plts_tim741,1,741,solar,0.32430619550127016,0.0,0.32430619550127016,0.0781133334461093
2223,batt_tim741,1,741,battery,0.13806489855819104,0.0,0.13806489855819104,0.03770914784936471
2224,pltd_tim742,1,742,diesel,0.0016486250666666584,0.0413,-0.039651374933333344,0.0005130746319999994
2225,plts_tim742,1,742,solar,0.11361137337179449,0.0,0.11361137337179449,0.02740113965643344
2226,batt_tim742,1,742,battery,0.048428052434651064,0.0,0.048428052434651064,0.013228384985221834
2227,pltd_tim743,1,743,diesel,0.0020983252266666796,0.0431,-0.04100167477333332,0.0008123071488000029
2228,plts_tim743,1,743,solar,0.12046063135771141,0.0,0.12046063135771141,0.028304949411030067
2229,batt_tim743,1,743,battery,0.049659465044723516,0.0,0.049659465044723516,0.013562356303646933
2230,pltd_tim744,1,744,diesel,0.0030022494933333527,0.0752,-0.07219775050666664,0.0009343021968000054
2231,plts_tim744,1,744,solar,0.21251498732246232,0.0,0.21251498732246232,0.04989480545794997
2232,batt_tim744,1,744,battery,0.08819384880346687,0.0,0.08819384880346687,0.024088520055861866
2233,pltd_tim745,1,745,diesel,0.002300849173333331,0.0576,-0.05529915082666667,0.0007160981631999985
2234,plts_tim745,1,745,solar,0.15835131667693655,0.0,0.15835131667693655,0.03823890611429253
2235,batt_tim745,1,745,battery,0.06758756213307922,0.0,0.06758756213307922,0.018460982914516123
2236,pltd_tim746,1,746,diesel,0.0018452989866666637,0.0462,-0.04435470101333333,0.0005742763935999992
2237,plts_tim746,1,746,solar,0.12601725829627675,0.0,0.12601725829627675,0.030672962591405496
2238,batt_tim746,1,746,battery,0.05421826237167659,0.0,0.05421826237167659,0.01480780649029073
2239,pltd_tim747,1,747,diesel,0.010113876586666633,0.2532,-0.24308612341333335,0.003147530041599997
2240,plts_tim747,1,747,solar,0.6954325285943241,0.0,0.6954325285943241,0.16808779269751478
2241,batt_tim747,1,747,battery,0.29711533037145255,0.0,0.29711533037145255,0.08114950778116357
2242,pltd_tim748,1,748,diesel,0.004700214826666679,0.1177,-0.11299978517333333,0.001462721556800004
2243,plts_tim748,1,748,solar,0.33028296380190575,0.0,0.33028296380190575,0.07811370058595996
2244,batt_tim748,1,748,battery,0.13805503236486538,0.0,0.13805503236486538,0.03771117094291668
2245,pltd_tim749,1,749,diesel,0.003039399573333368,0.0761,-0.07306060042666664,0.0009458959551999993
2246,plts_tim749,1,749,solar,0.2090055215617092,0.0,0.2090055215617092,0.050507928481564775
2247,batt_tim749,1,749,battery,0.08926064987175582,0.0,0.08926064987175582,0.024383766979672546
2248,pltd_tim750,1,750,diesel,0.003039399573333329,0.0761,-0.07306060042666668,0.0009458959552000001
2249,plts_tim750,1,750,solar,0.21285251410344222,0.0,0.21285251410344222,0.05050771941676617
2250,batt_tim750,1,750,battery,0.08925901740246181,0.0,0.08925901740246181,0.02438261494552189
2251,pltd_tim751,1,751,diesel,0.001451669013333334,0.0364,-0.034948330986666665,0.00045186424640000295
2252,plts_tim751,1,751,solar,0.09938163260104889,0.0,0.09938163260104889,0.02412932956469455
2253,batt_tim751,1,751,battery,0.04264878894693851,0.0,0.04264878894693851,0.011649025302802315
2254,pltd_tim752,1,752,diesel,0.003957243199999979,0.0813,-0.07734275680000002,0.0015319335359999986
2255,plts_tim752,1,752,solar,0.22745439592611422,0.0,0.22745439592611422,0.05337505687336059
2256,batt_tim752,1,752,battery,0.0936446184916326,0.0,0.0936446184916326,0.025576072214080765
2257,pltd_tim753,1,753,diesel,0.0012180911999999863,0.0305,-0.029281908800000013,0.00037905257599999987
2258,plts_tim753,1,753,solar,0.08245104295167316,0.0,0.08245104295167316,0.020244202380504922
2259,batt_tim753,1,753,battery,0.03578416717001728,0.0,0.03578416717001728,0.00977357783324068
2260,pltd_tim754,1,754,diesel,0.0028053858133333712,0.0702,-0.06739461418666663,0.0008730385104000067
2261,plts_tim754,1,754,solar,0.19314475950933532,0.0,0.19314475950933532,0.0466227924606387
2262,batt_tim754,1,754,battery,0.08239464440977617,0.0,0.08239464440977617,0.022507787142494587
2263,pltd_tim755,1,755,diesel,0.004109567360000015,0.1029,-0.09879043264,0.001278931572800001
2264,plts_tim755,1,755,solar,0.281959393075208,0.0,0.281959393075208,0.06829811141336738
2265,batt_tim755,1,755,battery,0.12070916788300264,0.0,0.12070916788300264,0.03297110966335983
2266,pltd_tim756,1,756,diesel,0.004134024640000048,0.1035,-0.09936597535999994,0.0012865605872000034
2267,plts_tim756,1,756,solar,0.29267801510823654,0.0,0.29267801510823654,0.06870743231808871
2268,batt_tim756,1,756,battery,0.12143855517069958,0.0,0.12143855517069958,0.03317065793643476
2269,pltd_tim757,1,757,diesel,0.005684492266666682,0.1423,-0.13661550773333334,0.0017690636880000063
2270,plts_tim757,1,757,solar,0.38666605439986956,0.0,0.38666605439986956,0.09447245478177145
2271,batt_tim757,1,757,battery,0.1669589465643976,0.0,0.1669589465643976,0.04560828311988638
2272,pltd_tim758,1,758,diesel,0.002952750186666669,0.0739,-0.07094724981333332,0.0009189197696
2273,plts_tim758,1,758,solar,0.20284253430047558,0.0,0.20284253430047558,0.0490768295028027
2274,batt_tim758,1,758,battery,0.08674328945837749,0.0,0.08674328945837749,0.02369352577188561
2275,pltd_tim759,1,759,diesel,0.002177911359999999,0.0545,-0.05232208864,0.0006777096927999975
2276,plts_tim759,1,759,solar,0.15072081964983017,0.0,0.15072081964983017,0.036194119309862174
2277,batt_tim759,1,759,battery,0.06396855692057955,0.0,0.06396855692057955,0.01747388393133636
2278,pltd_tim760,1,760,diesel,0.015573339413333408,0.3201,-0.3045266605866666,0.006028743638399993
2279,plts_tim760,1,760,solar,0.9006682644372523,0.0,0.9006682644372523,0.21006298249882432
2280,batt_tim760,1,760,battery,0.36854542884411323,0.0,0.36854542884411323,0.1006539659019966
2281,pltd_tim761,1,761,diesel,0.005278338773333339,0.1322,-0.12692166122666668,0.0016426415711999988
2282,plts_tim761,1,761,solar,0.36687562951904057,0.0,0.36687562951904057,0.08772436697503133
2283,batt_tim761,1,761,battery,0.15506220173162277,0.0,0.15506220173162277,0.042349571905795656
2284,pltd_tim762,1,762,diesel,0.003088452693333432,0.0773,-0.07421154730666656,0.0009610915328000118
2285,plts_tim762,1,762,solar,0.21350202140741123,0.0,0.21350202140741123,0.05132568312348447
2286,batt_tim762,1,762,battery,0.09071785650684683,0.0,0.09071785650684683,0.024777283574734285
2287,pltd_tim763,1,763,diesel,0.0046264275200000185,0.1158,-0.11117357247999998,0.0014397418896000104
2288,plts_tim763,1,763,solar,0.32149863129467926,0.0,0.32149863129467926,0.0768867012355979
2289,batt_tim763,1,763,battery,0.13590575359262963,0.0,0.13590575359262963,0.03711817286697605
2290,pltd_tim764,1,764,diesel,0.004134024639999972,0.1035,-0.09936597536000003,0.0012865605871999982
2291,plts_tim764,1,764,solar,0.2868522462237631,0.0,0.2868522462237631,0.06870700311329975
2292,batt_tim764,1,764,battery,0.12143059608637648,0.0,0.12143059608637648,0.033168292839212125
2293,pltd_tim765,1,765,diesel,0.004737098240000054,0.1186,-0.11386290175999994,0.001474273315200015
2294,plts_tim765,1,765,solar,0.3232891542935284,0.0,0.3232891542935284,0.07872721054709961
2295,batt_tim765,1,765,battery,0.13916018045863487,0.0,0.13916018045863487,0.038008280043296934
2296,pltd_tim766,1,766,diesel,0.0026206661333333207,0.0656,-0.06297933386666668,0.0008155839439999992
2297,plts_tim766,1,766,solar,0.1783000035709022,0.0,0.1783000035709022,0.04355539494785448
2298,batt_tim766,1,766,battery,0.07699511225573892,0.0,0.07699511225573892,0.021026801612406422
2299,pltd_tim767,1,767,diesel,0.003998794026666595,0.1001,-0.0961012059733334,0.0012444523727999912
2300,plts_tim767,1,767,solar,0.26945961554541814,0.0,0.26945961554541814,0.06645802058128945
2301,batt_tim767,1,767,battery,0.11745839683331316,0.0,0.11745839683331316,0.032084599163680456
2302,pltd_tim768,1,768,diesel,0.0035927533866666524,0.09,-0.08640724661333335,0.0011180561055999963
2303,plts_tim768,1,768,solar,0.2466450165343438,0.0,0.2466450165343438,0.05971004634684321
2304,batt_tim768,1,768,battery,0.10554478035049927,0.0,0.10554478035049927,0.02882615477440058
2305,pltd_tim769,1,769,diesel,0.0027193159466666673,0.0681,-0.06538068405333333,0.0008462631743999995
2306,plts_tim769,1,769,solar,0.18478830035608262,0.0,0.18478830035608262,0.04519140948738703
2307,batt_tim769,1,769,battery,0.07986564231515103,0.0,0.07986564231515103,0.021817010625888957
2308,pltd_tim770,1,770,diesel,0.004146563626666647,0.1038,-0.09965343637333336,0.0012904671808000024
2309,plts_tim770,1,770,solar,0.28181886108923176,0.0,0.28181886108923176,0.06891161388727321
2310,batt_tim770,1,770,battery,0.12181006586672129,0.0,0.12181006586672129,0.03326797279177846
2311,pltd_tim771,1,771,diesel,0.004995338559999963,0.1251,-0.12010466144000002,0.0015545885487999944
2312,plts_tim771,1,771,solar,0.34006687363762583,0.0,0.34006687363762583,0.08302133976585857
2313,batt_tim771,1,771,battery,0.1467222106400694,0.0,0.1467222106400694,0.040080518806816616
2314,pltd_tim772,1,772,diesel,0.002485389333333356,0.0622,-0.05971461066666664,0.0007734988800000048
2315,plts_tim772,1,772,solar,0.16776160517130406,0.0,0.16776160517130406,0.04130629307351143
2316,batt_tim772,1,772,battery,0.07300003785205217,0.0,0.07300003785205217,0.01994211500424536
2317,pltd_tim773,1,773,diesel,0.0035435464533333538,0.0887,-0.08515645354666665,0.0011027393776000026
2318,plts_tim773,1,773,solar,0.23974863561773324,0.0,0.23974863561773324,0.05889195991420465
2319,batt_tim773,1,773,battery,0.10407835848082236,0.0,0.10407835848082236,0.028430875170465195
2320,pltd_tim774,1,774,diesel,0.001353491093333333,0.0339,-0.03254650890666667,0.0004212065647999997
2321,plts_tim774,1,774,solar,0.09197404404126992,0.0,0.09197404404126992,0.022493477608810753
2322,batt_tim774,1,774,battery,0.03976038545169909,0.0,0.03976038545169909,0.010859175196250917
2323,pltd_tim775,1,775,diesel,0.0057460022399999575,0.1439,-0.13815399776000004,0.0017881572352000036
2324,plts_tim775,1,775,solar,0.38912646905479353,0.0,0.38912646905479353,0.09549479230891712
2325,batt_tim775,1,775,battery,0.16876674461526647,0.0,0.16876674461526647,0.046101162748312004
2326,pltd_tim776,1,776,diesel,0.002103918826666674,0.0527,-0.05059608117333332,0.0006547084768000035
2327,plts_tim776,1,776,solar,0.14365919031059488,0.0,0.14365919031059488,0.03496714836388611
2328,batt_tim776,1,776,battery,0.06180909438148847,0.0,0.06180909438148847,0.016880885059614166
2329,pltd_tim777,1,777,diesel,0.004085007466666631,0.1023,-0.09821499253333336,0.0012713477839999946
2330,plts_tim777,1,777,solar,0.27402976822110664,0.0,0.27402976822110664,0.06788935119375347
2331,batt_tim777,1,777,battery,0.11999646952244093,0.0,0.11999646952244093,0.03277547880449559
2332,pltd_tim778,1,778,diesel,0.0023132855466666538,0.0579,-0.055586714453333345,0.000719874982399996
2333,plts_tim778,1,778,solar,0.15634473425269338,0.0,0.15634473425269338,0.03844337184400655
2334,batt_tim778,1,778,battery,0.06794898203786243,0.0,0.06794898203786243,0.018559187074677713
2335,pltd_tim779,1,779,diesel,0.003272623573333348,0.0819,-0.07862737642666666,0.0010184534752
2336,plts_tim779,1,779,solar,0.22098302042670853,0.0,0.22098302042670853,0.05439342207177326
2337,batt_tim779,1,779,battery,0.09612859419955747,0.0,0.09612859419955747,0.02625967873280051
2338,pltd_tim780,1,780,diesel,0.004626427519999993,0.1158,-0.11117357248000001,0.0014397418895999983
2339,plts_tim780,1,780,solar,0.3126751018986005,0.0,0.3126751018986005,0.07688677126141996
2340,batt_tim780,1,780,battery,0.1358898297871302,0.0,0.1358898297871302,0.03711855873843304
